component_id,node_count,user_count,merchant_count,transaction_count,transaction_value,chargeback_transactions,fraud_chargeback_transactions,chargeback_ratio,max_risk_score,identity_anomaly_transactions,repeated_chargeback_user_transactions,high_chargeback_merchant_transactions,network_risk_score,network_activity_flag
1,7,5,2,6,54489.72,2,0,0.3333333333333333,15.0,0.0,0,0,27.5,1
2,10,8,2,9,90848.49,1,0,0.1111111111111111,30.0,2.0,0,0,35.0,1
3,3,2,1,2,20984.21,0,0,0.0,0.0,0.0,0,0,0.0,1
4,7,5,2,6,87704.56999999999,0,0,0.0,15.0,1.0,0,0,12.5,1
5,14,11,3,13,181497.13,1,1,0.07692307692307693,55.0,0.0,2,0,77.5,1
6,15,11,4,14,178754.04,4,1,0.2857142857142857,47.0,0.0,0,0,93.5,1
7,6,5,1,5,47074.86,0,0,0.0,5.0,0.0,0,0,2.5,1
8,21,14,7,20,229812.91999999998,3,0,0.15,25.0,0.0,2,0,52.5,1
9,4,3,1,3,28443.67,0,0,0.0,0.0,0.0,0,0,0.0,1
10,2,1,1,1,16466.93,0,0,0.0,0.0,0.0,0,0,0.0,0
11,3,2,1,2,11882.96,0,0,0.0,2.0,0.0,0,0,1.0,1
12,14,10,4,13,127836.66,1,1,0.07692307692307693,45.0,0.0,0,0,62.5,1
13,8,7,1,7,85771.15,1,0,0.14285714285714285,15.0,0.0,0,0,17.5,1
14,3,2,1,2,13249.960000000001,0,0,0.0,0.0,0.0,0,0,0.0,1
15,2,1,1,1,20100.92,0,0,0.0,0.0,0.0,0,0,0.0,0
16,11,8,3,10,155815.38,2,1,0.2,45.0,0.0,0,0,72.5,1
17,5,4,1,4,14747.140000000003,1,0,0.25,15.0,1.0,0,0,22.5,1
18,4,3,1,3,49478.51,0,0,0.0,0.0,0.0,0,0,0.0,1
19,18,14,4,17,113799.70000000001,1,0,0.058823529411764705,15.0,0.0,0,0,17.5,1
20,4,3,1,3,19396.510000000002,0,0,0.0,0.0,0.0,0,0,0.0,1
21,3,2,1,2,26782.38,1,0,0.5,15.0,0.0,0,0,17.5,1
22,5,4,1,4,45195.33,0,0,0.0,5.0,0.0,0,0,2.5,1
23,10,7,3,9,74733.94,0,0,0.0,20.0,3.0,0,0,25.0,1
24,16,12,4,15,159748.84,0,0,0.0,20.0,5.0,0,0,35.0,1
25,10,7,3,9,128733.44,0,0,0.0,5.0,0.0,0,0,2.5,1
26,6,4,2,5,75897.06,2,0,0.4,25.0,0.0,2,0,42.5,1
27,3,2,1,2,27610.67,0,0,0.0,0.0,0.0,0,0,0.0,1
28,15,10,5,14,146848.94,0,0,0.0,15.0,1.0,0,0,12.5,1
29,6,4,2,5,25527.089999999997,0,0,0.0,0.0,0.0,0,0,0.0,1
30,29,21,8,28,341229.67,1,0,0.03571428571428571,15.0,1.0,0,0,22.5,1
31,5,4,1,4,66454.31,0,0,0.0,5.0,0.0,0,0,2.5,1
32,4,3,1,3,38565.97,0,0,0.0,15.0,1.0,0,0,12.5,1
33,13,9,4,12,134882.52000000002,0,0,0.0,0.0,0.0,0,0,0.0,1
34,7,5,2,6,67167.15,1,1,0.16666666666666666,45.0,0.0,0,0,62.5,1
35,65,45,20,64,728044.09,9,2,0.140625,45.0,0.0,2,0,182.5,1
36,23,15,8,22,250183.43,0,0,0.0,15.0,2.0,0,0,17.5,1
37,6,5,1,5,74321.92,0,0,0.0,13.0,0.0,0,0,6.5,1
38,5,4,1,4,63303.44,0,0,0.0,0.0,0.0,0,0,0.0,1
39,5,4,1,4,39300.32,1,1,0.25,45.0,1.0,0,0,67.5,1
40,5,4,1,4,44400.78,0,0,0.0,0.0,0.0,0,0,0.0,1
41,2,1,1,1,7504.98,0,0,0.0,0.0,0.0,0,0,0.0,0
42,20,15,5,19,243451.29,1,1,0.05263157894736842,45.0,3.0,0,0,77.5,1
43,6,4,2,5,30961.28,0,0,0.0,15.0,1.0,0,0,12.5,1
44,23,16,7,22,166633.66,3,1,0.13636363636363635,45.0,1.0,0,0,87.5,1
45,16,12,4,15,139845.95,1,1,0.06666666666666667,55.0,2.0,1,0,82.5,1
46,38,26,12,37,448669.33,2,2,0.05405405405405406,55.0,4.0,3,0,142.5,1
47,3,2,1,2,20415.9,1,0,0.5,15.0,0.0,0,0,17.5,1
48,7,5,2,6,69995.77,0,0,0.0,0.0,0.0,0,0,0.0,1
49,3,2,1,2,18894.68,1,1,0.5,45.0,0.0,0,0,62.5,1
50,10,7,3,9,77133.39,2,0,0.2222222222222222,30.0,3.0,0,0,50.0,1
51,2,1,1,1,1728.09,0,0,0.0,0.0,0.0,0,0,0.0,0
52,6,4,2,5,46358.74,1,0,0.2,15.0,1.0,0,0,22.5,1
53,5,4,1,4,63456.6,0,0,0.0,3.0,0.0,0,0,1.5,1
54,4,3,1,3,53210.72,0,0,0.0,22.0,1.0,0,0,16.0,1
55,4,3,1,3,37211.77,0,0,0.0,0.0,0.0,0,0,0.0,1
56,12,9,3,11,122297.3,3,0,0.2727272727272727,15.0,0.0,0,0,37.5,1
57,7,5,2,6,55297.58,2,0,0.3333333333333333,20.0,1.0,0,0,35.0,1
58,12,9,3,11,78454.51,2,1,0.18181818181818182,60.0,1.0,0,0,85.0,1
59,4,3,1,3,25311.1,2,1,0.6666666666666666,65.0,0.0,1,3,96.5,1
60,4,3,1,3,46034.66,1,1,0.3333333333333333,55.0,0.0,1,0,72.5,1
61,12,8,4,11,93660.35,2,1,0.18181818181818182,55.0,0.0,0,0,77.5,1
62,6,5,1,5,52578.99,2,1,0.4,45.0,0.0,0,0,72.5,1
63,3,2,1,2,19099.47,0,0,0.0,0.0,0.0,0,0,0.0,1
64,4,3,1,3,42918.81,0,0,0.0,0.0,0.0,0,0,0.0,1
65,4,3,1,3,24765.48,1,1,0.3333333333333333,45.0,0.0,0,0,62.5,1
66,4,3,1,3,66768.89,0,0,0.0,3.0,0.0,0,0,1.5,1
67,7,6,1,6,107294.68,1,0,0.16666666666666666,15.0,0.0,0,0,17.5,1
68,11,8,3,10,137443.16,1,1,0.1,45.0,0.0,0,0,62.5,1
69,7,5,2,6,59201.14,0,0,0.0,3.0,0.0,0,0,1.5,1
70,2,1,1,1,14757.01,0,0,0.0,0.0,0.0,0,0,0.0,0
71,5,4,1,4,73551.19,1,1,0.25,48.0,0.0,0,0,64.0,1
72,10,8,2,9,149663.39,0,0,0.0,17.0,2.0,0,0,18.5,1
73,5,3,2,4,14908.98,1,0,0.25,15.0,0.0,0,0,17.5,1
74,5,3,2,4,40814.45,0,0,0.0,15.0,1.0,0,0,12.5,1
75,18,14,4,17,249037.71,3,2,0.17647058823529413,45.0,2.0,0,0,122.5,1
76,5,3,2,4,44053.42,1,0,0.25,15.0,0.0,0,0,17.5,1
77,3,2,1,2,24563.21,0,0,0.0,3.0,0.0,0,0,1.5,1
78,4,3,1,3,40379.53,0,0,0.0,20.0,1.0,0,0,15.0,1
79,8,6,2,7,67321.22,2,1,0.2857142857142857,52.0,0.0,0,0,76.0,1
80,9,6,3,8,94001.62,2,1,0.25,45.0,0.0,0,0,72.5,1
81,25,18,7,24,167548.71,4,1,0.16666666666666666,45.0,1.0,0,0,97.5,1
82,3,2,1,2,-2324.5300000000007,0,0,0.0,0.0,0.0,0,0,0.0,1
83,5,4,1,4,51395.87,0,0,0.0,5.0,0.0,0,0,2.5,1
84,13,10,3,12,167991.44999999998,4,1,0.3333333333333333,45.0,0.0,0,0,92.5,1
85,2,1,1,1,10845.23,0,0,0.0,0.0,0.0,0,0,0.0,0
86,2,1,1,1,3508.28,0,0,0.0,0.0,0.0,0,0,0.0,0
87,3,2,1,2,22878.809999999998,0,0,0.0,0.0,0.0,0,0,0.0,1
88,3,2,1,2,27509.71,0,0,0.0,0.0,0.0,0,0,0.0,1
89,2,1,1,1,15023.8,0,0,0.0,0.0,0.0,0,0,0.0,0
90,5,3,2,4,33765.77,0,0,0.0,2.0,0.0,0,0,1.0,1
91,3,2,1,2,41348.740000000005,0,0,0.0,3.0,0.0,0,0,1.5,1
92,5,4,1,4,58852.42,1,1,0.25,45.0,0.0,0,0,62.5,1
93,5,4,1,4,64811.119999999995,1,1,0.25,45.0,0.0,0,0,62.5,1
94,3,2,1,2,23039.59,0,0,0.0,0.0,0.0,0,0,0.0,1
95,7,5,2,6,68396.64,1,0,0.16666666666666666,15.0,0.0,0,0,17.5,1
96,28,21,7,27,258286.16,3,1,0.1111111111111111,45.0,1.0,0,0,87.5,1
97,5,4,1,4,31911.719999999998,0,0,0.0,8.0,0.0,0,0,4.0,1
98,4,3,1,3,21532.51,1,0,0.3333333333333333,15.0,0.0,0,0,17.5,1
99,9,7,2,8,101769.76,1,1,0.125,48.0,0.0,0,0,64.0,1
100,11,8,3,10,103954.19,0,0,0.0,3.0,0.0,0,0,1.5,1
101,4,3,1,3,31296.56,0,0,0.0,0.0,0.0,0,0,0.0,1
102,4,3,1,3,28639.8,0,0,0.0,5.0,0.0,0,0,2.5,1
103,7,5,2,6,36149.52,1,0,0.16666666666666666,15.0,0.0,0,0,17.5,1
104,4,3,1,3,50346.03999999999,0,0,0.0,3.0,0.0,0,0,1.5,1
105,12,10,2,11,107144.75,2,2,0.18181818181818182,45.0,1.0,0,0,107.5,1
106,5,4,1,4,20649.67,1,0,0.25,23.0,1.0,0,0,26.5,1
107,5,4,1,4,44658.56,1,0,0.25,20.0,0.0,0,0,20.0,1
108,3,2,1,2,12262.2,0,0,0.0,0.0,0.0,0,0,0.0,1
109,8,5,3,7,101633.19,0,0,0.0,3.0,0.0,0,0,1.5,1
110,13,10,3,12,107831.70000000001,2,1,0.16666666666666666,45.0,0.0,0,0,72.5,1
111,4,3,1,3,21660.6,0,0,0.0,15.0,1.0,0,0,12.5,1
112,4,3,1,3,31587.219999999998,1,1,0.3333333333333333,45.0,0.0,0,0,62.5,1
113,7,5,2,6,109535.05,1,0,0.16666666666666666,15.0,0.0,0,0,17.5,1
114,3,2,1,2,13490.61,1,0,0.5,15.0,0.0,0,0,17.5,1
115,6,4,2,5,75034.70999999999,0,0,0.0,0.0,0.0,0,0,0.0,1
116,7,6,1,6,108205.74,2,2,0.3333333333333333,45.0,0.0,0,0,102.5,1
117,2,1,1,1,13869.97,0,0,0.0,0.0,0.0,0,0,0.0,0
118,3,2,1,2,23132.36,0,0,0.0,0.0,0.0,0,0,0.0,1
119,4,3,1,3,18613.22,1,1,0.3333333333333333,45.0,1.0,0,0,67.5,1
120,5,4,1,4,12355.8,0,0,0.0,5.0,0.0,0,0,2.5,1
121,33,24,9,32,370496.59,2,0,0.0625,18.0,6.0,0,0,59.0,1
122,3,2,1,2,20284.02,0,0,0.0,0.0,0.0,0,0,0.0,1
123,30,21,9,29,297751.42,4,0,0.13793103448275862,20.0,1.0,0,0,55.0,1
124,12,10,2,11,71552.62,1,0,0.09090909090909091,20.0,1.0,0,0,25.0,1
125,2,1,1,1,15791.16,1,0,1.0,15.0,0.0,0,0,17.5,0
126,11,8,3,10,98036.81,1,1,0.1,45.0,1.0,0,0,67.5,1
127,35,24,11,34,293951.38,5,2,0.14705882352941177,45.0,0.0,0,0,132.5,1
128,2,1,1,1,9676.31,0,0,0.0,0.0,0.0,0,0,0.0,0
129,11,9,2,10,107590.65,2,1,0.2,45.0,0.0,0,0,72.5,1
130,2,1,1,1,0.0,0,0,0.0,15.0,1.0,0,0,12.5,0
131,3,2,1,2,-340.2599999999984,0,0,0.0,5.0,0.0,0,0,2.5,1
132,5,4,1,4,71285.23999999999,1,0,0.25,15.0,1.0,0,0,22.5,1
133,11,8,3,10,158005.22999999998,1,1,0.1,45.0,0.0,0,0,62.5,1
134,8,6,2,7,40727.55,0,0,0.0,0.0,0.0,0,0,0.0,1
135,9,6,3,8,75220.19,0,0,0.0,20.0,2.0,0,0,20.0,1
136,15,9,6,14,220671.58000000002,1,0,0.07142857142857142,15.0,0.0,0,0,17.5,1
137,11,8,3,10,87361.23,1,0,0.1,15.0,0.0,0,0,17.5,1
138,8,5,3,7,63510.85999999999,1,0,0.14285714285714285,15.0,0.0,0,0,17.5,1
139,14,11,3,13,206707.09,3,1,0.23076923076923078,48.0,3.0,1,8,128.0,1
140,11,9,2,10,111873.89,0,0,0.0,5.0,0.0,0,0,2.5,1
141,5,3,2,4,30767.61,1,1,0.25,60.0,2.0,0,0,80.0,1
142,5,4,1,4,37043.58,1,0,0.25,15.0,0.0,0,0,17.5,1
143,20,15,5,19,187025.66999999998,4,2,0.21052631578947367,65.0,0.0,1,5,152.5,1
144,2,1,1,1,3235.55,0,0,0.0,0.0,0.0,0,0,0.0,0
145,11,9,2,10,102793.20999999999,2,0,0.2,20.0,0.0,0,0,30.0,1
146,4,3,1,3,18270.17,0,0,0.0,0.0,0.0,0,0,0.0,1
147,11,7,4,10,95512.09,1,1,0.1,55.0,0.0,2,0,77.5,1
148,8,6,2,7,59308.47,0,0,0.0,15.0,1.0,0,0,12.5,1
149,8,5,3,7,82460.2,0,0,0.0,5.0,0.0,0,0,2.5,1
150,2,1,1,1,13136.01,1,1,1.0,45.0,0.0,0,0,62.5,0
151,4,3,1,3,29338.25,0,0,0.0,15.0,1.0,0,0,12.5,1
152,9,6,3,8,102137.05,1,1,0.125,55.0,0.0,1,0,72.5,1
153,8,6,2,7,94927.84,0,0,0.0,0.0,0.0,0,0,0.0,1
154,6,5,1,5,60292.520000000004,1,0,0.2,15.0,0.0,0,0,17.5,1
155,6,5,1,5,47045.229999999996,1,1,0.2,45.0,1.0,0,0,67.5,1
156,20,14,6,19,247448.97999999998,4,1,0.21052631578947367,45.0,2.0,0,0,102.5,1
157,2,1,1,1,5759.97,1,0,1.0,15.0,0.0,0,0,17.5,0
158,16,13,3,15,185747.49,2,0,0.13333333333333333,25.0,0.0,1,0,37.5,1
159,4,3,1,3,28662.29,0,0,0.0,0.0,0.0,0,0,0.0,1
160,2,1,1,1,16154.71,0,0,0.0,0.0,0.0,0,0,0.0,0
161,2,1,1,1,0.0,0,0,0.0,5.0,0.0,0,0,2.5,0
162,2,1,1,1,4249.83,0,0,0.0,15.0,1.0,0,0,12.5,0
163,14,10,4,13,93243.91,0,0,0.0,15.0,2.0,0,0,17.5,1
164,6,5,1,5,38459.75,0,0,0.0,20.0,1.0,0,0,15.0,1
165,17,12,5,16,207076.2,2,1,0.125,45.0,1.0,0,0,77.5,1
166,13,9,4,12,168219.74,0,0,0.0,15.0,2.0,0,0,17.5,1
167,4,3,1,3,33527.54,0,0,0.0,15.0,1.0,0,0,12.5,1
168,6,4,2,5,53358.21,0,0,0.0,0.0,0.0,0,0,0.0,1
169,2,1,1,1,1094.48,0,0,0.0,0.0,0.0,0,0,0.0,0
170,11,8,3,10,93930.33,1,0,0.1,15.0,0.0,0,0,17.5,1
171,18,13,5,17,189713.32,2,1,0.11764705882352941,45.0,0.0,0,0,72.5,1
172,6,4,2,5,16765.300000000003,1,0,0.2,30.0,1.0,0,0,30.0,1
173,5,4,1,4,54465.7,1,0,0.25,15.0,0.0,0,0,17.5,1
174,5,4,1,4,56261.99,2,0,0.5,15.0,0.0,0,0,27.5,1
175,5,4,1,4,38609.770000000004,1,0,0.25,15.0,0.0,0,0,17.5,1
176,4,3,1,3,31262.56,0,0,0.0,25.0,1.0,0,0,17.5,1
177,4,2,2,3,50721.07,0,0,0.0,0.0,0.0,0,0,0.0,1
178,8,6,2,7,81006.59,1,1,0.14285714285714285,55.0,0.0,2,0,77.5,1
179,2,1,1,1,14699.01,0,0,0.0,2.0,0.0,0,0,1.0,0
180,3,2,1,2,31593.739999999998,1,1,0.5,55.0,0.0,1,0,72.5,1
181,9,6,3,8,54220.24,1,0,0.125,15.0,0.0,0,0,17.5,1
182,7,5,2,6,71952.48,1,0,0.16666666666666666,15.0,0.0,0,0,17.5,1
183,5,4,1,4,49271.99,1,1,0.25,45.0,0.0,0,0,62.5,1
184,5,4,1,4,6300.58,1,0,0.25,15.0,0.0,0,0,17.5,1
185,3,2,1,2,37429.26,0,0,0.0,0.0,0.0,0,0,0.0,1
186,8,6,2,7,78486.13,0,0,0.0,7.0,0.0,0,0,3.5,1
187,5,3,2,4,46948.270000000004,2,1,0.5,45.0,0.0,0,0,72.5,1
188,4,3,1,3,-1827.6599999999999,1,0,0.3333333333333333,20.0,0.0,0,0,20.0,1
189,10,6,4,9,91052.05,0,0,0.0,15.0,1.0,0,0,12.5,1
190,3,2,1,2,20714.97,0,0,0.0,0.0,0.0,0,0,0.0,1
191,19,14,5,18,189360.9,2,1,0.1111111111111111,45.0,2.0,0,0,82.5,1
192,4,3,1,3,5885.6799999999985,2,0,0.6666666666666666,15.0,0.0,0,0,27.5,1
193,5,3,2,4,46668.28,0,0,0.0,0.0,0.0,0,0,0.0,1
194,6,5,1,5,63254.19,1,0,0.2,15.0,0.0,0,0,17.5,1
195,7,5,2,6,70358.95999999999,1,0,0.16666666666666666,20.0,1.0,0,0,25.0,1
196,4,3,1,3,29204.02,0,0,0.0,0.0,0.0,0,0,0.0,1
197,3,2,1,2,24310.98,0,0,0.0,15.0,1.0,0,0,12.5,1
198,3,2,1,2,21840.300000000003,1,0,0.5,15.0,0.0,0,0,17.5,1
199,11,8,3,10,98148.41,1,0,0.1,15.0,0.0,0,0,17.5,1
200,7,5,2,6,72369.38,0,0,0.0,10.0,0.0,0,0,5.0,1
201,6,5,1,5,49856.17,1,0,0.2,15.0,0.0,0,0,17.5,1
202,10,7,3,9,98374.53,3,1,0.3333333333333333,45.0,0.0,0,0,82.5,1
203,9,7,2,8,75737.87,1,0,0.125,20.0,2.0,0,0,30.0,1
204,5,4,1,4,31656.35,0,0,0.0,2.0,0.0,0,0,1.0,1
205,3,2,1,2,31407.2,1,0,0.5,15.0,0.0,0,0,17.5,1
206,6,5,1,5,53360.03,0,0,0.0,20.0,2.0,0,0,20.0,1
207,9,6,3,8,115809.98,1,1,0.125,45.0,0.0,0,0,62.5,1
208,2,1,1,1,17706.6,0,0,0.0,0.0,0.0,0,0,0.0,0
209,23,16,7,22,261973.34,3,0,0.13636363636363635,15.0,1.0,0,0,42.5,1
210,13,9,4,12,81839.28,0,0,0.0,5.0,0.0,0,0,2.5,1
211,10,7,3,9,59560.65,4,2,0.4444444444444444,55.0,3.0,2,0,152.5,1
212,2,1,1,1,742.19,0,0,0.0,0.0,0.0,0,0,0.0,0
213,4,3,1,3,43567.100000000006,0,0,0.0,0.0,0.0,0,0,0.0,1
214,21,15,6,20,211945.57,0,0,0.0,3.0,0.0,0,0,1.5,1
215,5,4,1,4,49967.73,0,0,0.0,5.0,0.0,0,0,2.5,1
216,6,5,1,5,69073.65,0,0,0.0,5.0,0.0,0,0,2.5,1
217,4,3,1,3,17564.6,0,0,0.0,5.0,0.0,0,0,2.5,1
218,23,15,8,22,229497.1,2,0,0.09090909090909091,15.0,3.0,0,0,42.5,1
219,5,4,1,4,55792.74,1,0,0.25,15.0,0.0,0,0,17.5,1
220,3,2,1,2,40248.95,0,0,0.0,0.0,0.0,0,0,0.0,1
221,4,2,2,3,13912.37,0,0,0.0,0.0,0.0,0,0,0.0,1
222,4,3,1,3,55967.84,1,1,0.3333333333333333,45.0,0.0,0,0,62.5,1
223,9,6,3,8,100223.29000000001,0,0,0.0,15.0,1.0,0,0,12.5,1
224,5,4,1,4,44126.69,1,0,0.25,20.0,1.0,0,0,25.0,1
225,2,1,1,1,22425.91,0,0,0.0,0.0,0.0,0,0,0.0,0
226,7,5,2,6,24899.63,1,1,0.16666666666666666,60.0,3.0,0,0,85.0,1
227,27,20,7,26,315183.27999999997,1,1,0.038461538461538464,45.0,2.0,0,0,72.5,1
228,7,6,1,6,48956.75,0,0,0.0,20.0,1.0,0,0,15.0,1
229,31,23,8,30,353188.8,5,2,0.16666666666666666,45.0,3.0,0,0,147.5,1
230,11,8,3,10,70266.09,0,0,0.0,5.0,0.0,0,0,2.5,1
231,16,12,4,15,124251.86,2,1,0.13333333333333333,45.0,0.0,0,0,72.5,1
232,4,3,1,3,26505.97,0,0,0.0,0.0,0.0,0,0,0.0,1
233,3,2,1,2,3424.3999999999996,0,0,0.0,0.0,0.0,0,0,0.0,1
234,3,2,1,2,21971.85,0,0,0.0,0.0,0.0,0,0,0.0,1
235,29,22,7,28,316458.19,5,1,0.17857142857142858,50.0,0.0,0,0,105.0,1
236,19,14,5,18,229156.96,2,0,0.1111111111111111,15.0,0.0,0,0,27.5,1
237,36,28,8,35,283657.03,6,3,0.17142857142857143,65.0,1.0,2,7,218.5,1
238,5,4,1,4,62225.770000000004,0,0,0.0,3.0,0.0,0,0,1.5,1
239,3,2,1,2,17095.65,0,0,0.0,0.0,0.0,0,0,0.0,1
240,12,9,3,11,120814.69,1,1,0.09090909090909091,45.0,1.0,0,0,67.5,1
241,22,16,6,21,263111.91,1,1,0.047619047619047616,45.0,3.0,0,0,77.5,1
242,3,2,1,2,18651.02,1,1,0.5,45.0,0.0,0,0,62.5,1
243,7,5,2,6,79414.07,1,1,0.16666666666666666,55.0,2.0,1,0,82.5,1
244,2,1,1,1,16988.04,0,0,0.0,2.0,0.0,0,0,1.0,0
245,11,8,3,10,119014.78,2,0,0.2,25.0,4.0,2,0,62.5,1
246,2,1,1,1,2073.48,0,0,0.0,0.0,0.0,0,0,0.0,0
247,2,1,1,1,7957.06,0,0,0.0,0.0,0.0,0,0,0.0,0
248,5,4,1,4,35023.23,0,0,0.0,2.0,0.0,0,0,1.0,1
249,4,3,1,3,19828.309999999998,0,0,0.0,0.0,0.0,0,0,0.0,1
250,31,24,7,30,204765.58000000002,5,3,0.16666666666666666,55.0,0.0,0,7,188.5,1
251,13,11,2,12,150075.22,2,1,0.16666666666666666,65.0,0.0,1,7,108.5,1
252,3,2,1,2,12406.83,0,0,0.0,0.0,0.0,0,0,0.0,1
253,15,11,4,14,150398.89,2,0,0.14285714285714285,20.0,1.0,0,0,35.0,1
254,5,3,2,4,47049.31,0,0,0.0,2.0,0.0,0,0,1.0,1
255,3,2,1,2,22094.760000000002,1,1,0.5,45.0,0.0,0,0,62.5,1
256,3,2,1,2,34553.11,0,0,0.0,0.0,0.0,0,0,0.0,1
257,25,19,6,24,220780.62,2,0,0.08333333333333333,15.0,1.0,0,0,32.5,1
258,18,13,5,17,187878.27,4,1,0.23529411764705882,45.0,3.0,0,0,107.5,1
259,7,5,2,6,48643.060000000005,0,0,0.0,15.0,2.0,0,0,17.5,1
260,3,2,1,2,34033.82,0,0,0.0,2.0,0.0,0,0,1.0,1
261,10,5,5,9,116771.79000000001,2,2,0.2222222222222222,55.0,1.0,2,0,122.5,1
262,3,2,1,2,8321.18,0,0,0.0,0.0,0.0,0,0,0.0,1
263,9,7,2,8,35488.630000000005,2,1,0.25,45.0,0.0,0,0,72.5,1
264,4,3,1,3,40929.7,0,0,0.0,0.0,0.0,0,0,0.0,1
265,7,6,1,6,72350.64,0,0,0.0,15.0,1.0,0,0,12.5,1
266,2,1,1,1,13765.26,0,0,0.0,0.0,0.0,0,0,0.0,0
267,4,3,1,3,10842.52,0,0,0.0,5.0,0.0,0,0,2.5,1
268,12,7,5,11,88436.17,3,2,0.2727272727272727,45.0,0.0,0,0,112.5,1
269,4,3,1,3,26282.94,0,0,0.0,0.0,0.0,0,0,0.0,1
270,4,3,1,3,29956.629999999997,0,0,0.0,15.0,1.0,0,0,12.5,1
271,5,4,1,4,30660.33,0,0,0.0,5.0,0.0,0,0,2.5,1
272,3,2,1,2,44503.61,0,0,0.0,0.0,0.0,0,0,0.0,1
273,4,3,1,3,19144.5,0,0,0.0,5.0,0.0,0,0,2.5,1
274,12,9,3,11,104372.57,2,0,0.18181818181818182,15.0,0.0,0,0,27.5,1
275,2,1,1,1,6476.91,1,1,1.0,45.0,0.0,0,0,62.5,0
276,8,6,2,7,89126.7,2,0,0.2857142857142857,20.0,0.0,0,0,30.0,1
277,11,8,3,10,169622.83000000002,1,0,0.1,30.0,0.0,3,0,40.0,1
278,10,8,2,9,114901.27,2,1,0.2222222222222222,45.0,1.0,0,0,77.5,1
279,37,27,10,36,435981.67,6,1,0.16666666666666666,45.0,0.0,0,0,112.5,1
280,9,7,2,8,82970.83,0,0,0.0,5.0,0.0,0,0,2.5,1
281,17,13,4,16,128399.09,1,0,0.0625,20.0,1.0,0,0,25.0,1
282,13,10,3,12,101819.56,3,2,0.25,50.0,0.0,0,0,115.0,1
283,9,7,2,8,118279.58,2,1,0.25,48.0,0.0,0,0,74.0,1
284,4,2,2,3,46900.25,1,0,0.3333333333333333,15.0,0.0,0,0,17.5,1
285,6,4,2,5,52108.37,0,0,0.0,0.0,0.0,0,0,0.0,1
286,10,7,3,9,91845.29000000001,0,0,0.0,15.0,1.0,0,0,12.5,1
287,14,11,3,13,99569.11,1,1,0.07692307692307693,45.0,1.0,0,0,67.5,1
288,2,1,1,1,22612.8,1,1,1.0,45.0,0.0,0,0,62.5,0
289,3,2,1,2,22897.18,0,0,0.0,0.0,0.0,0,0,0.0,1
290,32,23,9,31,396132.68,5,3,0.16129032258064516,48.0,3.0,0,0,179.0,1
291,7,5,2,6,62663.17,1,1,0.16666666666666666,45.0,0.0,0,0,62.5,1
292,4,3,1,3,8421.22,0,0,0.0,5.0,0.0,0,0,2.5,1
293,6,4,2,5,77505.83,2,2,0.4,48.0,0.0,0,0,104.0,1
294,3,2,1,2,17745.52,0,0,0.0,0.0,0.0,0,0,0.0,1
295,15,12,3,14,128299.88,1,0,0.07142857142857142,15.0,0.0,0,0,17.5,1
296,15,11,4,14,190064.88,0,0,0.0,0.0,0.0,0,0,0.0,1
297,6,4,2,5,52480.64,0,0,0.0,0.0,0.0,0,0,0.0,1
298,5,4,1,4,48956.509999999995,1,0,0.25,15.0,0.0,0,0,17.5,1
299,4,3,1,3,35277.47,0,0,0.0,0.0,0.0,0,0,0.0,1
300,5,4,1,4,58845.86,1,0,0.25,15.0,1.0,0,0,22.5,1
301,18,12,6,17,215816.77000000002,1,1,0.058823529411764705,45.0,0.0,0,0,62.5,1
302,3,2,1,2,34710.270000000004,0,0,0.0,0.0,0.0,0,0,0.0,1
303,3,2,1,2,39758.51,0,0,0.0,3.0,0.0,0,0,1.5,1
304,4,3,1,3,32360.510000000002,0,0,0.0,5.0,0.0,0,0,2.5,1
305,27,20,7,26,229539.37,3,0,0.11538461538461539,15.0,3.0,0,0,52.5,1
306,2,1,1,1,20026.51,0,0,0.0,0.0,0.0,0,0,0.0,0
307,14,10,4,13,114153.78,2,0,0.15384615384615385,25.0,0.0,1,0,37.5,1
308,3,2,1,2,15211.36,0,0,0.0,0.0,0.0,0,0,0.0,1
309,2,1,1,1,13666.0,0,0,0.0,0.0,0.0,0,0,0.0,0
310,3,2,1,2,26026.6,0,0,0.0,0.0,0.0,0,0,0.0,1
311,4,3,1,3,46458.83,2,1,0.6666666666666666,50.0,0.0,0,0,75.0,1
312,4,3,1,3,20684.57,1,1,0.3333333333333333,45.0,0.0,0,0,62.5,1
313,6,4,2,5,37082.68,1,1,0.2,45.0,0.0,0,0,62.5,1
314,42,31,11,41,494059.42,4,3,0.0975609756097561,55.0,0.0,1,0,162.5,1
315,4,3,1,3,13660.61,0,0,0.0,0.0,0.0,0,0,0.0,1
316,5,3,2,4,47599.72,0,0,0.0,5.0,0.0,0,0,2.5,1
317,7,5,2,6,89007.64,2,1,0.3333333333333333,45.0,0.0,0,0,72.5,1
318,5,4,1,4,65778.41,0,0,0.0,0.0,0.0,0,0,0.0,1
319,6,4,2,5,57119.23,1,1,0.2,45.0,0.0,0,0,62.5,1
320,4,3,1,3,5187.33,0,0,0.0,15.0,1.0,0,0,12.5,1
321,5,3,2,4,53170.55,0,0,0.0,2.0,0.0,0,0,1.0,1
322,8,5,3,7,44435.020000000004,4,2,0.5714285714285714,60.0,0.0,4,0,150.0,1
323,49,35,14,48,615137.04,9,2,0.1875,45.0,2.0,4,4,214.5,1
324,3,2,1,2,-3821.6399999999994,1,0,0.5,17.0,0.0,0,0,18.5,1
325,2,1,1,1,12833.41,0,0,0.0,0.0,0.0,0,0,0.0,0
326,3,2,1,2,33569.04,0,0,0.0,0.0,0.0,0,0,0.0,1
327,6,4,2,5,66776.91,0,0,0.0,8.0,0.0,0,0,4.0,1
328,15,11,4,14,189752.68,1,0,0.07142857142857142,15.0,2.0,0,0,27.5,1
329,4,3,1,3,36860.56,0,0,0.0,0.0,0.0,0,0,0.0,1
330,4,3,1,3,56111.57,0,0,0.0,0.0,0.0,0,0,0.0,1
331,3,2,1,2,43161.81,1,0,0.5,15.0,0.0,0,0,17.5,1
332,4,3,1,3,66611.47,0,0,0.0,3.0,0.0,0,0,1.5,1
333,3,2,1,2,12930.66,0,0,0.0,0.0,0.0,0,0,0.0,1
334,5,4,1,4,48664.57,0,0,0.0,0.0,0.0,0,0,0.0,1
335,4,3,1,3,52142.19,0,0,0.0,0.0,0.0,0,0,0.0,1
336,4,3,1,3,28312.33,2,0,0.6666666666666666,15.0,0.0,0,0,27.5,1
337,9,7,2,8,102922.51000000001,0,0,0.0,18.0,1.0,0,0,14.0,1
338,11,9,2,10,146465.44,3,2,0.3,65.0,0.0,1,7,148.5,1
339,15,12,3,14,198513.2,1,0,0.07142857142857142,15.0,0.0,0,0,17.5,1
340,8,6,2,7,90427.8,1,0,0.14285714285714285,15.0,1.0,0,0,22.5,1
341,3,2,1,2,31648.839999999997,1,0,0.5,18.0,0.0,0,0,19.0,1
342,11,9,2,10,95926.03,0,0,0.0,10.0,0.0,0,0,5.0,1
343,3,2,1,2,26924.300000000003,1,1,0.5,45.0,0.0,0,0,62.5,1
344,17,13,4,16,160412.77,2,0,0.125,32.0,3.0,0,0,51.0,1
345,4,3,1,3,47361.64,1,1,0.3333333333333333,50.0,0.0,0,0,65.0,1
346,3,2,1,2,13049.740000000002,0,0,0.0,0.0,0.0,0,0,0.0,1
347,13,9,4,12,133815.44,4,1,0.3333333333333333,45.0,0.0,2,0,102.5,1
348,6,5,1,5,53037.78,1,1,0.2,45.0,0.0,0,0,62.5,1
349,10,8,2,9,127024.73999999999,0,0,0.0,5.0,0.0,0,0,2.5,1
350,6,4,2,5,65870.56,0,0,0.0,0.0,0.0,0,0,0.0,1
351,18,13,5,17,197298.68,2,0,0.11764705882352941,18.0,0.0,0,0,29.0,1
352,5,3,2,4,49049.46,1,1,0.25,45.0,0.0,0,0,62.5,1
353,13,10,3,12,102371.04000000001,4,3,0.3333333333333333,55.0,1.0,0,4,174.5,1
354,17,13,4,16,162329.69,2,1,0.125,45.0,1.0,0,0,77.5,1
355,6,5,1,5,58132.880000000005,1,1,0.2,45.0,0.0,0,0,62.5,1
356,4,2,2,3,20617.23,0,0,0.0,0.0,0.0,0,0,0.0,1
357,14,9,5,13,147576.75,0,0,0.0,20.0,2.0,0,0,20.0,1
358,13,9,4,12,28124.06,0,0,0.0,15.0,1.0,0,0,12.5,1
359,16,13,3,15,136947.11,3,0,0.2,20.0,1.0,0,0,45.0,1
360,3,2,1,2,16745.010000000002,0,0,0.0,0.0,0.0,0,0,0.0,1
361,4,3,1,3,33841.75,0,0,0.0,0.0,0.0,0,0,0.0,1
362,3,2,1,2,18439.12,0,0,0.0,0.0,0.0,0,0,0.0,1
363,4,2,2,3,36234.66,1,0,0.3333333333333333,15.0,0.0,0,0,17.5,1
364,3,2,1,2,-7861.91,1,0,0.5,15.0,0.0,0,0,17.5,1
365,15,10,5,14,174269.33000000002,3,2,0.21428571428571427,65.0,1.0,2,3,146.5,1
366,9,7,2,8,43588.69,0,0,0.0,0.0,0.0,0,0,0.0,1
367,8,5,3,7,87686.04000000001,1,0,0.14285714285714285,15.0,0.0,0,0,17.5,1
368,12,8,4,11,132909.09,0,0,0.0,15.0,1.0,0,0,12.5,1
369,29,20,9,28,244546.66,2,2,0.07142857142857142,45.0,7.0,0,0,137.5,1
370,9,7,2,8,44974.93,1,1,0.125,55.0,1.0,2,0,82.5,1
371,5,4,1,4,39313.729999999996,0,0,0.0,5.0,0.0,0,0,2.5,1
372,9,7,2,8,59958.1,2,0,0.25,50.0,2.0,1,5,75.0,1
373,3,2,1,2,14482.19,0,0,0.0,0.0,0.0,0,0,0.0,1
374,12,8,4,11,95787.6,1,0,0.09090909090909091,15.0,0.0,0,0,17.5,1
375,48,35,13,47,434789.05,11,2,0.23404255319148937,45.0,2.0,2,0,212.5,1
376,20,15,5,19,190341.11,2,1,0.10526315789473684,45.0,0.0,0,0,72.5,1
377,6,5,1,5,29631.309999999998,0,0,0.0,15.0,1.0,0,0,12.5,1
378,4,3,1,3,14001.34,0,0,0.0,0.0,0.0,0,0,0.0,1
379,2,1,1,1,8910.9,0,0,0.0,0.0,0.0,0,0,0.0,0
380,3,2,1,2,17694.58,1,0,0.5,15.0,0.0,0,0,17.5,1
381,2,1,1,1,4380.29,1,0,1.0,15.0,0.0,0,0,17.5,0
382,5,4,1,4,32109.839999999997,2,1,0.5,47.0,0.0,0,0,73.5,1
383,15,11,4,14,76087.62,0,0,0.0,2.0,0.0,0,0,1.0,1
384,8,6,2,7,67177.07,1,0,0.14285714285714285,15.0,0.0,0,0,17.5,1
385,7,6,1,6,51614.54,2,0,0.3333333333333333,15.0,0.0,0,0,27.5,1
386,4,3,1,3,28438.35,1,0,0.3333333333333333,15.0,0.0,0,0,17.5,1
387,3,2,1,2,18373.65,0,0,0.0,0.0,0.0,0,0,0.0,1
388,4,3,1,3,31975.170000000002,0,0,0.0,3.0,0.0,0,0,1.5,1
389,5,4,1,4,38112.15,1,0,0.25,15.0,0.0,0,0,17.5,1
390,12,7,5,11,123091.23999999999,1,0,0.09090909090909091,15.0,0.0,0,0,17.5,1
391,11,8,3,10,107796.2,0,0,0.0,5.0,0.0,0,0,2.5,1
392,6,5,1,5,73923.42,0,0,0.0,0.0,0.0,0,0,0.0,1
393,2,1,1,1,16262.64,1,1,1.0,45.0,0.0,0,0,62.5,0
394,11,9,2,10,116104.65,1,1,0.1,45.0,1.0,0,0,67.5,1
395,26,19,7,25,310043.43,4,1,0.16,45.0,4.0,0,0,112.5,1
396,11,8,3,10,93927.78,2,1,0.2,45.0,0.0,0,0,72.5,1
397,3,2,1,2,15738.97,1,1,0.5,45.0,0.0,0,0,62.5,1
398,2,1,1,1,17855.84,0,0,0.0,0.0,0.0,0,0,0.0,0
399,10,7,3,9,52124.24,0,0,0.0,0.0,0.0,0,0,0.0,1
400,5,4,1,4,41491.75,2,0,0.5,15.0,0.0,0,0,27.5,1
401,3,2,1,2,40745.86,0,0,0.0,0.0,0.0,0,0,0.0,1
402,20,14,6,19,195590.05,3,2,0.15789473684210525,45.0,2.0,0,0,122.5,1
403,10,7,3,9,119318.11,0,0,0.0,15.0,2.0,0,0,17.5,1
404,2,1,1,1,9952.99,0,0,0.0,0.0,0.0,0,0,0.0,0
405,4,3,1,3,47262.619999999995,1,0,0.3333333333333333,18.0,0.0,0,0,19.0,1
406,13,9,4,12,62216.6,2,0,0.16666666666666666,15.0,1.0,0,0,32.5,1
407,3,2,1,2,31972.36,0,0,0.0,15.0,1.0,0,0,12.5,1
408,4,3,1,3,41023.39,0,0,0.0,15.0,1.0,0,0,12.5,1
409,3,2,1,2,27050.4,0,0,0.0,0.0,0.0,0,0,0.0,1
410,11,8,3,10,133087.18,0,0,0.0,23.0,5.0,0,0,36.5,1
411,6,4,2,5,90384.91,0,0,0.0,3.0,0.0,0,0,1.5,1
412,22,15,7,21,222907.23,2,0,0.09523809523809523,20.0,0.0,0,0,30.0,1
413,5,4,1,4,59068.259999999995,0,0,0.0,0.0,0.0,0,0,0.0,1
414,4,3,1,3,41319.15,0,0,0.0,3.0,0.0,0,0,1.5,1
415,4,3,1,3,51255.67,0,0,0.0,3.0,0.0,0,0,1.5,1
416,3,2,1,2,15983.37,0,0,0.0,0.0,0.0,0,0,0.0,1
417,4,3,1,3,41910.05,1,1,0.3333333333333333,45.0,0.0,0,0,62.5,1
418,3,2,1,2,24297.460000000003,1,1,0.5,45.0,0.0,0,0,62.5,1
419,4,3,1,3,32587.190000000002,0,0,0.0,0.0,0.0,0,0,0.0,1
420,2,1,1,1,4221.18,0,0,0.0,0.0,0.0,0,0,0.0,0
421,6,5,1,5,63327.65,0,0,0.0,3.0,0.0,0,0,1.5,1
422,5,4,1,4,46032.350000000006,0,0,0.0,0.0,0.0,0,0,0.0,1
423,4,3,1,3,48392.98,1,1,0.3333333333333333,45.0,0.0,0,0,62.5,1
424,2,1,1,1,23975.59,0,0,0.0,3.0,0.0,0,0,1.5,0
425,7,5,2,6,50139.78,1,0,0.16666666666666666,15.0,1.0,0,0,22.5,1
426,2,1,1,1,10799.0,0,0,0.0,0.0,0.0,0,0,0.0,0
427,3,2,1,2,13964.060000000001,0,0,0.0,0.0,0.0,0,0,0.0,1
428,18,13,5,17,226186.52,1,0,0.058823529411764705,20.0,1.0,0,0,25.0,1
429,3,2,1,2,30318.5,0,0,0.0,5.0,0.0,0,0,2.5,1
430,3,2,1,2,25193.98,0,0,0.0,0.0,0.0,0,0,0.0,1
431,5,4,1,4,45717.340000000004,1,0,0.25,15.0,0.0,0,0,17.5,1
432,23,18,5,22,270994.95,2,0,0.09090909090909091,38.0,1.0,0,0,44.0,1
433,6,5,1,5,52796.76,0,0,0.0,5.0,0.0,0,0,2.5,1
434,2,1,1,1,0.0,0,0,0.0,0.0,0.0,0,0,0.0,0
435,3,2,1,2,22377.920000000002,0,0,0.0,15.0,1.0,0,0,12.5,1
436,6,4,2,5,75605.55,1,0,0.2,15.0,0.0,0,0,17.5,1
437,25,19,6,24,213095.37,3,1,0.125,45.0,1.0,0,0,87.5,1
438,12,10,2,11,136756.73,3,2,0.2727272727272727,50.0,0.0,0,0,115.0,1
439,5,4,1,4,9354.3,1,0,0.25,15.0,0.0,0,0,17.5,1
440,4,3,1,3,38800.05,1,1,0.3333333333333333,45.0,0.0,0,0,62.5,1
441,5,3,2,4,52104.35,1,0,0.25,15.0,0.0,0,0,17.5,1
442,5,4,1,4,26339.5,1,0,0.25,35.0,1.0,0,0,32.5,1
443,4,3,1,3,49378.69,0,0,0.0,0.0,0.0,0,0,0.0,1
444,3,2,1,2,0.0,1,0,0.5,25.0,0.0,1,0,27.5,1
445,3,2,1,2,27468.38,1,0,0.5,20.0,0.0,0,0,20.0,1
446,3,2,1,2,8238.17,0,0,0.0,0.0,0.0,0,0,0.0,1
447,4,3,1,3,43501.880000000005,0,0,0.0,15.0,1.0,0,0,12.5,1
448,4,3,1,3,45284.119999999995,0,0,0.0,0.0,0.0,0,0,0.0,1
449,11,9,2,10,148764.35,3,2,0.3,48.0,1.0,0,0,119.0,1
450,12,10,2,11,145785.8,0,0,0.0,5.0,0.0,0,0,2.5,1
451,12,9,3,11,105321.55,1,1,0.09090909090909091,45.0,0.0,0,0,62.5,1
452,4,2,2,3,42537.399999999994,0,0,0.0,0.0,0.0,0,0,0.0,1
453,5,4,1,4,58812.79,1,1,0.25,45.0,0.0,0,0,62.5,1
454,6,4,2,5,31538.35,0,0,0.0,0.0,0.0,0,0,0.0,1
455,15,11,4,14,163975.44,2,0,0.14285714285714285,20.0,4.0,0,0,50.0,1
456,9,7,2,8,85488.07,2,0,0.25,32.0,3.0,0,0,51.0,1
457,4,3,1,3,39586.14,1,0,0.3333333333333333,20.0,1.0,0,0,25.0,1
458,3,2,1,2,7640.01,0,0,0.0,0.0,0.0,0,0,0.0,1
459,6,5,1,5,78513.84,0,0,0.0,15.0,1.0,0,0,12.5,1
460,6,5,1,5,62639.0,1,1,0.2,50.0,0.0,0,0,65.0,1
461,27,21,6,26,280137.47,3,3,0.11538461538461539,65.0,1.0,2,0,167.5,1
462,6,5,1,5,37481.96,0,0,0.0,15.0,1.0,0,0,12.5,1
463,2,1,1,1,17989.56,0,0,0.0,0.0,0.0,0,0,0.0,0
464,18,12,6,17,115123.22,7,4,0.4117647058823529,55.0,0.0,2,3,236.5,1
465,5,4,1,4,53938.82000000001,1,0,0.25,15.0,0.0,0,0,17.5,1
466,13,9,4,12,110262.67,3,2,0.25,65.0,0.0,2,4,144.5,1
467,11,9,2,10,119528.55,1,0,0.1,15.0,0.0,0,0,17.5,1
468,3,2,1,2,36416.24,0,0,0.0,3.0,0.0,0,0,1.5,1
469,6,4,2,5,46037.26,1,1,0.2,45.0,0.0,0,0,62.5,1
470,4,3,1,3,43774.95,0,0,0.0,18.0,1.0,0,0,14.0,1
471,12,8,4,11,119187.84,1,0,0.09090909090909091,15.0,0.0,0,0,17.5,1
472,4,3,1,3,41596.0,0,0,0.0,20.0,1.0,0,0,15.0,1
473,3,2,1,2,22692.29,0,0,0.0,0.0,0.0,0,0,0.0,1
474,6,4,2,5,67862.89,1,0,0.2,15.0,1.0,0,0,22.5,1
475,6,5,1,5,77807.41,1,1,0.2,45.0,0.0,0,0,62.5,1
476,3,2,1,2,24522.899999999998,0,0,0.0,0.0,0.0,0,0,0.0,1
477,5,4,1,4,68177.61,1,1,0.25,45.0,0.0,0,0,62.5,1
478,3,1,2,2,20314.53,0,0,0.0,0.0,0.0,0,0,0.0,0
479,11,8,3,10,68995.03,1,0,0.1,30.0,0.0,0,0,25.0,1
480,37,28,9,36,357837.05,4,1,0.1111111111111111,55.0,4.0,3,0,132.5,1
481,3,2,1,2,33662.7,0,0,0.0,0.0,0.0,0,0,0.0,1
482,4,3,1,3,43886.69,1,0,0.3333333333333333,25.0,0.0,1,0,27.5,1
483,7,5,2,6,88547.93,0,0,0.0,2.0,0.0,0,0,1.0,1
484,9,7,2,8,87600.84,2,0,0.25,18.0,0.0,0,0,29.0,1
485,5,4,1,4,48892.549999999996,0,0,0.0,15.0,1.0,0,0,12.5,1
486,19,14,5,18,228196.97,3,1,0.16666666666666666,45.0,2.0,0,0,92.5,1
487,7,6,1,6,64887.54,2,1,0.3333333333333333,45.0,0.0,0,0,72.5,1
488,5,4,1,4,54805.99,0,0,0.0,15.0,1.0,0,0,12.5,1
489,3,2,1,2,36909.35,0,0,0.0,0.0,0.0,0,0,0.0,1
490,5,4,1,4,34187.57,0,0,0.0,8.0,0.0,0,0,4.0,1
491,7,5,2,6,39578.08,1,1,0.16666666666666666,45.0,0.0,0,0,62.5,1
492,4,3,1,3,40448.37,0,0,0.0,0.0,0.0,0,0,0.0,1
493,8,5,3,7,57688.3,1,0,0.14285714285714285,20.0,1.0,0,0,25.0,1
494,15,11,4,14,192246.79,1,0,0.07142857142857142,15.0,0.0,0,0,17.5,1
495,6,5,1,5,73234.09,2,1,0.4,45.0,0.0,0,0,72.5,1
496,3,2,1,2,37277.61,0,0,0.0,0.0,0.0,0,0,0.0,1
497,3,2,1,2,11572.57,1,0,0.5,15.0,0.0,0,0,17.5,1
498,2,1,1,1,19621.48,0,0,0.0,0.0,0.0,0,0,0.0,0
499,2,1,1,1,-20617.54,0,0,0.0,0.0,0.0,0,0,0.0,0
500,23,17,6,22,276056.85,4,1,0.18181818181818182,50.0,1.0,0,0,100.0,1
501,3,2,1,2,19604.760000000002,2,0,1.0,15.0,0.0,0,0,27.5,1
502,5,4,1,4,61714.91,1,0,0.25,18.0,0.0,0,0,19.0,1
503,9,7,2,8,115390.66,1,0,0.125,18.0,0.0,0,0,19.0,1
504,23,16,7,22,212405.08000000002,5,1,0.22727272727272727,60.0,3.0,0,0,125.0,1
505,17,14,3,16,161298.8,3,0,0.1875,22.0,1.0,0,0,46.0,1
506,3,2,1,2,30371.519999999997,0,0,0.0,0.0,0.0,0,0,0.0,1
507,3,2,1,2,14002.06,1,0,0.5,15.0,0.0,0,0,17.5,1
508,5,4,1,4,71309.7,0,0,0.0,0.0,0.0,0,0,0.0,1
509,13,11,2,12,126467.25,2,0,0.16666666666666666,15.0,0.0,0,0,27.5,1
510,4,3,1,3,13754.44,1,0,0.3333333333333333,15.0,0.0,0,0,17.5,1
511,5,4,1,4,45191.090000000004,0,0,0.0,3.0,0.0,0,0,1.5,1
512,3,2,1,2,21489.6,0,0,0.0,15.0,1.0,0,0,12.5,1
513,4,3,1,3,32360.66,0,0,0.0,15.0,1.0,0,0,12.5,1
514,2,1,1,1,18842.1,0,0,0.0,5.0,0.0,0,0,2.5,0
515,12,9,3,11,127753.26,3,1,0.2727272727272727,65.0,1.0,1,3,111.5,1
516,4,3,1,3,23467.23,0,0,0.0,20.0,1.0,0,0,15.0,1
517,3,2,1,2,3060.8,0,0,0.0,0.0,0.0,0,0,0.0,1
518,10,8,2,9,68101.08,1,0,0.1111111111111111,15.0,0.0,0,0,17.5,1
519,3,2,1,2,5572.97,1,0,0.5,15.0,0.0,0,0,17.5,1
520,2,1,1,1,312.59,0,0,0.0,0.0,0.0,0,0,0.0,0
521,36,28,8,35,292391.84,4,1,0.11428571428571428,45.0,0.0,0,0,92.5,1
522,4,3,1,3,48229.8,0,0,0.0,0.0,0.0,0,0,0.0,1
523,5,4,1,4,44763.46,1,0,0.25,15.0,0.0,0,0,17.5,1
524,6,5,1,5,65688.18,1,0,0.2,15.0,0.0,0,0,17.5,1
525,17,13,4,16,181319.75,2,1,0.125,45.0,1.0,2,0,87.5,1
526,4,2,2,3,26908.300000000003,1,0,0.3333333333333333,15.0,0.0,0,0,17.5,1
527,4,3,1,3,36336.450000000004,1,1,0.3333333333333333,45.0,0.0,0,0,62.5,1
528,4,3,1,3,31664.79,1,0,0.3333333333333333,15.0,0.0,0,0,17.5,1
529,3,2,1,2,34110.89,0,0,0.0,20.0,1.0,0,0,15.0,1
530,3,2,1,2,8421.42,1,0,0.5,15.0,0.0,0,0,17.5,1
531,4,2,2,3,38211.619999999995,0,0,0.0,0.0,0.0,0,0,0.0,1
532,3,2,1,2,7484.8,0,0,0.0,0.0,0.0,0,0,0.0,1
533,8,6,2,7,68411.45999999999,0,0,0.0,0.0,0.0,0,0,0.0,1
534,3,2,1,2,29569.88,0,0,0.0,0.0,0.0,0,0,0.0,1
535,5,4,1,4,17297.25,1,0,0.25,15.0,0.0,0,0,17.5,1
536,6,5,1,5,80599.72,3,0,0.6,25.0,0.0,0,5,57.5,1
537,8,6,2,7,71081.84,1,1,0.14285714285714285,45.0,0.0,0,0,62.5,1
538,9,7,2,8,93006.26999999999,0,0,0.0,5.0,0.0,0,0,2.5,1
539,6,5,1,5,40629.11,0,0,0.0,15.0,1.0,0,0,12.5,1
540,4,3,1,3,33848.619999999995,1,1,0.3333333333333333,55.0,0.0,1,0,72.5,1
541,3,2,1,2,24088.16,0,0,0.0,0.0,0.0,0,0,0.0,1
542,6,5,1,5,86276.76999999999,0,0,0.0,15.0,1.0,0,0,12.5,1
543,8,6,2,7,101980.28,1,0,0.14285714285714285,15.0,0.0,0,0,17.5,1
544,6,4,2,5,71694.28,0,0,0.0,15.0,1.0,0,0,12.5,1
545,5,4,1,4,55881.91,0,0,0.0,0.0,0.0,0,0,0.0,1
546,3,2,1,2,22217.8,0,0,0.0,0.0,0.0,0,0,0.0,1
547,5,4,1,4,65798.75,0,0,0.0,3.0,0.0,0,0,1.5,1
548,6,5,1,5,18366.489999999998,0,0,0.0,2.0,0.0,0,0,1.0,1
549,8,5,3,7,90126.08,1,0,0.14285714285714285,15.0,0.0,0,0,17.5,1
550,4,2,2,3,55808.93,1,0,0.3333333333333333,18.0,0.0,0,0,19.0,1
551,13,9,4,12,122620.52,1,0,0.08333333333333333,15.0,0.0,0,0,17.5,1
552,11,8,3,10,124081.0,0,0,0.0,5.0,0.0,0,0,2.5,1
553,5,3,2,4,56654.93,1,1,0.25,45.0,0.0,0,0,62.5,1
554,6,4,2,5,31546.61,1,1,0.2,45.0,0.0,0,0,62.5,1
555,2,1,1,1,7354.98,0,0,0.0,0.0,0.0,0,0,0.0,0
556,5,4,1,4,29238.54,0,0,0.0,15.0,1.0,0,0,12.5,1
557,15,11,4,14,161538.93,2,0,0.14285714285714285,15.0,1.0,0,0,32.5,1
558,4,2,2,3,35128.61,0,0,0.0,5.0,0.0,0,0,2.5,1
559,9,7,2,8,88360.05,0,0,0.0,15.0,1.0,0,0,12.5,1
560,39,29,10,38,488894.1,6,2,0.15789473684210525,55.0,0.0,2,0,157.5,1
561,16,13,3,15,168382.77,4,1,0.26666666666666666,55.0,0.0,0,6,115.5,1
562,3,2,1,2,26584.04,0,0,0.0,0.0,0.0,0,0,0.0,1
563,2,1,1,1,15977.69,0,0,0.0,5.0,0.0,0,0,2.5,0
564,8,6,2,7,74673.77,0,0,0.0,8.0,0.0,0,0,4.0,1
565,4,3,1,3,29210.72,0,0,0.0,0.0,0.0,0,0,0.0,1
566,3,2,1,2,22746.28,0,0,0.0,5.0,0.0,0,0,2.5,1
567,2,1,1,1,13282.42,0,0,0.0,0.0,0.0,0,0,0.0,0
568,8,5,3,7,77506.48999999999,2,0,0.2857142857142857,28.0,0.0,2,0,44.0,1
569,10,8,2,9,148146.15,0,0,0.0,15.0,1.0,0,0,12.5,1
570,4,3,1,3,23993.21,0,0,0.0,0.0,0.0,0,0,0.0,1
571,3,2,1,2,20346.42,0,0,0.0,15.0,1.0,0,0,12.5,1
572,3,2,1,2,39623.34,0,0,0.0,0.0,0.0,0,0,0.0,1
573,3,2,1,2,24354.35,0,0,0.0,0.0,0.0,0,0,0.0,1
574,9,7,2,8,138617.08,0,0,0.0,15.0,3.0,0,0,22.5,1
575,27,21,6,26,289656.46,2,2,0.07692307692307693,45.0,0.0,0,0,102.5,1
576,4,3,1,3,31187.870000000003,0,0,0.0,0.0,0.0,0,0,0.0,1
577,3,2,1,2,25791.260000000002,0,0,0.0,3.0,0.0,0,0,1.5,1
578,3,2,1,2,22867.48,0,0,0.0,5.0,0.0,0,0,2.5,1
579,7,5,2,6,86693.89,0,0,0.0,0.0,0.0,0,0,0.0,1
580,35,25,10,34,288669.33999999997,3,0,0.08823529411764706,30.0,2.0,0,0,55.0,1
581,5,4,1,4,52637.75,2,2,0.5,65.0,1.0,1,4,134.5,1
582,6,5,1,5,65298.29,1,1,0.2,45.0,0.0,0,0,62.5,1
583,14,8,6,13,159394.47,1,1,0.07692307692307693,45.0,2.0,0,0,72.5,1
584,4,3,1,3,31125.43,0,0,0.0,0.0,0.0,0,0,0.0,1
585,3,2,1,2,32814.35,0,0,0.0,0.0,0.0,0,0,0.0,1
586,8,6,2,7,99315.97,2,1,0.2857142857142857,45.0,0.0,0,0,72.5,1
587,2,1,1,1,2488.87,0,0,0.0,0.0,0.0,0,0,0.0,0
588,4,3,1,3,38482.21,0,0,0.0,5.0,0.0,0,0,2.5,1
589,5,4,1,4,35522.5,1,0,0.25,18.0,0.0,0,0,19.0,1
590,2,1,1,1,8506.71,1,1,1.0,45.0,0.0,0,0,62.5,0
591,2,1,1,1,6701.68,0,0,0.0,0.0,0.0,0,0,0.0,0
592,5,4,1,4,53786.06,0,0,0.0,20.0,1.0,0,0,15.0,1
593,6,4,2,5,69658.69,1,0,0.2,20.0,0.0,0,0,20.0,1
594,7,5,2,6,24050.72,0,0,0.0,0.0,0.0,0,0,0.0,1
595,6,4,2,5,42527.88,2,1,0.4,45.0,0.0,0,0,72.5,1
596,2,1,1,1,19212.84,0,0,0.0,0.0,0.0,0,0,0.0,0
597,9,7,2,8,86462.46,1,1,0.125,45.0,0.0,0,0,62.5,1
598,3,2,1,2,30030.4,1,0,0.5,20.0,0.0,0,0,20.0,1
599,4,3,1,3,18965.69,0,0,0.0,0.0,0.0,0,0,0.0,1
600,4,3,1,3,20549.66,0,0,0.0,0.0,0.0,0,0,0.0,1
601,3,2,1,2,17330.43,0,0,0.0,0.0,0.0,0,0,0.0,1
602,6,4,2,5,81963.27,0,0,0.0,0.0,0.0,0,0,0.0,1
603,2,1,1,1,16906.78,0,0,0.0,0.0,0.0,0,0,0.0,0
604,6,5,1,5,38048.0,0,0,0.0,0.0,0.0,0,0,0.0,1
605,9,7,2,8,30947.74,1,0,0.125,20.0,1.0,0,0,25.0,1
606,9,6,3,8,139598.7,1,0,0.125,15.0,0.0,0,0,17.5,1
607,10,7,3,9,112108.09,1,1,0.1111111111111111,60.0,0.0,2,0,80.0,1
608,2,1,1,1,19926.85,0,0,0.0,0.0,0.0,0,0,0.0,0
609,9,7,2,8,99906.22,1,1,0.125,50.0,0.0,0,0,65.0,1
610,6,5,1,5,62846.16,0,0,0.0,15.0,1.0,0,0,12.5,1
611,3,2,1,2,23010.54,1,1,0.5,45.0,0.0,0,0,62.5,1
612,6,4,2,5,55419.71,1,0,0.2,18.0,0.0,0,0,19.0,1
613,6,4,2,5,48081.08,0,0,0.0,0.0,0.0,0,0,0.0,1
614,2,1,1,1,0.0,0,0,0.0,0.0,0.0,0,0,0.0,0
615,5,4,1,4,46247.99,0,0,0.0,0.0,0.0,0,0,0.0,1
616,23,15,8,22,273312.91,2,0,0.09090909090909091,20.0,2.0,0,0,40.0,1
617,8,5,3,7,52091.86,1,1,0.14285714285714285,45.0,0.0,0,0,62.5,1
618,6,5,1,5,66828.94,0,0,0.0,15.0,1.0,0,0,12.5,1
619,9,6,3,8,116793.33,3,0,0.375,18.0,1.0,0,0,44.0,1
620,5,4,1,4,39886.62,0,0,0.0,3.0,0.0,0,0,1.5,1
621,3,2,1,2,25759.03,0,0,0.0,15.0,1.0,0,0,12.5,1
622,4,3,1,3,21554.22,0,0,0.0,0.0,0.0,0,0,0.0,1
623,3,2,1,2,9498.51,0,0,0.0,5.0,0.0,0,0,2.5,1
624,13,10,3,12,129580.39,2,1,0.16666666666666666,50.0,1.0,0,0,80.0,1
625,21,15,6,20,204137.27,3,1,0.15,60.0,2.0,1,0,105.0,1
626,4,3,1,3,11590.45,1,0,0.3333333333333333,15.0,0.0,0,0,17.5,1
627,3,2,1,2,-188.3199999999997,0,0,0.0,0.0,0.0,0,0,0.0,1
628,4,3,1,3,37782.7,0,0,0.0,0.0,0.0,0,0,0.0,1
629,9,7,2,8,117752.98000000001,1,0,0.125,15.0,0.0,0,0,17.5,1
630,3,2,1,2,8378.91,0,0,0.0,0.0,0.0,0,0,0.0,1
631,2,1,1,1,6069.34,0,0,0.0,0.0,0.0,0,0,0.0,0
632,8,6,2,7,45696.86,2,1,0.2857142857142857,45.0,2.0,0,0,82.5,1
633,4,3,1,3,1699.699999999999,0,0,0.0,0.0,0.0,0,0,0.0,1
634,4,3,1,3,49303.7,0,0,0.0,0.0,0.0,0,0,0.0,1
635,4,3,1,3,4786.45,1,0,0.3333333333333333,30.0,1.0,0,0,30.0,1
636,6,4,2,5,62722.32,1,1,0.2,45.0,0.0,0,0,62.5,1
637,13,10,3,12,109501.23,3,2,0.25,85.0,1.0,3,6,170.5,1
638,12,10,2,11,131315.16999999998,0,0,0.0,5.0,0.0,0,0,2.5,1
639,3,2,1,2,22398.98,0,0,0.0,15.0,1.0,0,0,12.5,1
640,11,7,4,10,93726.09,1,0,0.1,20.0,0.0,0,0,20.0,1
641,3,2,1,2,32228.67,0,0,0.0,0.0,0.0,0,0,0.0,1
642,3,2,1,2,16941.78,0,0,0.0,0.0,0.0,0,0,0.0,1
643,8,6,2,7,68406.72,0,0,0.0,0.0,0.0,0,0,0.0,1
644,4,3,1,3,51355.3,0,0,0.0,0.0,0.0,0,0,0.0,1
645,11,8,3,10,39627.61,1,1,0.1,50.0,1.0,0,0,70.0,1
646,7,5,2,6,84927.97,0,0,0.0,15.0,1.0,0,0,12.5,1
647,3,2,1,2,16875.26,1,1,0.5,45.0,0.0,0,0,62.5,1
648,4,3,1,3,44377.880000000005,0,0,0.0,5.0,0.0,0,0,2.5,1
649,12,9,3,11,127048.63,1,1,0.09090909090909091,45.0,0.0,0,0,62.5,1
650,4,3,1,3,44768.729999999996,0,0,0.0,3.0,0.0,0,0,1.5,1
651,2,1,1,1,24239.92,0,0,0.0,3.0,0.0,0,0,1.5,0
652,17,13,4,16,212602.66,3,1,0.1875,45.0,3.0,0,0,97.5,1
653,4,3,1,3,40716.86,0,0,0.0,0.0,0.0,0,0,0.0,1
654,5,4,1,4,67402.09,1,0,0.25,33.0,3.0,0,0,41.5,1
655,10,6,4,9,85752.98000000001,3,1,0.3333333333333333,45.0,0.0,0,0,82.5,1
656,5,4,1,4,53225.83,1,1,0.25,53.0,0.0,0,0,66.5,1
657,8,6,2,7,49381.14,2,0,0.2857142857142857,15.0,1.0,0,0,32.5,1
658,3,2,1,2,11072.43,0,0,0.0,0.0,0.0,0,0,0.0,1
659,3,2,1,2,8362.75,0,0,0.0,0.0,0.0,0,0,0.0,1
660,2,1,1,1,3561.25,1,0,1.0,15.0,0.0,0,0,17.5,0
661,5,4,1,4,26376.93,0,0,0.0,0.0,0.0,0,0,0.0,1
662,6,5,1,5,33605.72,0,0,0.0,0.0,0.0,0,0,0.0,1
663,6,5,1,5,11717.25,2,0,0.4,37.0,1.0,0,0,43.5,1
664,2,1,1,1,10709.45,0,0,0.0,0.0,0.0,0,0,0.0,0
665,6,5,1,5,77246.08,2,0,0.4,15.0,0.0,0,0,27.5,1
666,4,3,1,3,44696.08,0,0,0.0,5.0,0.0,0,0,2.5,1
667,4,3,1,3,43261.68,0,0,0.0,0.0,0.0,0,0,0.0,1
668,4,3,1,3,47291.619999999995,0,0,0.0,15.0,1.0,0,0,12.5,1
669,3,2,1,2,15337.54,0,0,0.0,0.0,0.0,0,0,0.0,1
670,11,8,3,10,138702.88,1,1,0.1,45.0,0.0,0,0,62.5,1
671,3,2,1,2,10538.859999999999,0,0,0.0,0.0,0.0,0,0,0.0,1
672,6,4,2,5,53901.23,0,0,0.0,3.0,0.0,0,0,1.5,1
673,4,3,1,3,42612.93,0,0,0.0,5.0,0.0,0,0,2.5,1
674,4,3,1,3,38490.39,0,0,0.0,15.0,1.0,0,0,12.5,1
675,3,2,1,2,33000.880000000005,1,1,0.5,60.0,1.0,0,0,75.0,1
676,6,4,2,5,44979.88,2,0,0.4,15.0,0.0,0,0,27.5,1
677,9,7,2,8,128573.81999999999,0,0,0.0,3.0,0.0,0,0,1.5,1
678,3,2,1,2,36336.490000000005,0,0,0.0,5.0,0.0,0,0,2.5,1
679,13,10,3,12,130822.45,1,0,0.08333333333333333,15.0,0.0,0,0,17.5,1
680,3,2,1,2,0.0,0,0,0.0,0.0,0.0,0,0,0.0,1
681,4,3,1,3,12663.04,0,0,0.0,15.0,1.0,0,0,12.5,1
682,3,2,1,2,11273.44,0,0,0.0,0.0,0.0,0,0,0.0,1
683,6,4,2,5,62571.67,1,0,0.2,15.0,0.0,0,0,17.5,1
684,5,4,1,4,25932.42,1,0,0.25,30.0,1.0,0,0,30.0,1
685,11,7,4,10,121095.84,1,0,0.1,15.0,1.0,0,0,22.5,1
686,6,4,2,5,50156.54,0,0,0.0,25.0,1.0,0,0,17.5,1
687,8,5,3,7,67826.31,1,0,0.14285714285714285,15.0,0.0,0,0,17.5,1
688,2,1,1,1,11138.54,0,0,0.0,0.0,0.0,0,0,0.0,0
689,2,1,1,1,13647.12,0,0,0.0,0.0,0.0,0,0,0.0,0
690,3,2,1,2,28601.66,0,0,0.0,0.0,0.0,0,0,0.0,1
691,9,7,2,8,66862.35,2,0,0.25,15.0,0.0,0,0,27.5,1
692,3,2,1,2,11181.92,0,0,0.0,0.0,0.0,0,0,0.0,1
693,5,4,1,4,21028.39,1,1,0.25,60.0,1.0,0,0,75.0,1
694,3,2,1,2,0.0,0,0,0.0,0.0,0.0,0,0,0.0,1
695,10,8,2,9,85324.79,2,1,0.2222222222222222,45.0,0.0,0,0,72.5,1
696,5,4,1,4,47709.28,0,0,0.0,0.0,0.0,0,0,0.0,1
697,3,2,1,2,19316.51,0,0,0.0,0.0,0.0,0,0,0.0,1
698,9,6,3,8,118732.20999999999,1,1,0.125,65.0,1.0,0,0,77.5,1
699,2,1,1,1,3280.53,1,0,1.0,15.0,0.0,0,0,17.5,0
700,2,1,1,1,6997.24,1,1,1.0,45.0,0.0,0,0,62.5,0
701,6,5,1,5,87452.95,1,1,0.2,45.0,0.0,0,0,62.5,1
702,3,2,1,2,22475.41,0,0,0.0,0.0,0.0,0,0,0.0,1
703,3,2,1,2,43041.79,0,0,0.0,0.0,0.0,0,0,0.0,1
704,10,8,2,9,81596.34,1,0,0.1111111111111111,15.0,0.0,0,0,17.5,1
705,5,4,1,4,59199.22,1,0,0.25,15.0,0.0,0,0,17.5,1
706,3,2,1,2,14222.46,0,0,0.0,0.0,0.0,0,0,0.0,1
707,5,3,2,4,59146.299999999996,0,0,0.0,0.0,0.0,0,0,0.0,1
708,6,5,1,5,36461.09,1,1,0.2,45.0,0.0,0,0,62.5,1
709,2,1,1,1,0.0,0,0,0.0,0.0,0.0,0,0,0.0,0
710,4,3,1,3,40962.009999999995,1,1,0.3333333333333333,45.0,1.0,0,0,67.5,1
711,11,8,3,10,124708.28,1,0,0.1,15.0,0.0,0,0,17.5,1
712,4,3,1,3,38355.649999999994,1,1,0.3333333333333333,55.0,0.0,1,0,72.5,1
713,4,3,1,3,51462.76,0,0,0.0,20.0,1.0,0,0,15.0,1
714,4,2,2,3,34621.95,1,0,0.3333333333333333,15.0,0.0,0,0,17.5,1
715,3,2,1,2,17233.329999999998,0,0,0.0,2.0,0.0,0,0,1.0,1
716,4,3,1,3,23342.260000000002,0,0,0.0,15.0,1.0,0,0,12.5,1
717,3,2,1,2,29306.78,1,1,0.5,45.0,0.0,0,0,62.5,1
718,5,3,2,4,53597.479999999996,0,0,0.0,0.0,0.0,0,0,0.0,1
719,5,3,2,4,49364.270000000004,1,1,0.25,45.0,0.0,0,0,62.5,1
720,2,1,1,1,6901.43,0,0,0.0,0.0,0.0,0,0,0.0,0
721,5,4,1,4,74833.49,0,0,0.0,15.0,1.0,0,0,12.5,1
722,5,3,2,4,23581.110000000004,1,0,0.25,20.0,0.0,0,0,20.0,1
723,3,2,1,2,29687.829999999998,0,0,0.0,0.0,0.0,0,0,0.0,1
724,2,1,1,1,22164.4,0,0,0.0,0.0,0.0,0,0,0.0,0
725,3,2,1,2,25109.37,0,0,0.0,0.0,0.0,0,0,0.0,1
726,5,3,2,4,59326.33,1,1,0.25,45.0,0.0,0,0,62.5,1
727,5,4,1,4,42697.31,0,0,0.0,10.0,0.0,0,0,5.0,1
728,9,7,2,8,77624.8,2,1,0.25,45.0,2.0,0,0,82.5,1
729,3,2,1,2,27016.53,0,0,0.0,0.0,0.0,0,0,0.0,1
730,4,3,1,3,18056.16,0,0,0.0,0.0,0.0,0,0,0.0,1
731,4,3,1,3,20615.4,0,0,0.0,15.0,1.0,0,0,12.5,1
732,2,1,1,1,10275.32,0,0,0.0,22.0,1.0,0,0,16.0,0
733,7,5,2,6,31133.74,0,0,0.0,0.0,0.0,0,0,0.0,1
734,7,5,2,6,40025.19,0,0,0.0,0.0,0.0,0,0,0.0,1
735,3,2,1,2,14798.779999999999,1,0,0.5,20.0,0.0,0,0,20.0,1
736,6,5,1,5,70533.87,2,0,0.4,20.0,0.0,0,0,30.0,1
737,4,3,1,3,35089.48,0,0,0.0,0.0,0.0,0,0,0.0,1
738,8,5,3,7,86278.06,2,0,0.2857142857142857,20.0,2.0,0,0,40.0,1
739,5,3,2,4,38048.64,0,0,0.0,0.0,0.0,0,0,0.0,1
740,3,2,1,2,18828.22,1,0,0.5,25.0,0.0,1,0,27.5,1
741,2,1,1,1,2850.15,0,0,0.0,0.0,0.0,0,0,0.0,0
742,9,7,2,8,97661.20999999999,1,1,0.125,45.0,0.0,0,0,62.5,1
743,3,2,1,2,46842.5,0,0,0.0,15.0,1.0,0,0,12.5,1
744,6,4,2,5,5996.870000000001,1,1,0.2,45.0,0.0,0,0,62.5,1
745,5,4,1,4,86358.28,0,0,0.0,15.0,1.0,0,0,12.5,1
746,10,8,2,9,71911.7,1,0,0.1111111111111111,18.0,1.0,0,0,24.0,1
747,4,3,1,3,25198.33,1,0,0.3333333333333333,15.0,0.0,0,0,17.5,1
748,6,5,1,5,74591.20999999999,0,0,0.0,0.0,0.0,0,0,0.0,1
749,5,4,1,4,39396.689999999995,0,0,0.0,15.0,1.0,0,0,12.5,1
750,4,3,1,3,22639.0,0,0,0.0,0.0,0.0,0,0,0.0,1
751,30,20,10,29,353254.08,1,1,0.034482758620689655,45.0,2.0,0,0,72.5,1
752,8,6,2,7,87464.81999999999,0,0,0.0,15.0,1.0,0,0,12.5,1
753,2,1,1,1,18451.39,0,0,0.0,0.0,0.0,0,0,0.0,0
754,4,3,1,3,21763.93,2,0,0.6666666666666666,15.0,0.0,0,0,27.5,1
755,5,4,1,4,39401.08,0,0,0.0,0.0,0.0,0,0,0.0,1
756,5,4,1,4,54256.42,0,0,0.0,5.0,0.0,0,0,2.5,1
757,4,3,1,3,18799.28,0,0,0.0,15.0,1.0,0,0,12.5,1
758,5,4,1,4,26423.28,0,0,0.0,0.0,0.0,0,0,0.0,1
759,5,4,1,4,22366.83,0,0,0.0,15.0,1.0,0,0,12.5,1
760,3,2,1,2,32707.27,0,0,0.0,0.0,0.0,0,0,0.0,1
761,5,4,1,4,51761.21000000001,0,0,0.0,0.0,0.0,0,0,0.0,1
762,9,7,2,8,49266.68,2,1,0.25,45.0,0.0,0,0,72.5,1
763,8,5,3,7,76433.03,0,0,0.0,20.0,2.0,0,0,20.0,1
764,7,6,1,6,55429.16,0,0,0.0,15.0,1.0,0,0,12.5,1
765,8,6,2,7,59348.39,0,0,0.0,0.0,0.0,0,0,0.0,1
766,7,6,1,6,64368.41,1,0,0.16666666666666666,15.0,0.0,0,0,17.5,1
767,4,3,1,3,27743.77,1,1,0.3333333333333333,55.0,0.0,1,0,72.5,1
768,2,1,1,1,10041.94,0,0,0.0,0.0,0.0,0,0,0.0,0
769,4,3,1,3,33103.4,0,0,0.0,0.0,0.0,0,0,0.0,1
770,5,4,1,4,35369.43,0,0,0.0,0.0,0.0,0,0,0.0,1
771,2,1,1,1,3912.25,0,0,0.0,0.0,0.0,0,0,0.0,0
772,20,15,5,19,238791.49,1,1,0.05263157894736842,48.0,0.0,0,0,64.0,1
773,7,4,3,6,65341.15,0,0,0.0,0.0,0.0,0,0,0.0,1
774,3,2,1,2,18130.68,1,0,0.5,25.0,0.0,1,0,27.5,1
775,2,1,1,1,20596.7,0,0,0.0,0.0,0.0,0,0,0.0,0
776,5,4,1,4,44248.35,1,0,0.25,30.0,2.0,0,0,35.0,1
777,12,9,3,11,92840.7,2,0,0.18181818181818182,15.0,0.0,0,0,27.5,1
778,4,3,1,3,28172.519999999997,0,0,0.0,0.0,0.0,0,0,0.0,1
779,4,3,1,3,32157.06,0,0,0.0,0.0,0.0,0,0,0.0,1
780,10,6,4,9,143562.56,1,1,0.1111111111111111,55.0,0.0,1,0,72.5,1
781,14,10,4,13,140284.69,2,1,0.15384615384615385,45.0,1.0,0,0,77.5,1
782,11,7,4,10,125790.6,0,0,0.0,5.0,0.0,0,0,2.5,1
783,12,9,3,11,116916.37000000001,2,0,0.18181818181818182,15.0,0.0,0,0,27.5,1
784,2,1,1,1,1372.95,0,0,0.0,0.0,0.0,0,0,0.0,0
785,4,3,1,3,47194.729999999996,0,0,0.0,0.0,0.0,0,0,0.0,1
786,23,17,6,22,289237.37,2,0,0.09090909090909091,15.0,0.0,0,0,27.5,1
787,4,3,1,3,8741.51,0,0,0.0,5.0,0.0,0,0,2.5,1
788,4,3,1,3,21193.55,1,1,0.3333333333333333,45.0,0.0,0,0,62.5,1
789,3,2,1,2,24743.36,1,0,0.5,15.0,0.0,0,0,17.5,1
790,7,4,3,6,46124.759999999995,0,0,0.0,18.0,2.0,0,0,19.0,1
791,6,5,1,5,40301.88,1,1,0.2,45.0,1.0,0,0,67.5,1
792,2,1,1,1,4381.91,0,0,0.0,0.0,0.0,0,0,0.0,0
793,3,2,1,2,32240.18,0,0,0.0,0.0,0.0,0,0,0.0,1
794,3,2,1,2,18125.51,0,0,0.0,25.0,1.0,0,0,17.5,1
795,2,1,1,1,4178.02,0,0,0.0,0.0,0.0,0,0,0.0,0
796,4,3,1,3,40238.27,1,0,0.3333333333333333,15.0,0.0,0,0,17.5,1
797,5,4,1,4,46707.479999999996,1,1,0.25,45.0,0.0,0,0,62.5,1
798,9,7,2,8,47456.43,1,0,0.125,15.0,1.0,0,0,22.5,1
799,3,2,1,2,14834.01,0,0,0.0,0.0,0.0,0,0,0.0,1
800,3,2,1,2,19758.13,0,0,0.0,0.0,0.0,0,0,0.0,1
801,3,2,1,2,12768.11,0,0,0.0,0.0,0.0,0,0,0.0,1
802,3,2,1,2,26464.43,0,0,0.0,0.0,0.0,0,0,0.0,1
803,7,5,2,6,63291.979999999996,2,1,0.3333333333333333,45.0,1.0,0,0,77.5,1
804,17,13,4,16,119529.52,1,1,0.0625,60.0,6.0,0,0,100.0,1
805,4,3,1,3,10273.58,0,0,0.0,0.0,0.0,0,0,0.0,1
806,5,3,2,4,45083.35,0,0,0.0,15.0,2.0,0,0,17.5,1
807,12,9,3,11,118439.62,4,1,0.36363636363636365,55.0,2.0,0,4,119.5,1
808,3,2,1,2,38694.46,0,0,0.0,0.0,0.0,0,0,0.0,1
809,4,3,1,3,37726.03,0,0,0.0,15.0,1.0,0,0,12.5,1
810,22,15,7,21,199955.03,3,0,0.14285714285714285,30.0,4.0,0,0,65.0,1
811,3,2,1,2,44741.74,0,0,0.0,3.0,0.0,0,0,1.5,1
812,3,2,1,2,35008.7,1,0,0.5,15.0,0.0,0,0,17.5,1
813,5,4,1,4,49005.53,1,0,0.25,20.0,0.0,0,0,20.0,1
814,4,3,1,3,33047.81,0,0,0.0,0.0,0.0,0,0,0.0,1
815,7,5,2,6,71056.64,0,0,0.0,5.0,0.0,0,0,2.5,1
816,4,3,1,3,34256.0,0,0,0.0,0.0,0.0,0,0,0.0,1
817,9,7,2,8,120142.15,0,0,0.0,0.0,0.0,0,0,0.0,1
818,12,10,2,11,155206.96,0,0,0.0,8.0,0.0,0,0,4.0,1
819,2,1,1,1,16230.8,0,0,0.0,0.0,0.0,0,0,0.0,0
820,4,3,1,3,26475.39,2,0,0.6666666666666666,20.0,0.0,0,0,30.0,1
821,8,6,2,7,99631.7,0,0,0.0,0.0,0.0,0,0,0.0,1
822,14,10,4,13,120122.81,2,1,0.15384615384615385,45.0,0.0,0,0,72.5,1
823,7,6,1,6,45005.0,0,0,0.0,17.0,1.0,0,0,13.5,1
824,2,1,1,1,4897.31,0,0,0.0,0.0,0.0,0,0,0.0,0
825,15,10,5,14,121006.25,1,0,0.07142857142857142,15.0,0.0,0,0,17.5,1
826,2,1,1,1,14010.43,0,0,0.0,0.0,0.0,0,0,0.0,0
827,5,4,1,4,60592.509999999995,0,0,0.0,0.0,0.0,0,0,0.0,1
828,4,2,2,3,35637.24,1,0,0.3333333333333333,20.0,0.0,0,0,20.0,1
829,12,9,3,11,70820.28,1,0,0.09090909090909091,15.0,1.0,0,0,22.5,1
830,7,5,2,6,73927.99,2,0,0.3333333333333333,15.0,0.0,0,0,27.5,1
831,5,4,1,4,14300.34,0,0,0.0,15.0,1.0,0,0,12.5,1
832,3,2,1,2,28369.949999999997,1,0,0.5,15.0,0.0,0,0,17.5,1
833,4,3,1,3,40259.35,0,0,0.0,0.0,0.0,0,0,0.0,1
834,5,4,1,4,53844.75,0,0,0.0,20.0,1.0,0,0,15.0,1
835,6,5,1,5,57037.25,1,0,0.2,15.0,0.0,0,0,17.5,1
836,3,2,1,2,44930.3,0,0,0.0,0.0,0.0,0,0,0.0,1
837,4,3,1,3,28843.670000000002,1,0,0.3333333333333333,15.0,0.0,0,0,17.5,1
838,4,3,1,3,9028.07,0,0,0.0,20.0,1.0,0,0,15.0,1
839,14,10,4,13,119447.14,2,0,0.15384615384615385,33.0,2.0,0,0,46.5,1
840,6,3,3,5,38069.31,1,0,0.2,15.0,0.0,0,0,17.5,1
841,3,2,1,2,42721.41,0,0,0.0,0.0,0.0,0,0,0.0,1
842,3,2,1,2,20515.08,0,0,0.0,0.0,0.0,0,0,0.0,1
843,8,5,3,7,73460.22,0,0,0.0,5.0,0.0,0,0,2.5,1
844,17,12,5,16,187971.02000000002,1,0,0.0625,15.0,0.0,0,0,17.5,1
845,14,11,3,13,164499.88999999998,1,0,0.07692307692307693,30.0,1.0,0,0,30.0,1
846,10,7,3,9,126225.87999999999,0,0,0.0,0.0,0.0,0,0,0.0,1
847,6,4,2,5,51721.07,0,0,0.0,0.0,0.0,0,0,0.0,1
848,13,9,4,12,174440.17,2,1,0.16666666666666666,45.0,0.0,0,0,72.5,1
849,11,7,4,10,72738.62,1,0,0.1,15.0,2.0,0,0,27.5,1
850,6,4,2,5,55130.86,2,0,0.4,15.0,0.0,0,0,27.5,1
851,11,8,3,10,131123.94,3,1,0.3,45.0,2.0,0,0,92.5,1
852,10,7,3,9,91928.38,1,1,0.1111111111111111,60.0,3.0,0,0,85.0,1
853,6,4,2,5,44543.89,0,0,0.0,0.0,0.0,0,0,0.0,1
854,5,4,1,4,5099.790000000001,0,0,0.0,0.0,0.0,0,0,0.0,1
855,9,6,3,8,101682.89,0,0,0.0,5.0,0.0,0,0,2.5,1
856,5,3,2,4,43137.33,0,0,0.0,15.0,1.0,0,0,12.5,1
857,24,16,8,23,282602.01,3,1,0.13043478260869565,50.0,2.0,1,0,100.0,1
858,4,3,1,3,53948.340000000004,0,0,0.0,15.0,2.0,0,0,17.5,1
859,3,2,1,2,31366.489999999998,1,1,0.5,60.0,1.0,0,0,75.0,1
860,7,4,3,6,76244.81,1,0,0.16666666666666666,17.0,2.0,0,0,28.5,1
861,5,3,2,4,58031.6,1,1,0.25,45.0,0.0,0,0,62.5,1
862,3,2,1,2,21779.3,0,0,0.0,0.0,0.0,0,0,0.0,1
863,3,2,1,2,35664.11,0,0,0.0,3.0,0.0,0,0,1.5,1
864,4,3,1,3,38110.45,1,0,0.3333333333333333,30.0,1.0,0,0,30.0,1
865,5,4,1,4,67816.68,2,0,0.5,15.0,0.0,0,0,27.5,1
866,15,10,5,14,152917.68,0,0,0.0,15.0,1.0,0,0,12.5,1
867,4,3,1,3,13844.06,0,0,0.0,20.0,1.0,0,0,15.0,1
868,4,3,1,3,21676.21,0,0,0.0,0.0,0.0,0,0,0.0,1
869,4,2,2,3,33422.59,0,0,0.0,0.0,0.0,0,0,0.0,1
870,2,1,1,1,0.0,0,0,0.0,0.0,0.0,0,0,0.0,0
871,34,25,9,33,384082.87,3,0,0.09090909090909091,18.0,3.0,0,0,54.0,1
872,9,7,2,8,123039.2,0,0,0.0,5.0,0.0,0,0,2.5,1
873,3,2,1,2,28297.32,0,0,0.0,3.0,0.0,0,0,1.5,1
874,6,5,1,5,67203.15,1,1,0.2,50.0,0.0,0,0,65.0,1
875,4,2,2,3,55422.729999999996,0,0,0.0,0.0,0.0,0,0,0.0,1
876,5,3,2,4,9766.650000000001,0,0,0.0,0.0,0.0,0,0,0.0,1
877,8,6,2,7,73768.08,1,1,0.14285714285714285,45.0,0.0,0,0,62.5,1
878,4,3,1,3,46791.89,0,0,0.0,0.0,0.0,0,0,0.0,1
879,5,4,1,4,52511.880000000005,1,0,0.25,20.0,0.0,0,0,20.0,1
880,3,2,1,2,21042.54,0,0,0.0,15.0,1.0,0,0,12.5,1
881,3,2,1,2,19500.1,0,0,0.0,0.0,0.0,0,0,0.0,1
882,12,9,3,11,55690.65,2,1,0.18181818181818182,55.0,1.0,2,0,92.5,1
883,8,6,2,7,76804.45,0,0,0.0,15.0,1.0,0,0,12.5,1
884,3,2,1,2,41321.94,0,0,0.0,0.0,0.0,0,0,0.0,1
885,7,5,2,6,80460.08,0,0,0.0,3.0,0.0,0,0,1.5,1
886,8,5,3,7,86502.65,2,2,0.2857142857142857,45.0,0.0,0,0,102.5,1
887,3,2,1,2,18099.97,0,0,0.0,0.0,0.0,0,0,0.0,1
888,4,3,1,3,27469.769999999997,0,0,0.0,3.0,0.0,0,0,1.5,1
889,9,7,2,8,72113.05,1,1,0.125,45.0,0.0,0,0,62.5,1
890,17,12,5,16,160418.29,3,0,0.1875,25.0,3.0,2,0,67.5,1
891,4,3,1,3,20420.079999999998,0,0,0.0,0.0,0.0,0,0,0.0,1
892,4,2,2,3,27361.149999999998,0,0,0.0,0.0,0.0,0,0,0.0,1
893,2,1,1,1,2212.67,1,1,1.0,45.0,0.0,0,0,62.5,0
894,7,4,3,6,65068.43,0,0,0.0,5.0,0.0,0,0,2.5,1
895,2,1,1,1,10866.16,0,0,0.0,5.0,0.0,0,0,2.5,0
896,16,11,5,15,169188.47,1,0,0.06666666666666667,15.0,0.0,0,0,17.5,1
897,11,9,2,10,75876.99,3,1,0.3,65.0,1.0,1,5,117.5,1
898,3,2,1,2,18350.67,1,1,0.5,45.0,0.0,0,0,62.5,1
899,5,3,2,4,39600.82,0,0,0.0,0.0,0.0,0,0,0.0,1
900,4,3,1,3,37043.42,1,1,0.3333333333333333,45.0,0.0,0,0,62.5,1
901,4,3,1,3,55411.06,0,0,0.0,0.0,0.0,0,0,0.0,1
902,11,9,2,10,117690.95,1,0,0.1,15.0,0.0,0,0,17.5,1
903,8,5,3,7,51458.24,2,1,0.2857142857142857,45.0,0.0,0,0,72.5,1
904,5,4,1,4,37012.24,0,0,0.0,3.0,0.0,0,0,1.5,1
905,7,5,2,6,42731.67,1,0,0.16666666666666666,15.0,0.0,0,0,17.5,1
906,2,1,1,1,24095.59,0,0,0.0,18.0,1.0,0,0,14.0,0
907,2,1,1,1,12115.79,0,0,0.0,15.0,1.0,0,0,12.5,0
908,8,6,2,7,70757.41,0,0,0.0,5.0,0.0,0,0,2.5,1
909,7,5,2,6,72837.66,0,0,0.0,0.0,0.0,0,0,0.0,1
910,5,4,1,4,59678.45,0,0,0.0,3.0,0.0,0,0,1.5,1
911,8,6,2,7,43411.42,0,0,0.0,5.0,0.0,0,0,2.5,1
912,4,3,1,3,21774.64,0,0,0.0,5.0,0.0,0,0,2.5,1
913,17,12,5,16,175167.0,1,0,0.0625,15.0,0.0,0,0,17.5,1
914,4,3,1,3,13338.119999999999,0,0,0.0,0.0,0.0,0,0,0.0,1
915,10,8,2,9,105678.82,1,0,0.1111111111111111,15.0,2.0,0,0,27.5,1
916,2,1,1,1,23720.27,0,0,0.0,0.0,0.0,0,0,0.0,0
917,2,1,1,1,22691.7,0,0,0.0,0.0,0.0,0,0,0.0,0
918,2,1,1,1,13055.99,0,0,0.0,0.0,0.0,0,0,0.0,0
919,9,6,3,8,134269.56,2,1,0.25,45.0,0.0,0,0,72.5,1
920,4,3,1,3,24820.17,0,0,0.0,3.0,0.0,0,0,1.5,1
921,4,3,1,3,52051.5,0,0,0.0,0.0,0.0,0,0,0.0,1
922,3,2,1,2,32520.739999999998,1,0,0.5,20.0,0.0,0,0,20.0,1
923,7,5,2,6,55469.55,0,0,0.0,0.0,0.0,0,0,0.0,1
924,3,2,1,2,3359.04,1,1,0.5,45.0,0.0,0,0,62.5,1
925,14,11,3,13,171224.76,4,3,0.3076923076923077,68.0,2.0,2,3,193.0,1
926,23,19,4,22,231569.75,2,2,0.09090909090909091,45.0,0.0,0,0,102.5,1
927,3,2,1,2,20186.14,0,0,0.0,15.0,1.0,0,0,12.5,1
928,2,1,1,1,10229.09,1,0,1.0,15.0,0.0,0,0,17.5,0
929,3,2,1,2,40002.03,0,0,0.0,3.0,0.0,0,0,1.5,1
930,3,2,1,2,30979.010000000002,1,1,0.5,57.0,0.0,1,0,73.5,1
931,2,1,1,1,24606.4,0,0,0.0,3.0,0.0,0,0,1.5,0
932,2,1,1,1,7269.68,0,0,0.0,0.0,0.0,0,0,0.0,0
933,2,1,1,1,9870.36,0,0,0.0,0.0,0.0,0,0,0.0,0
934,3,2,1,2,31609.29,0,0,0.0,0.0,0.0,0,0,0.0,1
935,2,1,1,1,19372.95,0,0,0.0,0.0,0.0,0,0,0.0,0
936,8,6,2,7,63330.42,2,2,0.2857142857142857,45.0,1.0,0,0,107.5,1
937,8,6,2,7,44212.61,1,0,0.14285714285714285,15.0,1.0,0,0,22.5,1
938,9,6,3,8,73868.23,1,0,0.125,15.0,0.0,0,0,17.5,1
939,2,1,1,1,23194.53,0,0,0.0,0.0,0.0,0,0,0.0,0
940,6,5,1,5,46445.15,0,0,0.0,3.0,0.0,0,0,1.5,1
941,3,2,1,2,20387.13,0,0,0.0,0.0,0.0,0,0,0.0,1
942,2,1,1,1,0.0,0,0,0.0,0.0,0.0,0,0,0.0,0
943,3,2,1,2,9427.12,0,0,0.0,0.0,0.0,0,0,0.0,1
944,5,4,1,4,43199.49,0,0,0.0,5.0,0.0,0,0,2.5,1
945,4,3,1,3,33243.5,0,0,0.0,0.0,0.0,0,0,0.0,1
946,3,2,1,2,18989.94,0,0,0.0,0.0,0.0,0,0,0.0,1
947,6,4,2,5,67284.36,0,0,0.0,20.0,1.0,0,0,15.0,1
948,4,3,1,3,35799.09,0,0,0.0,0.0,0.0,0,0,0.0,1
949,2,1,1,1,8427.82,0,0,0.0,0.0,0.0,0,0,0.0,0
950,8,6,2,7,79956.38,2,1,0.2857142857142857,45.0,0.0,0,0,72.5,1
951,3,2,1,2,23403.24,0,0,0.0,0.0,0.0,0,0,0.0,1
952,4,3,1,3,13480.17,0,0,0.0,0.0,0.0,0,0,0.0,1
953,2,1,1,1,5074.4,0,0,0.0,0.0,0.0,0,0,0.0,0
954,6,4,2,5,22295.7,0,0,0.0,2.0,0.0,0,0,1.0,1
955,9,6,3,8,124632.65,1,0,0.125,15.0,0.0,0,0,17.5,1
956,4,3,1,3,19088.04,1,0,0.3333333333333333,20.0,0.0,0,0,20.0,1
957,8,6,2,7,68644.41,0,0,0.0,15.0,1.0,0,0,12.5,1
958,3,2,1,2,46869.68,0,0,0.0,3.0,0.0,0,0,1.5,1
959,4,3,1,3,41167.04,0,0,0.0,3.0,0.0,0,0,1.5,1
960,9,6,3,8,137358.42,2,1,0.25,45.0,0.0,0,0,72.5,1
961,5,4,1,4,37168.55,1,0,0.25,28.0,1.0,0,0,29.0,1
962,6,4,2,5,71875.68,1,0,0.2,15.0,0.0,0,0,17.5,1
963,3,2,1,2,23663.24,0,0,0.0,0.0,0.0,0,0,0.0,1
964,6,5,1,5,53489.54,1,0,0.2,30.0,1.0,0,0,30.0,1
965,8,7,1,7,114392.13,1,1,0.14285714285714285,45.0,0.0,0,0,62.5,1
966,4,3,1,3,33813.97,0,0,0.0,5.0,0.0,0,0,2.5,1
967,2,1,1,1,9817.2,0,0,0.0,0.0,0.0,0,0,0.0,0
968,50,36,14,49,585411.5700000001,5,1,0.10204081632653061,68.0,2.0,3,5,154.0,1
969,3,2,1,2,37883.43,0,0,0.0,0.0,0.0,0,0,0.0,1
970,3,2,1,2,5881.36,0,0,0.0,0.0,0.0,0,0,0.0,1
971,8,6,2,7,96238.91,1,1,0.14285714285714285,45.0,1.0,0,0,67.5,1
972,6,5,1,5,48894.86,1,0,0.2,20.0,0.0,0,0,20.0,1
973,5,4,1,4,27124.47,0,0,0.0,0.0,0.0,0,0,0.0,1
974,6,5,1,5,65199.16,2,1,0.4,45.0,0.0,0,0,72.5,1
975,5,4,1,4,55687.6,0,0,0.0,5.0,0.0,0,0,2.5,1
976,9,7,2,8,102373.61,0,0,0.0,3.0,0.0,0,0,1.5,1
977,2,1,1,1,371.62,0,0,0.0,0.0,0.0,0,0,0.0,0
978,7,5,2,6,70119.27,0,0,0.0,15.0,1.0,0,0,12.5,1
979,6,4,2,5,90175.79,1,0,0.2,15.0,2.0,0,0,27.5,1
980,2,1,1,1,10658.77,0,0,0.0,0.0,0.0,0,0,0.0,0
981,7,5,2,6,80174.06,2,1,0.3333333333333333,55.0,0.0,1,3,91.5,1
982,2,1,1,1,21362.19,0,0,0.0,0.0,0.0,0,0,0.0,0
983,6,4,2,5,20847.0,2,1,0.4,55.0,0.0,2,0,87.5,1
984,2,1,1,1,14431.17,0,0,0.0,0.0,0.0,0,0,0.0,0
985,6,4,2,5,61422.52,2,2,0.4,45.0,0.0,0,0,102.5,1
986,21,16,5,20,300533.39,2,1,0.1,45.0,0.0,0,0,72.5,1
987,9,7,2,8,117570.95,0,0,0.0,7.0,0.0,0,0,3.5,1
988,5,3,2,4,68535.57,0,0,0.0,3.0,0.0,0,0,1.5,1
989,9,7,2,8,92986.09,2,0,0.25,15.0,0.0,0,0,27.5,1
990,14,11,3,13,123277.48999999999,1,0,0.07692307692307693,18.0,1.0,0,0,24.0,1
991,5,4,1,4,51549.54,1,1,0.25,45.0,0.0,0,0,62.5,1
992,14,10,4,13,126108.84,3,1,0.23076923076923078,45.0,2.0,0,0,92.5,1
993,2,1,1,1,22736.64,0,0,0.0,15.0,1.0,0,0,12.5,0
994,7,6,1,6,51394.22,1,0,0.16666666666666666,15.0,0.0,0,0,17.5,1
995,10,8,2,9,126816.55,3,1,0.3333333333333333,55.0,0.0,2,0,97.5,1
996,9,6,3,8,54312.14,2,1,0.25,45.0,1.0,0,0,77.5,1
997,38,28,10,37,339112.58999999997,3,2,0.08108108108108109,45.0,2.0,0,0,122.5,1
998,5,3,2,4,45109.04,1,0,0.25,15.0,0.0,0,0,17.5,1
999,7,6,1,6,85381.2,1,1,0.16666666666666666,45.0,0.0,0,0,62.5,1
1000,4,3,1,3,10686.599999999999,0,0,0.0,20.0,1.0,0,0,15.0,1
1001,14,10,4,13,122400.42,1,0,0.07692307692307693,15.0,3.0,0,0,32.5,1
1002,6,5,1,5,51298.840000000004,1,0,0.2,15.0,0.0,0,0,17.5,1
1003,14,11,3,13,174801.94,3,1,0.23076923076923078,45.0,2.0,0,0,92.5,1
1004,4,3,1,3,54277.78,0,0,0.0,3.0,0.0,0,0,1.5,1
1005,8,6,2,7,30847.739999999998,1,1,0.14285714285714285,45.0,0.0,0,0,62.5,1
1006,10,7,3,9,156284.65,3,2,0.3333333333333333,45.0,0.0,0,0,112.5,1
1007,4,3,1,3,24233.96,1,1,0.3333333333333333,55.0,0.0,1,0,72.5,1
1008,11,8,3,10,102617.74,1,1,0.1,55.0,0.0,1,0,72.5,1
1009,5,3,2,4,20680.28,0,0,0.0,0.0,0.0,0,0,0.0,1
1010,3,2,1,2,32956.99,1,0,0.5,15.0,0.0,0,0,17.5,1
1011,3,2,1,2,32749.88,0,0,0.0,0.0,0.0,0,0,0.0,1
1012,2,1,1,1,20311.1,0,0,0.0,0.0,0.0,0,0,0.0,0
1013,9,8,1,8,106396.54000000001,1,0,0.125,15.0,1.0,0,0,22.5,1
1014,11,9,2,10,145522.3,0,0,0.0,20.0,2.0,0,0,20.0,1
1015,3,2,1,2,35875.97,0,0,0.0,20.0,1.0,0,0,15.0,1
1016,4,3,1,3,40542.36,0,0,0.0,15.0,1.0,0,0,12.5,1
1017,3,2,1,2,15783.11,0,0,0.0,0.0,0.0,0,0,0.0,1
1018,5,4,1,4,28311.18,1,1,0.25,60.0,2.0,0,0,80.0,1
1019,3,2,1,2,35942.01,1,0,0.5,15.0,0.0,0,0,17.5,1
1020,2,1,1,1,4342.6,1,0,1.0,30.0,1.0,0,0,30.0,0
1021,7,4,3,6,75647.18000000001,2,0,0.3333333333333333,18.0,0.0,0,0,29.0,1
1022,2,1,1,1,13858.91,0,0,0.0,0.0,0.0,0,0,0.0,0
1023,4,3,1,3,45146.91,1,0,0.3333333333333333,15.0,0.0,0,0,17.5,1
1024,2,1,1,1,20049.83,0,0,0.0,20.0,1.0,0,0,15.0,0
1025,5,4,1,4,15295.11,0,0,0.0,15.0,1.0,0,0,12.5,1
1026,2,1,1,1,14337.11,0,0,0.0,0.0,0.0,0,0,0.0,0
1027,3,2,1,2,37506.72,0,0,0.0,0.0,0.0,0,0,0.0,1
1028,11,9,2,10,54028.86,0,0,0.0,15.0,1.0,0,0,12.5,1
1029,2,1,1,1,16838.79,0,0,0.0,0.0,0.0,0,0,0.0,0
1030,4,3,1,3,23225.04,1,1,0.3333333333333333,55.0,0.0,1,0,72.5,1
1031,10,7,3,9,26697.21,2,1,0.2222222222222222,45.0,0.0,0,0,72.5,1
1032,16,11,5,15,184318.36,2,1,0.13333333333333333,45.0,2.0,0,0,82.5,1
1033,5,4,1,4,43194.04,0,0,0.0,0.0,0.0,0,0,0.0,1
1034,3,2,1,2,23373.95,1,1,0.5,45.0,0.0,0,0,62.5,1
1035,4,3,1,3,43657.79,0,0,0.0,0.0,0.0,0,0,0.0,1
1036,10,8,2,9,100412.59,1,0,0.1111111111111111,22.0,1.0,0,0,26.0,1
1037,2,1,1,1,10384.49,0,0,0.0,0.0,0.0,0,0,0.0,0
1038,2,1,1,1,20479.49,0,0,0.0,0.0,0.0,0,0,0.0,0
1039,14,10,4,13,116463.15,4,1,0.3076923076923077,47.0,0.0,3,0,108.5,1
1040,2,1,1,1,15457.63,0,0,0.0,2.0,0.0,0,0,1.0,0
1041,3,2,1,2,15742.74,2,1,1.0,45.0,0.0,0,0,72.5,1
1042,2,1,1,1,9732.63,0,0,0.0,0.0,0.0,0,0,0.0,0
1043,4,3,1,3,10257.180000000002,0,0,0.0,2.0,0.0,0,0,1.0,1
1044,3,2,1,2,23232.68,1,0,0.5,15.0,0.0,0,0,17.5,1
1045,4,3,1,3,23218.48,0,0,0.0,15.0,1.0,0,0,12.5,1
1046,7,5,2,6,32587.190000000002,0,0,0.0,3.0,0.0,0,0,1.5,1
1047,2,1,1,1,3534.83,0,0,0.0,0.0,0.0,0,0,0.0,0
1048,2,1,1,1,8152.63,0,0,0.0,0.0,0.0,0,0,0.0,0
1049,11,8,3,10,146130.7,1,0,0.1,15.0,0.0,0,0,17.5,1
1050,4,3,1,3,19987.53,1,0,0.3333333333333333,15.0,0.0,0,0,17.5,1
1051,3,2,1,2,14106.21,0,0,0.0,0.0,0.0,0,0,0.0,1
1052,3,2,1,2,8917.51,0,0,0.0,0.0,0.0,0,0,0.0,1
1053,8,6,2,7,77831.14,2,1,0.2857142857142857,45.0,0.0,0,0,72.5,1
1054,9,5,4,8,21939.48,2,0,0.25,25.0,0.0,2,0,42.5,1
1055,10,8,2,9,91949.39,0,0,0.0,3.0,0.0,0,0,1.5,1
1056,4,3,1,3,18559.88,0,0,0.0,0.0,0.0,0,0,0.0,1
1057,3,1,2,2,10895.23,0,0,0.0,0.0,0.0,0,0,0.0,0
1058,6,4,2,5,69345.93,0,0,0.0,0.0,0.0,0,0,0.0,1
1059,9,7,2,8,82022.97,1,0,0.125,15.0,1.0,0,0,22.5,1
1060,3,2,1,2,8743.36,0,0,0.0,0.0,0.0,0,0,0.0,1
1061,8,6,2,7,41791.67,2,2,0.2857142857142857,45.0,0.0,0,0,102.5,1
1062,4,3,1,3,20816.63,0,0,0.0,5.0,0.0,0,0,2.5,1
1063,3,2,1,2,18191.44,1,1,0.5,45.0,0.0,0,0,62.5,1
1064,4,3,1,3,36831.97,0,0,0.0,0.0,0.0,0,0,0.0,1
1065,6,5,1,5,42480.7,0,0,0.0,15.0,1.0,0,0,12.5,1
1066,4,2,2,3,101.79000000000087,0,0,0.0,0.0,0.0,0,0,0.0,1
1067,2,1,1,1,11039.59,0,0,0.0,0.0,0.0,0,0,0.0,0
1068,5,4,1,4,34813.12,0,0,0.0,0.0,0.0,0,0,0.0,1
1069,7,5,2,6,60873.39,2,2,0.3333333333333333,45.0,0.0,0,0,102.5,1
1070,6,4,2,5,58019.369999999995,0,0,0.0,5.0,0.0,0,0,2.5,1
1071,9,7,2,8,70757.15,0,0,0.0,5.0,0.0,0,0,2.5,1
1072,2,1,1,1,18795.13,0,0,0.0,5.0,0.0,0,0,2.5,0
1073,2,1,1,1,0.0,0,0,0.0,0.0,0.0,0,0,0.0,0
1074,8,6,2,7,86612.69,0,0,0.0,15.0,1.0,0,0,12.5,1
1075,2,1,1,1,17338.71,0,0,0.0,0.0,0.0,0,0,0.0,0
1076,5,4,1,4,50096.05,0,0,0.0,0.0,0.0,0,0,0.0,1
1077,2,1,1,1,13804.93,0,0,0.0,0.0,0.0,0,0,0.0,0
1078,5,4,1,4,61920.130000000005,0,0,0.0,5.0,0.0,0,0,2.5,1
1079,6,5,1,5,77063.76,1,0,0.2,25.0,1.0,0,0,27.5,1
1080,2,1,1,1,6198.31,0,0,0.0,0.0,0.0,0,0,0.0,0
1081,6,5,1,5,73966.87,0,0,0.0,18.0,1.0,0,0,14.0,1
1082,6,4,2,5,38408.3,0,0,0.0,15.0,1.0,0,0,12.5,1
1083,10,7,3,9,104589.98,0,0,0.0,3.0,0.0,0,0,1.5,1
1084,3,2,1,2,20042.46,0,0,0.0,0.0,0.0,0,0,0.0,1
1085,3,2,1,2,6240.66,1,0,0.5,15.0,0.0,0,0,17.5,1
1086,5,4,1,4,33279.32,0,0,0.0,0.0,0.0,0,0,0.0,1
1087,10,7,3,9,99260.22,2,0,0.2222222222222222,25.0,0.0,0,0,32.5,1
1088,6,5,1,5,54343.19,0,0,0.0,5.0,0.0,0,0,2.5,1
1089,4,3,1,3,32083.22,0,0,0.0,5.0,0.0,0,0,2.5,1
1090,3,2,1,2,15420.789999999999,0,0,0.0,0.0,0.0,0,0,0.0,1
1091,5,4,1,4,35541.28,0,0,0.0,0.0,0.0,0,0,0.0,1
1092,9,7,2,8,108726.61,3,0,0.375,35.0,2.0,1,5,77.5,1
1093,5,4,1,4,65188.770000000004,1,0,0.25,15.0,0.0,0,0,17.5,1
1094,4,3,1,3,19054.17,0,0,0.0,5.0,0.0,0,0,2.5,1
1095,9,7,2,8,104877.93,0,0,0.0,5.0,0.0,0,0,2.5,1
1096,4,3,1,3,1328.0599999999995,1,0,0.3333333333333333,15.0,0.0,0,0,17.5,1
1097,3,2,1,2,20432.38,0,0,0.0,0.0,0.0,0,0,0.0,1
1098,3,2,1,2,30624.72,0,0,0.0,0.0,0.0,0,0,0.0,1
1099,3,2,1,2,18981.09,0,0,0.0,0.0,0.0,0,0,0.0,1
1100,2,1,1,1,0.0,0,0,0.0,0.0,0.0,0,0,0.0,0
1101,3,2,1,2,27301.58,0,0,0.0,0.0,0.0,0,0,0.0,1
1102,5,4,1,4,40734.15,1,0,0.25,15.0,0.0,0,0,17.5,1
1103,8,6,2,7,46400.12,1,0,0.14285714285714285,15.0,0.0,0,0,17.5,1
1104,4,3,1,3,53342.65,0,0,0.0,0.0,0.0,0,0,0.0,1
1105,3,2,1,2,32659.72,0,0,0.0,0.0,0.0,0,0,0.0,1
1106,2,1,1,1,0.0,0,0,0.0,0.0,0.0,0,0,0.0,0
1107,7,4,3,6,78474.7,0,0,0.0,15.0,3.0,0,0,22.5,1
1108,3,2,1,2,18234.17,0,0,0.0,0.0,0.0,0,0,0.0,1
1109,6,4,2,5,22543.26,1,1,0.2,50.0,0.0,0,0,65.0,1
1110,17,12,5,16,104046.42,1,0,0.0625,15.0,0.0,0,0,17.5,1
1111,3,2,1,2,39724.29,1,0,0.5,15.0,0.0,0,0,17.5,1
1112,2,1,1,1,23053.1,0,0,0.0,2.0,0.0,0,0,1.0,0
1113,2,1,1,1,8352.45,0,0,0.0,0.0,0.0,0,0,0.0,0
1114,4,3,1,3,46967.24,0,0,0.0,15.0,1.0,0,0,12.5,1
1115,2,1,1,1,10086.16,0,0,0.0,0.0,0.0,0,0,0.0,0
1116,3,2,1,2,4275.58,0,0,0.0,0.0,0.0,0,0,0.0,1
1117,6,4,2,5,37288.08,1,0,0.2,15.0,0.0,0,0,17.5,1
1118,6,4,2,5,71590.89,0,0,0.0,0.0,0.0,0,0,0.0,1
1119,4,3,1,3,37622.619999999995,0,0,0.0,2.0,0.0,0,0,1.0,1
1120,4,3,1,3,29354.739999999998,0,0,0.0,0.0,0.0,0,0,0.0,1
1121,3,1,2,2,42905.56,1,0,0.5,15.0,0.0,0,0,17.5,0
1122,4,3,1,3,32052.64,1,1,0.3333333333333333,45.0,0.0,0,0,62.5,1
1123,4,3,1,3,12973.839999999998,0,0,0.0,15.0,1.0,0,0,12.5,1
1124,14,9,5,13,133739.52,3,0,0.23076923076923078,18.0,0.0,0,0,39.0,1
1125,4,3,1,3,23601.78,0,0,0.0,0.0,0.0,0,0,0.0,1
1126,9,7,2,8,86571.47,1,1,0.125,45.0,0.0,0,0,62.5,1
1127,3,2,1,2,32127.37,0,0,0.0,0.0,0.0,0,0,0.0,1
1128,3,2,1,2,21155.58,0,0,0.0,0.0,0.0,0,0,0.0,1
1129,8,6,2,7,65943.95,2,0,0.2857142857142857,15.0,0.0,0,0,27.5,1
1130,7,6,1,6,63243.38,0,0,0.0,0.0,0.0,0,0,0.0,1
1131,2,1,1,1,14371.83,0,0,0.0,0.0,0.0,0,0,0.0,0
1132,18,14,4,17,191673.05,2,1,0.11764705882352941,55.0,2.0,2,0,97.5,1
1133,3,2,1,2,17740.46,0,0,0.0,0.0,0.0,0,0,0.0,1
1134,4,3,1,3,53876.65,0,0,0.0,0.0,0.0,0,0,0.0,1
1135,4,2,2,3,14568.91,0,0,0.0,0.0,0.0,0,0,0.0,1
1136,3,2,1,2,15994.43,0,0,0.0,0.0,0.0,0,0,0.0,1
1137,6,5,1,5,25141.809999999998,0,0,0.0,15.0,1.0,0,0,12.5,1
1138,2,1,1,1,18910.73,0,0,0.0,0.0,0.0,0,0,0.0,0
1139,5,4,1,4,43178.869999999995,0,0,0.0,5.0,0.0,0,0,2.5,1
1140,3,2,1,2,10299.57,0,0,0.0,0.0,0.0,0,0,0.0,1
1141,3,2,1,2,36470.71,1,1,0.5,47.0,0.0,0,0,63.5,1
1142,8,6,2,7,98969.37,1,0,0.14285714285714285,18.0,0.0,0,0,19.0,1
1143,7,5,2,6,58284.83,2,0,0.3333333333333333,20.0,0.0,0,0,30.0,1
1144,2,1,1,1,1784.98,0,0,0.0,0.0,0.0,0,0,0.0,0
1145,5,4,1,4,52985.649999999994,2,0,0.5,15.0,0.0,0,0,27.5,1
1146,6,5,1,5,39334.38,0,0,0.0,0.0,0.0,0,0,0.0,1
1147,9,7,2,8,103685.78,1,1,0.125,45.0,2.0,0,0,72.5,1
1148,3,2,1,2,13044.04,0,0,0.0,0.0,0.0,0,0,0.0,1
1149,5,3,2,4,16350.44,0,0,0.0,20.0,1.0,0,0,15.0,1
1150,3,2,1,2,11794.85,0,0,0.0,0.0,0.0,0,0,0.0,1
1151,3,2,1,2,5950.410000000001,0,0,0.0,0.0,0.0,0,0,0.0,1
1152,4,3,1,3,34941.89,1,0,0.3333333333333333,15.0,0.0,0,0,17.5,1
1153,4,2,2,3,21998.18,0,0,0.0,0.0,0.0,0,0,0.0,1
1154,4,3,1,3,30989.4,0,0,0.0,0.0,0.0,0,0,0.0,1
1155,17,13,4,16,181909.57,4,0,0.25,33.0,1.0,1,0,66.5,1
1156,4,2,2,3,36931.259999999995,0,0,0.0,0.0,0.0,0,0,0.0,1
1157,13,8,5,12,146670.24,3,1,0.25,45.0,1.0,0,0,87.5,1
1158,2,1,1,1,2707.03,0,0,0.0,0.0,0.0,0,0,0.0,0
1159,6,5,1,5,52044.53,0,0,0.0,0.0,0.0,0,0,0.0,1
1160,4,3,1,3,39477.490000000005,1,0,0.3333333333333333,15.0,0.0,0,0,17.5,1
1161,3,2,1,2,13233.260000000002,0,0,0.0,0.0,0.0,0,0,0.0,1
1162,5,4,1,4,27173.21,0,0,0.0,0.0,0.0,0,0,0.0,1
1163,3,2,1,2,13627.25,1,0,0.5,15.0,0.0,0,0,17.5,1
1164,3,2,1,2,33280.97,1,0,0.5,15.0,0.0,0,0,17.5,1
1165,6,4,2,5,29811.22,0,0,0.0,5.0,0.0,0,0,2.5,1
1166,5,4,1,4,68884.54000000001,3,2,0.75,55.0,1.0,0,4,134.5,1
1167,2,1,1,1,17495.37,0,0,0.0,0.0,0.0,0,0,0.0,0
1168,3,2,1,2,4644.570000000001,0,0,0.0,0.0,0.0,0,0,0.0,1
1169,4,3,1,3,39847.990000000005,0,0,0.0,5.0,0.0,0,0,2.5,1
1170,5,4,1,4,39786.92,1,1,0.25,45.0,1.0,0,0,67.5,1
1171,5,4,1,4,21392.620000000003,0,0,0.0,0.0,0.0,0,0,0.0,1
1172,5,4,1,4,62025.78,0,0,0.0,5.0,0.0,0,0,2.5,1
1173,3,2,1,2,7302.66,0,0,0.0,0.0,0.0,0,0,0.0,1
1174,5,4,1,4,62024.13,0,0,0.0,0.0,0.0,0,0,0.0,1
1175,4,3,1,3,41177.44,2,2,0.6666666666666666,45.0,0.0,0,0,102.5,1
1176,3,2,1,2,17484.08,1,0,0.5,15.0,0.0,0,0,17.5,1
1177,10,7,3,9,97317.36,0,0,0.0,20.0,1.0,0,0,15.0,1
1178,4,3,1,3,30266.399999999998,1,0,0.3333333333333333,15.0,0.0,0,0,17.5,1
1179,3,2,1,2,28445.72,0,0,0.0,0.0,0.0,0,0,0.0,1
1180,12,7,5,11,34213.05,0,0,0.0,0.0,0.0,0,0,0.0,1
1181,4,3,1,3,38530.14,0,0,0.0,3.0,0.0,0,0,1.5,1
1182,3,2,1,2,14381.73,0,0,0.0,0.0,0.0,0,0,0.0,1
1183,4,3,1,3,24496.55,0,0,0.0,15.0,1.0,0,0,12.5,1
1184,13,9,4,12,136253.91,2,2,0.16666666666666666,55.0,0.0,2,0,117.5,1
1185,3,2,1,2,22965.800000000003,1,0,0.5,15.0,0.0,0,0,17.5,1
1186,3,2,1,2,32856.39,1,1,0.5,45.0,0.0,0,0,62.5,1
1187,5,4,1,4,49885.32000000001,0,0,0.0,0.0,0.0,0,0,0.0,1
1188,6,4,2,5,70932.88,1,0,0.2,15.0,0.0,0,0,17.5,1
1189,2,1,1,1,7245.67,0,0,0.0,0.0,0.0,0,0,0.0,0
1190,3,2,1,2,20823.4,0,0,0.0,0.0,0.0,0,0,0.0,1
1191,7,5,2,6,52327.32,2,0,0.3333333333333333,25.0,0.0,2,0,42.5,1
1192,5,4,1,4,49673.65,1,0,0.25,17.0,0.0,0,0,18.5,1
1193,3,2,1,2,5820.32,1,1,0.5,45.0,0.0,0,0,62.5,1
1194,4,3,1,3,37891.72,1,0,0.3333333333333333,15.0,0.0,0,0,17.5,1
1195,3,2,1,2,26732.239999999998,0,0,0.0,0.0,0.0,0,0,0.0,1
1196,3,2,1,2,5356.9,0,0,0.0,0.0,0.0,0,0,0.0,1
1197,7,5,2,6,53495.5,2,1,0.3333333333333333,45.0,0.0,0,0,72.5,1
1198,7,5,2,6,81303.48000000001,0,0,0.0,18.0,1.0,0,0,14.0,1
1199,2,1,1,1,0.0,0,0,0.0,0.0,0.0,0,0,0.0,0
1200,9,6,3,8,72518.35,1,1,0.125,50.0,0.0,0,0,65.0,1
1201,5,4,1,4,53357.549999999996,0,0,0.0,0.0,0.0,0,0,0.0,1
1202,12,9,3,11,129764.83,2,0,0.18181818181818182,15.0,0.0,0,0,27.5,1
1203,14,10,4,13,153535.89,2,2,0.15384615384615385,57.0,0.0,2,0,118.5,1
1204,10,7,3,9,141855.30000000002,2,1,0.2222222222222222,68.0,0.0,2,4,106.0,1
1205,6,5,1,5,42242.81,1,1,0.2,50.0,0.0,0,0,65.0,1
1206,5,4,1,4,37806.65,1,1,0.25,45.0,0.0,0,0,62.5,1
1207,3,2,1,2,27411.7,0,0,0.0,0.0,0.0,0,0,0.0,1
1208,3,2,1,2,25466.589999999997,0,0,0.0,15.0,1.0,0,0,12.5,1
1209,3,2,1,2,35475.17,1,1,0.5,45.0,0.0,0,0,62.5,1
1210,4,3,1,3,22306.46,0,0,0.0,0.0,0.0,0,0,0.0,1
1211,3,2,1,2,20749.28,0,0,0.0,2.0,0.0,0,0,1.0,1
1212,13,10,3,12,102739.23,2,0,0.16666666666666666,15.0,0.0,0,0,27.5,1
1213,6,4,2,5,71420.35,1,0,0.2,15.0,2.0,0,0,27.5,1
1214,11,8,3,10,120173.48,0,0,0.0,5.0,0.0,0,0,2.5,1
1215,12,9,3,11,98835.82,0,0,0.0,5.0,0.0,0,0,2.5,1
1216,3,2,1,2,26627.88,0,0,0.0,0.0,0.0,0,0,0.0,1
1217,3,2,1,2,32217.85,0,0,0.0,0.0,0.0,0,0,0.0,1
1218,3,2,1,2,24854.22,0,0,0.0,0.0,0.0,0,0,0.0,1
1219,4,3,1,3,44658.32,0,0,0.0,5.0,0.0,0,0,2.5,1
1220,3,2,1,2,18877.75,0,0,0.0,15.0,1.0,0,0,12.5,1
1221,4,3,1,3,36675.06,0,0,0.0,5.0,0.0,0,0,2.5,1
1222,16,12,4,15,182841.07,1,0,0.06666666666666667,15.0,0.0,0,0,17.5,1
1223,2,1,1,1,6357.99,0,0,0.0,5.0,0.0,0,0,2.5,0
1224,4,3,1,3,22240.37,1,1,0.3333333333333333,45.0,0.0,0,0,62.5,1
1225,3,2,1,2,18751.91,1,0,0.5,15.0,0.0,0,0,17.5,1
1226,3,2,1,2,24683.96,1,1,0.5,45.0,0.0,0,0,62.5,1
1227,6,5,1,5,49089.29,0,0,0.0,3.0,0.0,0,0,1.5,1
1228,4,3,1,3,17102.25,1,0,0.3333333333333333,15.0,0.0,0,0,17.5,1
1229,9,7,2,8,64265.600000000006,1,0,0.125,25.0,0.0,0,0,22.5,1
1230,4,3,1,3,62297.369999999995,1,1,0.3333333333333333,60.0,1.0,0,0,75.0,1
1231,6,5,1,5,36681.35,0,0,0.0,5.0,0.0,0,0,2.5,1
1232,5,4,1,4,56003.97,0,0,0.0,0.0,0.0,0,0,0.0,1
1233,21,14,7,20,244520.49,4,0,0.2,25.0,0.0,5,0,77.5,1
1234,3,2,1,2,21559.85,0,0,0.0,0.0,0.0,0,0,0.0,1
1235,11,7,4,10,53956.58,0,0,0.0,0.0,0.0,0,0,0.0,1
1236,4,3,1,3,41099.8,0,0,0.0,15.0,1.0,0,0,12.5,1
1237,8,6,2,7,62270.479999999996,0,0,0.0,0.0,0.0,0,0,0.0,1
1238,7,5,2,6,52657.47,1,0,0.16666666666666666,20.0,1.0,0,0,25.0,1
1239,5,4,1,4,69784.44,1,0,0.25,15.0,0.0,0,0,17.5,1
1240,5,3,2,4,49101.53999999999,0,0,0.0,0.0,0.0,0,0,0.0,1
1241,6,4,2,5,24358.36,1,0,0.2,15.0,1.0,0,0,22.5,1
1242,5,3,2,4,61256.340000000004,0,0,0.0,15.0,1.0,0,0,12.5,1
1243,3,2,1,2,22788.01,0,0,0.0,5.0,0.0,0,0,2.5,1
1244,4,3,1,3,34350.18,0,0,0.0,0.0,0.0,0,0,0.0,1
1245,3,2,1,2,15319.91,0,0,0.0,0.0,0.0,0,0,0.0,1
1246,5,3,2,4,41392.0,0,0,0.0,3.0,0.0,0,0,1.5,1
1247,3,2,1,2,34423.82,0,0,0.0,0.0,0.0,0,0,0.0,1
1248,3,2,1,2,34534.17,0,0,0.0,0.0,0.0,0,0,0.0,1
1249,3,2,1,2,33698.71,0,0,0.0,0.0,0.0,0,0,0.0,1
1250,3,2,1,2,22599.23,1,1,0.5,45.0,0.0,0,0,62.5,1
1251,5,4,1,4,58258.130000000005,0,0,0.0,0.0,0.0,0,0,0.0,1
1252,5,3,2,4,13673.960000000001,0,0,0.0,15.0,1.0,0,0,12.5,1
1253,6,5,1,5,56422.82,0,0,0.0,0.0,0.0,0,0,0.0,1
1254,5,4,1,4,81786.16,0,0,0.0,3.0,0.0,0,0,1.5,1
1255,3,2,1,2,17896.07,0,0,0.0,0.0,0.0,0,0,0.0,1
1256,4,3,1,3,42899.57,1,0,0.3333333333333333,15.0,0.0,0,0,17.5,1
1257,4,3,1,3,22543.29,0,0,0.0,0.0,0.0,0,0,0.0,1
1258,5,4,1,4,69352.18000000001,0,0,0.0,0.0,0.0,0,0,0.0,1
1259,6,4,2,5,43781.77,1,0,0.2,15.0,0.0,0,0,17.5,1
1260,5,4,1,4,37405.03,2,2,0.5,50.0,0.0,0,0,105.0,1
1261,3,2,1,2,4721.63,0,0,0.0,0.0,0.0,0,0,0.0,1
1262,12,8,4,11,116289.37,0,0,0.0,5.0,0.0,0,0,2.5,1
1263,18,13,5,17,196614.3,2,0,0.11764705882352941,15.0,1.0,0,0,32.5,1
1264,5,4,1,4,70094.53,1,0,0.25,20.0,0.0,0,0,20.0,1
1265,8,6,2,7,26413.84,0,0,0.0,20.0,2.0,0,0,20.0,1
1266,5,4,1,4,39181.13,0,0,0.0,0.0,0.0,0,0,0.0,1
1267,14,10,4,13,85423.64,1,1,0.07692307692307693,65.0,2.0,1,3,96.5,1
1268,3,2,1,2,15325.09,0,0,0.0,0.0,0.0,0,0,0.0,1
1269,6,4,2,5,89099.41,0,0,0.0,0.0,0.0,0,0,0.0,1
1270,3,2,1,2,27145.31,0,0,0.0,0.0,0.0,0,0,0.0,1
1271,5,4,1,4,45390.47,0,0,0.0,0.0,0.0,0,0,0.0,1
1272,4,3,1,3,34438.82,0,0,0.0,5.0,0.0,0,0,2.5,1
1273,10,8,2,9,98799.65,3,1,0.3333333333333333,55.0,0.0,2,4,109.5,1
1274,2,1,1,1,0.0,0,0,0.0,0.0,0.0,0,0,0.0,0
1275,3,2,1,2,6323.68,0,0,0.0,0.0,0.0,0,0,0.0,1
1276,6,4,2,5,86744.36,1,0,0.2,15.0,0.0,0,0,17.5,1
1277,5,3,2,4,65323.399999999994,0,0,0.0,0.0,0.0,0,0,0.0,1
1278,5,4,1,4,51170.31,0,0,0.0,25.0,1.0,0,0,17.5,1
1279,9,7,2,8,55297.29,0,0,0.0,3.0,0.0,0,0,1.5,1
1280,5,3,2,4,35734.770000000004,0,0,0.0,0.0,0.0,0,0,0.0,1
1281,5,4,1,4,47132.409999999996,0,0,0.0,5.0,0.0,0,0,2.5,1
1282,5,3,2,4,911.6900000000005,1,0,0.25,30.0,1.0,0,0,30.0,1
1283,19,13,6,18,128201.59,1,0,0.05555555555555555,15.0,0.0,0,0,17.5,1
1284,4,3,1,3,29319.370000000003,0,0,0.0,0.0,0.0,0,0,0.0,1
1285,17,14,3,16,143376.56,1,0,0.0625,15.0,0.0,0,0,17.5,1
1286,5,4,1,4,34212.78,0,0,0.0,15.0,1.0,0,0,12.5,1
1287,4,3,1,3,26022.93,1,0,0.3333333333333333,15.0,0.0,0,0,17.5,1
1288,6,4,2,5,55078.5,0,0,0.0,15.0,2.0,0,0,17.5,1
1289,3,1,2,2,20794.600000000002,1,1,0.5,45.0,0.0,0,0,62.5,0
1290,11,9,2,10,149336.51,2,2,0.2,45.0,0.0,0,0,102.5,1
1291,18,14,4,17,85712.74,4,1,0.23529411764705882,45.0,1.0,0,0,97.5,1
1292,2,1,1,1,19830.64,0,0,0.0,0.0,0.0,0,0,0.0,0
1293,3,2,1,2,26460.97,0,0,0.0,5.0,0.0,0,0,2.5,1
1294,5,4,1,4,46377.66,0,0,0.0,0.0,0.0,0,0,0.0,1
1295,2,1,1,1,0.0,0,0,0.0,0.0,0.0,0,0,0.0,0
1296,8,5,3,7,55690.409999999996,0,0,0.0,0.0,0.0,0,0,0.0,1
1297,2,1,1,1,21577.04,0,0,0.0,0.0,0.0,0,0,0.0,0
1298,7,5,2,6,48538.42,0,0,0.0,0.0,0.0,0,0,0.0,1
1299,2,1,1,1,16587.43,0,0,0.0,0.0,0.0,0,0,0.0,0
1300,2,1,1,1,2451.7,0,0,0.0,0.0,0.0,0,0,0.0,0
1301,12,9,3,11,145680.67,0,0,0.0,5.0,0.0,0,0,2.5,1
1302,3,2,1,2,14276.97,0,0,0.0,0.0,0.0,0,0,0.0,1
1303,5,4,1,4,34171.51,0,0,0.0,0.0,0.0,0,0,0.0,1
1304,5,4,1,4,7637.42,1,0,0.25,15.0,0.0,0,0,17.5,1
1305,5,3,2,4,47073.450000000004,0,0,0.0,20.0,1.0,0,0,15.0,1
1306,5,4,1,4,14627.069999999998,1,1,0.25,45.0,0.0,0,0,62.5,1
1307,7,6,1,6,65768.89,0,0,0.0,3.0,0.0,0,0,1.5,1
1308,4,3,1,3,43544.55,1,0,0.3333333333333333,15.0,0.0,0,0,17.5,1
1309,3,1,2,2,2361.38,0,0,0.0,0.0,0.0,0,0,0.0,0
1310,4,3,1,3,42545.83,1,0,0.3333333333333333,15.0,0.0,0,0,17.5,1
1311,12,10,2,11,72953.38,2,1,0.18181818181818182,47.0,1.0,0,0,78.5,1
1312,8,5,3,7,107929.64,0,0,0.0,0.0,0.0,0,0,0.0,1
1313,6,5,1,5,100149.6,1,1,0.2,48.0,0.0,0,0,64.0,1
1314,2,1,1,1,22069.72,0,0,0.0,2.0,0.0,0,0,1.0,0
1315,6,5,1,5,42263.72,0,0,0.0,0.0,0.0,0,0,0.0,1
1316,9,6,3,8,41026.36,1,1,0.125,50.0,0.0,0,0,65.0,1
1317,9,6,3,8,79650.97,0,0,0.0,3.0,0.0,0,0,1.5,1
1318,12,9,3,11,133260.77,0,0,0.0,5.0,0.0,0,0,2.5,1
1319,11,8,3,10,134488.07,4,2,0.4,45.0,1.0,0,0,127.5,1
1320,5,4,1,4,57329.100000000006,0,0,0.0,0.0,0.0,0,0,0.0,1
1321,4,3,1,3,26783.04,1,1,0.3333333333333333,45.0,0.0,0,0,62.5,1
1322,8,6,2,7,117173.44,1,0,0.14285714285714285,15.0,0.0,0,0,17.5,1
1323,2,1,1,1,12126.62,0,0,0.0,0.0,0.0,0,0,0.0,0
1324,6,5,1,5,43884.53,1,0,0.2,15.0,1.0,0,0,22.5,1
1325,7,5,2,6,29450.2,2,1,0.3333333333333333,45.0,0.0,0,0,72.5,1
1326,3,2,1,2,5611.06,0,0,0.0,0.0,0.0,0,0,0.0,1
1327,7,5,2,6,65540.22,1,0,0.16666666666666666,15.0,1.0,0,0,22.5,1
1328,3,2,1,2,34066.020000000004,0,0,0.0,0.0,0.0,0,0,0.0,1
1329,5,4,1,4,44839.58,1,0,0.25,15.0,0.0,0,0,17.5,1
1330,9,7,2,8,94669.88,2,2,0.25,70.0,2.0,1,5,145.0,1
1331,27,22,5,26,292403.18,3,0,0.11538461538461539,25.0,3.0,0,8,81.5,1
1332,5,4,1,4,29298.28,0,0,0.0,5.0,0.0,0,0,2.5,1
1333,2,1,1,1,0.0,0,0,0.0,0.0,0.0,0,0,0.0,0
1334,3,2,1,2,29370.59,0,0,0.0,5.0,0.0,0,0,2.5,1
1335,3,2,1,2,14310.689999999999,0,0,0.0,0.0,0.0,0,0,0.0,1
1336,25,18,7,24,281834.8,3,1,0.125,48.0,1.0,0,0,89.0,1
1337,3,2,1,2,22107.46,0,0,0.0,15.0,1.0,0,0,12.5,1
1338,2,1,1,1,10346.93,0,0,0.0,0.0,0.0,0,0,0.0,0
1339,22,16,6,21,200700.72999999998,1,0,0.047619047619047616,15.0,1.0,0,0,22.5,1
1340,3,2,1,2,31767.19,0,0,0.0,0.0,0.0,0,0,0.0,1
1341,6,4,2,5,19883.05,1,1,0.2,45.0,0.0,0,0,62.5,1
1342,10,8,2,9,115192.53,3,0,0.3333333333333333,18.0,0.0,0,0,39.0,1
1343,4,3,1,3,15892.330000000002,1,0,0.3333333333333333,15.0,0.0,0,0,17.5,1
1344,4,3,1,3,24328.949999999997,0,0,0.0,0.0,0.0,0,0,0.0,1
1345,3,1,2,2,30914.05,0,0,0.0,3.0,0.0,0,0,1.5,0
1346,6,4,2,5,61037.65,1,0,0.2,30.0,2.0,0,0,35.0,1
1347,12,9,3,11,147743.37,0,0,0.0,15.0,2.0,0,0,17.5,1
1348,5,4,1,4,72767.06999999999,0,0,0.0,3.0,0.0,0,0,1.5,1
1349,6,5,1,5,61456.27,0,0,0.0,0.0,0.0,0,0,0.0,1
1350,3,2,1,2,34759.11,1,0,0.5,15.0,0.0,0,0,17.5,1
1351,11,9,2,10,117050.34,1,0,0.1,15.0,0.0,0,0,17.5,1
1352,4,3,1,3,33722.09,0,0,0.0,15.0,1.0,0,0,12.5,1
1353,2,1,1,1,19364.19,1,1,1.0,60.0,1.0,0,0,75.0,0
1354,8,6,2,7,71954.69,2,1,0.2857142857142857,65.0,0.0,2,0,92.5,1
1355,11,9,2,10,66954.92000000001,0,0,0.0,15.0,2.0,0,0,17.5,1
1356,5,4,1,4,64806.69,0,0,0.0,0.0,0.0,0,0,0.0,1
1357,5,4,1,4,31012.53,0,0,0.0,5.0,0.0,0,0,2.5,1
1358,12,9,3,11,88580.89,1,0,0.09090909090909091,15.0,0.0,0,0,17.5,1
1359,3,2,1,2,8928.16,0,0,0.0,0.0,0.0,0,0,0.0,1
1360,4,3,1,3,29835.84,0,0,0.0,0.0,0.0,0,0,0.0,1
1361,3,2,1,2,24485.5,0,0,0.0,0.0,0.0,0,0,0.0,1
1362,4,3,1,3,14764.75,0,0,0.0,15.0,1.0,0,0,12.5,1
1363,2,1,1,1,23856.92,1,1,1.0,48.0,0.0,0,0,64.0,0
1364,3,2,1,2,21145.06,0,0,0.0,0.0,0.0,0,0,0.0,1
1365,3,2,1,2,23412.73,0,0,0.0,0.0,0.0,0,0,0.0,1
1366,4,3,1,3,26121.090000000004,1,0,0.3333333333333333,20.0,1.0,0,0,25.0,1
1367,3,2,1,2,34717.74,0,0,0.0,0.0,0.0,0,0,0.0,1
1368,5,4,1,4,32404.14,0,0,0.0,0.0,0.0,0,0,0.0,1
1369,3,2,1,2,20633.35,0,0,0.0,5.0,0.0,0,0,2.5,1
1370,3,2,1,2,23346.57,1,0,0.5,15.0,0.0,0,0,17.5,1
1371,9,6,3,8,63260.8,1,0,0.125,15.0,0.0,0,0,17.5,1
1372,14,10,4,13,145133.98,2,1,0.15384615384615385,45.0,0.0,0,0,72.5,1
1373,6,3,3,5,58705.59,1,0,0.2,15.0,0.0,0,0,17.5,1
1374,5,4,1,4,37757.86,0,0,0.0,0.0,0.0,0,0,0.0,1
1375,4,3,1,3,25000.89,0,0,0.0,2.0,0.0,0,0,1.0,1
1376,2,1,1,1,12599.3,1,1,1.0,45.0,0.0,0,0,62.5,0
1377,2,1,1,1,12879.41,0,0,0.0,0.0,0.0,0,0,0.0,0
1378,4,3,1,3,32130.27,0,0,0.0,15.0,1.0,0,0,12.5,1
1379,5,4,1,4,34614.33,1,1,0.25,60.0,1.0,0,0,75.0,1
1380,4,2,2,3,53323.270000000004,0,0,0.0,3.0,0.0,0,0,1.5,1
1381,5,4,1,4,45293.96,1,1,0.25,65.0,1.0,0,0,77.5,1
1382,4,3,1,3,47101.509999999995,0,0,0.0,15.0,2.0,0,0,17.5,1
1383,5,3,2,4,40815.08,0,0,0.0,15.0,1.0,0,0,12.5,1
1384,3,2,1,2,20642.78,0,0,0.0,0.0,0.0,0,0,0.0,1
1385,6,4,2,5,58060.7,1,0,0.2,22.0,1.0,0,0,26.0,1
1386,6,4,2,5,45223.81,1,0,0.2,15.0,0.0,0,0,17.5,1
1387,4,3,1,3,39942.770000000004,0,0,0.0,0.0,0.0,0,0,0.0,1
1388,5,4,1,4,32407.190000000002,0,0,0.0,5.0,0.0,0,0,2.5,1
1389,11,8,3,10,66205.02,0,0,0.0,5.0,0.0,0,0,2.5,1
1390,6,4,2,5,79604.75,1,1,0.2,45.0,0.0,0,0,62.5,1
1391,3,2,1,2,31772.91,1,0,0.5,15.0,0.0,0,0,17.5,1
1392,12,9,3,11,149741.17,3,1,0.2727272727272727,60.0,0.0,2,0,100.0,1
1393,10,8,2,9,71996.62,1,0,0.1111111111111111,15.0,0.0,0,0,17.5,1
1394,14,10,4,13,109870.83,3,1,0.23076923076923078,45.0,0.0,0,0,82.5,1
1395,4,3,1,3,27210.760000000002,0,0,0.0,15.0,1.0,0,0,12.5,1
1396,4,3,1,3,17046.850000000002,0,0,0.0,0.0,0.0,0,0,0.0,1
1397,22,17,5,21,126316.32,4,1,0.19047619047619047,60.0,7.0,0,0,135.0,1
1398,2,1,1,1,16708.64,1,0,1.0,15.0,0.0,0,0,17.5,0
1399,4,3,1,3,9437.0,0,0,0.0,0.0,0.0,0,0,0.0,1
1400,4,3,1,3,51812.479999999996,1,0,0.3333333333333333,18.0,0.0,0,0,19.0,1
1401,18,13,5,17,157052.49,0,0,0.0,15.0,1.0,0,0,12.5,1
1402,10,7,3,9,102208.51999999999,1,0,0.1111111111111111,22.0,2.0,0,0,31.0,1
1403,4,3,1,3,36035.95,0,0,0.0,0.0,0.0,0,0,0.0,1
1404,3,2,1,2,34310.13,0,0,0.0,0.0,0.0,0,0,0.0,1
1405,2,1,1,1,0.0,0,0,0.0,0.0,0.0,0,0,0.0,0
1406,5,3,2,4,40735.49,2,1,0.5,55.0,0.0,2,0,87.5,1
1407,3,2,1,2,20090.41,0,0,0.0,0.0,0.0,0,0,0.0,1
1408,7,5,2,6,115426.47,0,0,0.0,3.0,0.0,0,0,1.5,1
1409,3,2,1,2,-5125.74,0,0,0.0,2.0,0.0,0,0,1.0,1
1410,8,6,2,7,85231.13,1,1,0.14285714285714285,45.0,0.0,0,0,62.5,1
1411,10,8,2,9,84646.89,1,0,0.1111111111111111,15.0,1.0,0,0,22.5,1
1412,15,10,5,14,101653.65,4,0,0.2857142857142857,35.0,2.0,2,4,89.5,1
1413,12,9,3,11,131838.82,0,0,0.0,0.0,0.0,0,0,0.0,1
1414,6,5,1,5,39644.630000000005,1,0,0.2,20.0,0.0,0,0,20.0,1
1415,3,2,1,2,11382.68,0,0,0.0,0.0,0.0,0,0,0.0,1
1416,3,2,1,2,15846.64,1,0,0.5,15.0,0.0,0,0,17.5,1
1417,7,5,2,6,44090.46,2,2,0.3333333333333333,45.0,0.0,0,0,102.5,1
1418,3,2,1,2,39042.42,1,0,0.5,15.0,0.0,0,0,17.5,1
1419,4,3,1,3,23373.64,0,0,0.0,0.0,0.0,0,0,0.0,1
1420,2,1,1,1,19668.45,0,0,0.0,0.0,0.0,0,0,0.0,0
1421,2,1,1,1,23268.47,0,0,0.0,0.0,0.0,0,0,0.0,0
1422,3,2,1,2,18648.79,1,0,0.5,15.0,0.0,0,0,17.5,1
1423,3,2,1,2,27788.690000000002,0,0,0.0,0.0,0.0,0,0,0.0,1
1424,6,4,2,5,73162.1,2,1,0.4,60.0,1.0,0,0,85.0,1
1425,6,5,1,5,55183.7,1,0,0.2,15.0,0.0,0,0,17.5,1
1426,18,14,4,17,151742.43,0,0,0.0,5.0,0.0,0,0,2.5,1
1427,3,2,1,2,40233.32,1,0,0.5,15.0,1.0,0,0,22.5,1
1428,4,3,1,3,22292.41,0,0,0.0,0.0,0.0,0,0,0.0,1
1429,3,2,1,2,4043.81,1,1,0.5,60.0,1.0,0,0,75.0,1
1430,5,4,1,4,52551.159999999996,1,0,0.25,20.0,1.0,0,0,25.0,1
1431,11,8,3,10,82286.07,2,1,0.2,45.0,0.0,0,0,72.5,1
1432,14,9,5,13,119255.12,1,1,0.07692307692307693,55.0,0.0,1,0,72.5,1
1433,11,8,3,10,86198.52,3,1,0.3,45.0,1.0,0,0,87.5,1
1434,9,7,2,8,100241.16,0,0,0.0,5.0,0.0,0,0,2.5,1
1435,2,1,1,1,24596.14,1,1,1.0,48.0,0.0,0,0,64.0,0
1436,3,2,1,2,26485.699999999997,0,0,0.0,15.0,1.0,0,0,12.5,1
1437,3,2,1,2,32110.67,0,0,0.0,0.0,0.0,0,0,0.0,1
1438,4,3,1,3,52919.63,0,0,0.0,0.0,0.0,0,0,0.0,1
1439,3,2,1,2,33965.59,0,0,0.0,0.0,0.0,0,0,0.0,1
1440,6,4,2,5,17417.559999999998,0,0,0.0,2.0,0.0,0,0,1.0,1
1441,3,2,1,2,31999.190000000002,1,0,0.5,15.0,0.0,0,0,17.5,1
1442,8,5,3,7,47031.049999999996,1,0,0.14285714285714285,20.0,1.0,0,0,25.0,1
1443,7,5,2,6,39080.85,1,0,0.16666666666666666,15.0,0.0,0,0,17.5,1
1444,8,6,2,7,77961.67,0,0,0.0,10.0,0.0,0,0,5.0,1
1445,6,5,1,5,38520.6,0,0,0.0,15.0,1.0,0,0,12.5,1
1446,5,4,1,4,57184.729999999996,0,0,0.0,0.0,0.0,0,0,0.0,1
1447,6,5,1,5,75682.63,0,0,0.0,3.0,0.0,0,0,1.5,1
1448,10,7,3,9,80583.75,1,1,0.1111111111111111,45.0,0.0,0,0,62.5,1
1449,7,6,1,6,63921.92,1,0,0.16666666666666666,25.0,0.0,1,0,27.5,1
1450,12,9,3,11,112773.83,3,2,0.2727272727272727,50.0,0.0,0,0,115.0,1
1451,6,3,3,5,46323.76,0,0,0.0,0.0,0.0,0,0,0.0,1
1452,4,3,1,3,28984.58,0,0,0.0,15.0,1.0,0,0,12.5,1
1453,14,12,2,13,113392.26000000001,0,0,0.0,8.0,0.0,0,0,4.0,1
1454,4,3,1,3,47097.67,1,0,0.3333333333333333,15.0,0.0,0,0,17.5,1
1455,8,6,2,7,91303.44,1,0,0.14285714285714285,15.0,0.0,0,0,17.5,1
1456,3,2,1,2,14948.32,1,0,0.5,17.0,0.0,0,0,18.5,1
1457,4,3,1,3,13975.93,2,0,0.6666666666666666,15.0,0.0,0,0,27.5,1
1458,3,2,1,2,16397.87,0,0,0.0,0.0,0.0,0,0,0.0,1
1459,4,3,1,3,29307.58,0,0,0.0,0.0,0.0,0,0,0.0,1
1460,5,3,2,4,80841.83,0,0,0.0,0.0,0.0,0,0,0.0,1
1461,3,2,1,2,22439.66,0,0,0.0,0.0,0.0,0,0,0.0,1
1462,5,4,1,4,51043.369999999995,1,0,0.25,15.0,0.0,0,0,17.5,1
1463,5,4,1,4,61343.770000000004,0,0,0.0,5.0,0.0,0,0,2.5,1
1464,4,3,1,3,23840.8,0,0,0.0,0.0,0.0,0,0,0.0,1
1465,6,4,2,5,79095.15,0,0,0.0,5.0,0.0,0,0,2.5,1
1466,4,3,1,3,31341.269999999997,0,0,0.0,0.0,0.0,0,0,0.0,1
1467,6,4,2,5,74184.73,0,0,0.0,15.0,1.0,0,0,12.5,1
1468,3,2,1,2,953.31,0,0,0.0,15.0,1.0,0,0,12.5,1
1469,7,5,2,6,50450.69,0,0,0.0,0.0,0.0,0,0,0.0,1
1470,7,5,2,6,50863.7,1,0,0.16666666666666666,20.0,3.0,0,0,35.0,1
1471,2,1,1,1,23046.92,0,0,0.0,0.0,0.0,0,0,0.0,0
1472,11,8,3,10,97704.64000000001,2,1,0.2,60.0,2.0,0,0,90.0,1
1473,4,3,1,3,9702.36,1,1,0.3333333333333333,50.0,1.0,0,0,70.0,1
1474,4,3,1,3,28111.010000000002,1,1,0.3333333333333333,45.0,0.0,0,0,62.5,1
1475,3,2,1,2,35107.97,0,0,0.0,0.0,0.0,0,0,0.0,1
1476,4,3,1,3,39778.78,0,0,0.0,5.0,0.0,0,0,2.5,1
1477,5,4,1,4,39201.29,1,0,0.25,15.0,0.0,0,0,17.5,1
1478,16,11,5,15,141573.25,4,0,0.26666666666666666,30.0,4.0,1,0,80.0,1
1479,7,5,2,6,86123.22,1,0,0.16666666666666666,15.0,0.0,0,0,17.5,1
1480,2,1,1,1,7537.63,0,0,0.0,0.0,0.0,0,0,0.0,0
1481,8,6,2,7,77759.24,0,0,0.0,3.0,0.0,0,0,1.5,1
1482,4,2,2,3,36146.520000000004,0,0,0.0,0.0,0.0,0,0,0.0,1
1483,7,6,1,6,88639.53,1,0,0.16666666666666666,15.0,0.0,0,0,17.5,1
1484,5,3,2,4,49158.69,1,1,0.25,45.0,1.0,0,0,67.5,1
1485,8,6,2,7,106202.86,0,0,0.0,0.0,0.0,0,0,0.0,1
1486,2,1,1,1,24761.89,0,0,0.0,3.0,0.0,0,0,1.5,0
1487,5,4,1,4,48901.69,0,0,0.0,0.0,0.0,0,0,0.0,1
1488,4,3,1,3,25315.88,0,0,0.0,0.0,0.0,0,0,0.0,1
1489,2,1,1,1,1671.6,0,0,0.0,0.0,0.0,0,0,0.0,0
1490,13,10,3,12,143487.46,2,0,0.16666666666666666,20.0,1.0,0,0,35.0,1
1491,5,4,1,4,49295.28,1,0,0.25,20.0,0.0,0,0,20.0,1
1492,4,3,1,3,9300.4,1,1,0.3333333333333333,45.0,0.0,0,0,62.5,1
1493,3,2,1,2,27161.68,0,0,0.0,0.0,0.0,0,0,0.0,1
1494,2,1,1,1,0.0,0,0,0.0,0.0,0.0,0,0,0.0,0
1495,2,1,1,1,0.0,0,0,0.0,0.0,0.0,0,0,0.0,0
1496,3,2,1,2,27534.72,0,0,0.0,0.0,0.0,0,0,0.0,1
1497,7,6,1,6,36474.33,1,1,0.16666666666666666,47.0,1.0,0,0,68.5,1
1498,2,1,1,1,0.0,0,0,0.0,0.0,0.0,0,0,0.0,0
1499,4,3,1,3,40250.24,0,0,0.0,15.0,1.0,0,0,12.5,1
1500,6,4,2,5,80196.11,0,0,0.0,3.0,0.0,0,0,1.5,1
1501,2,1,1,1,12137.17,0,0,0.0,0.0,0.0,0,0,0.0,0
1502,5,4,1,4,87843.81,0,0,0.0,3.0,0.0,0,0,1.5,1
1503,3,2,1,2,11697.35,0,0,0.0,0.0,0.0,0,0,0.0,1
1504,2,1,1,1,9825.71,1,0,1.0,25.0,0.0,1,0,27.5,0
1505,2,1,1,1,12726.82,0,0,0.0,0.0,0.0,0,0,0.0,0
1506,8,5,3,7,46953.83,1,1,0.14285714285714285,45.0,0.0,0,0,62.5,1
1507,2,1,1,1,24731.51,1,0,1.0,18.0,0.0,0,0,19.0,0
1508,3,2,1,2,12156.58,0,0,0.0,2.0,0.0,0,0,1.0,1
1509,5,4,1,4,29792.08,0,0,0.0,0.0,0.0,0,0,0.0,1
1510,5,4,1,4,44436.119999999995,1,0,0.25,15.0,0.0,0,0,17.5,1
1511,4,2,2,3,19257.7,0,0,0.0,0.0,0.0,0,0,0.0,1
1512,6,4,2,5,66166.45,0,0,0.0,20.0,1.0,0,0,15.0,1
1513,4,3,1,3,16314.87,0,0,0.0,0.0,0.0,0,0,0.0,1
1514,8,6,2,7,52799.45,2,1,0.2857142857142857,45.0,0.0,0,0,72.5,1
1515,2,1,1,1,9948.13,0,0,0.0,0.0,0.0,0,0,0.0,0
1516,3,2,1,2,48921.16,0,0,0.0,23.0,1.0,0,0,16.5,1
1517,7,6,1,6,82634.56999999999,1,1,0.16666666666666666,45.0,0.0,0,0,62.5,1
1518,4,2,2,3,-2008.12,0,0,0.0,0.0,0.0,0,0,0.0,1
1519,5,3,2,4,30205.339999999997,0,0,0.0,20.0,1.0,0,0,15.0,1
1520,4,3,1,3,46806.12,0,0,0.0,0.0,0.0,0,0,0.0,1
1521,2,1,1,1,732.51,0,0,0.0,0.0,0.0,0,0,0.0,0
1522,4,3,1,3,43555.69,0,0,0.0,15.0,1.0,0,0,12.5,1
1523,9,6,3,8,70339.27,0,0,0.0,15.0,1.0,0,0,12.5,1
1524,2,1,1,1,23576.09,1,0,1.0,15.0,0.0,0,0,17.5,0
1525,3,2,1,2,16689.03,0,0,0.0,0.0,0.0,0,0,0.0,1
1526,3,2,1,2,25225.8,0,0,0.0,17.0,1.0,0,0,13.5,1
1527,6,4,2,5,34868.07,1,0,0.2,15.0,1.0,0,0,22.5,1
1528,4,3,1,3,43037.97,0,0,0.0,0.0,0.0,0,0,0.0,1
1529,4,3,1,3,23117.03,0,0,0.0,0.0,0.0,0,0,0.0,1
1530,3,2,1,2,30824.94,0,0,0.0,3.0,0.0,0,0,1.5,1
1531,2,1,1,1,9228.37,0,0,0.0,20.0,1.0,0,0,15.0,0
1532,5,4,1,4,43289.409999999996,1,0,0.25,15.0,0.0,0,0,17.5,1
1533,2,1,1,1,18785.17,0,0,0.0,0.0,0.0,0,0,0.0,0
1534,4,3,1,3,43630.05,0,0,0.0,0.0,0.0,0,0,0.0,1
1535,5,4,1,4,55160.54,0,0,0.0,0.0,0.0,0,0,0.0,1
1536,3,2,1,2,24355.12,0,0,0.0,0.0,0.0,0,0,0.0,1
1537,4,2,2,3,29188.799999999996,0,0,0.0,0.0,0.0,0,0,0.0,1
1538,6,5,1,5,41190.33,1,0,0.2,18.0,1.0,0,0,24.0,1
1539,15,10,5,14,166395.87,3,2,0.21428571428571427,45.0,1.0,0,0,117.5,1
1540,4,3,1,3,-7194.51,0,0,0.0,0.0,0.0,0,0,0.0,1
1541,2,1,1,1,20188.87,0,0,0.0,5.0,0.0,0,0,2.5,0
1542,4,3,1,3,32917.68,0,0,0.0,0.0,0.0,0,0,0.0,1
1543,3,2,1,2,27380.3,1,1,0.5,45.0,0.0,0,0,62.5,1
1544,7,3,4,6,67920.06,1,1,0.16666666666666666,45.0,0.0,0,0,62.5,1
1545,3,2,1,2,37079.62,0,0,0.0,0.0,0.0,0,0,0.0,1
1546,9,6,3,8,119170.5,1,0,0.125,15.0,1.0,0,0,22.5,1
1547,5,4,1,4,18755.09,1,0,0.25,15.0,1.0,0,0,22.5,1
1548,4,3,1,3,38953.31,1,0,0.3333333333333333,40.0,1.0,1,0,40.0,1
1549,11,7,4,10,147130.7,0,0,0.0,3.0,0.0,0,0,1.5,1
1550,3,2,1,2,34568.82,0,0,0.0,5.0,0.0,0,0,2.5,1
1551,2,1,1,1,0.0,0,0,0.0,0.0,0.0,0,0,0.0,0
1552,15,12,3,14,197008.38999999998,4,2,0.2857142857142857,45.0,1.0,0,0,127.5,1
1553,5,4,1,4,50291.64,3,1,0.75,55.0,0.0,0,4,99.5,1
1554,2,1,1,1,14323.1,0,0,0.0,7.0,0.0,0,0,3.5,0
1555,3,2,1,2,5141.2,0,0,0.0,0.0,0.0,0,0,0.0,1
1556,2,1,1,1,23180.17,0,0,0.0,0.0,0.0,0,0,0.0,0
1557,6,4,2,5,48724.42999999999,0,0,0.0,0.0,0.0,0,0,0.0,1
1558,11,8,3,10,94975.42,4,1,0.4,45.0,0.0,1,3,106.5,1
1559,4,3,1,3,25212.46,1,0,0.3333333333333333,35.0,1.0,0,0,32.5,1
1560,8,6,2,7,98895.2,1,0,0.14285714285714285,15.0,0.0,0,0,17.5,1
1561,8,6,2,7,72839.61,3,1,0.42857142857142855,45.0,0.0,0,0,82.5,1
1562,11,7,4,10,90921.15000000001,0,0,0.0,0.0,0.0,0,0,0.0,1
1563,2,1,1,1,-19022.02,0,0,0.0,0.0,0.0,0,0,0.0,0
1564,10,7,3,9,129286.78,1,0,0.1111111111111111,15.0,0.0,0,0,17.5,1
1565,2,1,1,1,0.0,0,0,0.0,0.0,0.0,0,0,0.0,0
1566,2,1,1,1,8264.89,1,1,1.0,45.0,0.0,0,0,62.5,0
1567,7,5,2,6,59019.83,0,0,0.0,15.0,1.0,0,0,12.5,1
1568,3,2,1,2,30200.5,0,0,0.0,0.0,0.0,0,0,0.0,1
1569,4,2,2,3,26773.829999999998,0,0,0.0,0.0,0.0,0,0,0.0,1
1570,3,2,1,2,22517.93,0,0,0.0,0.0,0.0,0,0,0.0,1
1571,3,2,1,2,38001.229999999996,0,0,0.0,0.0,0.0,0,0,0.0,1
1572,3,2,1,2,9189.49,0,0,0.0,0.0,0.0,0,0,0.0,1
1573,2,1,1,1,5523.94,0,0,0.0,0.0,0.0,0,0,0.0,0
1574,2,1,1,1,13342.38,0,0,0.0,0.0,0.0,0,0,0.0,0
1575,6,4,2,5,45469.51,1,0,0.2,15.0,0.0,0,0,17.5,1
1576,4,3,1,3,29602.89,0,0,0.0,5.0,0.0,0,0,2.5,1
1577,5,4,1,4,45544.09,1,1,0.25,60.0,0.0,1,0,75.0,1
1578,3,2,1,2,19641.3,0,0,0.0,0.0,0.0,0,0,0.0,1
1579,6,4,2,5,58465.3,1,1,0.2,45.0,0.0,0,0,62.5,1
1580,18,12,6,17,186741.15,1,0,0.058823529411764705,15.0,6.0,0,0,47.5,1
1581,6,4,2,5,34453.17,1,1,0.2,55.0,0.0,1,0,72.5,1
1582,3,2,1,2,3748.12,0,0,0.0,15.0,1.0,0,0,12.5,1
1583,4,3,1,3,36810.76,0,0,0.0,10.0,0.0,0,0,5.0,1
1584,2,1,1,1,5468.77,0,0,0.0,0.0,0.0,0,0,0.0,0
1585,3,2,1,2,14693.77,0,0,0.0,5.0,0.0,0,0,2.5,1
1586,3,2,1,2,32524.17,1,0,0.5,15.0,0.0,0,0,17.5,1
1587,2,1,1,1,0.0,0,0,0.0,0.0,0.0,0,0,0.0,0
1588,7,5,2,6,37348.56,1,1,0.16666666666666666,55.0,2.0,1,0,82.5,1
1589,5,4,1,4,27857.660000000003,0,0,0.0,0.0,0.0,0,0,0.0,1
1590,3,2,1,2,37363.97,0,0,0.0,0.0,0.0,0,0,0.0,1
1591,6,5,1,5,45315.21,2,0,0.4,15.0,0.0,0,0,27.5,1
1592,3,2,1,2,9276.76,0,0,0.0,0.0,0.0,0,0,0.0,1
1593,6,5,1,5,72642.56,2,1,0.4,45.0,0.0,0,0,72.5,1
1594,11,7,4,10,55990.38,0,0,0.0,25.0,2.0,0,0,22.5,1
1595,9,7,2,8,109185.79,1,1,0.125,50.0,0.0,0,0,65.0,1
1596,5,3,2,4,26115.21,1,0,0.25,15.0,1.0,0,0,22.5,1
1597,4,3,1,3,12412.980000000001,0,0,0.0,20.0,2.0,0,0,20.0,1
1598,4,3,1,3,2165.37,1,0,0.3333333333333333,15.0,0.0,0,0,17.5,1
1599,6,5,1,5,38547.05,1,1,0.2,45.0,0.0,0,0,62.5,1
1600,4,3,1,3,35116.18,1,0,0.3333333333333333,18.0,0.0,0,0,19.0,1
1601,15,11,4,14,132410.96,1,1,0.07142857142857142,45.0,0.0,0,0,62.5,1
1602,3,2,1,2,23568.38,0,0,0.0,5.0,0.0,0,0,2.5,1
1603,14,11,3,13,116518.03,1,0,0.07692307692307693,15.0,1.0,0,0,22.5,1
1604,3,2,1,2,36560.84,0,0,0.0,15.0,1.0,0,0,12.5,1
1605,3,2,1,2,24743.170000000002,0,0,0.0,0.0,0.0,0,0,0.0,1
1606,25,18,7,24,249783.4,2,1,0.08333333333333333,45.0,0.0,0,0,72.5,1
1607,13,10,3,12,113480.49,3,0,0.25,22.0,3.0,0,0,56.0,1
1608,4,3,1,3,35648.17,0,0,0.0,3.0,0.0,0,0,1.5,1
1609,5,4,1,4,39301.240000000005,0,0,0.0,0.0,0.0,0,0,0.0,1
1610,2,1,1,1,9046.79,0,0,0.0,0.0,0.0,0,0,0.0,0
1611,3,2,1,2,7452.02,0,0,0.0,0.0,0.0,0,0,0.0,1
1612,5,4,1,4,12157.0,1,0,0.25,15.0,0.0,0,0,17.5,1
1613,7,5,2,6,19496.0,1,0,0.16666666666666666,15.0,0.0,0,0,17.5,1
1614,3,2,1,2,23949.9,1,1,0.5,60.0,1.0,0,0,75.0,1
1615,3,2,1,2,11964.71,0,0,0.0,0.0,0.0,0,0,0.0,1
1616,11,8,3,10,104407.26000000001,1,0,0.1,18.0,0.0,0,0,19.0,1
1617,2,1,1,1,5108.18,0,0,0.0,20.0,1.0,0,0,15.0,0
1618,3,2,1,2,13778.659999999998,0,0,0.0,0.0,0.0,0,0,0.0,1
1619,4,3,1,3,18991.05,2,0,0.6666666666666666,15.0,0.0,0,0,27.5,1
1620,7,6,1,6,97933.35,1,0,0.16666666666666666,15.0,0.0,0,0,17.5,1
1621,4,3,1,3,41574.07000000001,0,0,0.0,3.0,0.0,0,0,1.5,1
1622,5,4,1,4,38478.229999999996,0,0,0.0,0.0,0.0,0,0,0.0,1
1623,5,4,1,4,26090.83,0,0,0.0,0.0,0.0,0,0,0.0,1
1624,3,2,1,2,13386.59,0,0,0.0,0.0,0.0,0,0,0.0,1
1625,3,2,1,2,23742.35,0,0,0.0,0.0,0.0,0,0,0.0,1
1626,4,3,1,3,17789.100000000002,0,0,0.0,15.0,1.0,0,0,12.5,1
1627,3,2,1,2,39923.479999999996,0,0,0.0,0.0,0.0,0,0,0.0,1
1628,3,2,1,2,37463.850000000006,0,0,0.0,0.0,0.0,0,0,0.0,1
1629,3,2,1,2,29019.82,0,0,0.0,0.0,0.0,0,0,0.0,1
1630,4,3,1,3,34160.5,1,0,0.3333333333333333,15.0,0.0,0,0,17.5,1
1631,8,6,2,7,80236.74,1,1,0.14285714285714285,65.0,2.0,0,0,82.5,1
1632,5,4,1,4,85446.94,1,0,0.25,18.0,1.0,0,0,24.0,1
1633,3,2,1,2,7233.35,0,0,0.0,0.0,0.0,0,0,0.0,1
1634,5,3,2,4,41649.43,2,1,0.5,45.0,0.0,0,0,72.5,1
1635,2,1,1,1,0.0,1,1,1.0,55.0,0.0,1,0,72.5,0
1636,7,4,3,6,53863.0,1,0,0.16666666666666666,15.0,0.0,0,0,17.5,1
1637,5,4,1,4,42878.29,0,0,0.0,0.0,0.0,0,0,0.0,1
1638,3,2,1,2,17828.85,0,0,0.0,7.0,0.0,0,0,3.5,1
1639,6,4,2,5,58542.44,2,1,0.4,55.0,0.0,2,0,87.5,1
1640,5,4,1,4,41532.28,1,0,0.25,18.0,0.0,0,0,19.0,1
1641,3,2,1,2,32250.83,1,0,0.5,20.0,0.0,0,0,20.0,1
1642,2,1,1,1,22150.58,0,0,0.0,0.0,0.0,0,0,0.0,0
1643,3,2,1,2,35282.03,0,0,0.0,0.0,0.0,0,0,0.0,1
1644,4,3,1,3,52749.22,0,0,0.0,15.0,1.0,0,0,12.5,1
1645,4,3,1,3,62613.19,1,0,0.3333333333333333,15.0,0.0,0,0,17.5,1
1646,11,8,3,10,98026.59,1,1,0.1,50.0,1.0,0,0,70.0,1
1647,3,2,1,2,12131.97,1,0,0.5,15.0,0.0,0,0,17.5,1
1648,4,3,1,3,43032.53,0,0,0.0,0.0,0.0,0,0,0.0,1
1649,3,2,1,2,-3049.5200000000004,0,0,0.0,0.0,0.0,0,0,0.0,1
1650,3,2,1,2,272.73,0,0,0.0,2.0,0.0,0,0,1.0,1
1651,2,1,1,1,9747.54,0,0,0.0,0.0,0.0,0,0,0.0,0
1652,3,2,1,2,0.0,0,0,0.0,15.0,1.0,0,0,12.5,1
1653,9,7,2,8,125672.58,3,1,0.375,45.0,0.0,0,0,82.5,1
1654,18,13,5,17,210670.43,2,1,0.11764705882352941,65.0,0.0,1,5,102.5,1
1655,13,10,3,12,175563.23,0,0,0.0,15.0,1.0,0,0,12.5,1
1656,2,1,1,1,13660.73,0,0,0.0,0.0,0.0,0,0,0.0,0
1657,6,5,1,5,96509.77,1,0,0.2,30.0,1.0,0,0,30.0,1
1658,6,4,2,5,41804.08,0,0,0.0,15.0,2.0,0,0,17.5,1
1659,5,3,2,4,26240.09,2,1,0.5,55.0,0.0,2,0,87.5,1
1660,4,3,1,3,22864.26,2,1,0.6666666666666666,45.0,0.0,0,0,72.5,1
1661,2,1,1,1,4224.02,0,0,0.0,0.0,0.0,0,0,0.0,0
1662,13,11,2,12,157754.81,2,1,0.16666666666666666,45.0,0.0,0,0,72.5,1
1663,5,4,1,4,40639.37,0,0,0.0,2.0,0.0,0,0,1.0,1
1664,6,4,2,5,53737.76,1,0,0.2,20.0,2.0,0,0,30.0,1
1665,10,7,3,9,96864.75,0,0,0.0,0.0,0.0,0,0,0.0,1
1666,3,2,1,2,22905.52,1,0,0.5,15.0,0.0,0,0,17.5,1
1667,4,3,1,3,22660.36,0,0,0.0,0.0,0.0,0,0,0.0,1
1668,3,2,1,2,38440.83,0,0,0.0,0.0,0.0,0,0,0.0,1
1669,8,7,1,7,68345.88,1,0,0.14285714285714285,15.0,1.0,0,0,22.5,1
1670,4,3,1,3,35994.729999999996,0,0,0.0,0.0,0.0,0,0,0.0,1
1671,2,1,1,1,23618.85,0,0,0.0,0.0,0.0,0,0,0.0,0
1672,17,12,5,16,153204.94999999998,1,1,0.0625,48.0,0.0,0,0,64.0,1
1673,8,6,2,7,87057.85,1,0,0.14285714285714285,15.0,0.0,0,0,17.5,1
1674,14,10,4,13,114997.51999999999,2,2,0.15384615384615385,55.0,0.0,1,0,112.5,1
1675,8,5,3,7,66654.96,0,0,0.0,0.0,0.0,0,0,0.0,1
1676,8,6,2,7,74309.19,0,0,0.0,3.0,0.0,0,0,1.5,1
1677,5,4,1,4,31020.71,1,1,0.25,45.0,0.0,0,0,62.5,1
1678,11,7,4,10,87179.76000000001,1,0,0.1,17.0,0.0,0,0,18.5,1
1679,6,5,1,5,64275.96,0,0,0.0,15.0,1.0,0,0,12.5,1
1680,12,8,4,11,83294.8,6,3,0.5454545454545454,65.0,0.0,3,4,209.5,1
1681,12,9,3,11,83711.32,0,0,0.0,0.0,0.0,0,0,0.0,1
1682,3,2,1,2,3192.5300000000007,0,0,0.0,0.0,0.0,0,0,0.0,1
1683,5,3,2,4,47545.630000000005,0,0,0.0,0.0,0.0,0,0,0.0,1
1684,6,5,1,5,27767.52,1,1,0.2,45.0,0.0,0,0,62.5,1
1685,11,8,3,10,105135.65,3,1,0.3,45.0,0.0,0,0,82.5,1
1686,5,4,1,4,47199.54,1,0,0.25,15.0,0.0,0,0,17.5,1
1687,5,3,2,4,30535.35,0,0,0.0,0.0,0.0,0,0,0.0,1
1688,3,2,1,2,0.0,1,0,0.5,15.0,0.0,0,0,17.5,1
1689,6,4,2,5,51060.170000000006,0,0,0.0,15.0,1.0,0,0,12.5,1
1690,4,3,1,3,16704.07,1,1,0.3333333333333333,45.0,1.0,0,0,67.5,1
1691,6,5,1,5,71213.66,1,0,0.2,15.0,0.0,0,0,17.5,1
1692,7,5,2,6,9803.15,0,0,0.0,2.0,0.0,0,0,1.0,1
1693,4,3,1,3,19754.65,0,0,0.0,0.0,0.0,0,0,0.0,1
1694,6,4,2,5,48216.740000000005,3,2,0.6,55.0,0.0,2,0,127.5,1
1695,3,2,1,2,10856.18,0,0,0.0,0.0,0.0,0,0,0.0,1
1696,8,6,2,7,109284.25,1,1,0.14285714285714285,45.0,1.0,0,0,67.5,1
1697,3,2,1,2,38903.9,0,0,0.0,5.0,0.0,0,0,2.5,1
1698,2,1,1,1,14770.04,0,0,0.0,0.0,0.0,0,0,0.0,0
1699,5,3,2,4,38685.979999999996,0,0,0.0,0.0,0.0,0,0,0.0,1
1700,3,2,1,2,40059.8,1,1,0.5,58.0,0.0,1,0,74.0,1
1701,4,3,1,3,45640.7,2,0,0.6666666666666666,35.0,0.0,1,3,51.5,1
1702,4,3,1,3,41203.68,0,0,0.0,15.0,1.0,0,0,12.5,1
1703,6,5,1,5,65226.11,0,0,0.0,3.0,0.0,0,0,1.5,1
1704,4,3,1,3,58359.02,0,0,0.0,3.0,0.0,0,0,1.5,1
1705,3,2,1,2,15842.84,0,0,0.0,0.0,0.0,0,0,0.0,1
1706,4,3,1,3,42155.36,0,0,0.0,0.0,0.0,0,0,0.0,1
1707,5,4,1,4,54455.74,0,0,0.0,0.0,0.0,0,0,0.0,1
1708,6,5,1,5,45704.21,1,0,0.2,15.0,1.0,0,0,22.5,1
1709,3,2,1,2,26214.69,0,0,0.0,0.0,0.0,0,0,0.0,1
1710,3,2,1,2,37975.31,0,0,0.0,3.0,0.0,0,0,1.5,1
1711,9,6,3,8,100071.17000000001,1,0,0.125,15.0,0.0,0,0,17.5,1
1712,3,2,1,2,28537.73,0,0,0.0,2.0,0.0,0,0,1.0,1
1713,2,1,1,1,11271.08,0,0,0.0,0.0,0.0,0,0,0.0,0
1714,4,3,1,3,11719.96,0,0,0.0,15.0,1.0,0,0,12.5,1
1715,6,5,1,5,37083.15,2,1,0.4,45.0,0.0,0,0,72.5,1
1716,6,5,1,5,91851.57,0,0,0.0,5.0,0.0,0,0,2.5,1
1717,4,3,1,3,29573.05,0,0,0.0,0.0,0.0,0,0,0.0,1
1718,4,3,1,3,28447.660000000003,0,0,0.0,0.0,0.0,0,0,0.0,1
1719,8,6,2,7,94459.2,2,2,0.2857142857142857,57.0,0.0,2,0,118.5,1
1720,3,2,1,2,33482.399999999994,0,0,0.0,0.0,0.0,0,0,0.0,1
1721,5,4,1,4,29963.1,0,0,0.0,0.0,0.0,0,0,0.0,1
1722,5,4,1,4,61636.5,0,0,0.0,15.0,1.0,0,0,12.5,1
1723,7,5,2,6,94550.31,0,0,0.0,0.0,0.0,0,0,0.0,1
1724,3,2,1,2,21932.089999999997,0,0,0.0,0.0,0.0,0,0,0.0,1
1725,2,1,1,1,22105.42,0,0,0.0,0.0,0.0,0,0,0.0,0
1726,2,1,1,1,10768.93,0,0,0.0,0.0,0.0,0,0,0.0,0
1727,4,3,1,3,-3296.0200000000013,0,0,0.0,0.0,0.0,0,0,0.0,1
1728,10,7,3,9,101916.51000000001,1,0,0.1111111111111111,15.0,0.0,0,0,17.5,1
1729,3,2,1,2,12652.34,0,0,0.0,15.0,1.0,0,0,12.5,1
1730,10,8,2,9,55589.58,2,1,0.2222222222222222,60.0,1.0,1,4,102.0,1
1731,5,4,1,4,45580.7,0,0,0.0,3.0,0.0,0,0,1.5,1
1732,4,3,1,3,14671.720000000001,0,0,0.0,0.0,0.0,0,0,0.0,1
1733,11,7,4,10,102627.1,1,0,0.1,17.0,0.0,0,0,18.5,1
1734,2,1,1,1,3257.57,0,0,0.0,0.0,0.0,0,0,0.0,0
1735,6,4,2,5,39472.899999999994,1,0,0.2,15.0,0.0,0,0,17.5,1
1736,4,3,1,3,33911.68,1,0,0.3333333333333333,15.0,0.0,0,0,17.5,1
1737,2,1,1,1,-22032.43,0,0,0.0,0.0,0.0,0,0,0.0,0
1738,2,1,1,1,0.0,0,0,0.0,0.0,0.0,0,0,0.0,0
1739,8,6,2,7,101687.18,0,0,0.0,15.0,1.0,0,0,12.5,1
1740,4,3,1,3,7488.589999999999,0,0,0.0,0.0,0.0,0,0,0.0,1
1741,3,2,1,2,19094.03,0,0,0.0,0.0,0.0,0,0,0.0,1
1742,4,3,1,3,34597.14,1,0,0.3333333333333333,15.0,0.0,0,0,17.5,1
1743,2,1,1,1,14211.03,0,0,0.0,0.0,0.0,0,0,0.0,0
1744,9,7,2,8,102876.59,0,0,0.0,5.0,0.0,0,0,2.5,1
1745,5,4,1,4,65230.03,0,0,0.0,15.0,1.0,0,0,12.5,1
1746,5,4,1,4,12414.880000000001,0,0,0.0,15.0,1.0,0,0,12.5,1
1747,3,2,1,2,-4339.04,0,0,0.0,0.0,0.0,0,0,0.0,1
1748,4,3,1,3,24867.85,0,0,0.0,0.0,0.0,0,0,0.0,1
1749,4,3,1,3,5398.07,1,0,0.3333333333333333,15.0,0.0,0,0,17.5,1
1750,8,6,2,7,3839.2799999999957,0,0,0.0,0.0,0.0,0,0,0.0,1
1751,3,2,1,2,14846.71,1,1,0.5,45.0,0.0,0,0,62.5,1
1752,4,2,2,3,30614.350000000002,0,0,0.0,0.0,0.0,0,0,0.0,1
1753,7,6,1,6,58942.31,2,1,0.3333333333333333,45.0,0.0,0,0,72.5,1
1754,14,9,5,13,160149.41,1,0,0.07692307692307693,15.0,0.0,0,0,17.5,1
1755,6,4,2,5,59936.17,3,1,0.6,45.0,0.0,0,0,82.5,1
1756,10,8,2,9,113225.54000000001,0,0,0.0,0.0,0.0,0,0,0.0,1
1757,2,1,1,1,21239.45,0,0,0.0,0.0,0.0,0,0,0.0,0
1758,4,3,1,3,4218.51,1,1,0.3333333333333333,45.0,0.0,0,0,62.5,1
1759,2,1,1,1,0.0,0,0,0.0,0.0,0.0,0,0,0.0,0
1760,5,3,2,4,36008.520000000004,0,0,0.0,15.0,1.0,0,0,12.5,1
1761,3,2,1,2,7506.16,1,1,0.5,45.0,0.0,0,0,62.5,1
1762,6,4,2,5,56633.99,0,0,0.0,15.0,2.0,0,0,17.5,1
1763,6,4,2,5,70979.25,2,1,0.4,50.0,0.0,0,0,75.0,1
1764,3,2,1,2,17543.57,1,0,0.5,15.0,0.0,0,0,17.5,1
1765,11,7,4,10,84543.78,2,2,0.2,45.0,1.0,0,0,107.5,1
1766,3,2,1,2,5136.62,1,0,0.5,15.0,0.0,0,0,17.5,1
1767,5,4,1,4,31848.940000000002,0,0,0.0,0.0,0.0,0,0,0.0,1
1768,2,1,1,1,16972.61,0,0,0.0,0.0,0.0,0,0,0.0,0
1769,3,2,1,2,14857.2,1,0,0.5,15.0,0.0,0,0,17.5,1
1770,4,2,2,3,25824.42,0,0,0.0,5.0,0.0,0,0,2.5,1
1771,2,1,1,1,19337.72,0,0,0.0,0.0,0.0,0,0,0.0,0
1772,4,3,1,3,29350.32,0,0,0.0,20.0,1.0,0,0,15.0,1
1773,6,5,1,5,9332.190000000002,1,0,0.2,15.0,1.0,0,0,22.5,1
1774,4,3,1,3,24444.940000000002,0,0,0.0,0.0,0.0,0,0,0.0,1
1775,3,2,1,2,29583.170000000002,0,0,0.0,3.0,0.0,0,0,1.5,1
1776,3,2,1,2,30384.39,1,0,0.5,20.0,0.0,0,0,20.0,1
1777,9,6,3,8,112198.08,2,0,0.25,28.0,0.0,2,0,44.0,1
1778,2,1,1,1,19380.57,0,0,0.0,0.0,0.0,0,0,0.0,0
1779,6,5,1,5,72926.8,1,0,0.2,18.0,0.0,0,0,19.0,1
1780,5,3,2,4,40975.340000000004,1,1,0.25,45.0,0.0,0,0,62.5,1
1781,10,8,2,9,153461.06,0,0,0.0,3.0,0.0,0,0,1.5,1
1782,3,2,1,2,23438.8,0,0,0.0,0.0,0.0,0,0,0.0,1
1783,9,6,3,8,76861.57,0,0,0.0,0.0,0.0,0,0,0.0,1
1784,2,1,1,1,0.0,0,0,0.0,0.0,0.0,0,0,0.0,0
1785,4,3,1,3,27950.6,1,0,0.3333333333333333,15.0,0.0,0,0,17.5,1
1786,3,2,1,2,18341.45,0,0,0.0,5.0,0.0,0,0,2.5,1
1787,10,8,2,9,110827.01,1,1,0.1111111111111111,50.0,0.0,0,0,65.0,1
1788,3,2,1,2,39265.35,1,0,0.5,18.0,0.0,0,0,19.0,1
1789,3,2,1,2,6227.889999999999,0,0,0.0,15.0,2.0,0,0,17.5,1
1790,6,5,1,5,51875.45,0,0,0.0,0.0,0.0,0,0,0.0,1
1791,8,6,2,7,61244.409999999996,1,0,0.14285714285714285,22.0,1.0,0,0,26.0,1
1792,3,2,1,2,39484.53,0,0,0.0,3.0,0.0,0,0,1.5,1
1793,4,3,1,3,39164.950000000004,0,0,0.0,3.0,0.0,0,0,1.5,1
1794,5,4,1,4,17391.13,1,0,0.25,15.0,0.0,0,0,17.5,1
1795,6,4,2,5,43132.54,0,0,0.0,5.0,0.0,0,0,2.5,1
1796,3,2,1,2,21971.88,0,0,0.0,0.0,0.0,0,0,0.0,1
1797,4,3,1,3,72012.16,0,0,0.0,15.0,1.0,0,0,12.5,1
1798,7,6,1,6,54466.229999999996,1,0,0.16666666666666666,18.0,1.0,0,0,24.0,1
1799,16,12,4,15,152661.25,3,0,0.2,15.0,0.0,0,0,37.5,1
1800,2,1,1,1,12638.33,0,0,0.0,0.0,0.0,0,0,0.0,0
1801,3,2,1,2,23319.5,0,0,0.0,15.0,1.0,0,0,12.5,1
1802,4,3,1,3,55228.93,0,0,0.0,0.0,0.0,0,0,0.0,1
1803,3,2,1,2,-22671.719999999998,0,0,0.0,0.0,0.0,0,0,0.0,1
1804,2,1,1,1,11719.81,0,0,0.0,0.0,0.0,0,0,0.0,0
1805,24,17,7,23,213874.01,2,1,0.08695652173913043,45.0,2.0,0,0,82.5,1
1806,3,2,1,2,19582.89,0,0,0.0,0.0,0.0,0,0,0.0,1
1807,2,1,1,1,18480.73,0,0,0.0,0.0,0.0,0,0,0.0,0
1808,5,4,1,4,58005.770000000004,0,0,0.0,20.0,1.0,0,0,15.0,1
1809,12,8,4,11,120156.82,3,0,0.2727272727272727,20.0,0.0,0,0,40.0,1
1810,9,7,2,8,96011.38,1,0,0.125,20.0,0.0,0,0,20.0,1
1811,4,3,1,3,47946.97,0,0,0.0,3.0,0.0,0,0,1.5,1
1812,12,9,3,11,185330.62,1,1,0.09090909090909091,45.0,2.0,0,0,72.5,1
1813,7,5,2,6,101674.06,2,1,0.3333333333333333,45.0,0.0,0,0,72.5,1
1814,5,4,1,4,38517.79,1,0,0.25,15.0,0.0,0,0,17.5,1
1815,4,3,1,3,49438.28,0,0,0.0,0.0,0.0,0,0,0.0,1
1816,8,6,2,7,74868.45,1,0,0.14285714285714285,15.0,0.0,0,0,17.5,1
1817,2,1,1,1,8975.45,0,0,0.0,0.0,0.0,0,0,0.0,0
1818,3,2,1,2,44407.85,0,0,0.0,3.0,0.0,0,0,1.5,1
1819,2,1,1,1,23679.35,1,1,1.0,60.0,1.0,0,0,75.0,0
1820,3,2,1,2,18407.26,0,0,0.0,0.0,0.0,0,0,0.0,1
1821,7,5,2,6,76617.71,1,0,0.16666666666666666,30.0,1.0,0,0,30.0,1
1822,7,4,3,6,59949.92,1,1,0.16666666666666666,60.0,2.0,0,0,80.0,1
1823,10,7,3,9,129380.53,1,0,0.1111111111111111,15.0,0.0,0,0,17.5,1
1824,11,8,3,10,113641.75,0,0,0.0,18.0,2.0,0,0,19.0,1
1825,3,2,1,2,-29654.65,0,0,0.0,5.0,0.0,0,0,2.5,1
1826,3,1,2,2,14666.45,0,0,0.0,0.0,0.0,0,0,0.0,0
1827,2,1,1,1,17254.98,0,0,0.0,0.0,0.0,0,0,0.0,0
1828,3,2,1,2,22813.14,0,0,0.0,0.0,0.0,0,0,0.0,1
1829,5,4,1,4,32959.26,0,0,0.0,15.0,1.0,0,0,12.5,1
1830,5,4,1,4,38048.79,2,0,0.5,15.0,0.0,0,0,27.5,1
1831,5,4,1,4,66780.25,1,0,0.25,15.0,0.0,0,0,17.5,1
1832,4,3,1,3,24083.66,1,0,0.3333333333333333,35.0,1.0,0,0,32.5,1
1833,4,3,1,3,38379.86,2,1,0.6666666666666666,55.0,0.0,1,3,91.5,1
1834,2,1,1,1,7202.98,0,0,0.0,0.0,0.0,0,0,0.0,0
1835,5,4,1,4,25325.08,0,0,0.0,8.0,0.0,0,0,4.0,1
1836,4,3,1,3,37177.9,1,0,0.3333333333333333,35.0,2.0,0,0,37.5,1
1837,4,3,1,3,40703.9,1,0,0.3333333333333333,15.0,0.0,0,0,17.5,1
1838,22,15,7,21,228753.81,2,1,0.09523809523809523,45.0,1.0,0,0,77.5,1
1839,5,4,1,4,5377.87,0,0,0.0,5.0,0.0,0,0,2.5,1
1840,5,3,2,4,34037.229999999996,0,0,0.0,0.0,0.0,0,0,0.0,1
1841,4,3,1,3,37475.409999999996,0,0,0.0,0.0,0.0,0,0,0.0,1
1842,11,7,4,10,99037.42,2,1,0.2,47.0,0.0,0,0,73.5,1
1843,4,3,1,3,24356.49,0,0,0.0,25.0,1.0,0,0,17.5,1
1844,9,7,2,8,73633.66,0,0,0.0,20.0,1.0,0,0,15.0,1
1845,3,2,1,2,33852.0,0,0,0.0,0.0,0.0,0,0,0.0,1
1846,9,6,3,8,108519.3,1,1,0.125,45.0,0.0,0,0,62.5,1
1847,3,2,1,2,25301.27,0,0,0.0,0.0,0.0,0,0,0.0,1
1848,2,1,1,1,14297.02,0,0,0.0,0.0,0.0,0,0,0.0,0
1849,16,13,3,15,118958.4,2,1,0.13333333333333333,45.0,0.0,0,0,72.5,1
1850,11,8,3,10,99237.35,0,0,0.0,0.0,0.0,0,0,0.0,1
1851,5,3,2,4,48155.07,0,0,0.0,15.0,1.0,0,0,12.5,1
1852,3,2,1,2,32644.97,0,0,0.0,5.0,0.0,0,0,2.5,1
1853,5,3,2,4,31213.11,1,1,0.25,50.0,0.0,0,0,65.0,1
1854,3,2,1,2,10790.83,0,0,0.0,0.0,0.0,0,0,0.0,1
1855,4,3,1,3,29162.379999999997,0,0,0.0,15.0,2.0,0,0,17.5,1
1856,4,3,1,3,18858.27,0,0,0.0,15.0,1.0,0,0,12.5,1
1857,4,3,1,3,41709.34,1,0,0.3333333333333333,15.0,0.0,0,0,17.5,1
1858,3,2,1,2,27958.61,0,0,0.0,0.0,0.0,0,0,0.0,1
1859,4,3,1,3,43209.66,0,0,0.0,15.0,1.0,0,0,12.5,1
1860,5,3,2,4,15050.240000000003,1,0,0.25,15.0,0.0,0,0,17.5,1
1861,2,1,1,1,-22456.75,0,0,0.0,2.0,0.0,0,0,1.0,0
1862,5,3,2,4,30759.239999999998,1,0,0.25,25.0,0.0,1,0,27.5,1
1863,2,1,1,1,0.0,0,0,0.0,0.0,0.0,0,0,0.0,0
1864,3,2,1,2,32804.14,0,0,0.0,0.0,0.0,0,0,0.0,1
1865,5,4,1,4,44575.71,2,1,0.5,45.0,1.0,0,0,77.5,1
1866,3,2,1,2,8386.85,1,0,0.5,15.0,0.0,0,0,17.5,1
1867,2,1,1,1,14147.54,0,0,0.0,0.0,0.0,0,0,0.0,0
1868,3,2,1,2,13935.72,0,0,0.0,0.0,0.0,0,0,0.0,1
1869,4,3,1,3,42726.43,1,0,0.3333333333333333,15.0,0.0,0,0,17.5,1
1870,3,2,1,2,25472.82,0,0,0.0,0.0,0.0,0,0,0.0,1
1871,6,5,1,5,70889.92,0,0,0.0,17.0,1.0,0,0,13.5,1
1872,6,4,2,5,31791.209999999995,1,0,0.2,25.0,1.0,1,0,32.5,1
1873,3,2,1,2,20517.43,0,0,0.0,0.0,0.0,0,0,0.0,1
1874,5,4,1,4,68131.53,0,0,0.0,0.0,0.0,0,0,0.0,1
1875,5,4,1,4,53630.119999999995,0,0,0.0,3.0,0.0,0,0,1.5,1
1876,6,4,2,5,53260.259999999995,0,0,0.0,0.0,0.0,0,0,0.0,1
1877,4,3,1,3,28743.79,0,0,0.0,0.0,0.0,0,0,0.0,1
1878,3,2,1,2,5457.73,0,0,0.0,0.0,0.0,0,0,0.0,1
1879,15,11,4,14,138431.72,2,2,0.14285714285714285,60.0,1.0,0,0,115.0,1
1880,4,3,1,3,31917.059999999998,2,2,0.6666666666666666,65.0,1.0,1,3,131.5,1
1881,6,5,1,5,59864.340000000004,1,0,0.2,15.0,0.0,0,0,17.5,1
1882,9,7,2,8,98698.39,0,0,0.0,15.0,3.0,0,0,22.5,1
1883,7,5,2,6,48529.28,0,0,0.0,5.0,0.0,0,0,2.5,1
1884,9,6,3,8,102266.31,1,0,0.125,15.0,2.0,0,0,27.5,1
1885,6,4,2,5,65822.06,1,0,0.2,15.0,0.0,0,0,17.5,1
1886,3,2,1,2,20689.059999999998,2,2,1.0,45.0,0.0,0,0,102.5,1
1887,3,2,1,2,34455.69,1,0,0.5,25.0,0.0,0,0,22.5,1
1888,10,6,4,9,146576.15,2,1,0.2222222222222222,48.0,0.0,0,0,74.0,1
1889,8,6,2,7,135533.23,1,0,0.14285714285714285,15.0,1.0,0,0,22.5,1
1890,3,2,1,2,31115.72,0,0,0.0,3.0,0.0,0,0,1.5,1
1891,3,2,1,2,26817.28,0,0,0.0,2.0,0.0,0,0,1.0,1
1892,10,7,3,9,92893.23,1,1,0.1111111111111111,45.0,0.0,0,0,62.5,1
1893,2,1,1,1,12459.91,0,0,0.0,0.0,0.0,0,0,0.0,0
1894,10,7,3,9,94426.34,0,0,0.0,15.0,1.0,0,0,12.5,1
1895,3,2,1,2,18332.15,1,0,0.5,15.0,0.0,0,0,17.5,1
1896,3,2,1,2,8457.68,0,0,0.0,0.0,0.0,0,0,0.0,1
1897,2,1,1,1,3358.03,0,0,0.0,15.0,1.0,0,0,12.5,0
1898,2,1,1,1,21959.61,0,0,0.0,0.0,0.0,0,0,0.0,0
1899,6,4,2,5,74130.7,2,0,0.4,35.0,0.0,1,2,48.5,1
1900,3,2,1,2,19490.03,2,0,1.0,15.0,0.0,0,0,27.5,1
1901,2,1,1,1,3691.06,0,0,0.0,0.0,0.0,0,0,0.0,0
1902,4,3,1,3,60212.509999999995,0,0,0.0,3.0,0.0,0,0,1.5,1
1903,7,5,2,6,103498.16,1,0,0.16666666666666666,20.0,0.0,0,0,20.0,1
1904,3,2,1,2,29163.66,0,0,0.0,0.0,0.0,0,0,0.0,1
1905,8,6,2,7,81702.88,0,0,0.0,0.0,0.0,0,0,0.0,1
1906,6,4,2,5,65495.14,1,0,0.2,15.0,0.0,0,0,17.5,1
1907,4,3,1,3,3798.75,0,0,0.0,0.0,0.0,0,0,0.0,1
1908,7,4,3,6,65713.86,0,0,0.0,5.0,0.0,0,0,2.5,1
1909,4,3,1,3,44608.07,1,0,0.3333333333333333,15.0,0.0,0,0,17.5,1
1910,6,4,2,5,25548.519999999997,1,0,0.2,15.0,0.0,0,0,17.5,1
1911,3,2,1,2,15490.34,0,0,0.0,0.0,0.0,0,0,0.0,1
1912,6,5,1,5,43228.78,0,0,0.0,15.0,1.0,0,0,12.5,1
1913,6,5,1,5,39296.87,2,0,0.4,15.0,0.0,0,0,27.5,1
1914,16,11,5,15,134766.06,1,0,0.06666666666666667,15.0,0.0,0,0,17.5,1
1915,3,2,1,2,5746.099999999999,0,0,0.0,0.0,0.0,0,0,0.0,1
1916,4,3,1,3,16355.84,0,0,0.0,0.0,0.0,0,0,0.0,1
1917,2,1,1,1,11599.88,0,0,0.0,0.0,0.0,0,0,0.0,0
1918,4,3,1,3,29077.56,2,0,0.6666666666666666,15.0,0.0,0,0,27.5,1
1919,6,4,2,5,28666.9,1,1,0.2,45.0,0.0,0,0,62.5,1
1920,9,7,2,8,65565.94,1,1,0.125,45.0,1.0,0,0,67.5,1
1921,2,1,1,1,9264.3,0,0,0.0,0.0,0.0,0,0,0.0,0
1922,6,4,2,5,48944.64,2,1,0.4,65.0,1.0,0,0,87.5,1
1923,3,2,1,2,23269.699999999997,0,0,0.0,2.0,0.0,0,0,1.0,1
1924,3,2,1,2,31294.21,0,0,0.0,3.0,0.0,0,0,1.5,1
1925,2,1,1,1,-14973.35,1,0,1.0,15.0,0.0,0,0,17.5,0
1926,3,2,1,2,18094.03,0,0,0.0,0.0,0.0,0,0,0.0,1
1927,7,6,1,6,72179.78,0,0,0.0,5.0,0.0,0,0,2.5,1
1928,3,2,1,2,37693.62,1,1,0.5,52.0,0.0,0,0,66.0,1
1929,4,3,1,3,44945.909999999996,0,0,0.0,15.0,1.0,0,0,12.5,1
1930,4,3,1,3,46991.28,1,0,0.3333333333333333,15.0,0.0,0,0,17.5,1
1931,2,1,1,1,0.0,0,0,0.0,0.0,0.0,0,0,0.0,0
1932,15,9,6,14,200936.53,2,1,0.14285714285714285,55.0,1.0,1,0,87.5,1
1933,4,3,1,3,49850.29,0,0,0.0,0.0,0.0,0,0,0.0,1
1934,10,7,3,9,125669.32,0,0,0.0,20.0,1.0,0,0,15.0,1
1935,8,5,3,7,118059.93,1,1,0.14285714285714285,45.0,0.0,0,0,62.5,1
1936,4,3,1,3,17066.05,0,0,0.0,0.0,0.0,0,0,0.0,1
1937,3,2,1,2,20656.54,0,0,0.0,0.0,0.0,0,0,0.0,1
1938,2,1,1,1,5827.16,0,0,0.0,0.0,0.0,0,0,0.0,0
1939,4,3,1,3,27739.620000000003,1,1,0.3333333333333333,45.0,0.0,0,0,62.5,1
1940,3,2,1,2,25158.32,0,0,0.0,5.0,0.0,0,0,2.5,1
1941,2,1,1,1,22399.4,0,0,0.0,0.0,0.0,0,0,0.0,0
1942,7,5,2,6,40484.11,0,0,0.0,0.0,0.0,0,0,0.0,1
1943,4,3,1,3,23509.07,1,0,0.3333333333333333,15.0,0.0,0,0,17.5,1
1944,4,3,1,3,19574.84,0,0,0.0,0.0,0.0,0,0,0.0,1
1945,2,1,1,1,19291.03,0,0,0.0,0.0,0.0,0,0,0.0,0
1946,2,1,1,1,1896.19,0,0,0.0,0.0,0.0,0,0,0.0,0
1947,3,2,1,2,23463.54,0,0,0.0,0.0,0.0,0,0,0.0,1
1948,5,3,2,4,40280.43,2,1,0.5,55.0,0.0,1,3,91.5,1
1949,4,3,1,3,42785.66,0,0,0.0,0.0,0.0,0,0,0.0,1
1950,3,2,1,2,13570.72,1,0,0.5,15.0,0.0,0,0,17.5,1
1951,2,1,1,1,10572.94,0,0,0.0,15.0,1.0,0,0,12.5,0
1952,4,3,1,3,35586.79,0,0,0.0,0.0,0.0,0,0,0.0,1
1953,4,3,1,3,2030.93,1,0,0.3333333333333333,15.0,0.0,0,0,17.5,1
1954,4,3,1,3,7613.6,0,0,0.0,0.0,0.0,0,0,0.0,1
1955,12,9,3,11,127659.26999999999,3,2,0.2727272727272727,45.0,1.0,0,0,117.5,1
1956,3,2,1,2,38094.619999999995,0,0,0.0,0.0,0.0,0,0,0.0,1
1957,8,6,2,7,115694.11,0,0,0.0,5.0,0.0,0,0,2.5,1
1958,12,9,3,11,108744.59,0,0,0.0,10.0,0.0,0,0,5.0,1
1959,2,1,1,1,7250.3,0,0,0.0,0.0,0.0,0,0,0.0,0
1960,6,4,2,5,48672.74,1,0,0.2,15.0,0.0,0,0,17.5,1
1961,5,4,1,4,64952.56,1,0,0.25,33.0,2.0,0,0,36.5,1
1962,2,1,1,1,18596.75,0,0,0.0,0.0,0.0,0,0,0.0,0
1963,5,3,2,4,16902.07,1,1,0.25,45.0,0.0,0,0,62.5,1
1964,3,2,1,2,5897.280000000001,0,0,0.0,0.0,0.0,0,0,0.0,1
1965,2,1,1,1,2981.39,0,0,0.0,0.0,0.0,0,0,0.0,0
1966,3,2,1,2,16251.42,0,0,0.0,0.0,0.0,0,0,0.0,1
1967,3,2,1,2,27790.61,0,0,0.0,0.0,0.0,0,0,0.0,1
1968,4,3,1,3,28887.829999999998,0,0,0.0,0.0,0.0,0,0,0.0,1
1969,7,5,2,6,64819.619999999995,0,0,0.0,0.0,0.0,0,0,0.0,1
1970,9,6,3,8,77321.56,1,1,0.125,45.0,0.0,0,0,62.5,1
1971,7,5,2,6,93855.22,1,0,0.16666666666666666,18.0,0.0,0,0,19.0,1
1972,5,4,1,4,33960.87,0,0,0.0,5.0,0.0,0,0,2.5,1
1973,6,4,2,5,39983.15,2,0,0.4,25.0,0.0,2,0,42.5,1
1974,11,7,4,10,89043.32,3,1,0.3,45.0,0.0,0,0,82.5,1
1975,5,4,1,4,29376.93,0,0,0.0,0.0,0.0,0,0,0.0,1
1976,4,3,1,3,18283.89,0,0,0.0,15.0,1.0,0,0,12.5,1
1977,5,3,2,4,59247.94,0,0,0.0,0.0,0.0,0,0,0.0,1
1978,4,3,1,3,24292.5,1,0,0.3333333333333333,15.0,0.0,0,0,17.5,1
1979,2,1,1,1,23879.83,0,0,0.0,10.0,0.0,0,0,5.0,0
1980,4,2,2,3,47954.39,1,0,0.3333333333333333,30.0,1.0,0,0,30.0,1
1981,7,5,2,6,33762.23,0,0,0.0,15.0,1.0,0,0,12.5,1
1982,3,2,1,2,940.41,0,0,0.0,15.0,1.0,0,0,12.5,1
1983,10,7,3,9,101796.26000000001,0,0,0.0,3.0,0.0,0,0,1.5,1
1984,5,4,1,4,31204.15,0,0,0.0,3.0,0.0,0,0,1.5,1
1985,5,4,1,4,35886.439999999995,0,0,0.0,0.0,0.0,0,0,0.0,1
1986,11,6,5,10,119753.7,2,0,0.2,15.0,0.0,0,0,27.5,1
1987,2,1,1,1,10550.14,0,0,0.0,0.0,0.0,0,0,0.0,0
1988,9,5,4,8,67960.68,1,0,0.125,15.0,0.0,0,0,17.5,1
1989,2,1,1,1,19220.68,0,0,0.0,0.0,0.0,0,0,0.0,0
1990,2,1,1,1,17315.4,0,0,0.0,0.0,0.0,0,0,0.0,0
1991,15,12,3,14,171545.42,0,0,0.0,5.0,0.0,0,0,2.5,1
1992,5,4,1,4,47544.55,0,0,0.0,0.0,0.0,0,0,0.0,1
1993,2,1,1,1,6540.71,0,0,0.0,0.0,0.0,0,0,0.0,0
1994,3,2,1,2,26851.199999999997,0,0,0.0,0.0,0.0,0,0,0.0,1
1995,4,3,1,3,35706.61,0,0,0.0,0.0,0.0,0,0,0.0,1
1996,6,4,2,5,61868.630000000005,0,0,0.0,0.0,0.0,0,0,0.0,1
1997,4,3,1,3,45046.74,1,0,0.3333333333333333,15.0,0.0,0,0,17.5,1
1998,8,5,3,7,93365.91,3,0,0.42857142857142855,28.0,0.0,3,0,59.0,1
1999,4,3,1,3,13630.619999999999,1,1,0.3333333333333333,50.0,0.0,0,0,65.0,1
2000,11,8,3,10,129820.88999999998,2,2,0.2,55.0,0.0,3,0,122.5,1
2001,4,2,2,3,29746.7,0,0,0.0,5.0,0.0,0,0,2.5,1
2002,8,6,2,7,105426.16,2,1,0.2857142857142857,48.0,0.0,0,0,74.0,1
2003,5,3,2,4,43034.97,0,0,0.0,0.0,0.0,0,0,0.0,1
2004,2,1,1,1,8602.12,1,1,1.0,45.0,0.0,0,0,62.5,0
2005,2,1,1,1,16528.75,0,0,0.0,0.0,0.0,0,0,0.0,0
2006,6,5,1,5,47384.47,0,0,0.0,0.0,0.0,0,0,0.0,1
2007,3,2,1,2,28427.2,0,0,0.0,3.0,0.0,0,0,1.5,1
2008,3,2,1,2,20330.67,1,1,0.5,65.0,0.0,1,2,83.5,1
2009,5,4,1,4,44089.63,0,0,0.0,5.0,0.0,0,0,2.5,1
2010,6,4,2,5,58396.04,0,0,0.0,0.0,0.0,0,0,0.0,1
2011,2,1,1,1,3827.23,0,0,0.0,0.0,0.0,0,0,0.0,0
2012,3,2,1,2,21363.079999999998,0,0,0.0,0.0,0.0,0,0,0.0,1
2013,7,5,2,6,49448.11,2,0,0.3333333333333333,35.0,1.0,1,3,56.5,1
2014,4,3,1,3,6325.76,1,0,0.3333333333333333,20.0,0.0,0,0,20.0,1
2015,4,3,1,3,51107.590000000004,1,0,0.3333333333333333,18.0,0.0,0,0,19.0,1
2016,3,2,1,2,26276.11,1,0,0.5,15.0,0.0,0,0,17.5,1
2017,3,2,1,2,9483.67,2,0,1.0,15.0,0.0,0,0,27.5,1
2018,3,2,1,2,11167.41,0,0,0.0,0.0,0.0,0,0,0.0,1
2019,3,2,1,2,24676.769999999997,0,0,0.0,0.0,0.0,0,0,0.0,1
2020,3,2,1,2,0.0,0,0,0.0,0.0,0.0,0,0,0.0,1
2021,3,2,1,2,49457.81,0,0,0.0,8.0,0.0,0,0,4.0,1
2022,5,3,2,4,50141.590000000004,1,0,0.25,17.0,0.0,0,0,18.5,1
2023,4,3,1,3,58295.68,1,1,0.3333333333333333,45.0,0.0,0,0,62.5,1
2024,4,3,1,3,25142.41,0,0,0.0,0.0,0.0,0,0,0.0,1
2025,11,8,3,10,148970.13,1,0,0.1,15.0,1.0,0,0,22.5,1
2026,7,6,1,6,55809.310000000005,0,0,0.0,5.0,0.0,0,0,2.5,1
2027,3,2,1,2,29282.379999999997,0,0,0.0,20.0,1.0,0,0,15.0,1
2028,2,1,1,1,9852.67,1,0,1.0,15.0,0.0,0,0,17.5,0
2029,5,3,2,4,18296.6,0,0,0.0,0.0,0.0,0,0,0.0,1
2030,5,4,1,4,22652.54,0,0,0.0,3.0,0.0,0,0,1.5,1
2031,2,1,1,1,20648.08,0,0,0.0,0.0,0.0,0,0,0.0,0
2032,3,2,1,2,20093.370000000003,0,0,0.0,5.0,0.0,0,0,2.5,1
2033,2,1,1,1,15387.54,1,1,1.0,55.0,0.0,1,0,72.5,0
2034,3,2,1,2,9734.779999999999,0,0,0.0,5.0,0.0,0,0,2.5,1
2035,3,2,1,2,20798.010000000002,0,0,0.0,0.0,0.0,0,0,0.0,1
2036,6,5,1,5,25861.190000000002,0,0,0.0,15.0,1.0,0,0,12.5,1
2037,3,2,1,2,9536.279999999999,0,0,0.0,0.0,0.0,0,0,0.0,1
2038,13,10,3,12,60830.409999999996,2,2,0.16666666666666666,55.0,0.0,2,0,117.5,1
2039,5,4,1,4,61700.16,1,1,0.25,45.0,0.0,0,0,62.5,1
2040,4,3,1,3,36789.770000000004,1,0,0.3333333333333333,15.0,0.0,0,0,17.5,1
2041,5,4,1,4,48752.25,1,0,0.25,15.0,0.0,0,0,17.5,1
2042,2,1,1,1,24298.13,0,0,0.0,3.0,0.0,0,0,1.5,0
2043,3,2,1,2,20246.62,0,0,0.0,0.0,0.0,0,0,0.0,1
2044,3,2,1,2,46552.96,2,1,1.0,53.0,0.0,0,0,76.5,1
2045,4,3,1,3,21646.16,1,1,0.3333333333333333,47.0,0.0,0,0,63.5,1
2046,3,2,1,2,20879.83,0,0,0.0,0.0,0.0,0,0,0.0,1
2047,3,2,1,2,35809.72,0,0,0.0,3.0,0.0,0,0,1.5,1
2048,4,2,2,3,28383.480000000003,0,0,0.0,5.0,0.0,0,0,2.5,1
2049,3,2,1,2,24048.32,0,0,0.0,0.0,0.0,0,0,0.0,1
2050,3,2,1,2,28807.730000000003,0,0,0.0,5.0,0.0,0,0,2.5,1
2051,3,2,1,2,12729.6,0,0,0.0,20.0,1.0,0,0,15.0,1
2052,5,4,1,4,50301.619999999995,0,0,0.0,0.0,0.0,0,0,0.0,1
2053,3,2,1,2,43002.23,0,0,0.0,0.0,0.0,0,0,0.0,1
2054,3,2,1,2,15072.22,1,0,0.5,15.0,0.0,0,0,17.5,1
2055,6,4,2,5,42795.91,0,0,0.0,0.0,0.0,0,0,0.0,1
2056,4,3,1,3,3572.31,1,1,0.3333333333333333,45.0,0.0,0,0,62.5,1
2057,3,2,1,2,22507.38,0,0,0.0,0.0,0.0,0,0,0.0,1
2058,4,3,1,3,9550.49,0,0,0.0,0.0,0.0,0,0,0.0,1
2059,2,1,1,1,11519.96,0,0,0.0,0.0,0.0,0,0,0.0,0
2060,7,5,2,6,34481.63,0,0,0.0,0.0,0.0,0,0,0.0,1
2061,4,3,1,3,15718.31,1,0,0.3333333333333333,15.0,0.0,0,0,17.5,1
2062,2,1,1,1,22074.98,0,0,0.0,0.0,0.0,0,0,0.0,0
2063,9,6,3,8,71644.75,0,0,0.0,0.0,0.0,0,0,0.0,1
2064,2,1,1,1,16913.2,0,0,0.0,0.0,0.0,0,0,0.0,0
2065,4,3,1,3,32632.79,0,0,0.0,0.0,0.0,0,0,0.0,1
2066,5,4,1,4,54399.630000000005,1,0,0.25,25.0,0.0,1,0,27.5,1
2067,6,5,1,5,51761.09,0,0,0.0,0.0,0.0,0,0,0.0,1
2068,2,1,1,1,947.84,0,0,0.0,0.0,0.0,0,0,0.0,0
2069,5,3,2,4,39593.81,1,0,0.25,15.0,0.0,0,0,17.5,1
2070,3,2,1,2,27080.34,0,0,0.0,15.0,1.0,0,0,12.5,1
2071,4,3,1,3,41191.06,1,0,0.3333333333333333,15.0,0.0,0,0,17.5,1
2072,5,4,1,4,27018.95,2,1,0.5,60.0,1.0,0,0,85.0,1
2073,2,1,1,1,5545.31,0,0,0.0,15.0,1.0,0,0,12.5,0
2074,8,6,2,7,65057.649999999994,0,0,0.0,18.0,1.0,0,0,14.0,1
2075,3,2,1,2,15382.470000000001,0,0,0.0,0.0,0.0,0,0,0.0,1
2076,5,3,2,4,49965.43,1,0,0.25,15.0,0.0,0,0,17.5,1
2077,2,1,1,1,16573.45,0,0,0.0,2.0,0.0,0,0,1.0,0
2078,6,4,2,5,90138.84,1,1,0.2,45.0,0.0,0,0,62.5,1
2079,2,1,1,1,313.74,0,0,0.0,0.0,0.0,0,0,0.0,0
2080,3,2,1,2,18637.59,1,0,0.5,15.0,1.0,0,0,22.5,1
2081,2,1,1,1,17210.23,0,0,0.0,0.0,0.0,0,0,0.0,0
2082,7,5,2,6,72767.19,0,0,0.0,15.0,1.0,0,0,12.5,1
2083,5,3,2,4,30493.239999999998,0,0,0.0,5.0,0.0,0,0,2.5,1
2084,8,5,3,7,92669.34,0,0,0.0,8.0,0.0,0,0,4.0,1
2085,4,3,1,3,26539.96,1,0,0.3333333333333333,15.0,0.0,0,0,17.5,1
2086,8,5,3,7,47071.21,3,0,0.42857142857142855,15.0,2.0,0,0,47.5,1
2087,3,2,1,2,29212.64,0,0,0.0,0.0,0.0,0,0,0.0,1
2088,5,4,1,4,43754.76,0,0,0.0,0.0,0.0,0,0,0.0,1
2089,2,1,1,1,21265.86,0,0,0.0,2.0,0.0,0,0,1.0,0
2090,3,2,1,2,11585.529999999999,0,0,0.0,0.0,0.0,0,0,0.0,1
2091,3,2,1,2,43097.33,0,0,0.0,0.0,0.0,0,0,0.0,1
2092,4,3,1,3,35899.5,0,0,0.0,3.0,0.0,0,0,1.5,1
2093,5,4,1,4,41758.0,0,0,0.0,0.0,0.0,0,0,0.0,1
2094,3,2,1,2,13036.48,0,0,0.0,0.0,0.0,0,0,0.0,1
2095,5,4,1,4,68337.89,1,1,0.25,45.0,0.0,0,0,62.5,1
2096,5,3,2,4,45954.83,2,1,0.5,45.0,1.0,1,0,82.5,1
2097,8,6,2,7,75715.58,0,0,0.0,3.0,0.0,0,0,1.5,1
2098,3,2,1,2,15542.54,0,0,0.0,0.0,0.0,0,0,0.0,1
2099,3,2,1,2,17941.62,1,0,0.5,15.0,0.0,0,0,17.5,1
2100,5,4,1,4,54555.57,0,0,0.0,0.0,0.0,0,0,0.0,1
2101,3,2,1,2,7491.35,0,0,0.0,0.0,0.0,0,0,0.0,1
2102,3,2,1,2,2411.6400000000003,0,0,0.0,0.0,0.0,0,0,0.0,1
2103,9,6,3,8,82766.16,1,0,0.125,15.0,0.0,0,0,17.5,1
2104,5,4,1,4,24707.16,0,0,0.0,0.0,0.0,0,0,0.0,1
2105,3,2,1,2,8530.55,0,0,0.0,0.0,0.0,0,0,0.0,1
2106,3,2,1,2,27074.690000000002,1,0,0.5,15.0,0.0,0,0,17.5,1
2107,2,1,1,1,9260.27,0,0,0.0,0.0,0.0,0,0,0.0,0
2108,2,1,1,1,12681.02,0,0,0.0,0.0,0.0,0,0,0.0,0
2109,6,5,1,5,67649.74,0,0,0.0,8.0,0.0,0,0,4.0,1
2110,4,3,1,3,17605.92,1,0,0.3333333333333333,15.0,0.0,0,0,17.5,1
2111,4,3,1,3,51488.78,0,0,0.0,0.0,0.0,0,0,0.0,1
2112,6,5,1,5,48505.45,1,1,0.2,45.0,1.0,0,0,67.5,1
2113,2,1,1,1,23229.33,0,0,0.0,0.0,0.0,0,0,0.0,0
2114,2,1,1,1,19519.25,0,0,0.0,0.0,0.0,0,0,0.0,0
2115,4,3,1,3,30436.19,0,0,0.0,2.0,0.0,0,0,1.0,1
2116,4,3,1,3,31109.07,0,0,0.0,0.0,0.0,0,0,0.0,1
2117,6,4,2,5,75752.41,2,0,0.4,30.0,1.0,0,0,40.0,1
2118,3,2,1,2,13427.0,0,0,0.0,15.0,1.0,0,0,12.5,1
2119,7,5,2,6,73099.15,0,0,0.0,0.0,0.0,0,0,0.0,1
2120,7,5,2,6,73523.02,1,1,0.16666666666666666,45.0,0.0,0,0,62.5,1
2121,5,3,2,4,69845.87,1,0,0.25,20.0,0.0,0,0,20.0,1
2122,7,5,2,6,88022.98999999999,0,0,0.0,5.0,0.0,0,0,2.5,1
2123,8,7,1,7,67274.25,2,1,0.2857142857142857,45.0,0.0,0,0,72.5,1
2124,3,2,1,2,24043.190000000002,0,0,0.0,0.0,0.0,0,0,0.0,1
2125,3,2,1,2,35688.43,1,0,0.5,15.0,0.0,0,0,17.5,1
2126,3,2,1,2,23241.120000000003,0,0,0.0,5.0,0.0,0,0,2.5,1
2127,2,1,1,1,14575.91,0,0,0.0,0.0,0.0,0,0,0.0,0
2128,7,5,2,6,53112.68,0,0,0.0,5.0,0.0,0,0,2.5,1
2129,2,1,1,1,9356.24,0,0,0.0,0.0,0.0,0,0,0.0,0
2130,3,2,1,2,47238.22,0,0,0.0,3.0,0.0,0,0,1.5,1
2131,3,2,1,2,30967.230000000003,0,0,0.0,7.0,0.0,0,0,3.5,1
2132,2,1,1,1,-19877.34,0,0,0.0,0.0,0.0,0,0,0.0,0
2133,5,4,1,4,51902.7,1,1,0.25,45.0,0.0,0,0,62.5,1
2134,3,2,1,2,21882.84,1,1,0.5,45.0,0.0,0,0,62.5,1
2135,3,2,1,2,21787.8,0,0,0.0,0.0,0.0,0,0,0.0,1
2136,4,3,1,3,27838.719999999998,0,0,0.0,0.0,0.0,0,0,0.0,1
2137,2,1,1,1,14353.64,0,0,0.0,0.0,0.0,0,0,0.0,0
2138,2,1,1,1,16598.1,0,0,0.0,0.0,0.0,0,0,0.0,0
2139,2,1,1,1,8843.4,0,0,0.0,15.0,1.0,0,0,12.5,0
2140,5,4,1,4,60998.33,1,1,0.25,45.0,0.0,0,0,62.5,1
2141,5,4,1,4,6672.74,0,0,0.0,5.0,0.0,0,0,2.5,1
2142,5,3,2,4,43677.67,0,0,0.0,0.0,0.0,0,0,0.0,1
2143,3,2,1,2,18522.09,1,1,0.5,45.0,0.0,0,0,62.5,1
2144,3,2,1,2,24560.72,1,1,0.5,45.0,0.0,0,0,62.5,1
2145,35,27,8,34,328834.29,3,0,0.08823529411764706,17.0,3.0,0,0,53.5,1
2146,6,4,2,5,40587.82,2,1,0.4,45.0,0.0,0,0,72.5,1
2147,4,3,1,3,39439.05,1,0,0.3333333333333333,15.0,0.0,0,0,17.5,1
2148,3,2,1,2,30556.0,1,0,0.5,15.0,0.0,0,0,17.5,1
2149,2,1,1,1,8521.7,0,0,0.0,0.0,0.0,0,0,0.0,0
2150,2,1,1,1,14301.02,1,0,1.0,15.0,0.0,0,0,17.5,0
2151,2,1,1,1,10788.23,0,0,0.0,0.0,0.0,0,0,0.0,0
2152,10,8,2,9,73739.38,2,0,0.2222222222222222,17.0,0.0,0,0,28.5,1
2153,2,1,1,1,15722.06,0,0,0.0,0.0,0.0,0,0,0.0,0
2154,5,3,2,4,54705.020000000004,0,0,0.0,2.0,0.0,0,0,1.0,1
2155,12,8,4,11,121899.04,2,1,0.18181818181818182,70.0,2.0,2,0,105.0,1
2156,2,1,1,1,554.51,0,0,0.0,0.0,0.0,0,0,0.0,0
2157,2,1,1,1,24596.31,0,0,0.0,3.0,0.0,0,0,1.5,0
2158,2,1,1,1,1142.83,0,0,0.0,0.0,0.0,0,0,0.0,0
2159,2,1,1,1,17683.89,0,0,0.0,0.0,0.0,0,0,0.0,0
2160,11,7,4,10,69454.45,2,1,0.2,45.0,0.0,0,0,72.5,1
2161,10,7,3,9,125850.79,2,2,0.2222222222222222,60.0,1.0,0,0,115.0,1
2162,10,6,4,9,118400.3,2,1,0.2222222222222222,45.0,0.0,0,0,72.5,1
2163,3,2,1,2,13684.16,1,0,0.5,25.0,1.0,1,0,32.5,1
2164,3,2,1,2,20762.190000000002,0,0,0.0,0.0,0.0,0,0,0.0,1
2165,2,1,1,1,9308.34,0,0,0.0,0.0,0.0,0,0,0.0,0
2166,5,4,1,4,62417.08,0,0,0.0,15.0,1.0,0,0,12.5,1
2167,3,2,1,2,31444.35,0,0,0.0,20.0,1.0,0,0,15.0,1
2168,2,1,1,1,14394.08,0,0,0.0,0.0,0.0,0,0,0.0,0
2169,2,1,1,1,0.0,0,0,0.0,0.0,0.0,0,0,0.0,0
2170,6,4,2,5,36029.05,0,0,0.0,0.0,0.0,0,0,0.0,1
2171,5,3,2,4,43265.65,0,0,0.0,15.0,2.0,0,0,17.5,1
2172,11,8,3,10,102467.09,1,1,0.1,45.0,0.0,0,0,62.5,1
2173,4,3,1,3,19751.190000000002,1,1,0.3333333333333333,45.0,0.0,0,0,62.5,1
2174,4,3,1,3,19975.29,1,1,0.3333333333333333,45.0,0.0,0,0,62.5,1
2175,2,1,1,1,13279.77,0,0,0.0,0.0,0.0,0,0,0.0,0
2176,3,2,1,2,4825.9,1,1,0.5,45.0,0.0,0,0,62.5,1
2177,6,4,2,5,27474.17,1,0,0.2,15.0,0.0,0,0,17.5,1
2178,3,2,1,2,15494.369999999999,1,0,0.5,15.0,0.0,0,0,17.5,1
2179,5,4,1,4,24408.16,0,0,0.0,15.0,1.0,0,0,12.5,1
2180,9,7,2,8,63435.72,0,0,0.0,15.0,1.0,0,0,12.5,1
2181,6,5,1,5,63310.47,1,0,0.2,18.0,0.0,0,0,19.0,1
2182,5,4,1,4,28119.300000000003,1,0,0.25,15.0,0.0,0,0,17.5,1
2183,2,1,1,1,17050.81,0,0,0.0,0.0,0.0,0,0,0.0,0
2184,6,4,2,5,37383.12,1,1,0.2,45.0,0.0,0,0,62.5,1
2185,6,5,1,5,37500.76,1,1,0.2,45.0,0.0,0,0,62.5,1
2186,3,2,1,2,667.1,0,0,0.0,0.0,0.0,0,0,0.0,1
2187,2,1,1,1,1329.06,0,0,0.0,2.0,0.0,0,0,1.0,0
2188,3,2,1,2,19532.64,0,0,0.0,0.0,0.0,0,0,0.0,1
2189,12,9,3,11,46726.66,0,0,0.0,15.0,3.0,0,0,22.5,1
2190,2,1,1,1,0.0,0,0,0.0,0.0,0.0,0,0,0.0,0
2191,3,2,1,2,13877.2,0,0,0.0,15.0,1.0,0,0,12.5,1
2192,11,8,3,10,64380.130000000005,2,0,0.2,17.0,0.0,0,0,28.5,1
2193,3,2,1,2,32475.800000000003,0,0,0.0,0.0,0.0,0,0,0.0,1
2194,7,4,3,6,96069.12,1,0,0.16666666666666666,15.0,0.0,0,0,17.5,1
2195,2,1,1,1,21358.15,1,0,1.0,15.0,0.0,0,0,17.5,0
2196,4,3,1,3,6464.18,0,0,0.0,0.0,0.0,0,0,0.0,1
2197,15,10,5,14,120655.35,1,1,0.07142857142857142,45.0,3.0,0,0,77.5,1
2198,4,3,1,3,16454.75,0,0,0.0,0.0,0.0,0,0,0.0,1
2199,2,1,1,1,0.0,0,0,0.0,0.0,0.0,0,0,0.0,0
2200,6,4,2,5,48081.68,0,0,0.0,5.0,0.0,0,0,2.5,1
2201,2,1,1,1,2064.22,0,0,0.0,0.0,0.0,0,0,0.0,0
2202,3,2,1,2,14535.550000000001,1,1,0.5,45.0,0.0,0,0,62.5,1
2203,4,3,1,3,49086.69,1,0,0.3333333333333333,15.0,0.0,0,0,17.5,1
2204,4,3,1,3,44210.66,0,0,0.0,5.0,0.0,0,0,2.5,1
2205,2,1,1,1,7428.33,0,0,0.0,0.0,0.0,0,0,0.0,0
2206,6,5,1,5,18075.699999999997,0,0,0.0,0.0,0.0,0,0,0.0,1
2207,10,7,3,9,114110.78,1,0,0.1111111111111111,18.0,1.0,0,0,24.0,1
2208,2,1,1,1,10955.56,0,0,0.0,0.0,0.0,0,0,0.0,0
2209,4,3,1,3,38701.81,0,0,0.0,0.0,0.0,0,0,0.0,1
2210,6,4,2,5,78486.79999999999,1,0,0.2,17.0,0.0,0,0,18.5,1
2211,3,2,1,2,30204.35,1,0,0.5,15.0,0.0,0,0,17.5,1
2212,6,5,1,5,45863.53,0,0,0.0,15.0,1.0,0,0,12.5,1
2213,3,2,1,2,42042.34,1,1,0.5,45.0,0.0,0,0,62.5,1
2214,4,3,1,3,14750.92,0,0,0.0,0.0,0.0,0,0,0.0,1
2215,3,1,2,2,21962.05,1,1,0.5,45.0,0.0,0,0,62.5,0
2216,4,2,2,3,24708.31,0,0,0.0,0.0,0.0,0,0,0.0,1
2217,3,2,1,2,1305.07,0,0,0.0,15.0,1.0,0,0,12.5,1
2218,4,3,1,3,34696.55,0,0,0.0,15.0,1.0,0,0,12.5,1
2219,2,1,1,1,5284.29,0,0,0.0,0.0,0.0,0,0,0.0,0
2220,3,2,1,2,32397.22,0,0,0.0,0.0,0.0,0,0,0.0,1
2221,4,3,1,3,61186.66,0,0,0.0,0.0,0.0,0,0,0.0,1
2222,3,2,1,2,21768.02,1,0,0.5,15.0,0.0,0,0,17.5,1
2223,3,2,1,2,30614.58,0,0,0.0,0.0,0.0,0,0,0.0,1
2224,5,4,1,4,47286.229999999996,0,0,0.0,0.0,0.0,0,0,0.0,1
2225,3,2,1,2,16748.27,0,0,0.0,0.0,0.0,0,0,0.0,1
2226,3,2,1,2,30550.47,0,0,0.0,0.0,0.0,0,0,0.0,1
2227,3,2,1,2,23317.36,0,0,0.0,5.0,0.0,0,0,2.5,1
2228,3,2,1,2,26160.32,0,0,0.0,0.0,0.0,0,0,0.0,1
2229,4,3,1,3,18537.16,0,0,0.0,0.0,0.0,0,0,0.0,1
2230,4,3,1,3,20731.56,1,1,0.3333333333333333,45.0,0.0,0,0,62.5,1
2231,3,1,2,2,14020.9,1,1,0.5,45.0,0.0,0,0,62.5,0
2232,4,3,1,3,33331.64,0,0,0.0,0.0,0.0,0,0,0.0,1
2233,3,2,1,2,16373.39,0,0,0.0,20.0,1.0,0,0,15.0,1
2234,3,2,1,2,23881.920000000002,0,0,0.0,5.0,0.0,0,0,2.5,1
2235,4,3,1,3,16358.759999999998,0,0,0.0,0.0,0.0,0,0,0.0,1
2236,2,1,1,1,18192.56,0,0,0.0,0.0,0.0,0,0,0.0,0
2237,8,5,3,7,41554.06,0,0,0.0,0.0,0.0,0,0,0.0,1
2238,6,5,1,5,41296.49,0,0,0.0,0.0,0.0,0,0,0.0,1
2239,4,3,1,3,46531.15,1,0,0.3333333333333333,15.0,0.0,0,0,17.5,1
2240,4,3,1,3,44927.31999999999,1,1,0.3333333333333333,45.0,0.0,0,0,62.5,1
2241,3,2,1,2,24053.920000000002,0,0,0.0,0.0,0.0,0,0,0.0,1
2242,4,3,1,3,11505.87,0,0,0.0,2.0,0.0,0,0,1.0,1
2243,4,3,1,3,22065.15,2,1,0.6666666666666666,45.0,0.0,0,0,72.5,1
2244,3,2,1,2,21954.1,0,0,0.0,0.0,0.0,0,0,0.0,1
2245,8,6,2,7,76242.81999999999,1,1,0.14285714285714285,55.0,1.0,1,0,77.5,1
2246,4,3,1,3,39420.4,0,0,0.0,3.0,0.0,0,0,1.5,1
2247,4,3,1,3,38029.020000000004,0,0,0.0,3.0,0.0,0,0,1.5,1
2248,5,3,2,4,12114.490000000002,0,0,0.0,2.0,0.0,0,0,1.0,1
2249,4,3,1,3,52002.229999999996,0,0,0.0,0.0,0.0,0,0,0.0,1
2250,4,3,1,3,13282.93,0,0,0.0,0.0,0.0,0,0,0.0,1
2251,3,2,1,2,32250.01,0,0,0.0,0.0,0.0,0,0,0.0,1
2252,2,1,1,1,0.0,1,0,1.0,15.0,0.0,0,0,17.5,0
2253,4,3,1,3,11581.239999999998,0,0,0.0,0.0,0.0,0,0,0.0,1
2254,3,2,1,2,32715.2,0,0,0.0,0.0,0.0,0,0,0.0,1
2255,5,4,1,4,12741.24,2,1,0.5,45.0,0.0,0,0,72.5,1
2256,2,1,1,1,1028.92,0,0,0.0,0.0,0.0,0,0,0.0,0
2257,2,1,1,1,14673.3,0,0,0.0,0.0,0.0,0,0,0.0,0
2258,6,4,2,5,39664.45,1,0,0.2,20.0,0.0,0,0,20.0,1
2259,4,2,2,3,30336.17,1,0,0.3333333333333333,15.0,0.0,0,0,17.5,1
2260,8,6,2,7,83609.73,1,0,0.14285714285714285,15.0,0.0,0,0,17.5,1
2261,3,2,1,2,9061.25,0,0,0.0,0.0,0.0,0,0,0.0,1
2262,2,1,1,1,5994.22,0,0,0.0,0.0,0.0,0,0,0.0,0
2263,3,2,1,2,39114.26,0,0,0.0,0.0,0.0,0,0,0.0,1
2264,2,1,1,1,13554.96,0,0,0.0,0.0,0.0,0,0,0.0,0
2265,5,3,2,4,21236.89,0,0,0.0,0.0,0.0,0,0,0.0,1
2266,8,7,1,7,55728.09,0,0,0.0,3.0,0.0,0,0,1.5,1
2267,3,2,1,2,30314.89,1,0,0.5,15.0,0.0,0,0,17.5,1
2268,4,3,1,3,36242.619999999995,0,0,0.0,0.0,0.0,0,0,0.0,1
2269,10,8,2,9,68180.02,3,1,0.3333333333333333,45.0,0.0,0,0,82.5,1
2270,3,2,1,2,12633.26,0,0,0.0,0.0,0.0,0,0,0.0,1
2271,2,1,1,1,6791.51,0,0,0.0,0.0,0.0,0,0,0.0,0
2272,2,1,1,1,2114.48,0,0,0.0,0.0,0.0,0,0,0.0,0
2273,3,2,1,2,6490.74,0,0,0.0,0.0,0.0,0,0,0.0,1
2274,7,5,2,6,70111.52,0,0,0.0,0.0,0.0,0,0,0.0,1
2275,3,2,1,2,8552.02,0,0,0.0,0.0,0.0,0,0,0.0,1
2276,8,6,2,7,96614.44,1,1,0.14285714285714285,45.0,0.0,0,0,62.5,1
2277,4,3,1,3,34182.46,0,0,0.0,0.0,0.0,0,0,0.0,1
2278,3,2,1,2,11286.47,1,0,0.5,30.0,1.0,0,0,30.0,1
2279,4,3,1,3,4267.4400000000005,1,1,0.3333333333333333,45.0,0.0,0,0,62.5,1
2280,3,2,1,2,17456.22,0,0,0.0,0.0,0.0,0,0,0.0,1
2281,3,2,1,2,11188.1,0,0,0.0,0.0,0.0,0,0,0.0,1
2282,2,1,1,1,20262.14,0,0,0.0,0.0,0.0,0,0,0.0,0
2283,4,3,1,3,36980.75,0,0,0.0,15.0,1.0,0,0,12.5,1
2284,3,2,1,2,6525.22,0,0,0.0,0.0,0.0,0,0,0.0,1
2285,4,3,1,3,35736.57,0,0,0.0,3.0,0.0,0,0,1.5,1
2286,4,3,1,3,21296.57,0,0,0.0,0.0,0.0,0,0,0.0,1
2287,3,2,1,2,33546.990000000005,0,0,0.0,3.0,0.0,0,0,1.5,1
2288,10,8,2,9,60858.0,1,1,0.1111111111111111,45.0,0.0,0,0,62.5,1
2289,3,2,1,2,16909.12,0,0,0.0,0.0,0.0,0,0,0.0,1
2290,5,3,2,4,49538.35,1,0,0.25,15.0,2.0,0,0,27.5,1
2291,3,2,1,2,15438.94,1,1,0.5,45.0,0.0,0,0,62.5,1
2292,4,3,1,3,35514.479999999996,1,0,0.3333333333333333,15.0,0.0,0,0,17.5,1
2293,6,4,2,5,48191.420000000006,1,0,0.2,20.0,1.0,0,0,25.0,1
2294,5,3,2,4,25852.23,0,0,0.0,2.0,0.0,0,0,1.0,1
2295,9,7,2,8,94565.67,1,0,0.125,35.0,1.0,0,0,32.5,1
2296,13,10,3,12,174280.3,2,1,0.16666666666666666,68.0,0.0,2,5,109.0,1
2297,6,4,2,5,47181.369999999995,0,0,0.0,0.0,0.0,0,0,0.0,1
2298,4,3,1,3,53141.82,0,0,0.0,0.0,0.0,0,0,0.0,1
2299,6,3,3,5,61304.25,0,0,0.0,0.0,0.0,0,0,0.0,1
2300,5,4,1,4,37891.56,0,0,0.0,0.0,0.0,0,0,0.0,1
2301,2,1,1,1,3501.62,0,0,0.0,0.0,0.0,0,0,0.0,0
2302,2,1,1,1,0.0,0,0,0.0,0.0,0.0,0,0,0.0,0
2303,8,6,2,7,95514.05,0,0,0.0,0.0,0.0,0,0,0.0,1
2304,2,1,1,1,13337.76,0,0,0.0,0.0,0.0,0,0,0.0,0
2305,12,9,3,11,128076.86,1,0,0.09090909090909091,15.0,1.0,0,0,22.5,1
2306,4,3,1,3,-467.8700000000008,0,0,0.0,0.0,0.0,0,0,0.0,1
2307,4,3,1,3,26913.17,0,0,0.0,0.0,0.0,0,0,0.0,1
2308,3,2,1,2,11984.89,0,0,0.0,0.0,0.0,0,0,0.0,1
2309,11,8,3,10,176975.44,2,2,0.2,48.0,0.0,0,0,104.0,1
2310,5,4,1,4,39433.14,0,0,0.0,0.0,0.0,0,0,0.0,1
2311,3,2,1,2,10827.029999999999,0,0,0.0,0.0,0.0,0,0,0.0,1
2312,2,1,1,1,5829.65,1,0,1.0,15.0,0.0,0,0,17.5,0
2313,4,3,1,3,43367.44,1,1,0.3333333333333333,45.0,0.0,0,0,62.5,1
2314,2,1,1,1,24279.06,0,0,0.0,3.0,0.0,0,0,1.5,0
2315,4,3,1,3,20253.63,0,0,0.0,5.0,0.0,0,0,2.5,1
2316,2,1,1,1,2173.82,0,0,0.0,0.0,0.0,0,0,0.0,0
2317,3,2,1,2,36242.16,1,0,0.5,15.0,0.0,0,0,17.5,1
2318,2,1,1,1,21928.49,0,0,0.0,0.0,0.0,0,0,0.0,0
2319,3,2,1,2,8097.81,1,0,0.5,15.0,0.0,0,0,17.5,1
2320,4,3,1,3,30498.690000000002,0,0,0.0,5.0,0.0,0,0,2.5,1
2321,4,3,1,3,28090.36,0,0,0.0,15.0,1.0,0,0,12.5,1
2322,5,4,1,4,39297.75,0,0,0.0,0.0,0.0,0,0,0.0,1
2323,3,2,1,2,34127.74,0,0,0.0,0.0,0.0,0,0,0.0,1
2324,7,5,2,6,56197.06,0,0,0.0,0.0,0.0,0,0,0.0,1
2325,12,9,3,11,115311.45,1,1,0.09090909090909091,45.0,0.0,0,0,62.5,1
2326,4,3,1,3,41840.68,1,0,0.3333333333333333,25.0,0.0,1,0,27.5,1
2327,5,4,1,4,29625.62,0,0,0.0,7.0,0.0,0,0,3.5,1
2328,2,1,1,1,13448.89,0,0,0.0,0.0,0.0,0,0,0.0,0
2329,2,1,1,1,24672.72,0,0,0.0,3.0,0.0,0,0,1.5,0
2330,2,1,1,1,0.0,0,0,0.0,0.0,0.0,0,0,0.0,0
2331,5,4,1,4,45129.8,0,0,0.0,0.0,0.0,0,0,0.0,1
2332,2,1,1,1,4365.22,0,0,0.0,15.0,1.0,0,0,12.5,0
2333,4,3,1,3,995.05,0,0,0.0,2.0,0.0,0,0,1.0,1
2334,7,5,2,6,1419.7299999999996,2,1,0.3333333333333333,45.0,0.0,0,0,72.5,1
2335,4,3,1,3,21186.41,0,0,0.0,5.0,0.0,0,0,2.5,1
2336,6,4,2,5,55580.58,1,0,0.2,15.0,0.0,0,0,17.5,1
2337,4,3,1,3,32508.649999999998,0,0,0.0,0.0,0.0,0,0,0.0,1
2338,5,4,1,4,25451.85,1,0,0.25,15.0,0.0,0,0,17.5,1
2339,6,4,2,5,65084.97,0,0,0.0,0.0,0.0,0,0,0.0,1
2340,2,1,1,1,22194.91,0,0,0.0,0.0,0.0,0,0,0.0,0
2341,3,2,1,2,20615.98,1,0,0.5,15.0,0.0,0,0,17.5,1
2342,9,7,2,8,78955.51,0,0,0.0,3.0,0.0,0,0,1.5,1
2343,9,7,2,8,61636.229999999996,4,1,0.5,45.0,0.0,0,5,107.5,1
2344,3,2,1,2,22780.0,0,0,0.0,0.0,0.0,0,0,0.0,1
2345,2,1,1,1,23913.15,1,1,1.0,48.0,0.0,0,0,64.0,0
2346,9,7,2,8,91821.37,1,0,0.125,15.0,0.0,0,0,17.5,1
2347,5,4,1,4,65716.24,0,0,0.0,5.0,0.0,0,0,2.5,1
2348,2,1,1,1,0.0,0,0,0.0,0.0,0.0,0,0,0.0,0
2349,9,8,1,8,41719.63,1,1,0.125,45.0,1.0,0,0,67.5,1
2350,2,1,1,1,0.0,1,0,1.0,15.0,0.0,0,0,17.5,0
2351,2,1,1,1,18745.65,0,0,0.0,0.0,0.0,0,0,0.0,0
2352,6,5,1,5,57410.880000000005,1,1,0.2,45.0,0.0,0,0,62.5,1
2353,4,3,1,3,28336.38,0,0,0.0,0.0,0.0,0,0,0.0,1
2354,6,5,1,5,36138.55,1,0,0.2,15.0,0.0,0,0,17.5,1
2355,4,3,1,3,20999.340000000004,0,0,0.0,0.0,0.0,0,0,0.0,1
2356,4,3,1,3,44216.92999999999,0,0,0.0,5.0,0.0,0,0,2.5,1
2357,4,3,1,3,16259.65,0,0,0.0,0.0,0.0,0,0,0.0,1
2358,4,3,1,3,33096.71,0,0,0.0,5.0,0.0,0,0,2.5,1
2359,12,8,4,11,108029.77,1,0,0.09090909090909091,15.0,0.0,0,0,17.5,1
2360,2,1,1,1,892.43,0,0,0.0,0.0,0.0,0,0,0.0,0
2361,2,1,1,1,0.0,0,0,0.0,0.0,0.0,0,0,0.0,0
2362,3,2,1,2,17978.42,1,0,0.5,20.0,0.0,0,0,20.0,1
2363,5,4,1,4,65426.020000000004,0,0,0.0,10.0,0.0,0,0,5.0,1
2364,3,2,1,2,21771.99,0,0,0.0,0.0,0.0,0,0,0.0,1
2365,7,5,2,6,55155.3,1,1,0.16666666666666666,45.0,2.0,0,0,72.5,1
2366,3,2,1,2,0.0,1,1,0.5,45.0,0.0,0,0,62.5,1
2367,8,4,4,7,71922.87,3,0,0.42857142857142855,25.0,0.0,2,0,52.5,1
2368,4,3,1,3,11645.79,0,0,0.0,0.0,0.0,0,0,0.0,1
2369,2,1,1,1,2773.37,1,1,1.0,45.0,0.0,0,0,62.5,0
2370,3,2,1,2,-868.9099999999999,0,0,0.0,0.0,0.0,0,0,0.0,1
2371,3,2,1,2,28894.329999999998,0,0,0.0,0.0,0.0,0,0,0.0,1
2372,6,4,2,5,40831.65,0,0,0.0,0.0,0.0,0,0,0.0,1
2373,4,3,1,3,25984.01,1,0,0.3333333333333333,25.0,1.0,1,0,32.5,1
2374,2,1,1,1,350.86,0,0,0.0,0.0,0.0,0,0,0.0,0
2375,8,6,2,7,98692.44,0,0,0.0,0.0,0.0,0,0,0.0,1
2376,5,4,1,4,32320.1,1,1,0.25,45.0,0.0,0,0,62.5,1
2377,2,1,1,1,17867.75,0,0,0.0,0.0,0.0,0,0,0.0,0
2378,9,7,2,8,141998.16999999998,1,0,0.125,15.0,0.0,0,0,17.5,1
2379,4,3,1,3,41373.68,0,0,0.0,0.0,0.0,0,0,0.0,1
2380,4,3,1,3,40442.22,1,0,0.3333333333333333,15.0,0.0,0,0,17.5,1
2381,3,2,1,2,4931.17,0,0,0.0,0.0,0.0,0,0,0.0,1
2382,3,2,1,2,14698.16,0,0,0.0,0.0,0.0,0,0,0.0,1
2383,6,5,1,5,75206.1,0,0,0.0,3.0,0.0,0,0,1.5,1
2384,6,4,2,5,53066.7,0,0,0.0,3.0,0.0,0,0,1.5,1
2385,2,1,1,1,10662.76,0,0,0.0,0.0,0.0,0,0,0.0,0
2386,5,4,1,4,19613.3,0,0,0.0,0.0,0.0,0,0,0.0,1
2387,3,2,1,2,24850.0,0,0,0.0,8.0,0.0,0,0,4.0,1
2388,3,2,1,2,24703.68,0,0,0.0,0.0,0.0,0,0,0.0,1
2389,3,2,1,2,26695.22,0,0,0.0,0.0,0.0,0,0,0.0,1
2390,2,1,1,1,8367.72,0,0,0.0,0.0,0.0,0,0,0.0,0
2391,12,9,3,11,152002.35,2,0,0.18181818181818182,35.0,1.0,1,4,59.5,1
2392,4,3,1,3,33037.07,1,1,0.3333333333333333,45.0,0.0,0,0,62.5,1
2393,3,2,1,2,14443.59,1,0,0.5,15.0,0.0,0,0,17.5,1
2394,4,3,1,3,28931.989999999998,1,0,0.3333333333333333,15.0,0.0,0,0,17.5,1
2395,2,1,1,1,13714.54,0,0,0.0,0.0,0.0,0,0,0.0,0
2396,3,2,1,2,30633.74,0,0,0.0,0.0,0.0,0,0,0.0,1
2397,3,2,1,2,22287.43,1,0,0.5,15.0,0.0,0,0,17.5,1
2398,3,2,1,2,21161.4,0,0,0.0,0.0,0.0,0,0,0.0,1
2399,7,5,2,6,34622.7,1,0,0.16666666666666666,15.0,0.0,0,0,17.5,1
2400,9,7,2,8,92613.04,1,0,0.125,15.0,0.0,0,0,17.5,1
2401,3,2,1,2,19069.53,0,0,0.0,0.0,0.0,0,0,0.0,1
2402,6,4,2,5,99044.92,1,0,0.2,15.0,0.0,0,0,17.5,1
2403,2,1,1,1,8898.26,0,0,0.0,0.0,0.0,0,0,0.0,0
2404,4,3,1,3,54771.270000000004,0,0,0.0,0.0,0.0,0,0,0.0,1
2405,6,3,3,5,66894.22,2,0,0.4,15.0,0.0,0,0,27.5,1
2406,3,2,1,2,35789.11,0,0,0.0,3.0,0.0,0,0,1.5,1
2407,3,2,1,2,21911.97,1,1,0.5,45.0,0.0,0,0,62.5,1
2408,5,4,1,4,2817.9,1,0,0.25,30.0,1.0,0,0,30.0,1
2409,2,1,1,1,1106.59,0,0,0.0,15.0,1.0,0,0,12.5,0
2410,6,5,1,5,66792.45,0,0,0.0,20.0,2.0,0,0,20.0,1
2411,3,2,1,2,40855.869999999995,0,0,0.0,2.0,0.0,0,0,1.0,1
2412,3,2,1,2,19259.7,0,0,0.0,15.0,1.0,0,0,12.5,1
2413,5,4,1,4,43568.649999999994,0,0,0.0,0.0,0.0,0,0,0.0,1
2414,4,3,1,3,-14022.97,0,0,0.0,5.0,0.0,0,0,2.5,1
2415,4,3,1,3,22377.75,0,0,0.0,15.0,1.0,0,0,12.5,1
2416,4,3,1,3,22398.98,1,0,0.3333333333333333,15.0,0.0,0,0,17.5,1
2417,4,3,1,3,45200.09,3,0,1.0,25.0,0.0,0,3,51.5,1
2418,4,3,1,3,42943.01,1,0,0.3333333333333333,15.0,0.0,0,0,17.5,1
2419,3,2,1,2,18557.65,1,1,0.5,45.0,1.0,0,0,67.5,1
2420,3,2,1,2,23779.100000000002,0,0,0.0,0.0,0.0,0,0,0.0,1
2421,5,4,1,4,64311.11,1,0,0.25,15.0,0.0,0,0,17.5,1
2422,3,2,1,2,11124.55,1,0,0.5,15.0,0.0,0,0,17.5,1
2423,3,2,1,2,11069.17,0,0,0.0,0.0,0.0,0,0,0.0,1
2424,12,9,3,11,90700.3,0,0,0.0,15.0,1.0,0,0,12.5,1
2425,5,4,1,4,25979.550000000003,0,0,0.0,0.0,0.0,0,0,0.0,1
2426,4,3,1,3,41782.26,0,0,0.0,3.0,0.0,0,0,1.5,1
2427,2,1,1,1,6559.73,0,0,0.0,5.0,0.0,0,0,2.5,0
2428,4,3,1,3,55858.62,0,0,0.0,18.0,1.0,0,0,14.0,1
2429,3,2,1,2,9811.52,0,0,0.0,0.0,0.0,0,0,0.0,1
2430,3,2,1,2,10978.64,0,0,0.0,2.0,0.0,0,0,1.0,1
2431,2,1,1,1,24737.74,0,0,0.0,3.0,0.0,0,0,1.5,0
2432,7,5,2,6,39669.53999999999,1,0,0.16666666666666666,15.0,0.0,0,0,17.5,1
2433,7,5,2,6,42835.84,0,0,0.0,0.0,0.0,0,0,0.0,1
2434,4,3,1,3,43296.66,0,0,0.0,15.0,1.0,0,0,12.5,1
2435,11,8,3,10,128303.0,1,0,0.1,20.0,1.0,0,0,25.0,1
2436,3,2,1,2,12226.28,0,0,0.0,0.0,0.0,0,0,0.0,1
2437,7,4,3,6,64095.67,0,0,0.0,0.0,0.0,0,0,0.0,1
2438,4,2,2,3,17614.17,0,0,0.0,0.0,0.0,0,0,0.0,1
2439,2,1,1,1,0.0,0,0,0.0,0.0,0.0,0,0,0.0,0
2440,4,3,1,3,21432.690000000002,0,0,0.0,0.0,0.0,0,0,0.0,1
2441,4,3,1,3,30981.08,0,0,0.0,2.0,0.0,0,0,1.0,1
2442,3,2,1,2,6359.3099999999995,1,0,0.5,15.0,0.0,0,0,17.5,1
2443,4,3,1,3,30167.68,0,0,0.0,0.0,0.0,0,0,0.0,1
2444,2,1,1,1,8086.62,0,0,0.0,2.0,0.0,0,0,1.0,0
2445,2,1,1,1,11871.03,0,0,0.0,0.0,0.0,0,0,0.0,0
2446,4,2,2,3,40607.35,0,0,0.0,0.0,0.0,0,0,0.0,1
2447,5,4,1,4,66696.20999999999,0,0,0.0,5.0,0.0,0,0,2.5,1
2448,5,4,1,4,30032.6,0,0,0.0,0.0,0.0,0,0,0.0,1
2449,2,1,1,1,0.0,0,0,0.0,0.0,0.0,0,0,0.0,0
2450,4,3,1,3,20725.76,1,0,0.3333333333333333,30.0,1.0,0,0,30.0,1
2451,4,3,1,3,21259.05,1,0,0.3333333333333333,15.0,0.0,0,0,17.5,1
2452,11,8,3,10,44133.81,1,1,0.1,55.0,1.0,1,0,77.5,1
2453,2,1,1,1,14966.6,0,0,0.0,0.0,0.0,0,0,0.0,0
2454,6,4,2,5,47274.1,1,1,0.2,45.0,0.0,0,0,62.5,1
2455,3,2,1,2,23753.89,0,0,0.0,0.0,0.0,0,0,0.0,1
2456,3,2,1,2,41709.47,0,0,0.0,0.0,0.0,0,0,0.0,1
2457,5,3,2,4,35053.45,1,1,0.25,45.0,0.0,0,0,62.5,1
2458,6,4,2,5,22395.399999999998,0,0,0.0,2.0,0.0,0,0,1.0,1
2459,5,4,1,4,49625.24,0,0,0.0,10.0,0.0,0,0,5.0,1
2460,2,1,1,1,24762.72,0,0,0.0,3.0,0.0,0,0,1.5,0
2461,3,2,1,2,22781.75,1,1,0.5,45.0,0.0,0,0,62.5,1
2462,3,2,1,2,16563.51,1,0,0.5,15.0,0.0,0,0,17.5,1
2463,3,2,1,2,8677.96,1,1,0.5,45.0,0.0,0,0,62.5,1
2464,3,2,1,2,11448.75,1,0,0.5,15.0,0.0,0,0,17.5,1
2465,8,7,1,7,66443.38,2,1,0.2857142857142857,45.0,0.0,0,0,72.5,1
2466,2,1,1,1,15174.72,0,0,0.0,0.0,0.0,0,0,0.0,0
2467,4,3,1,3,56489.03,1,0,0.3333333333333333,15.0,0.0,0,0,17.5,1
2468,6,5,1,5,79757.69,2,2,0.4,45.0,0.0,0,0,102.5,1
2469,3,2,1,2,25204.47,1,0,0.5,15.0,0.0,0,0,17.5,1
2470,2,1,1,1,0.0,0,0,0.0,0.0,0.0,0,0,0.0,0
2471,4,3,1,3,33691.97,1,0,0.3333333333333333,15.0,0.0,0,0,17.5,1
2472,4,3,1,3,10265.2,0,0,0.0,5.0,0.0,0,0,2.5,1
2473,5,4,1,4,52214.64,1,1,0.25,45.0,0.0,0,0,62.5,1
2474,3,2,1,2,8644.2,0,0,0.0,0.0,0.0,0,0,0.0,1
2475,3,2,1,2,28731.989999999998,0,0,0.0,5.0,0.0,0,0,2.5,1
2476,7,6,1,6,68490.07,0,0,0.0,0.0,0.0,0,0,0.0,1
2477,4,3,1,3,13313.99,0,0,0.0,0.0,0.0,0,0,0.0,1
2478,13,10,3,12,164395.96,0,0,0.0,3.0,0.0,0,0,1.5,1
2479,2,1,1,1,6883.26,0,0,0.0,0.0,0.0,0,0,0.0,0
2480,2,1,1,1,11137.53,0,0,0.0,0.0,0.0,0,0,0.0,0
2481,4,3,1,3,13727.22,0,0,0.0,20.0,1.0,0,0,15.0,1
2482,2,1,1,1,5622.31,0,0,0.0,0.0,0.0,0,0,0.0,0
2483,2,1,1,1,8358.59,0,0,0.0,0.0,0.0,0,0,0.0,0
2484,4,3,1,3,45899.93,0,0,0.0,0.0,0.0,0,0,0.0,1
2485,3,2,1,2,15526.68,0,0,0.0,2.0,0.0,0,0,1.0,1
2486,5,4,1,4,40019.770000000004,0,0,0.0,22.0,1.0,0,0,16.0,1
2487,6,5,1,5,47828.28,0,0,0.0,0.0,0.0,0,0,0.0,1
2488,5,4,1,4,39286.91,0,0,0.0,15.0,1.0,0,0,12.5,1
2489,7,5,2,6,76476.19,2,0,0.3333333333333333,15.0,0.0,0,0,27.5,1
2490,4,3,1,3,29752.4,0,0,0.0,0.0,0.0,0,0,0.0,1
2491,6,5,1,5,27456.1,1,1,0.2,45.0,0.0,0,0,62.5,1
2492,6,4,2,5,52947.36,0,0,0.0,5.0,0.0,0,0,2.5,1
2493,5,4,1,4,46952.84,0,0,0.0,15.0,1.0,0,0,12.5,1
2494,5,4,1,4,56632.26,1,0,0.25,15.0,0.0,0,0,17.5,1
2495,3,2,1,2,28503.949999999997,0,0,0.0,0.0,0.0,0,0,0.0,1
2496,4,2,2,3,19879.42,0,0,0.0,0.0,0.0,0,0,0.0,1
2497,6,4,2,5,55400.58,2,2,0.4,65.0,1.0,0,0,117.5,1
2498,6,4,2,5,41068.42,0,0,0.0,2.0,0.0,0,0,1.0,1
2499,4,3,1,3,61123.55,0,0,0.0,15.0,1.0,0,0,12.5,1
2500,6,4,2,5,36967.91,1,0,0.2,15.0,0.0,0,0,17.5,1
2501,5,4,1,4,33134.95,1,1,0.25,60.0,1.0,0,0,75.0,1
2502,2,1,1,1,24270.25,0,0,0.0,3.0,0.0,0,0,1.5,0
2503,3,2,1,2,9210.16,1,1,0.5,55.0,0.0,1,0,72.5,1
2504,34,26,8,33,388386.55,5,2,0.15151515151515152,45.0,1.0,0,0,137.5,1
2505,3,2,1,2,9627.4,1,0,0.5,25.0,0.0,1,0,27.5,1
2506,2,1,1,1,11816.78,0,0,0.0,0.0,0.0,0,0,0.0,0
2507,2,1,1,1,11471.13,0,0,0.0,5.0,0.0,0,0,2.5,0
2508,2,1,1,1,13945.48,0,0,0.0,0.0,0.0,0,0,0.0,0
2509,4,3,1,3,18915.2,0,0,0.0,0.0,0.0,0,0,0.0,1
2510,4,3,1,3,54274.87,1,1,0.3333333333333333,45.0,0.0,0,0,62.5,1
2511,4,3,1,3,24427.15,0,0,0.0,20.0,1.0,0,0,15.0,1
2512,4,3,1,3,37647.66,0,0,0.0,0.0,0.0,0,0,0.0,1
2513,3,2,1,2,18705.12,0,0,0.0,0.0,0.0,0,0,0.0,1
2514,2,1,1,1,3162.13,1,0,1.0,15.0,0.0,0,0,17.5,0
2515,8,5,3,7,52744.770000000004,0,0,0.0,0.0,0.0,0,0,0.0,1
2516,3,2,1,2,22225.21,0,0,0.0,0.0,0.0,0,0,0.0,1
2517,3,2,1,2,11864.57,0,0,0.0,0.0,0.0,0,0,0.0,1
2518,6,5,1,5,81908.78,1,0,0.2,15.0,0.0,0,0,17.5,1
2519,4,3,1,3,44391.600000000006,0,0,0.0,0.0,0.0,0,0,0.0,1
2520,12,8,4,11,102268.87,1,1,0.09090909090909091,45.0,0.0,0,0,62.5,1
2521,2,1,1,1,12342.79,0,0,0.0,0.0,0.0,0,0,0.0,0
2522,4,3,1,3,47604.64,0,0,0.0,15.0,1.0,0,0,12.5,1
2523,8,6,2,7,54624.96,1,1,0.14285714285714285,50.0,0.0,0,0,65.0,1
2524,2,1,1,1,514.67,0,0,0.0,0.0,0.0,0,0,0.0,0
2525,5,4,1,4,44026.76,1,0,0.25,15.0,1.0,0,0,22.5,1
2526,4,3,1,3,47378.38,1,1,0.3333333333333333,45.0,0.0,0,0,62.5,1
2527,4,3,1,3,-28157.21,0,0,0.0,0.0,0.0,0,0,0.0,1
2528,2,1,1,1,23839.8,0,0,0.0,3.0,0.0,0,0,1.5,0
2529,8,6,2,7,82517.2,0,0,0.0,3.0,0.0,0,0,1.5,1
2530,6,4,2,5,51987.87,1,0,0.2,15.0,1.0,0,0,22.5,1
2531,5,4,1,4,52405.5,2,1,0.5,52.0,0.0,0,0,76.0,1
2532,3,2,1,2,25327.61,0,0,0.0,0.0,0.0,0,0,0.0,1
2533,2,1,1,1,23316.88,0,0,0.0,0.0,0.0,0,0,0.0,0
2534,5,2,3,4,56697.77,0,0,0.0,0.0,0.0,0,0,0.0,1
2535,12,9,3,11,96949.22,1,0,0.09090909090909091,15.0,1.0,0,0,22.5,1
2536,2,1,1,1,13949.68,0,0,0.0,0.0,0.0,0,0,0.0,0
2537,11,8,3,10,88467.51,2,0,0.2,25.0,1.0,2,0,47.5,1
2538,8,6,2,7,35584.73,0,0,0.0,0.0,0.0,0,0,0.0,1
2539,2,1,1,1,16598.97,0,0,0.0,0.0,0.0,0,0,0.0,0
2540,2,1,1,1,0.0,0,0,0.0,0.0,0.0,0,0,0.0,0
2541,10,7,3,9,115659.31,2,0,0.2222222222222222,17.0,1.0,0,0,33.5,1
2542,3,2,1,2,20766.9,0,0,0.0,0.0,0.0,0,0,0.0,1
2543,2,1,1,1,2877.4,0,0,0.0,0.0,0.0,0,0,0.0,0
2544,8,6,2,7,81615.15,0,0,0.0,0.0,0.0,0,0,0.0,1
2545,2,1,1,1,22350.8,1,1,1.0,47.0,0.0,0,0,63.5,0
2546,3,2,1,2,8245.529999999999,0,0,0.0,0.0,0.0,0,0,0.0,1
2547,3,2,1,2,27965.739999999998,0,0,0.0,0.0,0.0,0,0,0.0,1
2548,2,1,1,1,6588.52,0,0,0.0,0.0,0.0,0,0,0.0,0
2549,6,4,2,5,20057.820000000003,0,0,0.0,17.0,1.0,0,0,13.5,1
2550,4,2,2,3,18243.09,0,0,0.0,3.0,0.0,0,0,1.5,1
2551,8,7,1,7,93632.82,1,0,0.14285714285714285,15.0,0.0,0,0,17.5,1
2552,4,3,1,3,37892.68,0,0,0.0,15.0,1.0,0,0,12.5,1
2553,6,4,2,5,49876.46,1,0,0.2,20.0,0.0,0,0,20.0,1
2554,10,7,3,9,79782.0,0,0,0.0,5.0,0.0,0,0,2.5,1
2555,3,2,1,2,8197.470000000001,0,0,0.0,0.0,0.0,0,0,0.0,1
2556,4,3,1,3,36434.770000000004,0,0,0.0,0.0,0.0,0,0,0.0,1
2557,3,2,1,2,15369.92,0,0,0.0,0.0,0.0,0,0,0.0,1
2558,2,1,1,1,24666.12,1,0,1.0,33.0,1.0,0,0,31.5,0
2559,2,1,1,1,11411.44,0,0,0.0,0.0,0.0,0,0,0.0,0
2560,10,8,2,9,112709.46,0,0,0.0,0.0,0.0,0,0,0.0,1
2561,3,2,1,2,18465.55,0,0,0.0,5.0,0.0,0,0,2.5,1
2562,3,2,1,2,11550.3,1,1,0.5,47.0,0.0,0,0,63.5,1
2563,4,3,1,3,47865.91,0,0,0.0,0.0,0.0,0,0,0.0,1
2564,9,6,3,8,72679.65,0,0,0.0,0.0,0.0,0,0,0.0,1
2565,4,3,1,3,3015.37,1,0,0.3333333333333333,15.0,0.0,0,0,17.5,1
2566,5,4,1,4,38087.65,1,0,0.25,30.0,1.0,0,0,30.0,1
2567,3,2,1,2,15645.01,0,0,0.0,0.0,0.0,0,0,0.0,1
2568,2,1,1,1,15150.27,0,0,0.0,0.0,0.0,0,0,0.0,0
2569,2,1,1,1,858.31,0,0,0.0,0.0,0.0,0,0,0.0,0
2570,3,2,1,2,25574.469999999998,0,0,0.0,0.0,0.0,0,0,0.0,1
2571,2,1,1,1,9701.65,1,1,1.0,45.0,0.0,0,0,62.5,0
2572,2,1,1,1,18266.85,0,0,0.0,0.0,0.0,0,0,0.0,0
2573,3,2,1,2,4947.38,0,0,0.0,0.0,0.0,0,0,0.0,1
2574,5,4,1,4,60656.11,0,0,0.0,3.0,0.0,0,0,1.5,1
2575,4,3,1,3,58426.33,0,0,0.0,18.0,1.0,0,0,14.0,1
2576,6,5,1,5,74769.73,0,0,0.0,10.0,0.0,0,0,5.0,1
2577,2,1,1,1,16969.72,0,0,0.0,0.0,0.0,0,0,0.0,0
2578,18,12,6,17,201647.68,3,2,0.17647058823529413,45.0,1.0,0,0,117.5,1
2579,2,1,1,1,13490.27,1,0,1.0,15.0,0.0,0,0,17.5,0
2580,4,3,1,3,48388.86,0,0,0.0,5.0,0.0,0,0,2.5,1
2581,5,4,1,4,76617.24,1,0,0.25,18.0,0.0,0,0,19.0,1
2582,2,1,1,1,14212.3,0,0,0.0,0.0,0.0,0,0,0.0,0
2583,2,1,1,1,4145.84,0,0,0.0,0.0,0.0,0,0,0.0,0
2584,3,2,1,2,24622.35,1,0,0.5,15.0,0.0,0,0,17.5,1
2585,11,8,3,10,90256.31,2,1,0.2,45.0,0.0,0,0,72.5,1
2586,6,4,2,5,48428.08,0,0,0.0,5.0,0.0,0,0,2.5,1
2587,2,1,1,1,21408.57,1,0,1.0,15.0,0.0,0,0,17.5,0
2588,2,1,1,1,20254.73,1,1,1.0,45.0,0.0,0,0,62.5,0
2589,2,1,1,1,11767.81,1,1,1.0,45.0,0.0,0,0,62.5,0
2590,5,3,2,4,21669.94,2,1,0.5,45.0,0.0,0,0,72.5,1
2591,8,6,2,7,60623.83,0,0,0.0,0.0,0.0,0,0,0.0,1
2592,4,3,1,3,43568.520000000004,0,0,0.0,15.0,1.0,0,0,12.5,1
2593,4,3,1,3,33671.79,0,0,0.0,0.0,0.0,0,0,0.0,1
2594,5,4,1,4,63529.77,0,0,0.0,15.0,1.0,0,0,12.5,1
2595,4,3,1,3,34962.19,1,0,0.3333333333333333,15.0,0.0,0,0,17.5,1
2596,2,1,1,1,4164.72,0,0,0.0,0.0,0.0,0,0,0.0,0
2597,3,2,1,2,41201.81,0,0,0.0,0.0,0.0,0,0,0.0,1
2598,5,4,1,4,51553.649999999994,0,0,0.0,0.0,0.0,0,0,0.0,1
2599,3,2,1,2,12942.86,0,0,0.0,15.0,1.0,0,0,12.5,1
2600,2,1,1,1,5102.81,0,0,0.0,0.0,0.0,0,0,0.0,0
2601,2,1,1,1,21470.52,0,0,0.0,0.0,0.0,0,0,0.0,0
2602,2,1,1,1,21873.3,0,0,0.0,0.0,0.0,0,0,0.0,0
2603,4,3,1,3,34204.3,1,1,0.3333333333333333,48.0,0.0,0,0,64.0,1
2604,7,5,2,6,52005.94,0,0,0.0,3.0,0.0,0,0,1.5,1
2605,3,2,1,2,23655.63,0,0,0.0,2.0,0.0,0,0,1.0,1
2606,2,1,1,1,6432.59,0,0,0.0,0.0,0.0,0,0,0.0,0
2607,2,1,1,1,16221.85,0,0,0.0,15.0,1.0,0,0,12.5,0
2608,5,3,2,4,50513.94,0,0,0.0,15.0,1.0,0,0,12.5,1
2609,3,2,1,2,2250.41,0,0,0.0,17.0,1.0,0,0,13.5,1
2610,4,3,1,3,49501.91,0,0,0.0,0.0,0.0,0,0,0.0,1
2611,2,1,1,1,8879.57,0,0,0.0,0.0,0.0,0,0,0.0,0
2612,4,3,1,3,50991.299999999996,1,0,0.3333333333333333,15.0,0.0,0,0,17.5,1
2613,3,2,1,2,9139.83,0,0,0.0,0.0,0.0,0,0,0.0,1
2614,6,4,2,5,46303.1,0,0,0.0,5.0,0.0,0,0,2.5,1
2615,6,5,1,5,40879.619999999995,0,0,0.0,5.0,0.0,0,0,2.5,1
2616,2,1,1,1,839.58,1,1,1.0,75.0,1.0,1,0,87.5,0
2617,4,3,1,3,17002.440000000002,0,0,0.0,15.0,1.0,0,0,12.5,1
2618,4,3,1,3,42186.84,0,0,0.0,18.0,2.0,0,0,19.0,1
2619,6,5,1,5,58094.31,1,1,0.2,45.0,0.0,0,0,62.5,1
2620,4,3,1,3,19137.609999999997,1,1,0.3333333333333333,45.0,0.0,0,0,62.5,1
2621,5,4,1,4,65887.25,2,1,0.5,45.0,0.0,0,0,72.5,1
2622,4,3,1,3,49251.05,0,0,0.0,5.0,0.0,0,0,2.5,1
2623,12,8,4,11,113509.6,0,0,0.0,5.0,0.0,0,0,2.5,1
2624,3,2,1,2,19895.81,0,0,0.0,0.0,0.0,0,0,0.0,1
2625,3,2,1,2,14318.66,0,0,0.0,0.0,0.0,0,0,0.0,1
2626,3,2,1,2,9799.28,0,0,0.0,0.0,0.0,0,0,0.0,1
2627,3,2,1,2,32762.74,0,0,0.0,0.0,0.0,0,0,0.0,1
2628,3,2,1,2,-14659.42,0,0,0.0,0.0,0.0,0,0,0.0,1
2629,3,2,1,2,21652.77,0,0,0.0,0.0,0.0,0,0,0.0,1
2630,2,1,1,1,18542.8,0,0,0.0,0.0,0.0,0,0,0.0,0
2631,7,5,2,6,55121.33,0,0,0.0,0.0,0.0,0,0,0.0,1
2632,3,2,1,2,29870.97,0,0,0.0,15.0,1.0,0,0,12.5,1
2633,4,3,1,3,33300.07,1,0,0.3333333333333333,15.0,0.0,0,0,17.5,1
2634,3,2,1,2,1732.01,1,0,0.5,15.0,1.0,0,0,22.5,1
2635,8,6,2,7,84319.97,1,0,0.14285714285714285,15.0,0.0,0,0,17.5,1
2636,3,2,1,2,47657.45,0,0,0.0,3.0,0.0,0,0,1.5,1
2637,2,1,1,1,6960.81,0,0,0.0,0.0,0.0,0,0,0.0,0
2638,2,1,1,1,18888.38,0,0,0.0,0.0,0.0,0,0,0.0,0
2639,3,2,1,2,14538.35,0,0,0.0,0.0,0.0,0,0,0.0,1
2640,2,1,1,1,9432.58,0,0,0.0,0.0,0.0,0,0,0.0,0
2641,6,4,2,5,48874.13,0,0,0.0,0.0,0.0,0,0,0.0,1
2642,5,4,1,4,31102.23,0,0,0.0,0.0,0.0,0,0,0.0,1
2643,4,3,1,3,49697.07,0,0,0.0,0.0,0.0,0,0,0.0,1
2644,4,2,2,3,28458.68,0,0,0.0,5.0,0.0,0,0,2.5,1
2645,5,4,1,4,22753.11,0,0,0.0,5.0,0.0,0,0,2.5,1
2646,4,3,1,3,20630.75,1,0,0.3333333333333333,15.0,0.0,0,0,17.5,1
2647,5,4,1,4,32377.19,1,1,0.25,45.0,0.0,0,0,62.5,1
2648,3,2,1,2,34380.56,1,0,0.5,15.0,0.0,0,0,17.5,1
2649,7,5,2,6,47775.28,1,0,0.16666666666666666,15.0,0.0,0,0,17.5,1
2650,6,4,2,5,15874.27,1,1,0.2,45.0,0.0,0,0,62.5,1
2651,6,5,1,5,87402.38,0,0,0.0,17.0,1.0,0,0,13.5,1
2652,11,8,3,10,119590.69,1,0,0.1,15.0,0.0,0,0,17.5,1
2653,4,3,1,3,23870.33,0,0,0.0,0.0,0.0,0,0,0.0,1
2654,2,1,1,1,22042.07,1,1,1.0,45.0,0.0,0,0,62.5,0
2655,3,2,1,2,17690.5,0,0,0.0,0.0,0.0,0,0,0.0,1
2656,4,3,1,3,8735.779999999999,1,0,0.3333333333333333,15.0,0.0,0,0,17.5,1
2657,2,1,1,1,7434.96,0,0,0.0,0.0,0.0,0,0,0.0,0
2658,2,1,1,1,18335.53,0,0,0.0,0.0,0.0,0,0,0.0,0
2659,4,3,1,3,13206.18,1,0,0.3333333333333333,15.0,0.0,0,0,17.5,1
2660,4,3,1,3,40335.299999999996,0,0,0.0,0.0,0.0,0,0,0.0,1
2661,2,1,1,1,9554.67,0,0,0.0,0.0,0.0,0,0,0.0,0
2662,5,4,1,4,43175.5,1,0,0.25,15.0,0.0,0,0,17.5,1
2663,3,2,1,2,22974.18,1,0,0.5,15.0,0.0,0,0,17.5,1
2664,6,4,2,5,70944.45,1,1,0.2,45.0,0.0,0,0,62.5,1
2665,6,5,1,5,29550.59,1,0,0.2,15.0,0.0,0,0,17.5,1
2666,8,6,2,7,47346.84,1,0,0.14285714285714285,15.0,0.0,0,0,17.5,1
2667,2,1,1,1,4074.89,0,0,0.0,0.0,0.0,0,0,0.0,0
2668,6,5,1,5,33294.83,0,0,0.0,5.0,0.0,0,0,2.5,1
2669,2,1,1,1,11337.01,1,1,1.0,60.0,1.0,0,0,75.0,0
2670,3,2,1,2,15263.88,1,0,0.5,25.0,1.0,1,0,32.5,1
2671,3,2,1,2,33471.77,1,1,0.5,45.0,0.0,0,0,62.5,1
2672,4,3,1,3,45123.08,1,0,0.3333333333333333,15.0,0.0,0,0,17.5,1
2673,4,3,1,3,30451.22,0,0,0.0,0.0,0.0,0,0,0.0,1
2674,2,1,1,1,0.0,0,0,0.0,0.0,0.0,0,0,0.0,0
2675,3,2,1,2,19194.47,1,0,0.5,15.0,0.0,0,0,17.5,1
2676,6,5,1,5,55761.97,0,0,0.0,0.0,0.0,0,0,0.0,1
2677,5,4,1,4,16933.94,1,0,0.25,15.0,0.0,0,0,17.5,1
2678,2,1,1,1,6857.88,0,0,0.0,0.0,0.0,0,0,0.0,0
2679,4,2,2,3,19278.23,1,0,0.3333333333333333,15.0,1.0,0,0,22.5,1
2680,7,4,3,6,57221.65,0,0,0.0,5.0,0.0,0,0,2.5,1
2681,9,8,1,8,42727.35,0,0,0.0,15.0,1.0,0,0,12.5,1
2682,2,1,1,1,8119.42,0,0,0.0,0.0,0.0,0,0,0.0,0
2683,3,2,1,2,13643.53,1,0,0.5,30.0,1.0,0,0,30.0,1
2684,3,2,1,2,25205.46,0,0,0.0,15.0,1.0,0,0,12.5,1
2685,3,2,1,2,16457.760000000002,0,0,0.0,0.0,0.0,0,0,0.0,1
2686,3,2,1,2,-4828.82,0,0,0.0,0.0,0.0,0,0,0.0,1
2687,3,2,1,2,17691.39,0,0,0.0,0.0,0.0,0,0,0.0,1
2688,4,3,1,3,36854.39,1,0,0.3333333333333333,35.0,1.0,0,0,32.5,1
2689,4,3,1,3,28725.399999999998,1,1,0.3333333333333333,60.0,1.0,0,0,75.0,1
2690,5,4,1,4,53878.54,1,0,0.25,20.0,0.0,0,0,20.0,1
2691,7,5,2,6,100684.13,0,0,0.0,3.0,0.0,0,0,1.5,1
2692,3,2,1,2,24409.88,0,0,0.0,0.0,0.0,0,0,0.0,1
2693,10,7,3,9,39132.72,0,0,0.0,15.0,2.0,0,0,17.5,1
2694,3,2,1,2,18787.61,0,0,0.0,0.0,0.0,0,0,0.0,1
2695,3,2,1,2,9546.6,0,0,0.0,5.0,0.0,0,0,2.5,1
2696,8,6,2,7,68566.06,0,0,0.0,15.0,1.0,0,0,12.5,1
2697,2,1,1,1,12393.52,0,0,0.0,0.0,0.0,0,0,0.0,0
2698,4,3,1,3,20388.39,0,0,0.0,15.0,1.0,0,0,12.5,1
2699,4,3,1,3,27690.79,1,1,0.3333333333333333,45.0,0.0,0,0,62.5,1
2700,3,2,1,2,23881.15,0,0,0.0,0.0,0.0,0,0,0.0,1
2701,3,2,1,2,23728.3,1,0,0.5,15.0,0.0,0,0,17.5,1
2702,3,2,1,2,9709.43,0,0,0.0,0.0,0.0,0,0,0.0,1
2703,3,2,1,2,13534.29,0,0,0.0,0.0,0.0,0,0,0.0,1
2704,5,4,1,4,27850.56,0,0,0.0,0.0,0.0,0,0,0.0,1
2705,4,3,1,3,30705.449999999997,0,0,0.0,0.0,0.0,0,0,0.0,1
2706,3,2,1,2,23028.239999999998,0,0,0.0,0.0,0.0,0,0,0.0,1
2707,3,2,1,2,42861.28999999999,0,0,0.0,8.0,0.0,0,0,4.0,1
2708,8,5,3,7,70072.29000000001,0,0,0.0,3.0,0.0,0,0,1.5,1
2709,5,3,2,4,47971.81,0,0,0.0,0.0,0.0,0,0,0.0,1
2710,2,1,1,1,5759.51,0,0,0.0,0.0,0.0,0,0,0.0,0
2711,3,2,1,2,10490.55,0,0,0.0,5.0,0.0,0,0,2.5,1
2712,3,2,1,2,40807.04,0,0,0.0,15.0,1.0,0,0,12.5,1
2713,6,5,1,5,50918.52,1,0,0.2,15.0,0.0,0,0,17.5,1
2714,3,2,1,2,33986.12,0,0,0.0,0.0,0.0,0,0,0.0,1
2715,4,3,1,3,37190.83,0,0,0.0,0.0,0.0,0,0,0.0,1
2716,3,2,1,2,30202.34,0,0,0.0,0.0,0.0,0,0,0.0,1
2717,9,6,3,8,74801.76000000001,0,0,0.0,0.0,0.0,0,0,0.0,1
2718,4,3,1,3,35337.12,0,0,0.0,15.0,1.0,0,0,12.5,1
2719,2,1,1,1,9256.39,0,0,0.0,0.0,0.0,0,0,0.0,0
2720,6,4,2,5,92117.29,1,0,0.2,15.0,0.0,0,0,17.5,1
2721,5,4,1,4,40013.64,0,0,0.0,15.0,1.0,0,0,12.5,1
2722,5,4,1,4,51562.06,0,0,0.0,15.0,1.0,0,0,12.5,1
2723,3,2,1,2,34329.31,1,0,0.5,15.0,0.0,0,0,17.5,1
2724,6,4,2,5,63341.23,0,0,0.0,15.0,2.0,0,0,17.5,1
2725,3,2,1,2,37347.03,1,0,0.5,20.0,0.0,0,0,20.0,1
2726,3,2,1,2,35525.159999999996,0,0,0.0,20.0,1.0,0,0,15.0,1
2727,7,6,1,6,66940.09,1,0,0.16666666666666666,20.0,1.0,0,0,25.0,1
2728,4,2,2,3,26577.53,0,0,0.0,15.0,1.0,0,0,12.5,1
2729,3,2,1,2,27147.32,0,0,0.0,0.0,0.0,0,0,0.0,1
2730,4,3,1,3,31570.54,1,0,0.3333333333333333,15.0,0.0,0,0,17.5,1
2731,4,3,1,3,68590.08,1,0,0.3333333333333333,23.0,0.0,0,0,21.5,1
2732,3,2,1,2,5124.29,1,1,0.5,45.0,0.0,0,0,62.5,1
2733,3,2,1,2,32437.9,1,1,0.5,45.0,0.0,0,0,62.5,1
2734,3,2,1,2,4914.18,0,0,0.0,0.0,0.0,0,0,0.0,1
2735,2,1,1,1,2587.64,0,0,0.0,0.0,0.0,0,0,0.0,0
2736,2,1,1,1,11683.41,0,0,0.0,0.0,0.0,0,0,0.0,0
2737,3,2,1,2,25163.910000000003,0,0,0.0,0.0,0.0,0,0,0.0,1
2738,4,3,1,3,21571.36,0,0,0.0,5.0,0.0,0,0,2.5,1
2739,3,2,1,2,0.0,0,0,0.0,0.0,0.0,0,0,0.0,1
2740,2,1,1,1,8989.88,1,0,1.0,30.0,1.0,0,0,30.0,0
2741,3,2,1,2,17311.87,0,0,0.0,5.0,0.0,0,0,2.5,1
2742,5,4,1,4,54010.79,0,0,0.0,3.0,0.0,0,0,1.5,1
2743,6,5,1,5,64762.340000000004,1,1,0.2,45.0,0.0,0,0,62.5,1
2744,4,3,1,3,27614.850000000002,0,0,0.0,20.0,1.0,0,0,15.0,1
2745,8,6,2,7,59809.450000000004,3,2,0.42857142857142855,60.0,1.0,0,0,125.0,1
2746,4,3,1,3,-3004.0,0,0,0.0,0.0,0.0,0,0,0.0,1
2747,6,4,2,5,26270.79,0,0,0.0,15.0,2.0,0,0,17.5,1
2748,3,2,1,2,7287.67,0,0,0.0,0.0,0.0,0,0,0.0,1
2749,5,4,1,4,72914.23,0,0,0.0,8.0,0.0,0,0,4.0,1
2750,4,3,1,3,32293.260000000002,0,0,0.0,0.0,0.0,0,0,0.0,1
2751,8,6,2,7,86948.98999999999,1,0,0.14285714285714285,15.0,0.0,0,0,17.5,1
2752,2,1,1,1,21946.97,0,0,0.0,0.0,0.0,0,0,0.0,0
2753,2,1,1,1,19451.87,0,0,0.0,15.0,1.0,0,0,12.5,0
2754,2,1,1,1,10687.77,0,0,0.0,20.0,1.0,0,0,15.0,0
2755,14,11,3,13,161473.72,1,0,0.07692307692307693,15.0,0.0,0,0,17.5,1
2756,8,6,2,7,90806.81,1,1,0.14285714285714285,45.0,0.0,0,0,62.5,1
2757,4,3,1,3,30138.039999999997,0,0,0.0,0.0,0.0,0,0,0.0,1
2758,3,2,1,2,9124.59,0,0,0.0,0.0,0.0,0,0,0.0,1
2759,4,3,1,3,11715.44,1,0,0.3333333333333333,15.0,0.0,0,0,17.5,1
2760,4,3,1,3,38354.130000000005,2,1,0.6666666666666666,45.0,0.0,0,0,72.5,1
2761,5,4,1,4,52526.68,1,1,0.25,45.0,0.0,0,0,62.5,1
2762,2,1,1,1,0.0,1,1,1.0,45.0,0.0,0,0,62.5,0
2763,4,3,1,3,47710.520000000004,0,0,0.0,0.0,0.0,0,0,0.0,1
2764,7,5,2,6,71150.52,0,0,0.0,0.0,0.0,0,0,0.0,1
2765,8,5,3,7,87620.91,0,0,0.0,3.0,0.0,0,0,1.5,1
2766,3,2,1,2,17756.45,1,0,0.5,15.0,0.0,0,0,17.5,1
2767,4,3,1,3,54498.51,1,1,0.3333333333333333,45.0,0.0,0,0,62.5,1
2768,8,6,2,7,30837.78,1,1,0.14285714285714285,45.0,0.0,0,0,62.5,1
2769,3,2,1,2,20951.7,0,0,0.0,0.0,0.0,0,0,0.0,1
2770,4,3,1,3,25366.300000000003,2,0,0.6666666666666666,15.0,0.0,0,0,27.5,1
2771,3,2,1,2,27867.030000000002,0,0,0.0,5.0,0.0,0,0,2.5,1
2772,7,5,2,6,54197.09,0,0,0.0,0.0,0.0,0,0,0.0,1
2773,2,1,1,1,8396.88,0,0,0.0,0.0,0.0,0,0,0.0,0
2774,4,3,1,3,22502.97,0,0,0.0,0.0,0.0,0,0,0.0,1
2775,4,3,1,3,10126.119999999999,0,0,0.0,15.0,1.0,0,0,12.5,1
2776,4,3,1,3,50122.600000000006,1,0,0.3333333333333333,15.0,0.0,0,0,17.5,1
2777,5,4,1,4,37929.1,1,0,0.25,15.0,0.0,0,0,17.5,1
2778,6,4,2,5,53372.08,2,2,0.4,45.0,0.0,0,0,102.5,1
2779,4,3,1,3,42783.92,0,0,0.0,0.0,0.0,0,0,0.0,1
2780,7,4,3,6,69100.41,0,0,0.0,0.0,0.0,0,0,0.0,1
2781,4,3,1,3,28097.25,0,0,0.0,0.0,0.0,0,0,0.0,1
2782,7,4,3,6,90864.26000000001,1,0,0.16666666666666666,18.0,0.0,0,0,19.0,1
2783,2,1,1,1,18586.39,0,0,0.0,0.0,0.0,0,0,0.0,0
2784,3,2,1,2,33598.71,1,0,0.5,15.0,0.0,0,0,17.5,1
2785,2,1,1,1,18449.36,0,0,0.0,0.0,0.0,0,0,0.0,0
2786,7,6,1,6,32091.260000000002,0,0,0.0,15.0,1.0,0,0,12.5,1
2787,7,4,3,6,49417.06,1,1,0.16666666666666666,45.0,0.0,0,0,62.5,1
2788,2,1,1,1,13153.4,0,0,0.0,0.0,0.0,0,0,0.0,0
2789,4,3,1,3,35331.74,0,0,0.0,20.0,1.0,0,0,15.0,1
2790,5,3,2,4,28091.769999999997,1,0,0.25,17.0,0.0,0,0,18.5,1
2791,3,2,1,2,32783.649999999994,1,0,0.5,15.0,0.0,0,0,17.5,1
2792,5,4,1,4,42577.08,2,1,0.5,55.0,0.0,1,4,94.5,1
2793,4,2,2,3,42955.79,1,1,0.3333333333333333,45.0,0.0,0,0,62.5,1
2794,7,5,2,6,81966.73999999999,1,0,0.16666666666666666,17.0,0.0,0,0,18.5,1
2795,5,3,2,4,29213.800000000003,1,0,0.25,15.0,0.0,0,0,17.5,1
2796,2,1,1,1,22066.31,0,0,0.0,0.0,0.0,0,0,0.0,0
2797,4,2,2,3,30917.82,0,0,0.0,0.0,0.0,0,0,0.0,1
2798,6,5,1,5,41623.73,3,2,0.6,70.0,1.0,0,5,145.0,1
2799,4,2,2,3,35414.6,1,1,0.3333333333333333,47.0,0.0,0,0,63.5,1
2800,2,1,1,1,7887.81,0,0,0.0,0.0,0.0,0,0,0.0,0
2801,4,3,1,3,39340.33,0,0,0.0,0.0,0.0,0,0,0.0,1
2802,5,4,1,4,36266.740000000005,1,0,0.25,15.0,0.0,0,0,17.5,1
2803,2,1,1,1,2643.07,0,0,0.0,0.0,0.0,0,0,0.0,0
2804,3,2,1,2,32346.15,0,0,0.0,3.0,0.0,0,0,1.5,1
2805,4,3,1,3,71273.07,1,0,0.3333333333333333,15.0,0.0,0,0,17.5,1
2806,3,1,2,2,14601.21,0,0,0.0,5.0,0.0,0,0,2.5,0
2807,2,1,1,1,11603.77,0,0,0.0,0.0,0.0,0,0,0.0,0
2808,7,6,1,6,61273.83,1,0,0.16666666666666666,15.0,0.0,0,0,17.5,1
2809,2,1,1,1,11866.13,0,0,0.0,0.0,0.0,0,0,0.0,0
2810,3,2,1,2,5275.09,0,0,0.0,5.0,0.0,0,0,2.5,1
2811,3,2,1,2,33503.03,1,0,0.5,15.0,0.0,0,0,17.5,1
2812,3,2,1,2,17542.97,1,1,0.5,45.0,1.0,0,0,67.5,1
2813,4,3,1,3,47166.97,3,2,1.0,55.0,0.0,0,3,126.5,1
2814,6,4,2,5,38305.409999999996,1,1,0.2,55.0,2.0,1,0,82.5,1
2815,5,4,1,4,30897.0,0,0,0.0,0.0,0.0,0,0,0.0,1
2816,2,1,1,1,2239.66,0,0,0.0,0.0,0.0,0,0,0.0,0
2817,2,1,1,1,2361.76,0,0,0.0,0.0,0.0,0,0,0.0,0
2818,2,1,1,1,359.4,1,0,1.0,15.0,0.0,0,0,17.5,0
2819,4,2,2,3,28056.95,0,0,0.0,7.0,0.0,0,0,3.5,1
2820,2,1,1,1,13669.91,0,0,0.0,0.0,0.0,0,0,0.0,0
2821,3,2,1,2,19350.15,0,0,0.0,0.0,0.0,0,0,0.0,1
2822,4,3,1,3,50540.8,0,0,0.0,0.0,0.0,0,0,0.0,1
2823,4,3,1,3,52174.34,0,0,0.0,0.0,0.0,0,0,0.0,1
2824,3,2,1,2,35774.61,0,0,0.0,0.0,0.0,0,0,0.0,1
2825,5,4,1,4,45770.63,1,0,0.25,17.0,0.0,0,0,18.5,1
2826,2,1,1,1,3427.51,0,0,0.0,0.0,0.0,0,0,0.0,0
2827,3,2,1,2,32749.0,0,0,0.0,0.0,0.0,0,0,0.0,1
2828,6,4,2,5,53913.119999999995,0,0,0.0,0.0,0.0,0,0,0.0,1
2829,3,2,1,2,21916.19,0,0,0.0,0.0,0.0,0,0,0.0,1
2830,2,1,1,1,17795.95,1,0,1.0,15.0,0.0,0,0,17.5,0
2831,4,3,1,3,62191.770000000004,0,0,0.0,5.0,0.0,0,0,2.5,1
2832,2,1,1,1,2020.28,0,0,0.0,20.0,1.0,0,0,15.0,0
2833,3,1,2,2,25501.45,0,0,0.0,2.0,0.0,0,0,1.0,0
2834,4,3,1,3,45856.48,1,0,0.3333333333333333,15.0,0.0,0,0,17.5,1
2835,5,4,1,4,75347.67,0,0,0.0,0.0,0.0,0,0,0.0,1
2836,5,4,1,4,33727.55,2,1,0.5,60.0,1.0,0,0,85.0,1
2837,2,1,1,1,13456.99,0,0,0.0,0.0,0.0,0,0,0.0,0
2838,2,1,1,1,17070.64,0,0,0.0,0.0,0.0,0,0,0.0,0
2839,5,4,1,4,43551.31,0,0,0.0,5.0,0.0,0,0,2.5,1
2840,4,2,2,3,26282.89,0,0,0.0,0.0,0.0,0,0,0.0,1
2841,8,6,2,7,69484.52,1,1,0.14285714285714285,45.0,0.0,0,0,62.5,1
2842,2,1,1,1,18962.51,0,0,0.0,0.0,0.0,0,0,0.0,0
2843,5,3,2,4,21745.4,0,0,0.0,0.0,0.0,0,0,0.0,1
2844,2,1,1,1,6431.24,0,0,0.0,0.0,0.0,0,0,0.0,0
2845,11,9,2,10,101866.33,1,1,0.1,45.0,2.0,0,0,72.5,1
2846,3,2,1,2,11273.28,0,0,0.0,0.0,0.0,0,0,0.0,1
2847,5,4,1,4,16713.93,1,0,0.25,15.0,0.0,0,0,17.5,1
2848,10,7,3,9,108294.70999999999,2,2,0.2222222222222222,55.0,0.0,2,0,117.5,1
2849,3,2,1,2,0.0,0,0,0.0,0.0,0.0,0,0,0.0,1
2850,2,1,1,1,3217.46,0,0,0.0,0.0,0.0,0,0,0.0,0
2851,3,2,1,2,30314.219999999998,0,0,0.0,3.0,0.0,0,0,1.5,1
2852,3,2,1,2,19278.02,0,0,0.0,0.0,0.0,0,0,0.0,1
2853,3,2,1,2,31193.22,0,0,0.0,5.0,0.0,0,0,2.5,1
2854,3,2,1,2,20606.44,2,1,1.0,45.0,0.0,0,0,72.5,1
2855,2,1,1,1,2202.06,0,0,0.0,0.0,0.0,0,0,0.0,0
2856,3,2,1,2,20572.9,1,0,0.5,15.0,0.0,0,0,17.5,1
2857,2,1,1,1,17605.45,0,0,0.0,0.0,0.0,0,0,0.0,0
2858,4,3,1,3,36191.94,0,0,0.0,15.0,1.0,0,0,12.5,1
2859,8,6,2,7,87658.62,1,0,0.14285714285714285,15.0,1.0,0,0,22.5,1
2860,7,6,1,6,101216.95999999999,1,0,0.16666666666666666,28.0,1.0,1,0,34.0,1
2861,3,2,1,2,17268.48,0,0,0.0,0.0,0.0,0,0,0.0,1
2862,3,2,1,2,4726.64,0,0,0.0,0.0,0.0,0,0,0.0,1
2863,4,3,1,3,47907.78,0,0,0.0,0.0,0.0,0,0,0.0,1
2864,2,1,1,1,15449.15,0,0,0.0,0.0,0.0,0,0,0.0,0
2865,5,4,1,4,57906.43,0,0,0.0,18.0,1.0,0,0,14.0,1
2866,4,3,1,3,33818.17,0,0,0.0,2.0,0.0,0,0,1.0,1
2867,3,2,1,2,12313.21,0,0,0.0,0.0,0.0,0,0,0.0,1
2868,3,2,1,2,27401.059999999998,0,0,0.0,0.0,0.0,0,0,0.0,1
2869,4,3,1,3,50172.53,0,0,0.0,5.0,0.0,0,0,2.5,1
2870,3,2,1,2,37058.850000000006,0,0,0.0,5.0,0.0,0,0,2.5,1
2871,3,2,1,2,21518.94,0,0,0.0,15.0,1.0,0,0,12.5,1
2872,4,3,1,3,53521.06,0,0,0.0,0.0,0.0,0,0,0.0,1
2873,3,2,1,2,32534.81,0,0,0.0,0.0,0.0,0,0,0.0,1
2874,2,1,1,1,0.0,1,0,1.0,30.0,1.0,0,0,30.0,0
2875,3,2,1,2,20073.78,0,0,0.0,3.0,0.0,0,0,1.5,1
2876,6,5,1,5,17547.08,0,0,0.0,5.0,0.0,0,0,2.5,1
2877,6,5,1,5,64292.270000000004,0,0,0.0,15.0,1.0,0,0,12.5,1
2878,4,3,1,3,16574.449999999997,0,0,0.0,17.0,1.0,0,0,13.5,1
2879,6,5,1,5,64304.450000000004,1,1,0.2,45.0,0.0,0,0,62.5,1
2880,4,3,1,3,32384.49,1,0,0.3333333333333333,15.0,0.0,0,0,17.5,1
2881,4,3,1,3,14354.93,0,0,0.0,0.0,0.0,0,0,0.0,1
2882,3,2,1,2,32336.649999999998,1,0,0.5,15.0,1.0,0,0,22.5,1
2883,5,4,1,4,26637.29,0,0,0.0,0.0,0.0,0,0,0.0,1
2884,4,3,1,3,38319.17,0,0,0.0,0.0,0.0,0,0,0.0,1
2885,3,2,1,2,31369.89,1,0,0.5,15.0,0.0,0,0,17.5,1
2886,2,1,1,1,16621.83,0,0,0.0,2.0,0.0,0,0,1.0,0
2887,5,4,1,4,53650.33,1,0,0.25,20.0,0.0,0,0,20.0,1
2888,2,1,1,1,5256.2,0,0,0.0,0.0,0.0,0,0,0.0,0
2889,4,2,2,3,17931.58,0,0,0.0,0.0,0.0,0,0,0.0,1
2890,5,4,1,4,-7434.110000000001,1,0,0.25,15.0,0.0,0,0,17.5,1
2891,4,3,1,3,25549.05,0,0,0.0,5.0,0.0,0,0,2.5,1
2892,4,3,1,3,52420.51,0,0,0.0,0.0,0.0,0,0,0.0,1
2893,3,2,1,2,26986.489999999998,0,0,0.0,0.0,0.0,0,0,0.0,1
2894,4,3,1,3,42002.92,1,1,0.3333333333333333,45.0,0.0,0,0,62.5,1
2895,4,3,1,3,37179.97,1,0,0.3333333333333333,15.0,0.0,0,0,17.5,1
2896,3,2,1,2,21785.13,0,0,0.0,0.0,0.0,0,0,0.0,1
2897,9,7,2,8,36522.13,1,0,0.125,15.0,2.0,0,0,27.5,1
2898,6,5,1,5,71763.88,0,0,0.0,5.0,0.0,0,0,2.5,1
2899,2,1,1,1,8554.94,0,0,0.0,0.0,0.0,0,0,0.0,0
2900,3,2,1,2,5738.99,0,0,0.0,0.0,0.0,0,0,0.0,1
2901,4,3,1,3,50744.85,1,0,0.3333333333333333,15.0,0.0,0,0,17.5,1
2902,4,3,1,3,27184.14,0,0,0.0,15.0,1.0,0,0,12.5,1
2903,6,4,2,5,47647.630000000005,1,0,0.2,30.0,1.0,0,0,30.0,1
2904,4,3,1,3,36773.51,0,0,0.0,15.0,1.0,0,0,12.5,1
2905,5,4,1,4,30074.65,0,0,0.0,3.0,0.0,0,0,1.5,1
2906,2,1,1,1,6906.82,0,0,0.0,0.0,0.0,0,0,0.0,0
2907,5,4,1,4,34266.86,1,0,0.25,15.0,0.0,0,0,17.5,1
2908,3,2,1,2,15970.23,0,0,0.0,15.0,1.0,0,0,12.5,1
2909,3,2,1,2,2887.26,0,0,0.0,0.0,0.0,0,0,0.0,1
2910,3,2,1,2,30461.55,0,0,0.0,20.0,2.0,0,0,20.0,1
2911,9,6,3,8,87172.92000000001,1,0,0.125,15.0,0.0,0,0,17.5,1
2912,11,9,2,10,128403.74,0,0,0.0,20.0,1.0,0,0,15.0,1
2913,2,1,1,1,-8480.86,0,0,0.0,0.0,0.0,0,0,0.0,0
2914,4,3,1,3,27190.34,1,0,0.3333333333333333,20.0,1.0,0,0,25.0,1
2915,8,5,3,7,80403.46,1,0,0.14285714285714285,17.0,0.0,0,0,18.5,1
2916,11,7,4,10,66286.81,0,0,0.0,15.0,1.0,0,0,12.5,1
2917,5,4,1,4,49910.29,0,0,0.0,3.0,0.0,0,0,1.5,1
2918,2,1,1,1,13948.54,0,0,0.0,0.0,0.0,0,0,0.0,0
2919,3,2,1,2,34337.31,0,0,0.0,15.0,1.0,0,0,12.5,1
2920,3,2,1,2,22051.93,1,1,0.5,45.0,0.0,0,0,62.5,1
2921,3,2,1,2,2929.14,0,0,0.0,0.0,0.0,0,0,0.0,1
2922,3,2,1,2,25111.800000000003,0,0,0.0,0.0,0.0,0,0,0.0,1
2923,2,1,1,1,10409.69,0,0,0.0,0.0,0.0,0,0,0.0,0
2924,3,2,1,2,3005.44,0,0,0.0,0.0,0.0,0,0,0.0,1
2925,6,5,1,5,36774.75,1,1,0.2,45.0,1.0,0,0,67.5,1
2926,5,4,1,4,29337.0,0,0,0.0,5.0,0.0,0,0,2.5,1
2927,3,2,1,2,14418.77,0,0,0.0,0.0,0.0,0,0,0.0,1
2928,5,4,1,4,25510.23,0,0,0.0,0.0,0.0,0,0,0.0,1
2929,3,2,1,2,-2878.0999999999995,0,0,0.0,0.0,0.0,0,0,0.0,1
2930,2,1,1,1,13009.32,0,0,0.0,0.0,0.0,0,0,0.0,0
2931,5,4,1,4,25073.409999999996,1,0,0.25,30.0,1.0,0,0,30.0,1
2932,3,2,1,2,8828.3,0,0,0.0,0.0,0.0,0,0,0.0,1
2933,4,3,1,3,42523.759999999995,0,0,0.0,15.0,1.0,0,0,12.5,1
2934,10,7,3,9,85231.23000000001,1,1,0.1111111111111111,48.0,0.0,0,0,64.0,1
2935,3,2,1,2,8708.91,0,0,0.0,0.0,0.0,0,0,0.0,1
2936,5,4,1,4,48446.43,0,0,0.0,0.0,0.0,0,0,0.0,1
2937,5,3,2,4,16148.17,1,1,0.25,55.0,0.0,1,0,72.5,1
2938,7,5,2,6,61541.350000000006,0,0,0.0,15.0,2.0,0,0,17.5,1
2939,4,2,2,3,26565.46,0,0,0.0,5.0,0.0,0,0,2.5,1
2940,7,5,2,6,87688.65,1,1,0.16666666666666666,45.0,1.0,0,0,67.5,1
2941,2,1,1,1,533.14,0,0,0.0,0.0,0.0,0,0,0.0,0
2942,3,2,1,2,29407.34,0,0,0.0,0.0,0.0,0,0,0.0,1
2943,4,3,1,3,33718.899999999994,0,0,0.0,0.0,0.0,0,0,0.0,1
2944,5,3,2,4,20997.45,1,1,0.25,45.0,0.0,0,0,62.5,1
2945,5,4,1,4,-6571.420000000001,1,0,0.25,15.0,0.0,0,0,17.5,1
2946,2,1,1,1,24944.63,0,0,0.0,3.0,0.0,0,0,1.5,0
2947,10,7,3,9,72775.91,2,0,0.2222222222222222,25.0,0.0,2,0,42.5,1
2948,3,2,1,2,28169.07,0,0,0.0,0.0,0.0,0,0,0.0,1
2949,2,1,1,1,19813.49,0,0,0.0,15.0,1.0,0,0,12.5,0
2950,2,1,1,1,12453.74,0,0,0.0,0.0,0.0,0,0,0.0,0
2951,2,1,1,1,10341.28,0,0,0.0,0.0,0.0,0,0,0.0,0
2952,3,2,1,2,25459.07,0,0,0.0,0.0,0.0,0,0,0.0,1
2953,4,3,1,3,50584.56,0,0,0.0,0.0,0.0,0,0,0.0,1
2954,4,3,1,3,2286.7,1,0,0.3333333333333333,15.0,1.0,0,0,22.5,1
2955,3,1,2,2,30058.95,0,0,0.0,0.0,0.0,0,0,0.0,0
2956,4,3,1,3,33055.14,1,0,0.3333333333333333,17.0,0.0,0,0,18.5,1
2957,8,6,2,7,88802.5,2,1,0.2857142857142857,45.0,0.0,0,0,72.5,1
2958,3,2,1,2,1643.25,0,0,0.0,0.0,0.0,0,0,0.0,1
2959,5,4,1,4,28253.719999999998,0,0,0.0,15.0,1.0,0,0,12.5,1
2960,3,2,1,2,29412.16,0,0,0.0,0.0,0.0,0,0,0.0,1
2961,7,6,1,6,90150.45,1,1,0.16666666666666666,45.0,0.0,0,0,62.5,1
2962,3,2,1,2,28824.76,0,0,0.0,0.0,0.0,0,0,0.0,1
2963,6,4,2,5,75933.67,1,1,0.2,45.0,0.0,0,0,62.5,1
2964,3,2,1,2,25761.399999999998,1,1,0.5,60.0,0.0,1,0,75.0,1
2965,8,7,1,7,89382.36,1,0,0.14285714285714285,15.0,0.0,0,0,17.5,1
2966,2,1,1,1,0.0,0,0,0.0,2.0,0.0,0,0,1.0,0
2967,4,3,1,3,36876.950000000004,0,0,0.0,0.0,0.0,0,0,0.0,1
2968,3,2,1,2,24584.62,0,0,0.0,0.0,0.0,0,0,0.0,1
2969,5,4,1,4,64464.25,0,0,0.0,5.0,0.0,0,0,2.5,1
2970,2,1,1,1,15802.0,0,0,0.0,0.0,0.0,0,0,0.0,0
2971,5,4,1,4,46803.229999999996,1,1,0.25,45.0,1.0,0,0,67.5,1
2972,5,4,1,4,30242.18,0,0,0.0,0.0,0.0,0,0,0.0,1
2973,3,2,1,2,24276.02,0,0,0.0,3.0,0.0,0,0,1.5,1
2974,3,2,1,2,12956.400000000001,1,0,0.5,15.0,0.0,0,0,17.5,1
2975,3,2,1,2,18595.98,1,0,0.5,20.0,0.0,0,0,20.0,1
2976,11,9,2,10,143661.98,2,0,0.2,20.0,0.0,0,0,30.0,1
2977,9,7,2,8,45139.420000000006,0,0,0.0,15.0,1.0,0,0,12.5,1
2978,3,2,1,2,25517.47,0,0,0.0,0.0,0.0,0,0,0.0,1
2979,3,2,1,2,6651.280000000001,0,0,0.0,15.0,1.0,0,0,12.5,1
2980,8,7,1,7,80265.25,1,1,0.14285714285714285,60.0,1.0,0,0,75.0,1
2981,5,3,2,4,50942.89,2,0,0.5,15.0,0.0,0,0,27.5,1
2982,4,3,1,3,24877.92,0,0,0.0,15.0,2.0,0,0,17.5,1
2983,2,1,1,1,18332.79,0,0,0.0,0.0,0.0,0,0,0.0,0
2984,6,5,1,5,67524.08,0,0,0.0,5.0,0.0,0,0,2.5,1
2985,3,2,1,2,24588.55,0,0,0.0,0.0,0.0,0,0,0.0,1
2986,3,2,1,2,29441.01,0,0,0.0,15.0,1.0,0,0,12.5,1
2987,4,2,2,3,13210.9,1,0,0.3333333333333333,15.0,0.0,0,0,17.5,1
2988,7,5,2,6,60479.89,0,0,0.0,5.0,0.0,0,0,2.5,1
2989,3,2,1,2,11766.64,0,0,0.0,0.0,0.0,0,0,0.0,1
2990,4,3,1,3,46177.19,1,1,0.3333333333333333,45.0,1.0,0,0,67.5,1
2991,3,2,1,2,-8833.939999999999,0,0,0.0,15.0,1.0,0,0,12.5,1
2992,2,1,1,1,-11087.0,0,0,0.0,0.0,0.0,0,0,0.0,0
2993,4,3,1,3,44960.83,0,0,0.0,0.0,0.0,0,0,0.0,1
2994,7,5,2,6,48091.049999999996,1,0,0.16666666666666666,20.0,0.0,0,0,20.0,1
2995,2,1,1,1,16705.45,0,0,0.0,2.0,0.0,0,0,1.0,0
2996,4,3,1,3,31922.07,1,1,0.3333333333333333,45.0,0.0,0,0,62.5,1
2997,2,1,1,1,13039.21,1,0,1.0,15.0,0.0,0,0,17.5,0
2998,5,4,1,4,65179.340000000004,0,0,0.0,0.0,0.0,0,0,0.0,1
2999,4,2,2,3,10144.759999999998,0,0,0.0,0.0,0.0,0,0,0.0,1
3000,11,8,3,10,51362.850000000006,3,1,0.3,45.0,0.0,0,0,82.5,1
3001,2,1,1,1,13243.78,1,0,1.0,15.0,0.0,0,0,17.5,0
3002,6,4,2,5,59661.630000000005,2,1,0.4,50.0,0.0,0,0,75.0,1
3003,8,5,3,7,101827.84,1,0,0.14285714285714285,15.0,0.0,0,0,17.5,1
3004,4,3,1,3,27474.25,1,0,0.3333333333333333,15.0,1.0,0,0,22.5,1
3005,10,7,3,9,63230.22,0,0,0.0,5.0,0.0,0,0,2.5,1
3006,2,1,1,1,9429.84,0,0,0.0,15.0,1.0,0,0,12.5,0
3007,2,1,1,1,24602.92,1,1,1.0,48.0,0.0,0,0,64.0,0
3008,5,3,2,4,59246.57,1,0,0.25,15.0,0.0,0,0,17.5,1
3009,4,3,1,3,35984.03,0,0,0.0,0.0,0.0,0,0,0.0,1
3010,4,3,1,3,32039.309999999998,0,0,0.0,0.0,0.0,0,0,0.0,1
3011,4,3,1,3,31284.67,0,0,0.0,0.0,0.0,0,0,0.0,1
3012,4,3,1,3,19135.14,0,0,0.0,0.0,0.0,0,0,0.0,1
3013,4,3,1,3,20564.489999999998,1,0,0.3333333333333333,15.0,0.0,0,0,17.5,1
3014,2,1,1,1,295.34,0,0,0.0,0.0,0.0,0,0,0.0,0
3015,2,1,1,1,21842.11,1,0,1.0,25.0,0.0,1,0,27.5,0
3016,3,2,1,2,34745.96,0,0,0.0,0.0,0.0,0,0,0.0,1
3017,2,1,1,1,18552.02,0,0,0.0,0.0,0.0,0,0,0.0,0
3018,6,5,1,5,64358.39,0,0,0.0,0.0,0.0,0,0,0.0,1
3019,8,6,2,7,35382.9,1,1,0.14285714285714285,50.0,0.0,0,0,65.0,1
3020,5,4,1,4,28309.54,0,0,0.0,5.0,0.0,0,0,2.5,1
3021,2,1,1,1,-11885.93,0,0,0.0,0.0,0.0,0,0,0.0,0
3022,2,1,1,1,556.07,0,0,0.0,0.0,0.0,0,0,0.0,0
3023,5,3,2,4,31331.39,0,0,0.0,3.0,0.0,0,0,1.5,1
3024,3,2,1,2,23124.43,0,0,0.0,0.0,0.0,0,0,0.0,1
3025,3,2,1,2,42859.43,0,0,0.0,5.0,0.0,0,0,2.5,1
3026,5,3,2,4,56859.36,1,0,0.25,15.0,0.0,0,0,17.5,1
3027,4,3,1,3,29369.25,0,0,0.0,15.0,1.0,0,0,12.5,1
3028,7,5,2,6,57244.78,0,0,0.0,20.0,1.0,0,0,15.0,1
3029,3,2,1,2,31955.0,0,0,0.0,0.0,0.0,0,0,0.0,1
3030,2,1,1,1,21312.45,1,1,1.0,47.0,0.0,0,0,63.5,0
3031,3,2,1,2,4003.8500000000004,0,0,0.0,0.0,0.0,0,0,0.0,1
3032,9,7,2,8,113228.27,1,0,0.125,15.0,0.0,0,0,17.5,1
3033,2,1,1,1,24397.57,0,0,0.0,3.0,0.0,0,0,1.5,0
3034,4,3,1,3,28389.49,0,0,0.0,0.0,0.0,0,0,0.0,1
3035,3,2,1,2,21549.809999999998,0,0,0.0,3.0,0.0,0,0,1.5,1
3036,2,1,1,1,22657.29,0,0,0.0,0.0,0.0,0,0,0.0,0
3037,9,7,2,8,129413.98,1,0,0.125,15.0,0.0,0,0,17.5,1
3038,3,2,1,2,45971.25,1,0,0.5,20.0,0.0,0,0,20.0,1
3039,4,2,2,3,22830.789999999997,0,0,0.0,0.0,0.0,0,0,0.0,1
3040,4,2,2,3,37942.46,0,0,0.0,0.0,0.0,0,0,0.0,1
3041,3,2,1,2,10989.14,1,0,0.5,15.0,0.0,0,0,17.5,1
3042,3,2,1,2,15612.16,0,0,0.0,0.0,0.0,0,0,0.0,1
3043,9,6,3,8,86606.76,0,0,0.0,8.0,0.0,0,0,4.0,1
3044,3,2,1,2,22742.91,1,1,0.5,45.0,0.0,0,0,62.5,1
3045,4,3,1,3,17321.47,0,0,0.0,0.0,0.0,0,0,0.0,1
3046,3,2,1,2,23332.13,0,0,0.0,0.0,0.0,0,0,0.0,1
3047,2,1,1,1,1067.94,0,0,0.0,0.0,0.0,0,0,0.0,0
3048,6,3,3,5,56690.8,0,0,0.0,0.0,0.0,0,0,0.0,1
3049,4,3,1,3,48242.29,0,0,0.0,3.0,0.0,0,0,1.5,1
3050,3,2,1,2,26408.98,0,0,0.0,0.0,0.0,0,0,0.0,1
3051,5,4,1,4,43591.45,0,0,0.0,0.0,0.0,0,0,0.0,1
3052,6,5,1,5,70215.47,0,0,0.0,0.0,0.0,0,0,0.0,1
3053,4,3,1,3,51887.14,0,0,0.0,15.0,1.0,0,0,12.5,1
3054,6,4,2,5,43913.479999999996,1,1,0.2,65.0,2.0,0,0,82.5,1
3055,4,3,1,3,19974.89,0,0,0.0,15.0,1.0,0,0,12.5,1
3056,2,1,1,1,10203.04,1,0,1.0,15.0,0.0,0,0,17.5,0
3057,5,4,1,4,47346.39,0,0,0.0,3.0,0.0,0,0,1.5,1
3058,2,1,1,1,0.0,0,0,0.0,0.0,0.0,0,0,0.0,0
3059,3,2,1,2,43010.89,0,0,0.0,3.0,0.0,0,0,1.5,1
3060,6,5,1,5,50353.3,0,0,0.0,0.0,0.0,0,0,0.0,1
3061,2,1,1,1,240.95,0,0,0.0,0.0,0.0,0,0,0.0,0
3062,2,1,1,1,4619.63,1,1,1.0,45.0,0.0,0,0,62.5,0
3063,7,5,2,6,65403.11,0,0,0.0,3.0,0.0,0,0,1.5,1
3064,2,1,1,1,23864.6,0,0,0.0,3.0,0.0,0,0,1.5,0
3065,3,2,1,2,30092.39,1,1,0.5,45.0,0.0,0,0,62.5,1
3066,5,4,1,4,50921.04,0,0,0.0,15.0,2.0,0,0,17.5,1
3067,2,1,1,1,20865.95,0,0,0.0,0.0,0.0,0,0,0.0,0
3068,3,2,1,2,15720.94,0,0,0.0,20.0,1.0,0,0,15.0,1
3069,2,1,1,1,14983.94,0,0,0.0,0.0,0.0,0,0,0.0,0
3070,3,2,1,2,31031.18,0,0,0.0,0.0,0.0,0,0,0.0,1
3071,7,5,2,6,85369.96,1,1,0.16666666666666666,45.0,0.0,0,0,62.5,1
3072,2,1,1,1,21577.02,0,0,0.0,0.0,0.0,0,0,0.0,0
3073,4,3,1,3,26.33,0,0,0.0,0.0,0.0,0,0,0.0,1
3074,5,4,1,4,61725.22,0,0,0.0,0.0,0.0,0,0,0.0,1
3075,4,2,2,3,45894.68,0,0,0.0,0.0,0.0,0,0,0.0,1
3076,4,3,1,3,67115.2,0,0,0.0,3.0,0.0,0,0,1.5,1
3077,3,2,1,2,27568.04,2,0,1.0,17.0,0.0,0,0,28.5,1
3078,9,7,2,8,96129.3,0,0,0.0,15.0,1.0,0,0,12.5,1
3079,2,1,1,1,15567.51,0,0,0.0,0.0,0.0,0,0,0.0,0
3080,6,4,2,5,64869.51,1,0,0.2,15.0,0.0,0,0,17.5,1
3081,3,2,1,2,19908.54,0,0,0.0,20.0,1.0,0,0,15.0,1
3082,5,4,1,4,45325.67,0,0,0.0,5.0,0.0,0,0,2.5,1
3083,8,6,2,7,88232.95,1,0,0.14285714285714285,18.0,1.0,0,0,24.0,1
3084,4,3,1,3,39592.96,1,0,0.3333333333333333,15.0,0.0,0,0,17.5,1
3085,2,1,1,1,5814.92,0,0,0.0,0.0,0.0,0,0,0.0,0
3086,3,2,1,2,17014.5,0,0,0.0,0.0,0.0,0,0,0.0,1
3087,3,2,1,2,36659.259999999995,0,0,0.0,0.0,0.0,0,0,0.0,1
3088,4,3,1,3,32215.96,0,0,0.0,3.0,0.0,0,0,1.5,1
3089,5,3,2,4,84491.22,1,1,0.25,48.0,0.0,0,0,64.0,1
3090,2,1,1,1,1350.33,0,0,0.0,0.0,0.0,0,0,0.0,0
3091,3,2,1,2,15712.6,0,0,0.0,5.0,0.0,0,0,2.5,1
3092,3,2,1,2,4605.96,0,0,0.0,0.0,0.0,0,0,0.0,1
3093,6,4,2,5,57077.75,0,0,0.0,8.0,0.0,0,0,4.0,1
3094,5,3,2,4,45294.090000000004,0,0,0.0,3.0,0.0,0,0,1.5,1
3095,3,2,1,2,23514.33,0,0,0.0,0.0,0.0,0,0,0.0,1
3096,4,3,1,3,24421.2,1,0,0.3333333333333333,15.0,0.0,0,0,17.5,1
3097,2,1,1,1,18920.06,0,0,0.0,0.0,0.0,0,0,0.0,0
3098,2,1,1,1,12509.95,0,0,0.0,0.0,0.0,0,0,0.0,0
3099,4,3,1,3,39616.4,0,0,0.0,0.0,0.0,0,0,0.0,1
3100,4,3,1,3,5004.09,0,0,0.0,0.0,0.0,0,0,0.0,1
3101,6,5,1,5,25462.640000000003,2,1,0.4,45.0,0.0,0,0,72.5,1
3102,6,3,3,5,61620.82,1,0,0.2,15.0,0.0,0,0,17.5,1
3103,2,1,1,1,-2471.38,0,0,0.0,0.0,0.0,0,0,0.0,0
3104,5,4,1,4,63555.11,1,1,0.25,45.0,0.0,0,0,62.5,1
3105,3,2,1,2,29432.519999999997,2,1,1.0,50.0,0.0,0,0,75.0,1
3106,2,1,1,1,13716.6,0,0,0.0,2.0,0.0,0,0,1.0,0
3107,3,2,1,2,38816.770000000004,0,0,0.0,0.0,0.0,0,0,0.0,1
3108,2,1,1,1,14241.6,0,0,0.0,0.0,0.0,0,0,0.0,0
3109,4,3,1,3,11091.61,0,0,0.0,17.0,1.0,0,0,13.5,1
3110,2,1,1,1,19715.91,0,0,0.0,0.0,0.0,0,0,0.0,0
3111,3,2,1,2,15094.01,0,0,0.0,0.0,0.0,0,0,0.0,1
3112,2,1,1,1,0.0,0,0,0.0,0.0,0.0,0,0,0.0,0
3113,3,2,1,2,37666.47,0,0,0.0,2.0,0.0,0,0,1.0,1
3114,6,4,2,5,67009.55,2,0,0.4,40.0,3.0,2,0,65.0,1
3115,6,5,1,5,61190.85,1,0,0.2,15.0,0.0,0,0,17.5,1
3116,9,7,2,8,121977.0,1,0,0.125,15.0,0.0,0,0,17.5,1
3117,6,5,1,5,60127.020000000004,2,1,0.4,45.0,0.0,0,0,72.5,1
3118,2,1,1,1,15018.85,0,0,0.0,0.0,0.0,0,0,0.0,0
3119,3,2,1,2,40465.15,0,0,0.0,0.0,0.0,0,0,0.0,1
3120,8,6,2,7,40913.61,0,0,0.0,7.0,0.0,0,0,3.5,1
3121,3,2,1,2,16033.96,0,0,0.0,0.0,0.0,0,0,0.0,1
3122,3,2,1,2,38513.59,0,0,0.0,15.0,1.0,0,0,12.5,1
3123,3,2,1,2,23893.36,0,0,0.0,0.0,0.0,0,0,0.0,1
3124,4,3,1,3,23395.449999999997,0,0,0.0,0.0,0.0,0,0,0.0,1
3125,5,3,2,4,35434.62,0,0,0.0,0.0,0.0,0,0,0.0,1
3126,2,1,1,1,6233.01,0,0,0.0,0.0,0.0,0,0,0.0,0
3127,10,7,3,9,107738.21,1,0,0.1111111111111111,15.0,0.0,0,0,17.5,1
3128,3,2,1,2,28055.370000000003,0,0,0.0,0.0,0.0,0,0,0.0,1
3129,7,5,2,6,88735.66,2,1,0.3333333333333333,55.0,0.0,2,0,87.5,1
3130,4,3,1,3,28145.449999999997,0,0,0.0,0.0,0.0,0,0,0.0,1
3131,3,2,1,2,11375.33,2,1,1.0,45.0,0.0,0,0,72.5,1
3132,5,4,1,4,70378.4,0,0,0.0,0.0,0.0,0,0,0.0,1
3133,4,3,1,3,45935.01,1,0,0.3333333333333333,15.0,0.0,0,0,17.5,1
3134,3,2,1,2,46993.72,0,0,0.0,3.0,0.0,0,0,1.5,1
3135,3,2,1,2,29442.07,0,0,0.0,0.0,0.0,0,0,0.0,1
3136,4,3,1,3,64128.4,0,0,0.0,3.0,0.0,0,0,1.5,1
3137,2,1,1,1,6588.55,0,0,0.0,0.0,0.0,0,0,0.0,0
3138,2,1,1,1,19084.5,0,0,0.0,0.0,0.0,0,0,0.0,0
3139,3,2,1,2,17751.43,0,0,0.0,5.0,0.0,0,0,2.5,1
3140,2,1,1,1,21553.48,1,0,1.0,15.0,0.0,0,0,17.5,0
3141,2,1,1,1,11264.27,0,0,0.0,5.0,0.0,0,0,2.5,0
3142,2,1,1,1,4805.0,0,0,0.0,0.0,0.0,0,0,0.0,0
3143,2,1,1,1,21750.53,0,0,0.0,0.0,0.0,0,0,0.0,0
3144,3,2,1,2,42837.97,1,1,0.5,45.0,0.0,0,0,62.5,1
3145,4,3,1,3,41339.39,0,0,0.0,2.0,0.0,0,0,1.0,1
3146,3,2,1,2,4072.55,0,0,0.0,0.0,0.0,0,0,0.0,1
3147,3,2,1,2,19036.72,0,0,0.0,0.0,0.0,0,0,0.0,1
3148,3,2,1,2,6640.91,0,0,0.0,15.0,1.0,0,0,12.5,1
3149,3,2,1,2,28851.440000000002,0,0,0.0,5.0,0.0,0,0,2.5,1
3150,8,6,2,7,49634.68,0,0,0.0,0.0,0.0,0,0,0.0,1
3151,3,2,1,2,37867.36,0,0,0.0,0.0,0.0,0,0,0.0,1
3152,5,4,1,4,51138.95,0,0,0.0,0.0,0.0,0,0,0.0,1
3153,4,3,1,3,52910.32,0,0,0.0,0.0,0.0,0,0,0.0,1
3154,6,4,2,5,48480.14,2,0,0.4,15.0,0.0,0,0,27.5,1
3155,5,4,1,4,-1590.1100000000004,1,0,0.25,15.0,1.0,0,0,22.5,1
3156,4,3,1,3,17075.67,0,0,0.0,0.0,0.0,0,0,0.0,1
3157,3,2,1,2,40118.64,0,0,0.0,0.0,0.0,0,0,0.0,1
3158,3,2,1,2,11156.97,0,0,0.0,0.0,0.0,0,0,0.0,1
3159,3,2,1,2,3512.7799999999997,1,0,0.5,15.0,0.0,0,0,17.5,1
3160,2,1,1,1,18640.12,0,0,0.0,0.0,0.0,0,0,0.0,0
3161,3,2,1,2,-15390.39,0,0,0.0,0.0,0.0,0,0,0.0,1
3162,4,3,1,3,6139.740000000002,0,0,0.0,0.0,0.0,0,0,0.0,1
3163,3,1,2,2,11917.39,0,0,0.0,0.0,0.0,0,0,0.0,0
3164,5,4,1,4,58275.44,0,0,0.0,15.0,1.0,0,0,12.5,1
3165,4,3,1,3,45707.37,0,0,0.0,5.0,0.0,0,0,2.5,1
3166,2,1,1,1,14494.92,0,0,0.0,5.0,0.0,0,0,2.5,0
3167,3,2,1,2,11202.67,1,0,0.5,15.0,0.0,0,0,17.5,1
3168,3,2,1,2,24960.68,0,0,0.0,0.0,0.0,0,0,0.0,1
3169,3,2,1,2,18521.81,0,0,0.0,15.0,1.0,0,0,12.5,1
3170,2,1,1,1,13117.73,1,1,1.0,45.0,0.0,0,0,62.5,0
3171,3,2,1,2,33701.3,0,0,0.0,0.0,0.0,0,0,0.0,1
3172,4,3,1,3,41122.590000000004,1,0,0.3333333333333333,15.0,0.0,0,0,17.5,1
3173,2,1,1,1,4019.96,0,0,0.0,0.0,0.0,0,0,0.0,0
3174,5,4,1,4,42207.630000000005,1,0,0.25,15.0,0.0,0,0,17.5,1
3175,4,3,1,3,48610.61,0,0,0.0,5.0,0.0,0,0,2.5,1
3176,4,3,1,3,20371.65,1,1,0.3333333333333333,45.0,0.0,0,0,62.5,1
3177,3,2,1,2,10013.82,0,0,0.0,20.0,1.0,0,0,15.0,1
3178,4,3,1,3,17437.21,0,0,0.0,5.0,0.0,0,0,2.5,1
3179,3,2,1,2,18258.24,0,0,0.0,0.0,0.0,0,0,0.0,1
3180,4,3,1,3,26504.35,0,0,0.0,5.0,0.0,0,0,2.5,1
3181,5,3,2,4,39691.7,1,0,0.25,30.0,1.0,0,0,30.0,1
3182,3,2,1,2,22456.59,0,0,0.0,0.0,0.0,0,0,0.0,1
3183,3,2,1,2,24611.25,0,0,0.0,0.0,0.0,0,0,0.0,1
3184,4,2,2,3,30785.04,0,0,0.0,0.0,0.0,0,0,0.0,1
3185,3,2,1,2,38683.369999999995,0,0,0.0,5.0,0.0,0,0,2.5,1
3186,4,3,1,3,25156.190000000002,0,0,0.0,0.0,0.0,0,0,0.0,1
3187,2,1,1,1,21815.44,0,0,0.0,0.0,0.0,0,0,0.0,0
3188,3,2,1,2,12914.08,0,0,0.0,0.0,0.0,0,0,0.0,1
3189,4,3,1,3,59739.4,0,0,0.0,3.0,0.0,0,0,1.5,1
3190,3,2,1,2,30257.4,0,0,0.0,0.0,0.0,0,0,0.0,1
3191,3,2,1,2,25970.32,1,0,0.5,15.0,0.0,0,0,17.5,1
3192,5,4,1,4,68632.19,2,0,0.5,15.0,0.0,0,0,27.5,1
3193,4,3,1,3,35140.78,0,0,0.0,5.0,0.0,0,0,2.5,1
3194,8,6,2,7,73638.18,3,0,0.42857142857142855,15.0,0.0,0,0,37.5,1
3195,4,3,1,3,35281.909999999996,1,0,0.3333333333333333,15.0,0.0,0,0,17.5,1
3196,6,4,2,5,49135.65,1,0,0.2,35.0,1.0,0,0,32.5,1
3197,3,2,1,2,20480.48,0,0,0.0,0.0,0.0,0,0,0.0,1
3198,5,4,1,4,69190.35,0,0,0.0,3.0,0.0,0,0,1.5,1
3199,5,3,2,4,57741.53,1,1,0.25,45.0,2.0,0,0,72.5,1
3200,3,2,1,2,19049.63,0,0,0.0,0.0,0.0,0,0,0.0,1
3201,4,3,1,3,23150.72,0,0,0.0,5.0,0.0,0,0,2.5,1
3202,3,2,1,2,12507.91,1,1,0.5,45.0,0.0,0,0,62.5,1
3203,6,5,1,5,46673.46000000001,3,0,0.6,25.0,0.0,0,5,57.5,1
3204,3,2,1,2,15902.41,0,0,0.0,0.0,0.0,0,0,0.0,1
3205,8,6,2,7,45736.61,0,0,0.0,5.0,0.0,0,0,2.5,1
3206,7,5,2,6,56873.24,0,0,0.0,17.0,2.0,0,0,18.5,1
3207,2,1,1,1,0.0,0,0,0.0,0.0,0.0,0,0,0.0,0
3208,3,2,1,2,17340.81,0,0,0.0,0.0,0.0,0,0,0.0,1
3209,8,5,3,7,109649.16,0,0,0.0,15.0,1.0,0,0,12.5,1
3210,2,1,1,1,0.0,0,0,0.0,0.0,0.0,0,0,0.0,0
3211,3,2,1,2,19129.36,0,0,0.0,0.0,0.0,0,0,0.0,1
3212,3,2,1,2,31924.21,0,0,0.0,0.0,0.0,0,0,0.0,1
3213,3,2,1,2,18248.97,0,0,0.0,0.0,0.0,0,0,0.0,1
3214,3,2,1,2,23544.710000000003,0,0,0.0,5.0,0.0,0,0,2.5,1
3215,3,2,1,2,1308.76,0,0,0.0,0.0,0.0,0,0,0.0,1
3216,3,2,1,2,13952.1,0,0,0.0,0.0,0.0,0,0,0.0,1
3217,2,1,1,1,3921.13,0,0,0.0,0.0,0.0,0,0,0.0,0
3218,3,2,1,2,37871.020000000004,0,0,0.0,0.0,0.0,0,0,0.0,1
3219,5,4,1,4,22507.440000000002,2,2,0.5,85.0,2.0,2,4,154.5,1
3220,5,4,1,4,39504.69,0,0,0.0,0.0,0.0,0,0,0.0,1
3221,4,3,1,3,47831.14,0,0,0.0,5.0,0.0,0,0,2.5,1
3222,2,1,1,1,14827.93,1,0,1.0,15.0,0.0,0,0,17.5,0
3223,2,1,1,1,2136.74,0,0,0.0,0.0,0.0,0,0,0.0,0
3224,5,4,1,4,41950.0,0,0,0.0,5.0,0.0,0,0,2.5,1
3225,3,2,1,2,22930.07,0,0,0.0,0.0,0.0,0,0,0.0,1
3226,2,1,1,1,644.41,0,0,0.0,5.0,0.0,0,0,2.5,0
3227,5,4,1,4,60931.53,0,0,0.0,0.0,0.0,0,0,0.0,1
3228,4,3,1,3,21549.34,0,0,0.0,0.0,0.0,0,0,0.0,1
3229,4,3,1,3,26869.1,0,0,0.0,0.0,0.0,0,0,0.0,1
3230,2,1,1,1,12602.39,1,0,1.0,30.0,1.0,0,0,30.0,0
3231,5,4,1,4,53119.78,0,0,0.0,5.0,0.0,0,0,2.5,1
3232,5,3,2,4,49184.09,0,0,0.0,0.0,0.0,0,0,0.0,1
3233,2,1,1,1,8178.7,0,0,0.0,0.0,0.0,0,0,0.0,0
3234,3,2,1,2,12495.46,1,0,0.5,15.0,0.0,0,0,17.5,1
3235,2,1,1,1,11554.9,0,0,0.0,15.0,1.0,0,0,12.5,0
3236,3,2,1,2,26065.73,0,0,0.0,0.0,0.0,0,0,0.0,1
3237,2,1,1,1,24234.05,0,0,0.0,3.0,0.0,0,0,1.5,0
3238,2,1,1,1,265.74,0,0,0.0,0.0,0.0,0,0,0.0,0
3239,3,2,1,2,35091.14,1,1,0.5,45.0,0.0,0,0,62.5,1
3240,3,2,1,2,24156.2,0,0,0.0,15.0,1.0,0,0,12.5,1
3241,2,1,1,1,237.26,1,0,1.0,15.0,0.0,0,0,17.5,0
3242,2,1,1,1,7068.99,0,0,0.0,5.0,0.0,0,0,2.5,0
3243,4,3,1,3,41015.25,1,1,0.3333333333333333,45.0,0.0,0,0,62.5,1
3244,3,2,1,2,17420.87,0,0,0.0,0.0,0.0,0,0,0.0,1
3245,3,2,1,2,4948.65,0,0,0.0,0.0,0.0,0,0,0.0,1
3246,5,4,1,4,66369.45999999999,1,1,0.25,60.0,1.0,0,0,75.0,1
3247,3,2,1,2,21480.5,0,0,0.0,0.0,0.0,0,0,0.0,1
3248,3,2,1,2,23460.77,0,0,0.0,0.0,0.0,0,0,0.0,1
3249,2,1,1,1,7842.13,1,1,1.0,45.0,0.0,0,0,62.5,0
3250,6,4,2,5,6992.299999999997,1,0,0.2,25.0,1.0,0,0,27.5,1
3251,2,1,1,1,5293.67,0,0,0.0,0.0,0.0,0,0,0.0,0
3252,8,6,2,7,100157.45,1,0,0.14285714285714285,15.0,1.0,0,0,22.5,1
3253,3,2,1,2,16722.54,0,0,0.0,0.0,0.0,0,0,0.0,1
3254,2,1,1,1,3247.55,0,0,0.0,0.0,0.0,0,0,0.0,0
3255,5,4,1,4,30043.760000000002,0,0,0.0,0.0,0.0,0,0,0.0,1
3256,2,1,1,1,8135.43,0,0,0.0,0.0,0.0,0,0,0.0,0
3257,2,1,1,1,11784.6,0,0,0.0,0.0,0.0,0,0,0.0,0
3258,2,1,1,1,21262.82,0,0,0.0,0.0,0.0,0,0,0.0,0
3259,2,1,1,1,21968.65,0,0,0.0,0.0,0.0,0,0,0.0,0
3260,3,2,1,2,15173.699999999999,1,0,0.5,20.0,0.0,0,0,20.0,1
3261,3,2,1,2,23370.77,0,0,0.0,0.0,0.0,0,0,0.0,1
3262,3,2,1,2,46821.79,0,0,0.0,0.0,0.0,0,0,0.0,1
3263,2,1,1,1,15166.74,0,0,0.0,0.0,0.0,0,0,0.0,0
3264,5,3,2,4,13192.51,1,0,0.25,15.0,0.0,0,0,17.5,1
3265,3,2,1,2,18681.16,0,0,0.0,0.0,0.0,0,0,0.0,1
3266,5,3,2,4,28225.1,0,0,0.0,0.0,0.0,0,0,0.0,1
3267,6,5,1,5,60539.130000000005,2,1,0.4,47.0,1.0,0,0,78.5,1
3268,2,1,1,1,23001.8,0,0,0.0,0.0,0.0,0,0,0.0,0
3269,5,4,1,4,27796.42,1,0,0.25,20.0,1.0,0,0,25.0,1
3270,3,2,1,2,22635.64,0,0,0.0,0.0,0.0,0,0,0.0,1
3271,4,3,1,3,41614.04,0,0,0.0,0.0,0.0,0,0,0.0,1
3272,4,3,1,3,28994.35,0,0,0.0,0.0,0.0,0,0,0.0,1
3273,4,3,1,3,47350.67,1,1,0.3333333333333333,45.0,0.0,0,0,62.5,1
3274,5,4,1,4,12010.37,1,1,0.25,50.0,0.0,0,0,65.0,1
3275,4,3,1,3,8955.51,2,0,0.6666666666666666,20.0,0.0,0,0,30.0,1
3276,2,1,1,1,17744.69,0,0,0.0,0.0,0.0,0,0,0.0,0
3277,3,2,1,2,20470.739999999998,0,0,0.0,5.0,0.0,0,0,2.5,1
3278,2,1,1,1,0.0,0,0,0.0,0.0,0.0,0,0,0.0,0
3279,3,2,1,2,12572.82,0,0,0.0,0.0,0.0,0,0,0.0,1
3280,3,2,1,2,9564.6,0,0,0.0,15.0,1.0,0,0,12.5,1
3281,3,2,1,2,5922.610000000001,0,0,0.0,0.0,0.0,0,0,0.0,1
3282,2,1,1,1,0.0,0,0,0.0,0.0,0.0,0,0,0.0,0
3283,3,2,1,2,40573.32,0,0,0.0,0.0,0.0,0,0,0.0,1
3284,4,3,1,3,28350.8,0,0,0.0,0.0,0.0,0,0,0.0,1
3285,5,4,1,4,71883.29999999999,2,1,0.5,65.0,0.0,1,4,99.5,1
3286,3,2,1,2,2775.390000000003,1,0,0.5,15.0,0.0,0,0,17.5,1
3287,5,4,1,4,92967.45,1,0,0.25,18.0,0.0,0,0,19.0,1
3288,3,2,1,2,4982.6900000000005,0,0,0.0,0.0,0.0,0,0,0.0,1
3289,2,1,1,1,17945.41,0,0,0.0,0.0,0.0,0,0,0.0,0
3290,3,2,1,2,12013.109999999999,0,0,0.0,5.0,0.0,0,0,2.5,1
3291,7,5,2,6,50732.03,0,0,0.0,15.0,1.0,0,0,12.5,1
3292,4,3,1,3,27916.65,0,0,0.0,0.0,0.0,0,0,0.0,1
3293,3,2,1,2,27961.75,1,0,0.5,15.0,0.0,0,0,17.5,1
3294,3,2,1,2,16283.259999999998,0,0,0.0,0.0,0.0,0,0,0.0,1
3295,5,4,1,4,49801.200000000004,0,0,0.0,0.0,0.0,0,0,0.0,1
3296,3,2,1,2,34821.93,0,0,0.0,15.0,1.0,0,0,12.5,1
3297,3,2,1,2,22656.600000000002,1,0,0.5,15.0,0.0,0,0,17.5,1
3298,3,2,1,2,21366.94,1,0,0.5,15.0,0.0,0,0,17.5,1
3299,2,1,1,1,16971.04,0,0,0.0,0.0,0.0,0,0,0.0,0
3300,4,3,1,3,27066.07,0,0,0.0,0.0,0.0,0,0,0.0,1
3301,3,2,1,2,36084.8,0,0,0.0,0.0,0.0,0,0,0.0,1
3302,10,7,3,9,101624.84,2,0,0.2222222222222222,20.0,0.0,0,0,30.0,1
3303,4,3,1,3,34712.450000000004,0,0,0.0,0.0,0.0,0,0,0.0,1
3304,4,2,2,3,24519.030000000002,0,0,0.0,5.0,0.0,0,0,2.5,1
3305,3,2,1,2,44573.9,1,1,0.5,45.0,0.0,0,0,62.5,1
3306,3,2,1,2,10966.18,0,0,0.0,0.0,0.0,0,0,0.0,1
3307,3,2,1,2,20504.22,0,0,0.0,0.0,0.0,0,0,0.0,1
3308,2,1,1,1,21112.21,0,0,0.0,0.0,0.0,0,0,0.0,0
3309,2,1,1,1,7561.75,0,0,0.0,0.0,0.0,0,0,0.0,0
3310,3,2,1,2,13247.85,0,0,0.0,0.0,0.0,0,0,0.0,1
3311,6,5,1,5,45266.89,1,0,0.2,15.0,0.0,0,0,17.5,1
3312,7,5,2,6,91774.77,2,0,0.3333333333333333,18.0,0.0,0,0,29.0,1
3313,5,3,2,4,58004.92,0,0,0.0,0.0,0.0,0,0,0.0,1
3314,3,2,1,2,43334.35,0,0,0.0,3.0,0.0,0,0,1.5,1
3315,2,1,1,1,23872.69,0,0,0.0,3.0,0.0,0,0,1.5,0
3316,3,2,1,2,12208.18,1,1,0.5,45.0,0.0,0,0,62.5,1
3317,8,5,3,7,88571.56,0,0,0.0,0.0,0.0,0,0,0.0,1
3318,4,3,1,3,23019.0,1,0,0.3333333333333333,25.0,0.0,1,0,27.5,1
3319,3,2,1,2,33812.06,0,0,0.0,0.0,0.0,0,0,0.0,1
3320,3,2,1,2,21520.14,1,0,0.5,15.0,0.0,0,0,17.5,1
3321,3,2,1,2,15854.73,1,0,0.5,15.0,0.0,0,0,17.5,1
3322,5,4,1,4,41921.49,0,0,0.0,0.0,0.0,0,0,0.0,1
3323,5,4,1,4,30352.909999999996,0,0,0.0,3.0,0.0,0,0,1.5,1
3324,3,2,1,2,9290.91,0,0,0.0,0.0,0.0,0,0,0.0,1
3325,3,2,1,2,28014.41,1,0,0.5,18.0,0.0,0,0,19.0,1
3326,4,2,2,3,43362.46,1,0,0.3333333333333333,20.0,0.0,0,0,20.0,1
3327,5,4,1,4,39959.3,1,1,0.25,45.0,0.0,0,0,62.5,1
3328,4,3,1,3,10195.77,0,0,0.0,5.0,0.0,0,0,2.5,1
3329,2,1,1,1,16954.73,0,0,0.0,0.0,0.0,0,0,0.0,0
3330,3,2,1,2,5815.389999999999,0,0,0.0,0.0,0.0,0,0,0.0,1
3331,2,1,1,1,14888.67,1,1,1.0,45.0,0.0,0,0,62.5,0
3332,3,2,1,2,32993.95,0,0,0.0,0.0,0.0,0,0,0.0,1
3333,3,2,1,2,19895.079999999998,0,0,0.0,0.0,0.0,0,0,0.0,1
3334,3,2,1,2,25161.670000000002,1,1,0.5,45.0,0.0,0,0,62.5,1
3335,2,1,1,1,0.0,0,0,0.0,0.0,0.0,0,0,0.0,0
3336,3,2,1,2,31001.789999999997,0,0,0.0,13.0,0.0,0,0,6.5,1
3337,3,2,1,2,-9712.71,0,0,0.0,0.0,0.0,0,0,0.0,1
3338,3,2,1,2,31522.02,0,0,0.0,0.0,0.0,0,0,0.0,1
3339,3,2,1,2,34259.09,1,0,0.5,15.0,0.0,0,0,17.5,1
3340,5,4,1,4,32213.09,1,0,0.25,15.0,0.0,0,0,17.5,1
3341,2,1,1,1,19676.53,1,0,1.0,15.0,0.0,0,0,17.5,0
3342,3,2,1,2,26649.629999999997,0,0,0.0,0.0,0.0,0,0,0.0,1
3343,3,2,1,2,24270.87,1,0,0.5,15.0,0.0,0,0,17.5,1
3344,3,2,1,2,34134.03,0,0,0.0,0.0,0.0,0,0,0.0,1
3345,5,4,1,4,20940.96,1,0,0.25,15.0,0.0,0,0,17.5,1
3346,2,1,1,1,20169.63,1,0,1.0,15.0,0.0,0,0,17.5,0
3347,3,2,1,2,13809.89,1,0,0.5,15.0,0.0,0,0,17.5,1
3348,3,2,1,2,18032.57,1,0,0.5,15.0,0.0,0,0,17.5,1
3349,3,2,1,2,36141.869999999995,0,0,0.0,0.0,0.0,0,0,0.0,1
3350,4,3,1,3,43609.78,1,0,0.3333333333333333,15.0,1.0,0,0,22.5,1
3351,2,1,1,1,11612.03,1,0,1.0,20.0,0.0,0,0,20.0,0
3352,3,2,1,2,16407.57,0,0,0.0,0.0,0.0,0,0,0.0,1
3353,4,3,1,3,29457.269999999997,0,0,0.0,0.0,0.0,0,0,0.0,1
3354,4,3,1,3,10579.36,1,0,0.3333333333333333,15.0,0.0,0,0,17.5,1
3355,3,2,1,2,24610.41,1,0,0.5,15.0,0.0,0,0,17.5,1
3356,2,1,1,1,6047.62,0,0,0.0,0.0,0.0,0,0,0.0,0
3357,3,2,1,2,46625.11,1,0,0.5,20.0,0.0,0,0,20.0,1
3358,3,2,1,2,34088.81,0,0,0.0,0.0,0.0,0,0,0.0,1
3359,5,4,1,4,70208.15,0,0,0.0,0.0,0.0,0,0,0.0,1
3360,3,2,1,2,17528.65,0,0,0.0,0.0,0.0,0,0,0.0,1
3361,2,1,1,1,20124.62,0,0,0.0,0.0,0.0,0,0,0.0,0
3362,3,2,1,2,8844.99,0,0,0.0,0.0,0.0,0,0,0.0,1
3363,3,2,1,2,14925.15,0,0,0.0,2.0,0.0,0,0,1.0,1
3364,3,2,1,2,22383.84,0,0,0.0,5.0,0.0,0,0,2.5,1
3365,3,2,1,2,30007.52,0,0,0.0,0.0,0.0,0,0,0.0,1
3366,3,2,1,2,511.58,0,0,0.0,0.0,0.0,0,0,0.0,1
3367,3,2,1,2,21183.0,0,0,0.0,0.0,0.0,0,0,0.0,1
3368,3,2,1,2,43246.67,0,0,0.0,0.0,0.0,0,0,0.0,1
3369,6,4,2,5,43559.96,0,0,0.0,5.0,0.0,0,0,2.5,1
3370,8,6,2,7,55306.020000000004,1,0,0.14285714285714285,15.0,0.0,0,0,17.5,1
3371,6,4,2,5,61139.22,2,1,0.4,45.0,0.0,0,0,72.5,1
3372,3,2,1,2,21699.14,0,0,0.0,0.0,0.0,0,0,0.0,1
3373,4,3,1,3,29991.96,0,0,0.0,0.0,0.0,0,0,0.0,1
3374,3,2,1,2,26202.28,0,0,0.0,3.0,0.0,0,0,1.5,1
3375,3,2,1,2,37671.25,1,0,0.5,15.0,0.0,0,0,17.5,1
3376,2,1,1,1,7838.14,0,0,0.0,0.0,0.0,0,0,0.0,0
3377,3,2,1,2,5607.54,0,0,0.0,0.0,0.0,0,0,0.0,1
3378,3,2,1,2,28534.120000000003,0,0,0.0,0.0,0.0,0,0,0.0,1
3379,8,6,2,7,86047.31,2,0,0.2857142857142857,20.0,0.0,0,0,30.0,1
3380,2,1,1,1,14096.92,0,0,0.0,0.0,0.0,0,0,0.0,0
3381,3,2,1,2,6707.25,0,0,0.0,0.0,0.0,0,0,0.0,1
3382,2,1,1,1,21930.2,0,0,0.0,0.0,0.0,0,0,0.0,0
3383,6,5,1,5,23821.7,0,0,0.0,0.0,0.0,0,0,0.0,1
3384,4,3,1,3,49297.8,1,1,0.3333333333333333,45.0,0.0,0,0,62.5,1
3385,3,2,1,2,21065.48,0,0,0.0,0.0,0.0,0,0,0.0,1
3386,2,1,1,1,15483.13,0,0,0.0,0.0,0.0,0,0,0.0,0
3387,2,1,1,1,12118.23,0,0,0.0,0.0,0.0,0,0,0.0,0
3388,2,1,1,1,454.45,0,0,0.0,0.0,0.0,0,0,0.0,0
3389,4,3,1,3,29859.68,0,0,0.0,0.0,0.0,0,0,0.0,1
3390,3,2,1,2,29843.28,0,0,0.0,3.0,0.0,0,0,1.5,1
3391,5,3,2,4,29467.760000000002,0,0,0.0,0.0,0.0,0,0,0.0,1
3392,3,2,1,2,37037.76,0,0,0.0,5.0,0.0,0,0,2.5,1
3393,3,2,1,2,2539.16,0,0,0.0,5.0,0.0,0,0,2.5,1
3394,4,3,1,3,14432.9,0,0,0.0,15.0,1.0,0,0,12.5,1
3395,2,1,1,1,6291.84,0,0,0.0,2.0,0.0,0,0,1.0,0
3396,3,2,1,2,32099.02,1,0,0.5,15.0,0.0,0,0,17.5,1
3397,2,1,1,1,12494.06,0,0,0.0,0.0,0.0,0,0,0.0,0
3398,3,2,1,2,20668.129999999997,0,0,0.0,20.0,1.0,0,0,15.0,1
3399,2,1,1,1,15450.0,0,0,0.0,0.0,0.0,0,0,0.0,0
3400,3,2,1,2,19165.52,1,1,0.5,55.0,0.0,1,0,72.5,1
3401,2,1,1,1,17089.48,0,0,0.0,0.0,0.0,0,0,0.0,0
3402,2,1,1,1,18279.59,0,0,0.0,0.0,0.0,0,0,0.0,0
3403,3,2,1,2,25604.6,0,0,0.0,0.0,0.0,0,0,0.0,1
3404,2,1,1,1,3949.32,0,0,0.0,15.0,1.0,0,0,12.5,0
3405,2,1,1,1,14209.53,0,0,0.0,15.0,1.0,0,0,12.5,0
3406,3,2,1,2,18085.0,0,0,0.0,0.0,0.0,0,0,0.0,1
3407,3,2,1,2,19075.56,0,0,0.0,0.0,0.0,0,0,0.0,1
3408,7,5,2,6,74602.14,0,0,0.0,15.0,2.0,0,0,17.5,1
3409,2,1,1,1,21326.81,0,0,0.0,0.0,0.0,0,0,0.0,0
3410,4,3,1,3,39032.149999999994,0,0,0.0,0.0,0.0,0,0,0.0,1
3411,3,2,1,2,12752.15,0,0,0.0,5.0,0.0,0,0,2.5,1
3412,3,2,1,2,9439.55,0,0,0.0,0.0,0.0,0,0,0.0,1
3413,2,1,1,1,21568.23,1,0,1.0,15.0,0.0,0,0,17.5,0
3414,4,3,1,3,44548.990000000005,0,0,0.0,3.0,0.0,0,0,1.5,1
3415,3,2,1,2,15366.16,0,0,0.0,0.0,0.0,0,0,0.0,1
3416,2,1,1,1,22882.8,0,0,0.0,0.0,0.0,0,0,0.0,0
3417,5,3,2,4,39221.729999999996,0,0,0.0,0.0,0.0,0,0,0.0,1
3418,5,4,1,4,35433.59,0,0,0.0,5.0,0.0,0,0,2.5,1
3419,4,3,1,3,32493.960000000003,2,0,0.6666666666666666,15.0,0.0,0,0,27.5,1
3420,3,2,1,2,33246.090000000004,0,0,0.0,0.0,0.0,0,0,0.0,1
3421,4,3,1,3,31913.47,2,0,0.6666666666666666,32.0,1.0,0,0,41.0,1
3422,4,3,1,3,26358.690000000002,1,1,0.3333333333333333,45.0,0.0,0,0,62.5,1
3423,3,2,1,2,22661.97,0,0,0.0,0.0,0.0,0,0,0.0,1
3424,4,3,1,3,15444.2,0,0,0.0,0.0,0.0,0,0,0.0,1
3425,10,8,2,9,96721.48,0,0,0.0,15.0,2.0,0,0,17.5,1
3426,2,1,1,1,15510.77,0,0,0.0,15.0,1.0,0,0,12.5,0
3427,3,2,1,2,40859.69,0,0,0.0,0.0,0.0,0,0,0.0,1
3428,5,4,1,4,51966.02,0,0,0.0,0.0,0.0,0,0,0.0,1
3429,4,3,1,3,9866.66,0,0,0.0,0.0,0.0,0,0,0.0,1
3430,3,2,1,2,42821.0,0,0,0.0,0.0,0.0,0,0,0.0,1
3431,2,1,1,1,13660.74,0,0,0.0,0.0,0.0,0,0,0.0,0
3432,2,1,1,1,14268.12,0,0,0.0,0.0,0.0,0,0,0.0,0
3433,2,1,1,1,17258.93,0,0,0.0,5.0,0.0,0,0,2.5,0
3434,4,3,1,3,14280.960000000001,1,1,0.3333333333333333,45.0,0.0,0,0,62.5,1
3435,2,1,1,1,17549.54,0,0,0.0,0.0,0.0,0,0,0.0,0
3436,2,1,1,1,11884.52,0,0,0.0,0.0,0.0,0,0,0.0,0
3437,4,3,1,3,11228.630000000001,0,0,0.0,0.0,0.0,0,0,0.0,1
3438,3,2,1,2,21070.71,0,0,0.0,0.0,0.0,0,0,0.0,1
3439,5,3,2,4,41634.76,3,1,0.75,45.0,0.0,0,0,82.5,1
3440,6,5,1,5,76735.29000000001,0,0,0.0,3.0,0.0,0,0,1.5,1
3441,5,4,1,4,50719.12,0,0,0.0,0.0,0.0,0,0,0.0,1
3442,2,1,1,1,8233.28,0,0,0.0,0.0,0.0,0,0,0.0,0
3443,3,2,1,2,20438.010000000002,0,0,0.0,20.0,1.0,0,0,15.0,1
3444,2,1,1,1,14260.28,1,1,1.0,60.0,1.0,0,0,75.0,0
3445,3,2,1,2,17843.64,0,0,0.0,0.0,0.0,0,0,0.0,1
3446,3,2,1,2,25772.760000000002,0,0,0.0,0.0,0.0,0,0,0.0,1
3447,2,1,1,1,0.0,0,0,0.0,0.0,0.0,0,0,0.0,0
3448,4,3,1,3,31722.329999999998,0,0,0.0,15.0,1.0,0,0,12.5,1
3449,4,3,1,3,35873.49,1,0,0.3333333333333333,15.0,0.0,0,0,17.5,1
3450,2,1,1,1,23317.72,0,0,0.0,0.0,0.0,0,0,0.0,0
3451,2,1,1,1,9496.87,1,0,1.0,15.0,0.0,0,0,17.5,0
3452,3,2,1,2,7748.92,0,0,0.0,0.0,0.0,0,0,0.0,1
3453,4,3,1,3,29322.33,0,0,0.0,0.0,0.0,0,0,0.0,1
3454,2,1,1,1,17337.94,1,1,1.0,45.0,0.0,0,0,62.5,0
3455,4,3,1,3,25174.449999999997,0,0,0.0,5.0,0.0,0,0,2.5,1
3456,3,2,1,2,32771.97,0,0,0.0,3.0,0.0,0,0,1.5,1
3457,3,2,1,2,43053.770000000004,1,0,0.5,15.0,0.0,0,0,17.5,1
3458,5,3,2,4,60235.44,1,0,0.25,30.0,2.0,0,0,35.0,1
3459,3,2,1,2,18343.11,1,1,0.5,45.0,0.0,0,0,62.5,1
3460,3,2,1,2,17008.21,1,0,0.5,15.0,0.0,0,0,17.5,1
3461,2,1,1,1,24887.14,0,0,0.0,3.0,0.0,0,0,1.5,0
3462,2,1,1,1,4594.22,0,0,0.0,0.0,0.0,0,0,0.0,0
3463,2,1,1,1,9117.03,0,0,0.0,0.0,0.0,0,0,0.0,0
3464,5,4,1,4,30999.57,0,0,0.0,15.0,1.0,0,0,12.5,1
3465,4,3,1,3,14082.97,0,0,0.0,0.0,0.0,0,0,0.0,1
3466,2,1,1,1,15677.43,0,0,0.0,0.0,0.0,0,0,0.0,0
3467,2,1,1,1,-22832.01,0,0,0.0,0.0,0.0,0,0,0.0,0
3468,3,2,1,2,26045.05,0,0,0.0,0.0,0.0,0,0,0.0,1
3469,3,2,1,2,10895.880000000001,1,0,0.5,25.0,0.0,1,0,27.5,1
3470,4,2,2,3,47621.57,0,0,0.0,2.0,0.0,0,0,1.0,1
3471,5,4,1,4,42536.11,0,0,0.0,0.0,0.0,0,0,0.0,1
3472,2,1,1,1,0.0,0,0,0.0,0.0,0.0,0,0,0.0,0
3473,3,2,1,2,20595.72,0,0,0.0,0.0,0.0,0,0,0.0,1
3474,3,2,1,2,24444.440000000002,1,1,0.5,47.0,0.0,0,0,63.5,1
3475,4,3,1,3,26885.719999999998,0,0,0.0,0.0,0.0,0,0,0.0,1
3476,4,3,1,3,42912.04,0,0,0.0,2.0,0.0,0,0,1.0,1
3477,2,1,1,1,12894.74,0,0,0.0,0.0,0.0,0,0,0.0,0
3478,5,4,1,4,43249.82000000001,0,0,0.0,0.0,0.0,0,0,0.0,1
3479,3,2,1,2,44080.16,0,0,0.0,2.0,0.0,0,0,1.0,1
3480,3,2,1,2,20267.42,1,0,0.5,20.0,0.0,0,0,20.0,1
3481,4,3,1,3,49302.630000000005,0,0,0.0,3.0,0.0,0,0,1.5,1
3482,2,1,1,1,7115.75,0,0,0.0,0.0,0.0,0,0,0.0,0
3483,4,3,1,3,27686.87,0,0,0.0,20.0,1.0,0,0,15.0,1
3484,4,3,1,3,10630.07,0,0,0.0,0.0,0.0,0,0,0.0,1
3485,4,3,1,3,27382.14,0,0,0.0,15.0,1.0,0,0,12.5,1
3486,2,1,1,1,22063.55,0,0,0.0,5.0,0.0,0,0,2.5,0
3487,5,4,1,4,39931.28,1,1,0.25,45.0,0.0,0,0,62.5,1
3488,3,2,1,2,46859.490000000005,1,0,0.5,18.0,0.0,0,0,19.0,1
3489,4,3,1,3,40882.66,0,0,0.0,0.0,0.0,0,0,0.0,1
3490,4,3,1,3,44160.340000000004,1,0,0.3333333333333333,15.0,0.0,0,0,17.5,1
3491,2,1,1,1,4084.25,0,0,0.0,0.0,0.0,0,0,0.0,0
3492,3,2,1,2,20010.12,0,0,0.0,0.0,0.0,0,0,0.0,1
3493,2,1,1,1,2224.12,0,0,0.0,0.0,0.0,0,0,0.0,0
3494,3,2,1,2,11503.81,0,0,0.0,0.0,0.0,0,0,0.0,1
3495,4,3,1,3,10685.25,0,0,0.0,0.0,0.0,0,0,0.0,1
3496,2,1,1,1,14415.73,0,0,0.0,0.0,0.0,0,0,0.0,0
3497,3,2,1,2,26169.43,1,0,0.5,15.0,0.0,0,0,17.5,1
3498,2,1,1,1,0.0,0,0,0.0,2.0,0.0,0,0,1.0,0
3499,4,3,1,3,29827.839999999997,1,1,0.3333333333333333,45.0,0.0,0,0,62.5,1
3500,2,1,1,1,21535.45,1,1,1.0,45.0,0.0,0,0,62.5,0
3501,4,3,1,3,50313.26,1,0,0.3333333333333333,15.0,0.0,0,0,17.5,1
3502,2,1,1,1,19339.3,0,0,0.0,0.0,0.0,0,0,0.0,0
3503,2,1,1,1,24965.3,0,0,0.0,3.0,0.0,0,0,1.5,0
3504,2,1,1,1,9288.06,0,0,0.0,15.0,1.0,0,0,12.5,0
3505,4,3,1,3,21793.39,1,1,0.3333333333333333,60.0,1.0,0,0,75.0,1
3506,3,2,1,2,12244.13,1,1,0.5,45.0,0.0,0,0,62.5,1
3507,3,2,1,2,21021.81,0,0,0.0,0.0,0.0,0,0,0.0,1
3508,5,4,1,4,43846.89,0,0,0.0,0.0,0.0,0,0,0.0,1
3509,7,5,2,6,89188.51000000001,0,0,0.0,3.0,0.0,0,0,1.5,1
3510,3,2,1,2,17048.07,0,0,0.0,0.0,0.0,0,0,0.0,1
3511,3,2,1,2,13832.39,1,0,0.5,15.0,0.0,0,0,17.5,1
3512,5,3,2,4,46723.09,0,0,0.0,0.0,0.0,0,0,0.0,1
3513,3,2,1,2,21041.73,0,0,0.0,15.0,1.0,0,0,12.5,1
3514,3,2,1,2,23196.65,0,0,0.0,0.0,0.0,0,0,0.0,1
3515,4,3,1,3,17037.62,1,0,0.3333333333333333,20.0,0.0,0,0,20.0,1
3516,2,1,1,1,20189.71,1,0,1.0,15.0,0.0,0,0,17.5,0
3517,4,3,1,3,31151.38,0,0,0.0,0.0,0.0,0,0,0.0,1
3518,2,1,1,1,14036.28,0,0,0.0,0.0,0.0,0,0,0.0,0
3519,4,3,1,3,60052.490000000005,2,1,0.6666666666666666,45.0,0.0,0,0,72.5,1
3520,4,3,1,3,39438.149999999994,0,0,0.0,0.0,0.0,0,0,0.0,1
3521,3,2,1,2,22206.63,0,0,0.0,2.0,0.0,0,0,1.0,1
3522,3,2,1,2,11660.09,0,0,0.0,0.0,0.0,0,0,0.0,1
3523,4,3,1,3,18961.14,0,0,0.0,0.0,0.0,0,0,0.0,1
3524,7,5,2,6,84578.71,0,0,0.0,3.0,0.0,0,0,1.5,1
3525,3,2,1,2,5677.3099999999995,1,0,0.5,15.0,1.0,0,0,22.5,1
3526,5,4,1,4,60713.5,2,1,0.5,48.0,0.0,0,0,74.0,1
3527,4,3,1,3,55252.42,0,0,0.0,0.0,0.0,0,0,0.0,1
3528,4,3,1,3,44399.72,0,0,0.0,5.0,0.0,0,0,2.5,1
3529,3,2,1,2,28268.010000000002,0,0,0.0,0.0,0.0,0,0,0.0,1
3530,3,2,1,2,24803.47,0,0,0.0,5.0,0.0,0,0,2.5,1
3531,6,4,2,5,56264.04,0,0,0.0,0.0,0.0,0,0,0.0,1
3532,4,3,1,3,21953.56,1,0,0.3333333333333333,30.0,1.0,0,0,30.0,1
3533,4,3,1,3,14705.74,1,0,0.3333333333333333,15.0,0.0,0,0,17.5,1
3534,3,2,1,2,19256.199999999997,0,0,0.0,0.0,0.0,0,0,0.0,1
3535,3,2,1,2,30424.420000000002,1,1,0.5,45.0,0.0,0,0,62.5,1
3536,3,2,1,2,15296.67,0,0,0.0,0.0,0.0,0,0,0.0,1
3537,4,3,1,3,46316.71,1,0,0.3333333333333333,15.0,0.0,0,0,17.5,1
3538,4,3,1,3,45824.79,0,0,0.0,3.0,0.0,0,0,1.5,1
3539,8,6,2,7,93371.79999999999,0,0,0.0,20.0,3.0,0,0,25.0,1
3540,3,2,1,2,21180.93,0,0,0.0,0.0,0.0,0,0,0.0,1
3541,7,6,1,6,63103.97,1,1,0.16666666666666666,60.0,1.0,0,0,75.0,1
3542,5,4,1,4,30255.06,2,1,0.5,50.0,1.0,0,0,80.0,1
3543,4,3,1,3,23206.91,0,0,0.0,5.0,0.0,0,0,2.5,1
3544,5,4,1,4,19654.41,0,0,0.0,0.0,0.0,0,0,0.0,1
3545,5,4,1,4,30621.36,1,1,0.25,45.0,0.0,0,0,62.5,1
3546,3,2,1,2,18926.78,0,0,0.0,0.0,0.0,0,0,0.0,1
3547,3,2,1,2,17026.4,0,0,0.0,0.0,0.0,0,0,0.0,1
3548,4,3,1,3,26718.61,0,0,0.0,0.0,0.0,0,0,0.0,1
3549,5,3,2,4,39517.54,0,0,0.0,17.0,2.0,0,0,18.5,1
3550,5,4,1,4,22486.02,0,0,0.0,0.0,0.0,0,0,0.0,1
3551,7,5,2,6,20537.21,3,2,0.5,45.0,0.0,0,0,112.5,1
3552,3,2,1,2,29665.55,0,0,0.0,0.0,0.0,0,0,0.0,1
3553,4,3,1,3,30613.489999999998,1,1,0.3333333333333333,60.0,1.0,0,0,75.0,1
3554,9,7,2,8,86712.64,0,0,0.0,0.0,0.0,0,0,0.0,1
3555,5,4,1,4,47164.91,0,0,0.0,5.0,0.0,0,0,2.5,1
3556,15,9,6,14,99147.56999999999,2,0,0.14285714285714285,20.0,3.0,0,0,45.0,1
3557,2,1,1,1,5346.44,0,0,0.0,0.0,0.0,0,0,0.0,0
3558,3,2,1,2,15300.380000000001,1,0,0.5,15.0,0.0,0,0,17.5,1
3559,3,2,1,2,17896.74,0,0,0.0,0.0,0.0,0,0,0.0,1
3560,3,2,1,2,23979.19,0,0,0.0,0.0,0.0,0,0,0.0,1
3561,3,2,1,2,37034.86,0,0,0.0,0.0,0.0,0,0,0.0,1
3562,3,2,1,2,31125.31,0,0,0.0,5.0,0.0,0,0,2.5,1
3563,2,1,1,1,23688.6,0,0,0.0,0.0,0.0,0,0,0.0,0
3564,2,1,1,1,22364.53,0,0,0.0,0.0,0.0,0,0,0.0,0
3565,5,4,1,4,45890.49,0,0,0.0,5.0,0.0,0,0,2.5,1
3566,2,1,1,1,19253.06,1,0,1.0,15.0,0.0,0,0,17.5,0
3567,2,1,1,1,5842.55,1,0,1.0,15.0,0.0,0,0,17.5,0
3568,6,5,1,5,55775.03,0,0,0.0,0.0,0.0,0,0,0.0,1
3569,2,1,1,1,0.0,0,0,0.0,0.0,0.0,0,0,0.0,0
3570,4,3,1,3,42639.03,1,1,0.3333333333333333,50.0,0.0,0,0,65.0,1
3571,6,4,2,5,61881.31,0,0,0.0,8.0,0.0,0,0,4.0,1
3572,4,3,1,3,47746.009999999995,0,0,0.0,5.0,0.0,0,0,2.5,1
3573,2,1,1,1,6758.76,0,0,0.0,0.0,0.0,0,0,0.0,0
3574,4,3,1,3,33488.72,0,0,0.0,3.0,0.0,0,0,1.5,1
3575,3,2,1,2,25614.13,0,0,0.0,0.0,0.0,0,0,0.0,1
3576,2,1,1,1,-12715.07,0,0,0.0,0.0,0.0,0,0,0.0,0
3577,3,2,1,2,38447.71,0,0,0.0,0.0,0.0,0,0,0.0,1
3578,2,1,1,1,14648.6,0,0,0.0,0.0,0.0,0,0,0.0,0
3579,4,3,1,3,22808.61,1,1,0.3333333333333333,45.0,0.0,0,0,62.5,1
3580,6,4,2,5,25716.97,0,0,0.0,20.0,1.0,0,0,15.0,1
3581,2,1,1,1,13191.14,0,0,0.0,0.0,0.0,0,0,0.0,0
3582,2,1,1,1,6322.12,0,0,0.0,0.0,0.0,0,0,0.0,0
3583,3,2,1,2,19746.24,0,0,0.0,5.0,0.0,0,0,2.5,1
3584,4,3,1,3,22906.42,0,0,0.0,0.0,0.0,0,0,0.0,1
3585,2,1,1,1,14768.84,0,0,0.0,0.0,0.0,0,0,0.0,0
3586,3,2,1,2,12405.86,0,0,0.0,0.0,0.0,0,0,0.0,1
3587,4,3,1,3,44072.97,1,0,0.3333333333333333,20.0,0.0,0,0,20.0,1
3588,2,1,1,1,7122.9,0,0,0.0,0.0,0.0,0,0,0.0,0
3589,11,8,3,10,149510.31,0,0,0.0,20.0,1.0,0,0,15.0,1
3590,4,3,1,3,18967.079999999998,1,1,0.3333333333333333,45.0,0.0,0,0,62.5,1
3591,2,1,1,1,5808.13,0,0,0.0,2.0,0.0,0,0,1.0,0
3592,3,2,1,2,30933.88,0,0,0.0,0.0,0.0,0,0,0.0,1
3593,2,1,1,1,0.0,0,0,0.0,0.0,0.0,0,0,0.0,0
3594,5,3,2,4,48946.42,0,0,0.0,0.0,0.0,0,0,0.0,1
3595,3,2,1,2,19312.47,1,0,0.5,20.0,0.0,0,0,20.0,1
3596,3,2,1,2,19592.76,0,0,0.0,0.0,0.0,0,0,0.0,1
3597,3,2,1,2,18298.57,0,0,0.0,0.0,0.0,0,0,0.0,1
3598,6,4,2,5,72258.25,0,0,0.0,15.0,1.0,0,0,12.5,1
3599,3,2,1,2,16644.989999999998,0,0,0.0,0.0,0.0,0,0,0.0,1
3600,6,4,2,5,49036.829999999994,0,0,0.0,10.0,0.0,0,0,5.0,1
3601,3,2,1,2,28629.1,0,0,0.0,0.0,0.0,0,0,0.0,1
3602,3,2,1,2,13597.1,0,0,0.0,5.0,0.0,0,0,2.5,1
3603,7,5,2,6,54546.04,1,0,0.16666666666666666,15.0,1.0,0,0,22.5,1
3604,3,2,1,2,6844.13,1,0,0.5,15.0,0.0,0,0,17.5,1
3605,4,3,1,3,27054.61,0,0,0.0,5.0,0.0,0,0,2.5,1
3606,5,4,1,4,54602.27,0,0,0.0,0.0,0.0,0,0,0.0,1
3607,2,1,1,1,0.0,1,0,1.0,15.0,0.0,0,0,17.5,0
3608,4,3,1,3,47662.67,1,1,0.3333333333333333,45.0,0.0,0,0,62.5,1
3609,3,2,1,2,19729.55,0,0,0.0,0.0,0.0,0,0,0.0,1
3610,4,3,1,3,60741.47,0,0,0.0,5.0,0.0,0,0,2.5,1
3611,9,6,3,8,131724.5,2,1,0.25,55.0,0.0,3,0,92.5,1
3612,2,1,1,1,22249.38,0,0,0.0,0.0,0.0,0,0,0.0,0
3613,3,2,1,2,38665.36,0,0,0.0,15.0,1.0,0,0,12.5,1
3614,6,5,1,5,70100.58,0,0,0.0,0.0,0.0,0,0,0.0,1
3615,3,2,1,2,6382.89,0,0,0.0,0.0,0.0,0,0,0.0,1
3616,3,2,1,2,47209.94,0,0,0.0,0.0,0.0,0,0,0.0,1
3617,4,2,2,3,14426.49,0,0,0.0,0.0,0.0,0,0,0.0,1
3618,5,3,2,4,39953.67,0,0,0.0,3.0,0.0,0,0,1.5,1
3619,2,1,1,1,24245.83,0,0,0.0,3.0,0.0,0,0,1.5,0
3620,2,1,1,1,19423.02,0,0,0.0,0.0,0.0,0,0,0.0,0
3621,4,3,1,3,32513.96,0,0,0.0,3.0,0.0,0,0,1.5,1
3622,3,2,1,2,22053.09,0,0,0.0,0.0,0.0,0,0,0.0,1
3623,3,2,1,2,27759.07,0,0,0.0,0.0,0.0,0,0,0.0,1
3624,3,2,1,2,10395.26,0,0,0.0,0.0,0.0,0,0,0.0,1
3625,2,1,1,1,627.19,0,0,0.0,0.0,0.0,0,0,0.0,0
3626,3,2,1,2,15800.380000000001,0,0,0.0,0.0,0.0,0,0,0.0,1
3627,2,1,1,1,2348.05,0,0,0.0,0.0,0.0,0,0,0.0,0
3628,2,1,1,1,5251.38,0,0,0.0,0.0,0.0,0,0,0.0,0
3629,3,2,1,2,8425.0,0,0,0.0,0.0,0.0,0,0,0.0,1
3630,2,1,1,1,13376.62,0,0,0.0,0.0,0.0,0,0,0.0,0
3631,2,1,1,1,8718.9,1,0,1.0,15.0,0.0,0,0,17.5,0
3632,3,2,1,2,14983.4,0,0,0.0,5.0,0.0,0,0,2.5,1
3633,2,1,1,1,0.0,0,0,0.0,0.0,0.0,0,0,0.0,0
3634,3,2,1,2,26189.6,0,0,0.0,15.0,1.0,0,0,12.5,1
3635,2,1,1,1,23528.61,0,0,0.0,0.0,0.0,0,0,0.0,0
3636,4,3,1,3,25915.149999999998,0,0,0.0,0.0,0.0,0,0,0.0,1
3637,2,1,1,1,22683.17,0,0,0.0,0.0,0.0,0,0,0.0,0
3638,2,1,1,1,8188.16,0,0,0.0,0.0,0.0,0,0,0.0,0
3639,2,1,1,1,3185.14,0,0,0.0,0.0,0.0,0,0,0.0,0
3640,3,2,1,2,7788.81,0,0,0.0,0.0,0.0,0,0,0.0,1
3641,3,2,1,2,16220.59,0,0,0.0,0.0,0.0,0,0,0.0,1
3642,7,4,3,6,95227.41,1,0,0.16666666666666666,20.0,0.0,0,0,20.0,1
3643,3,2,1,2,46899.91,0,0,0.0,3.0,0.0,0,0,1.5,1
3644,4,3,1,3,39618.36,0,0,0.0,0.0,0.0,0,0,0.0,1
3645,3,2,1,2,5133.79,0,0,0.0,0.0,0.0,0,0,0.0,1
3646,2,1,1,1,20529.94,1,0,1.0,15.0,0.0,0,0,17.5,0
3647,3,2,1,2,12896.66,0,0,0.0,2.0,0.0,0,0,1.0,1
3648,2,1,1,1,7119.95,0,0,0.0,0.0,0.0,0,0,0.0,0
3649,4,3,1,3,50081.05,1,1,0.3333333333333333,45.0,0.0,0,0,62.5,1
3650,2,1,1,1,19921.35,0,0,0.0,0.0,0.0,0,0,0.0,0
3651,5,3,2,4,31963.57,0,0,0.0,0.0,0.0,0,0,0.0,1
3652,4,2,2,3,48023.46,2,0,0.6666666666666666,28.0,0.0,2,0,44.0,1
3653,2,1,1,1,4889.06,0,0,0.0,0.0,0.0,0,0,0.0,0
3654,4,3,1,3,32055.149999999998,0,0,0.0,0.0,0.0,0,0,0.0,1
3655,5,4,1,4,30735.5,1,0,0.25,15.0,0.0,0,0,17.5,1
3656,4,3,1,3,25199.5,1,1,0.3333333333333333,45.0,0.0,0,0,62.5,1
3657,9,6,3,8,52903.68,1,1,0.125,45.0,0.0,0,0,62.5,1
3658,2,1,1,1,16357.67,0,0,0.0,0.0,0.0,0,0,0.0,0
3659,3,2,1,2,27693.879999999997,0,0,0.0,5.0,0.0,0,0,2.5,1
3660,2,1,1,1,0.0,0,0,0.0,0.0,0.0,0,0,0.0,0
3661,3,2,1,2,39037.229999999996,0,0,0.0,0.0,0.0,0,0,0.0,1
3662,2,1,1,1,18438.47,0,0,0.0,0.0,0.0,0,0,0.0,0
3663,3,2,1,2,10467.18,0,0,0.0,0.0,0.0,0,0,0.0,1
3664,5,3,2,4,62998.619999999995,0,0,0.0,3.0,0.0,0,0,1.5,1
3665,2,1,1,1,23260.66,0,0,0.0,0.0,0.0,0,0,0.0,0
3666,4,3,1,3,34585.18,0,0,0.0,0.0,0.0,0,0,0.0,1
3667,4,3,1,3,39282.35,1,0,0.3333333333333333,15.0,0.0,0,0,17.5,1
3668,4,3,1,3,27518.35,1,0,0.3333333333333333,25.0,0.0,1,0,27.5,1
3669,2,1,1,1,6556.77,0,0,0.0,2.0,0.0,0,0,1.0,0
3670,5,3,2,4,73520.14,1,1,0.25,60.0,2.0,0,0,80.0,1
3671,9,6,3,8,90396.1,0,0,0.0,0.0,0.0,0,0,0.0,1
3672,8,6,2,7,41677.71,0,0,0.0,0.0,0.0,0,0,0.0,1
3673,5,4,1,4,42389.350000000006,0,0,0.0,10.0,0.0,0,0,5.0,1
3674,2,1,1,1,21098.55,0,0,0.0,0.0,0.0,0,0,0.0,0
3675,3,2,1,2,20394.74,0,0,0.0,0.0,0.0,0,0,0.0,1
3676,4,3,1,3,17225.8,0,0,0.0,0.0,0.0,0,0,0.0,1
3677,3,2,1,2,13854.54,0,0,0.0,0.0,0.0,0,0,0.0,1
3678,3,2,1,2,45214.7,1,1,0.5,45.0,0.0,0,0,62.5,1
3679,3,2,1,2,38051.92,0,0,0.0,5.0,0.0,0,0,2.5,1
3680,4,3,1,3,22576.0,0,0,0.0,5.0,0.0,0,0,2.5,1
3681,11,8,3,10,86783.82,1,1,0.1,45.0,0.0,0,0,62.5,1
3682,6,4,2,5,33632.24,0,0,0.0,0.0,0.0,0,0,0.0,1
3683,4,3,1,3,27560.38,0,0,0.0,0.0,0.0,0,0,0.0,1
3684,3,2,1,2,16696.52,1,1,0.5,45.0,0.0,0,0,62.5,1
3685,4,3,1,3,44536.149999999994,1,0,0.3333333333333333,25.0,0.0,1,0,27.5,1
3686,3,2,1,2,15121.7,0,0,0.0,5.0,0.0,0,0,2.5,1
3687,3,2,1,2,23498.71,1,0,0.5,15.0,0.0,0,0,17.5,1
3688,3,2,1,2,38978.68,0,0,0.0,0.0,0.0,0,0,0.0,1
3689,4,3,1,3,25826.94,0,0,0.0,0.0,0.0,0,0,0.0,1
3690,5,4,1,4,23052.14,0,0,0.0,0.0,0.0,0,0,0.0,1
3691,4,3,1,3,40258.54,0,0,0.0,0.0,0.0,0,0,0.0,1
3692,3,2,1,2,28633.559999999998,0,0,0.0,0.0,0.0,0,0,0.0,1
3693,4,3,1,3,-5352.509999999999,0,0,0.0,0.0,0.0,0,0,0.0,1
3694,2,1,1,1,24276.75,0,0,0.0,3.0,0.0,0,0,1.5,0
3695,3,2,1,2,44271.11,0,0,0.0,0.0,0.0,0,0,0.0,1
3696,3,2,1,2,13503.01,0,0,0.0,0.0,0.0,0,0,0.0,1
3697,4,3,1,3,48757.7,1,0,0.3333333333333333,15.0,1.0,0,0,22.5,1
3698,2,1,1,1,14972.1,0,0,0.0,0.0,0.0,0,0,0.0,0
3699,2,1,1,1,8537.7,0,0,0.0,0.0,0.0,0,0,0.0,0
3700,4,3,1,3,42876.979999999996,1,0,0.3333333333333333,15.0,1.0,0,0,22.5,1
3701,2,1,1,1,8387.23,1,1,1.0,60.0,1.0,0,0,75.0,0
3702,4,3,1,3,39138.68,0,0,0.0,0.0,0.0,0,0,0.0,1
3703,2,1,1,1,7307.43,0,0,0.0,0.0,0.0,0,0,0.0,0
3704,5,4,1,4,36132.36,0,0,0.0,15.0,1.0,0,0,12.5,1
3705,3,2,1,2,21144.870000000003,0,0,0.0,0.0,0.0,0,0,0.0,1
3706,2,1,1,1,18742.16,0,0,0.0,0.0,0.0,0,0,0.0,0
3707,2,1,1,1,0.0,0,0,0.0,0.0,0.0,0,0,0.0,0
3708,4,3,1,3,23440.92,1,0,0.3333333333333333,15.0,0.0,0,0,17.5,1
3709,3,2,1,2,9570.16,0,0,0.0,0.0,0.0,0,0,0.0,1
3710,2,1,1,1,4850.99,0,0,0.0,0.0,0.0,0,0,0.0,0
3711,2,1,1,1,4539.38,0,0,0.0,0.0,0.0,0,0,0.0,0
3712,3,2,1,2,11297.65,0,0,0.0,0.0,0.0,0,0,0.0,1
3713,6,5,1,5,95792.52,0,0,0.0,3.0,0.0,0,0,1.5,1
3714,4,3,1,3,45995.04,0,0,0.0,5.0,0.0,0,0,2.5,1
3715,3,2,1,2,1843.26,0,0,0.0,0.0,0.0,0,0,0.0,1
3716,2,1,1,1,15451.78,1,1,1.0,60.0,1.0,0,0,75.0,0
3717,2,1,1,1,20213.42,0,0,0.0,0.0,0.0,0,0,0.0,0
3718,4,3,1,3,49389.36,2,0,0.6666666666666666,33.0,1.0,0,0,41.5,1
3719,4,2,2,3,42380.7,1,0,0.3333333333333333,30.0,1.0,0,0,30.0,1
3720,2,1,1,1,4184.38,0,0,0.0,0.0,0.0,0,0,0.0,0
3721,2,1,1,1,20089.03,0,0,0.0,0.0,0.0,0,0,0.0,0
3722,4,3,1,3,18459.31,1,1,0.3333333333333333,45.0,0.0,0,0,62.5,1
3723,5,4,1,4,56484.03,1,0,0.25,15.0,0.0,0,0,17.5,1
3724,3,2,1,2,7959.91,0,0,0.0,0.0,0.0,0,0,0.0,1
3725,4,3,1,3,46374.810000000005,0,0,0.0,0.0,0.0,0,0,0.0,1
3726,4,3,1,3,20646.489999999998,0,0,0.0,5.0,0.0,0,0,2.5,1
3727,2,1,1,1,19465.07,0,0,0.0,0.0,0.0,0,0,0.0,0
3728,2,1,1,1,12716.89,0,0,0.0,0.0,0.0,0,0,0.0,0
3729,3,2,1,2,15719.349999999999,0,0,0.0,0.0,0.0,0,0,0.0,1
3730,3,2,1,2,35934.53,0,0,0.0,0.0,0.0,0,0,0.0,1
3731,2,1,1,1,12171.86,0,0,0.0,0.0,0.0,0,0,0.0,0
3732,3,2,1,2,26633.05,0,0,0.0,5.0,0.0,0,0,2.5,1
3733,3,2,1,2,31333.3,0,0,0.0,0.0,0.0,0,0,0.0,1
3734,3,2,1,2,43230.58,0,0,0.0,0.0,0.0,0,0,0.0,1
3735,2,1,1,1,172.17,0,0,0.0,2.0,0.0,0,0,1.0,0
3736,3,2,1,2,39806.259999999995,0,0,0.0,0.0,0.0,0,0,0.0,1
3737,5,4,1,4,19188.47,0,0,0.0,20.0,1.0,0,0,15.0,1
3738,2,1,1,1,-659.3,0,0,0.0,0.0,0.0,0,0,0.0,0
3739,3,2,1,2,11690.18,0,0,0.0,0.0,0.0,0,0,0.0,1
3740,4,3,1,3,12790.32,1,1,0.3333333333333333,45.0,1.0,0,0,67.5,1
3741,2,1,1,1,-164.53,0,0,0.0,0.0,0.0,0,0,0.0,0
3742,3,2,1,2,32878.770000000004,0,0,0.0,0.0,0.0,0,0,0.0,1
3743,2,1,1,1,886.84,0,0,0.0,5.0,0.0,0,0,2.5,0
3744,2,1,1,1,6752.2,0,0,0.0,0.0,0.0,0,0,0.0,0
3745,2,1,1,1,5297.44,0,0,0.0,0.0,0.0,0,0,0.0,0
3746,2,1,1,1,12787.28,0,0,0.0,0.0,0.0,0,0,0.0,0
3747,5,4,1,4,60142.62,0,0,0.0,15.0,1.0,0,0,12.5,1
3748,6,5,1,5,84949.79000000001,0,0,0.0,5.0,0.0,0,0,2.5,1
3749,6,4,2,5,19125.300000000003,1,0,0.2,20.0,0.0,0,0,20.0,1
3750,2,1,1,1,3630.92,0,0,0.0,0.0,0.0,0,0,0.0,0
3751,4,3,1,3,38525.020000000004,1,0,0.3333333333333333,15.0,0.0,0,0,17.5,1
3752,3,2,1,2,16570.72,1,0,0.5,15.0,1.0,0,0,22.5,1
3753,4,3,1,3,22666.71,0,0,0.0,0.0,0.0,0,0,0.0,1
3754,3,2,1,2,19450.84,0,0,0.0,0.0,0.0,0,0,0.0,1
3755,2,1,1,1,7061.64,0,0,0.0,20.0,1.0,0,0,15.0,0
3756,4,3,1,3,52574.71,0,0,0.0,0.0,0.0,0,0,0.0,1
3757,2,1,1,1,19170.12,0,0,0.0,0.0,0.0,0,0,0.0,0
3758,3,2,1,2,23281.969999999998,0,0,0.0,0.0,0.0,0,0,0.0,1
3759,2,1,1,1,22934.55,1,1,1.0,45.0,0.0,0,0,62.5,0
3760,5,4,1,4,54645.43,0,0,0.0,0.0,0.0,0,0,0.0,1
3761,2,1,1,1,4439.13,0,0,0.0,0.0,0.0,0,0,0.0,0
3762,3,2,1,2,29987.54,0,0,0.0,0.0,0.0,0,0,0.0,1
3763,4,3,1,3,31298.129999999997,1,0,0.3333333333333333,15.0,1.0,0,0,22.5,1
3764,3,2,1,2,12302.25,0,0,0.0,0.0,0.0,0,0,0.0,1
3765,3,2,1,2,14289.619999999999,0,0,0.0,2.0,0.0,0,0,1.0,1
3766,2,1,1,1,6058.13,1,0,1.0,15.0,0.0,0,0,17.5,0
3767,2,1,1,1,12433.87,0,0,0.0,20.0,1.0,0,0,15.0,0
3768,2,1,1,1,13179.92,0,0,0.0,0.0,0.0,0,0,0.0,0
3769,3,2,1,2,5196.34,0,0,0.0,0.0,0.0,0,0,0.0,1
3770,6,4,2,5,50142.08,1,0,0.2,15.0,0.0,0,0,17.5,1
3771,2,1,1,1,23486.45,0,0,0.0,0.0,0.0,0,0,0.0,0
3772,2,1,1,1,5406.3,0,0,0.0,0.0,0.0,0,0,0.0,0
3773,4,2,2,3,39512.07,0,0,0.0,3.0,0.0,0,0,1.5,1
3774,2,1,1,1,-20266.99,0,0,0.0,0.0,0.0,0,0,0.0,0
3775,4,3,1,3,33834.22,1,0,0.3333333333333333,30.0,1.0,0,0,30.0,1
3776,6,4,2,5,66760.85,1,0,0.2,18.0,0.0,0,0,19.0,1
3777,2,1,1,1,0.0,0,0,0.0,0.0,0.0,0,0,0.0,0
3778,6,4,2,5,74966.29000000001,0,0,0.0,0.0,0.0,0,0,0.0,1
3779,2,1,1,1,22215.93,0,0,0.0,0.0,0.0,0,0,0.0,0
3780,4,3,1,3,24195.8,0,0,0.0,0.0,0.0,0,0,0.0,1
3781,3,2,1,2,11090.789999999999,0,0,0.0,0.0,0.0,0,0,0.0,1
3782,2,1,1,1,4176.66,0,0,0.0,0.0,0.0,0,0,0.0,0
3783,8,5,3,7,102329.07,0,0,0.0,2.0,0.0,0,0,1.0,1
3784,5,4,1,4,21777.940000000002,1,0,0.25,15.0,0.0,0,0,17.5,1
3785,3,2,1,2,23520.21,0,0,0.0,20.0,1.0,0,0,15.0,1
3786,3,2,1,2,3842.3199999999997,0,0,0.0,0.0,0.0,0,0,0.0,1
3787,4,3,1,3,46299.99,0,0,0.0,15.0,1.0,0,0,12.5,1
3788,5,3,2,4,26573.239999999998,0,0,0.0,15.0,1.0,0,0,12.5,1
3789,5,4,1,4,69707.22,1,1,0.25,45.0,0.0,0,0,62.5,1
3790,5,3,2,4,16032.51,0,0,0.0,0.0,0.0,0,0,0.0,1
3791,4,3,1,3,42709.64,1,0,0.3333333333333333,15.0,0.0,0,0,17.5,1
3792,4,3,1,3,31755.71,0,0,0.0,0.0,0.0,0,0,0.0,1
3793,3,2,1,2,39148.97,0,0,0.0,8.0,0.0,0,0,4.0,1
3794,3,2,1,2,32196.43,0,0,0.0,0.0,0.0,0,0,0.0,1
3795,3,2,1,2,29823.02,1,0,0.5,15.0,0.0,0,0,17.5,1
3796,2,1,1,1,21066.28,0,0,0.0,0.0,0.0,0,0,0.0,0
3797,3,2,1,2,36365.09,0,0,0.0,5.0,0.0,0,0,2.5,1
3798,4,3,1,3,57315.770000000004,0,0,0.0,20.0,2.0,0,0,20.0,1
3799,3,2,1,2,15875.31,0,0,0.0,0.0,0.0,0,0,0.0,1
3800,2,1,1,1,22609.95,0,0,0.0,0.0,0.0,0,0,0.0,0
3801,6,5,1,5,40587.329999999994,1,1,0.2,45.0,0.0,0,0,62.5,1
3802,2,1,1,1,24390.29,0,0,0.0,18.0,1.0,0,0,14.0,0
3803,2,1,1,1,13.37,0,0,0.0,0.0,0.0,0,0,0.0,0
3804,2,1,1,1,15768.91,0,0,0.0,5.0,0.0,0,0,2.5,0
3805,8,6,2,7,32948.77,0,0,0.0,0.0,0.0,0,0,0.0,1
3806,3,2,1,2,30051.67,1,0,0.5,15.0,0.0,0,0,17.5,1
3807,3,2,1,2,10950.9,0,0,0.0,0.0,0.0,0,0,0.0,1
3808,9,6,3,8,128384.78,1,0,0.125,33.0,1.0,0,0,31.5,1
3809,4,3,1,3,21718.52,1,0,0.3333333333333333,15.0,0.0,0,0,17.5,1
3810,3,2,1,2,22420.469999999998,0,0,0.0,0.0,0.0,0,0,0.0,1
3811,5,4,1,4,36354.47,1,0,0.25,15.0,0.0,0,0,17.5,1
3812,4,3,1,3,38885.61,1,0,0.3333333333333333,15.0,0.0,0,0,17.5,1
3813,3,2,1,2,16468.77,0,0,0.0,15.0,1.0,0,0,12.5,1
3814,4,3,1,3,30719.489999999998,0,0,0.0,0.0,0.0,0,0,0.0,1
3815,3,2,1,2,6742.71,0,0,0.0,0.0,0.0,0,0,0.0,1
3816,3,2,1,2,4296.11,1,1,0.5,50.0,1.0,0,0,70.0,1
3817,4,3,1,3,37029.380000000005,0,0,0.0,0.0,0.0,0,0,0.0,1
3818,3,2,1,2,18480.55,0,0,0.0,0.0,0.0,0,0,0.0,1
3819,4,3,1,3,50382.33,0,0,0.0,0.0,0.0,0,0,0.0,1
3820,5,4,1,4,56084.64,1,0,0.25,17.0,0.0,0,0,18.5,1
3821,4,3,1,3,10962.94,1,0,0.3333333333333333,20.0,0.0,0,0,20.0,1
3822,3,2,1,2,9740.85,0,0,0.0,0.0,0.0,0,0,0.0,1
3823,4,3,1,3,52049.0,0,0,0.0,0.0,0.0,0,0,0.0,1
3824,2,1,1,1,118.95,0,0,0.0,0.0,0.0,0,0,0.0,0
3825,6,5,1,5,46322.02,0,0,0.0,5.0,0.0,0,0,2.5,1
3826,3,2,1,2,20028.31,0,0,0.0,0.0,0.0,0,0,0.0,1
3827,3,2,1,2,10387.49,0,0,0.0,0.0,0.0,0,0,0.0,1
3828,2,1,1,1,13771.76,0,0,0.0,0.0,0.0,0,0,0.0,0
3829,4,3,1,3,7727.47,0,0,0.0,0.0,0.0,0,0,0.0,1
3830,4,3,1,3,5138.5,0,0,0.0,5.0,0.0,0,0,2.5,1
3831,6,5,1,5,8462.619999999999,2,0,0.4,15.0,0.0,0,0,27.5,1
3832,3,2,1,2,11586.47,0,0,0.0,0.0,0.0,0,0,0.0,1
3833,2,1,1,1,5004.51,0,0,0.0,0.0,0.0,0,0,0.0,0
3834,4,3,1,3,46497.479999999996,0,0,0.0,20.0,1.0,0,0,15.0,1
3835,2,1,1,1,7852.53,0,0,0.0,0.0,0.0,0,0,0.0,0
3836,2,1,1,1,12522.63,1,1,1.0,47.0,0.0,0,0,63.5,0
3837,3,2,1,2,24029.030000000002,0,0,0.0,0.0,0.0,0,0,0.0,1
3838,3,2,1,2,16563.48,0,0,0.0,0.0,0.0,0,0,0.0,1
3839,2,1,1,1,20288.53,0,0,0.0,15.0,1.0,0,0,12.5,0
3840,2,1,1,1,13264.96,0,0,0.0,0.0,0.0,0,0,0.0,0
3841,2,1,1,1,6085.68,0,0,0.0,0.0,0.0,0,0,0.0,0
3842,2,1,1,1,3526.38,0,0,0.0,0.0,0.0,0,0,0.0,0
3843,3,2,1,2,25295.940000000002,1,0,0.5,35.0,1.0,0,0,32.5,1
3844,3,2,1,2,4371.9,1,0,0.5,15.0,0.0,0,0,17.5,1
3845,4,3,1,3,46556.12,0,0,0.0,0.0,0.0,0,0,0.0,1
3846,6,4,2,5,31650.989999999998,0,0,0.0,5.0,0.0,0,0,2.5,1
3847,2,1,1,1,11805.47,1,0,1.0,15.0,0.0,0,0,17.5,0
3848,5,4,1,4,56847.11,0,0,0.0,15.0,1.0,0,0,12.5,1
3849,3,2,1,2,15440.4,0,0,0.0,2.0,0.0,0,0,1.0,1
3850,4,3,1,3,23625.010000000002,1,0,0.3333333333333333,15.0,0.0,0,0,17.5,1
3851,2,1,1,1,12588.59,0,0,0.0,0.0,0.0,0,0,0.0,0
3852,3,2,1,2,8892.619999999999,0,0,0.0,0.0,0.0,0,0,0.0,1
3853,6,4,2,5,35871.43,1,0,0.2,15.0,0.0,0,0,17.5,1
3854,4,3,1,3,15784.759999999998,1,0,0.3333333333333333,15.0,0.0,0,0,17.5,1
3855,4,3,1,3,41267.31,1,0,0.3333333333333333,20.0,0.0,0,0,20.0,1
3856,3,2,1,2,6207.5,0,0,0.0,0.0,0.0,0,0,0.0,1
3857,2,1,1,1,22449.4,0,0,0.0,0.0,0.0,0,0,0.0,0
3858,3,2,1,2,6562.120000000001,1,1,0.5,47.0,0.0,0,0,63.5,1
3859,4,3,1,3,42426.92,1,0,0.3333333333333333,15.0,0.0,0,0,17.5,1
3860,5,3,2,4,42207.4,0,0,0.0,2.0,0.0,0,0,1.0,1
3861,5,4,1,4,36891.31,1,0,0.25,15.0,0.0,0,0,17.5,1
3862,4,3,1,3,45838.06,0,0,0.0,8.0,0.0,0,0,4.0,1
3863,7,5,2,6,40731.15,1,0,0.16666666666666666,15.0,0.0,0,0,17.5,1
3864,3,2,1,2,27848.12,1,1,0.5,45.0,0.0,0,0,62.5,1
3865,4,3,1,3,40921.4,1,1,0.3333333333333333,45.0,0.0,0,0,62.5,1
3866,4,3,1,3,29537.579999999998,0,0,0.0,20.0,1.0,0,0,15.0,1
3867,3,2,1,2,30063.72,1,0,0.5,30.0,1.0,0,0,30.0,1
3868,3,2,1,2,24621.61,0,0,0.0,3.0,0.0,0,0,1.5,1
3869,2,1,1,1,22676.98,0,0,0.0,0.0,0.0,0,0,0.0,0
3870,8,5,3,7,89466.7,0,0,0.0,17.0,2.0,0,0,18.5,1
3871,3,2,1,2,41193.380000000005,0,0,0.0,0.0,0.0,0,0,0.0,1
3872,2,1,1,1,21708.1,0,0,0.0,0.0,0.0,0,0,0.0,0
3873,3,2,1,2,43861.42,0,0,0.0,0.0,0.0,0,0,0.0,1
3874,3,2,1,2,42663.1,0,0,0.0,10.0,0.0,0,0,5.0,1
3875,2,1,1,1,7548.54,0,0,0.0,0.0,0.0,0,0,0.0,0
3876,3,2,1,2,24264.29,0,0,0.0,0.0,0.0,0,0,0.0,1
3877,2,1,1,1,21364.34,0,0,0.0,0.0,0.0,0,0,0.0,0
3878,8,6,2,7,63973.31,0,0,0.0,15.0,2.0,0,0,17.5,1
3879,3,2,1,2,31557.559999999998,0,0,0.0,0.0,0.0,0,0,0.0,1
3880,3,2,1,2,16809.57,2,0,1.0,15.0,0.0,0,0,27.5,1
3881,3,2,1,2,30080.23,1,0,0.5,20.0,1.0,0,0,25.0,1
3882,5,4,1,4,39315.909999999996,2,0,0.5,20.0,0.0,0,0,30.0,1
3883,4,3,1,3,43546.98,0,0,0.0,15.0,1.0,0,0,12.5,1
3884,2,1,1,1,3521.07,0,0,0.0,0.0,0.0,0,0,0.0,0
3885,5,4,1,4,40627.81,0,0,0.0,0.0,0.0,0,0,0.0,1
3886,3,2,1,2,11144.53,0,0,0.0,0.0,0.0,0,0,0.0,1
3887,4,3,1,3,39893.46,0,0,0.0,0.0,0.0,0,0,0.0,1
3888,3,2,1,2,9754.619999999999,0,0,0.0,15.0,1.0,0,0,12.5,1
3889,3,2,1,2,248.95,0,0,0.0,5.0,0.0,0,0,2.5,1
3890,3,2,1,2,33054.17,0,0,0.0,0.0,0.0,0,0,0.0,1
3891,4,3,1,3,41275.96,0,0,0.0,0.0,0.0,0,0,0.0,1
3892,2,1,1,1,12582.07,0,0,0.0,0.0,0.0,0,0,0.0,0
3893,2,1,1,1,11013.42,0,0,0.0,0.0,0.0,0,0,0.0,0
3894,2,1,1,1,16302.82,0,0,0.0,0.0,0.0,0,0,0.0,0
3895,2,1,1,1,5168.47,0,0,0.0,0.0,0.0,0,0,0.0,0
3896,4,3,1,3,47570.93,0,0,0.0,0.0,0.0,0,0,0.0,1
3897,3,2,1,2,30787.16,0,0,0.0,0.0,0.0,0,0,0.0,1
3898,2,1,1,1,16246.82,0,0,0.0,0.0,0.0,0,0,0.0,0
3899,5,3,2,4,22714.809999999998,0,0,0.0,0.0,0.0,0,0,0.0,1
3900,3,2,1,2,3048.47,1,0,0.5,15.0,0.0,0,0,17.5,1
3901,4,3,1,3,46818.11,0,0,0.0,0.0,0.0,0,0,0.0,1
3902,2,1,1,1,24449.17,0,0,0.0,3.0,0.0,0,0,1.5,0
3903,4,3,1,3,10243.87,0,0,0.0,0.0,0.0,0,0,0.0,1
3904,2,1,1,1,17066.49,0,0,0.0,15.0,1.0,0,0,12.5,0
3905,2,1,1,1,13817.0,0,0,0.0,0.0,0.0,0,0,0.0,0
3906,2,1,1,1,11893.9,0,0,0.0,15.0,1.0,0,0,12.5,0
3907,4,3,1,3,36886.91,0,0,0.0,5.0,0.0,0,0,2.5,1
3908,4,3,1,3,36448.15,1,1,0.3333333333333333,45.0,0.0,0,0,62.5,1
3909,2,1,1,1,7192.19,0,0,0.0,0.0,0.0,0,0,0.0,0
3910,4,3,1,3,32487.62,0,0,0.0,5.0,0.0,0,0,2.5,1
3911,3,2,1,2,40563.59,0,0,0.0,15.0,1.0,0,0,12.5,1
3912,3,2,1,2,25621.449999999997,0,0,0.0,0.0,0.0,0,0,0.0,1
3913,2,1,1,1,7061.85,0,0,0.0,0.0,0.0,0,0,0.0,0
3914,3,2,1,2,1089.91,0,0,0.0,5.0,0.0,0,0,2.5,1
3915,2,1,1,1,22529.94,0,0,0.0,0.0,0.0,0,0,0.0,0
3916,4,3,1,3,26014.0,1,0,0.3333333333333333,15.0,1.0,0,0,22.5,1
3917,3,2,1,2,15589.89,2,0,1.0,20.0,0.0,0,0,30.0,1
3918,3,2,1,2,29874.92,0,0,0.0,0.0,0.0,0,0,0.0,1
3919,4,3,1,3,47090.23,1,1,0.3333333333333333,45.0,1.0,0,0,67.5,1
3920,4,3,1,3,24757.43,1,0,0.3333333333333333,15.0,0.0,0,0,17.5,1
3921,4,3,1,3,19949.059999999998,0,0,0.0,0.0,0.0,0,0,0.0,1
3922,2,1,1,1,20449.69,1,0,1.0,15.0,0.0,0,0,17.5,0
3923,3,2,1,2,47344.14,1,0,0.5,30.0,1.0,0,0,30.0,1
3924,6,4,2,5,25284.65,0,0,0.0,0.0,0.0,0,0,0.0,1
3925,4,3,1,3,37410.09,0,0,0.0,0.0,0.0,0,0,0.0,1
3926,3,2,1,2,25903.170000000002,0,0,0.0,0.0,0.0,0,0,0.0,1
3927,2,1,1,1,3614.84,0,0,0.0,0.0,0.0,0,0,0.0,0
3928,2,1,1,1,17083.38,0,0,0.0,15.0,1.0,0,0,12.5,0
3929,4,3,1,3,57557.76,0,0,0.0,0.0,0.0,0,0,0.0,1
3930,5,4,1,4,41641.24,0,0,0.0,15.0,1.0,0,0,12.5,1
3931,3,2,1,2,14936.84,0,0,0.0,0.0,0.0,0,0,0.0,1
3932,2,1,1,1,4142.61,0,0,0.0,0.0,0.0,0,0,0.0,0
3933,3,2,1,2,32189.85,0,0,0.0,8.0,0.0,0,0,4.0,1
3934,2,1,1,1,0.0,0,0,0.0,0.0,0.0,0,0,0.0,0
3935,7,5,2,6,66169.23,0,0,0.0,5.0,0.0,0,0,2.5,1
3936,4,3,1,3,26488.35,0,0,0.0,0.0,0.0,0,0,0.0,1
3937,2,1,1,1,-2621.64,0,0,0.0,2.0,0.0,0,0,1.0,0
3938,5,4,1,4,10899.86,0,0,0.0,0.0,0.0,0,0,0.0,1
3939,3,2,1,2,6710.71,0,0,0.0,5.0,0.0,0,0,2.5,1
3940,2,1,1,1,0.0,0,0,0.0,0.0,0.0,0,0,0.0,0
3941,2,1,1,1,9292.87,0,0,0.0,0.0,0.0,0,0,0.0,0
3942,3,2,1,2,20077.62,0,0,0.0,0.0,0.0,0,0,0.0,1
3943,3,2,1,2,28156.120000000003,0,0,0.0,5.0,0.0,0,0,2.5,1
3944,3,2,1,2,28591.53,0,0,0.0,5.0,0.0,0,0,2.5,1
3945,3,2,1,2,24827.5,0,0,0.0,0.0,0.0,0,0,0.0,1
3946,3,2,1,2,29272.44,0,0,0.0,0.0,0.0,0,0,0.0,1
3947,2,1,1,1,20095.76,1,1,1.0,45.0,0.0,0,0,62.5,0
3948,3,2,1,2,21224.84,0,0,0.0,0.0,0.0,0,0,0.0,1
3949,2,1,1,1,0.0,0,0,0.0,0.0,0.0,0,0,0.0,0
3950,4,3,1,3,-966.3500000000022,1,1,0.3333333333333333,55.0,0.0,0,0,67.5,1
3951,2,1,1,1,23604.92,0,0,0.0,0.0,0.0,0,0,0.0,0
3952,3,2,1,2,6611.76,1,0,0.5,15.0,0.0,0,0,17.5,1
3953,4,3,1,3,43896.85,0,0,0.0,0.0,0.0,0,0,0.0,1
3954,3,2,1,2,-9969.61,0,0,0.0,0.0,0.0,0,0,0.0,1
3955,3,2,1,2,25309.79,0,0,0.0,5.0,0.0,0,0,2.5,1
3956,5,3,2,4,54044.49,0,0,0.0,0.0,0.0,0,0,0.0,1
3957,3,2,1,2,24748.730000000003,0,0,0.0,5.0,0.0,0,0,2.5,1
3958,2,1,1,1,5031.33,0,0,0.0,0.0,0.0,0,0,0.0,0
3959,3,2,1,2,32652.839999999997,0,0,0.0,2.0,0.0,0,0,1.0,1
3960,2,1,1,1,14003.5,0,0,0.0,15.0,1.0,0,0,12.5,0
3961,2,1,1,1,10398.63,0,0,0.0,2.0,0.0,0,0,1.0,0
3962,3,2,1,2,13777.65,0,0,0.0,0.0,0.0,0,0,0.0,1
3963,2,1,1,1,10979.9,1,0,1.0,15.0,0.0,0,0,17.5,0
3964,5,4,1,4,65361.33,0,0,0.0,0.0,0.0,0,0,0.0,1
3965,3,2,1,2,27061.620000000003,0,0,0.0,0.0,0.0,0,0,0.0,1
3966,3,2,1,2,31212.25,1,0,0.5,15.0,0.0,0,0,17.5,1
3967,4,3,1,3,23597.879999999997,0,0,0.0,5.0,0.0,0,0,2.5,1
3968,3,2,1,2,33360.93,0,0,0.0,0.0,0.0,0,0,0.0,1
3969,11,8,3,10,82731.67,0,0,0.0,3.0,0.0,0,0,1.5,1
3970,4,3,1,3,34323.899999999994,0,0,0.0,0.0,0.0,0,0,0.0,1
3971,3,2,1,2,13672.29,0,0,0.0,0.0,0.0,0,0,0.0,1
3972,3,2,1,2,37030.770000000004,0,0,0.0,0.0,0.0,0,0,0.0,1
3973,3,2,1,2,6863.8,0,0,0.0,0.0,0.0,0,0,0.0,1
3974,2,1,1,1,19428.46,0,0,0.0,5.0,0.0,0,0,2.5,0
3975,11,9,2,10,73863.25,0,0,0.0,15.0,1.0,0,0,12.5,1
3976,3,2,1,2,11185.75,1,0,0.5,20.0,0.0,0,0,20.0,1
3977,3,2,1,2,24080.620000000003,1,1,0.5,45.0,0.0,0,0,62.5,1
3978,3,2,1,2,34583.45,0,0,0.0,0.0,0.0,0,0,0.0,1
3979,3,2,1,2,38447.93,0,0,0.0,0.0,0.0,0,0,0.0,1
3980,2,1,1,1,13624.58,0,0,0.0,0.0,0.0,0,0,0.0,0
3981,3,2,1,2,20426.18,1,0,0.5,15.0,0.0,0,0,17.5,1
3982,2,1,1,1,5403.12,0,0,0.0,0.0,0.0,0,0,0.0,0
3983,4,3,1,3,24063.36,0,0,0.0,0.0,0.0,0,0,0.0,1
3984,6,4,2,5,42012.119999999995,0,0,0.0,5.0,0.0,0,0,2.5,1
3985,4,3,1,3,20820.27,0,0,0.0,5.0,0.0,0,0,2.5,1
3986,3,2,1,2,30187.58,0,0,0.0,15.0,1.0,0,0,12.5,1
3987,3,2,1,2,32470.18,0,0,0.0,0.0,0.0,0,0,0.0,1
3988,4,3,1,3,12788.170000000002,0,0,0.0,5.0,0.0,0,0,2.5,1
3989,2,1,1,1,10191.82,1,1,1.0,45.0,0.0,0,0,62.5,0
3990,5,4,1,4,60694.36,0,0,0.0,5.0,0.0,0,0,2.5,1
3991,2,1,1,1,23235.11,0,0,0.0,0.0,0.0,0,0,0.0,0
3992,4,3,1,3,24199.59,0,0,0.0,0.0,0.0,0,0,0.0,1
3993,2,1,1,1,20076.77,0,0,0.0,0.0,0.0,0,0,0.0,0
3994,4,3,1,3,17487.47,1,1,0.3333333333333333,45.0,0.0,0,0,62.5,1
3995,2,1,1,1,9148.36,0,0,0.0,0.0,0.0,0,0,0.0,0
3996,2,1,1,1,16582.06,0,0,0.0,0.0,0.0,0,0,0.0,0
3997,3,2,1,2,16177.67,0,0,0.0,15.0,1.0,0,0,12.5,1
3998,2,1,1,1,16552.6,0,0,0.0,0.0,0.0,0,0,0.0,0
3999,4,3,1,3,34337.72,0,0,0.0,2.0,0.0,0,0,1.0,1
4000,5,4,1,4,72005.99,1,0,0.25,17.0,0.0,0,0,18.5,1
4001,2,1,1,1,21132.19,0,0,0.0,0.0,0.0,0,0,0.0,0
4002,2,1,1,1,21216.21,1,0,1.0,15.0,0.0,0,0,17.5,0
4003,4,3,1,3,35329.93,0,0,0.0,0.0,0.0,0,0,0.0,1
4004,3,2,1,2,44396.59,0,0,0.0,3.0,0.0,0,0,1.5,1
4005,8,6,2,7,55932.92,2,0,0.2857142857142857,20.0,0.0,0,0,30.0,1
4006,3,2,1,2,23998.32,0,0,0.0,3.0,0.0,0,0,1.5,1
4007,3,2,1,2,35874.38,0,0,0.0,5.0,0.0,0,0,2.5,1
4008,3,2,1,2,24912.440000000002,0,0,0.0,0.0,0.0,0,0,0.0,1
4009,3,2,1,2,41906.86,0,0,0.0,3.0,0.0,0,0,1.5,1
4010,3,2,1,2,18195.43,0,0,0.0,0.0,0.0,0,0,0.0,1
4011,4,3,1,3,48899.98,1,0,0.3333333333333333,15.0,0.0,0,0,17.5,1
4012,3,2,1,2,7794.69,0,0,0.0,0.0,0.0,0,0,0.0,1
4013,2,1,1,1,6493.63,0,0,0.0,0.0,0.0,0,0,0.0,0
4014,3,2,1,2,19166.69,0,0,0.0,0.0,0.0,0,0,0.0,1
4015,2,1,1,1,21728.79,0,0,0.0,0.0,0.0,0,0,0.0,0
4016,2,1,1,1,11009.31,0,0,0.0,0.0,0.0,0,0,0.0,0
4017,3,2,1,2,5362.7,1,1,0.5,45.0,0.0,0,0,62.5,1
4018,3,2,1,2,33637.66,0,0,0.0,0.0,0.0,0,0,0.0,1
4019,2,1,1,1,738.98,0,0,0.0,0.0,0.0,0,0,0.0,0
4020,4,3,1,3,53766.840000000004,0,0,0.0,3.0,0.0,0,0,1.5,1
4021,3,2,1,2,28077.91,0,0,0.0,0.0,0.0,0,0,0.0,1
4022,3,2,1,2,15147.779999999999,0,0,0.0,0.0,0.0,0,0,0.0,1
4023,2,1,1,1,869.08,0,0,0.0,0.0,0.0,0,0,0.0,0
4024,3,2,1,2,25614.16,1,0,0.5,15.0,0.0,0,0,17.5,1
4025,2,1,1,1,-23106.7,0,0,0.0,0.0,0.0,0,0,0.0,0
4026,4,3,1,3,36115.15,1,1,0.3333333333333333,50.0,1.0,0,0,70.0,1
4027,2,1,1,1,23815.12,0,0,0.0,3.0,0.0,0,0,1.5,0
4028,4,3,1,3,29319.07,1,1,0.3333333333333333,45.0,0.0,0,0,62.5,1
4029,3,2,1,2,10487.6,0,0,0.0,5.0,0.0,0,0,2.5,1
4030,4,3,1,3,30567.69,0,0,0.0,5.0,0.0,0,0,2.5,1
4031,4,3,1,3,4072.67,0,0,0.0,0.0,0.0,0,0,0.0,1
4032,4,3,1,3,13138.599999999999,0,0,0.0,0.0,0.0,0,0,0.0,1
4033,5,4,1,4,26221.42,0,0,0.0,0.0,0.0,0,0,0.0,1
4034,3,2,1,2,2827.8900000000003,1,0,0.5,15.0,0.0,0,0,17.5,1
4035,12,9,3,11,153591.68,1,0,0.09090909090909091,15.0,1.0,0,0,22.5,1
4036,2,1,1,1,17410.26,0,0,0.0,0.0,0.0,0,0,0.0,0
4037,3,2,1,2,20807.5,0,0,0.0,0.0,0.0,0,0,0.0,1
4038,2,1,1,1,19307.94,0,0,0.0,0.0,0.0,0,0,0.0,0
4039,4,3,1,3,24631.04,0,0,0.0,15.0,1.0,0,0,12.5,1
4040,3,2,1,2,23408.8,0,0,0.0,0.0,0.0,0,0,0.0,1
4041,4,3,1,3,48640.69,0,0,0.0,0.0,0.0,0,0,0.0,1
4042,3,2,1,2,38404.53,1,1,0.5,65.0,0.0,1,2,83.5,1
4043,2,1,1,1,45.69,1,1,1.0,57.0,0.0,1,0,73.5,0
4044,4,3,1,3,32593.52,0,0,0.0,0.0,0.0,0,0,0.0,1
4045,4,3,1,3,-16286.71,1,1,0.3333333333333333,45.0,0.0,0,0,62.5,1
4046,3,2,1,2,16465.87,2,0,1.0,15.0,0.0,0,0,27.5,1
4047,5,4,1,4,58516.49,0,0,0.0,3.0,0.0,0,0,1.5,1
4048,4,3,1,3,45328.83,0,0,0.0,0.0,0.0,0,0,0.0,1
4049,3,2,1,2,33425.0,0,0,0.0,0.0,0.0,0,0,0.0,1
4050,3,2,1,2,12609.38,0,0,0.0,0.0,0.0,0,0,0.0,1
4051,4,3,1,3,41926.21,1,1,0.3333333333333333,45.0,0.0,0,0,62.5,1
4052,5,3,2,4,42737.06,0,0,0.0,8.0,0.0,0,0,4.0,1
4053,3,2,1,2,0.0,0,0,0.0,0.0,0.0,0,0,0.0,1
4054,3,2,1,2,37931.259999999995,1,0,0.5,15.0,0.0,0,0,17.5,1
4055,2,1,1,1,12809.13,0,0,0.0,0.0,0.0,0,0,0.0,0
4056,2,1,1,1,19991.47,0,0,0.0,0.0,0.0,0,0,0.0,0
4057,4,3,1,3,38233.75,0,0,0.0,3.0,0.0,0,0,1.5,1
4058,3,2,1,2,19564.43,0,0,0.0,0.0,0.0,0,0,0.0,1
4059,2,1,1,1,10974.67,0,0,0.0,0.0,0.0,0,0,0.0,0
4060,2,1,1,1,0.0,0,0,0.0,20.0,1.0,0,0,15.0,0
4061,4,3,1,3,17019.08,0,0,0.0,5.0,0.0,0,0,2.5,1
4062,9,7,2,8,98902.9,0,0,0.0,22.0,1.0,0,0,16.0,1
4063,4,3,1,3,26643.129999999997,1,0,0.3333333333333333,15.0,0.0,0,0,17.5,1
4064,3,2,1,2,20969.46,0,0,0.0,0.0,0.0,0,0,0.0,1
4065,2,1,1,1,0.0,0,0,0.0,15.0,1.0,0,0,12.5,0
4066,7,5,2,6,22532.839999999997,2,0,0.3333333333333333,55.0,1.0,1,3,66.5,1
4067,4,3,1,3,36869.88,0,0,0.0,0.0,0.0,0,0,0.0,1
4068,2,1,1,1,17088.83,0,0,0.0,0.0,0.0,0,0,0.0,0
4069,3,2,1,2,38167.67,1,0,0.5,15.0,0.0,0,0,17.5,1
4070,5,4,1,4,21566.170000000002,0,0,0.0,15.0,1.0,0,0,12.5,1
4071,3,2,1,2,29531.16,1,0,0.5,25.0,0.0,1,0,27.5,1
4072,2,1,1,1,5254.52,0,0,0.0,0.0,0.0,0,0,0.0,0
4073,4,3,1,3,23854.24,0,0,0.0,0.0,0.0,0,0,0.0,1
4074,4,3,1,3,21007.559999999998,0,0,0.0,0.0,0.0,0,0,0.0,1
4075,2,1,1,1,24649.5,1,0,1.0,18.0,0.0,0,0,19.0,0
4076,4,3,1,3,43501.759999999995,0,0,0.0,5.0,0.0,0,0,2.5,1
4077,2,1,1,1,7542.61,0,0,0.0,0.0,0.0,0,0,0.0,0
4078,2,1,1,1,1532.03,0,0,0.0,0.0,0.0,0,0,0.0,0
4079,4,3,1,3,36184.16,0,0,0.0,0.0,0.0,0,0,0.0,1
4080,3,2,1,2,12420.550000000001,0,0,0.0,5.0,0.0,0,0,2.5,1
4081,2,1,1,1,6890.87,0,0,0.0,0.0,0.0,0,0,0.0,0
4082,5,3,2,4,77336.36,0,0,0.0,0.0,0.0,0,0,0.0,1
4083,2,1,1,1,11035.62,0,0,0.0,0.0,0.0,0,0,0.0,0
4084,4,3,1,3,32298.05,0,0,0.0,0.0,0.0,0,0,0.0,1
4085,6,4,2,5,86726.94,1,0,0.2,17.0,0.0,0,0,18.5,1
4086,2,1,1,1,7897.53,0,0,0.0,0.0,0.0,0,0,0.0,0
4087,3,2,1,2,16340.539999999999,0,0,0.0,0.0,0.0,0,0,0.0,1
4088,5,4,1,4,53708.46,0,0,0.0,0.0,0.0,0,0,0.0,1
4089,3,2,1,2,31068.480000000003,1,1,0.5,45.0,0.0,0,0,62.5,1
4090,2,1,1,1,0.0,0,0,0.0,0.0,0.0,0,0,0.0,0
4091,2,1,1,1,487.97,0,0,0.0,0.0,0.0,0,0,0.0,0
4092,5,4,1,4,4522.469999999999,0,0,0.0,5.0,0.0,0,0,2.5,1
4093,3,2,1,2,27041.81,0,0,0.0,5.0,0.0,0,0,2.5,1
4094,2,1,1,1,11736.43,0,0,0.0,0.0,0.0,0,0,0.0,0
4095,3,2,1,2,2241.35,0,0,0.0,15.0,1.0,0,0,12.5,1
4096,4,3,1,3,19307.67,0,0,0.0,0.0,0.0,0,0,0.0,1
4097,2,1,1,1,5163.01,0,0,0.0,2.0,0.0,0,0,1.0,0
4098,3,2,1,2,22607.43,1,0,0.5,25.0,1.0,1,0,32.5,1
4099,4,3,1,3,16850.07,0,0,0.0,0.0,0.0,0,0,0.0,1
4100,3,2,1,2,29399.75,1,0,0.5,15.0,0.0,0,0,17.5,1
4101,4,3,1,3,42703.090000000004,0,0,0.0,5.0,0.0,0,0,2.5,1
4102,3,2,1,2,38497.880000000005,0,0,0.0,15.0,1.0,0,0,12.5,1
4103,3,2,1,2,15284.43,0,0,0.0,0.0,0.0,0,0,0.0,1
4104,2,1,1,1,1523.2,0,0,0.0,0.0,0.0,0,0,0.0,0
4105,2,1,1,1,12817.44,0,0,0.0,0.0,0.0,0,0,0.0,0
4106,6,4,2,5,55431.42,0,0,0.0,0.0,0.0,0,0,0.0,1
4107,3,2,1,2,13454.29,0,0,0.0,0.0,0.0,0,0,0.0,1
4108,5,3,2,4,54972.19,2,1,0.5,45.0,0.0,0,0,72.5,1
4109,5,4,1,4,61515.58,1,0,0.25,15.0,0.0,0,0,17.5,1
4110,2,1,1,1,410.54,0,0,0.0,0.0,0.0,0,0,0.0,0
4111,4,3,1,3,31650.24,0,0,0.0,15.0,1.0,0,0,12.5,1
4112,3,2,1,2,-1834.2100000000005,1,0,0.5,15.0,0.0,0,0,17.5,1
4113,2,1,1,1,23869.29,0,0,0.0,3.0,0.0,0,0,1.5,0
4114,3,2,1,2,17404.12,0,0,0.0,0.0,0.0,0,0,0.0,1
4115,3,2,1,2,44791.490000000005,0,0,0.0,3.0,0.0,0,0,1.5,1
4116,2,1,1,1,0.0,0,0,0.0,0.0,0.0,0,0,0.0,0
4117,3,2,1,2,18888.34,0,0,0.0,0.0,0.0,0,0,0.0,1
4118,3,2,1,2,20849.22,0,0,0.0,15.0,1.0,0,0,12.5,1
4119,4,3,1,3,31931.46,0,0,0.0,0.0,0.0,0,0,0.0,1
4120,3,2,1,2,8701.75,0,0,0.0,0.0,0.0,0,0,0.0,1
4121,3,2,1,2,16530.05,0,0,0.0,0.0,0.0,0,0,0.0,1
4122,3,2,1,2,32981.94,0,0,0.0,0.0,0.0,0,0,0.0,1
4123,2,1,1,1,18950.86,0,0,0.0,0.0,0.0,0,0,0.0,0
4124,3,2,1,2,15480.82,1,0,0.5,15.0,0.0,0,0,17.5,1
4125,2,1,1,1,12227.56,0,0,0.0,0.0,0.0,0,0,0.0,0
4126,3,2,1,2,21786.77,0,0,0.0,5.0,0.0,0,0,2.5,1
4127,5,4,1,4,58854.81,0,0,0.0,0.0,0.0,0,0,0.0,1
4128,2,1,1,1,7358.75,1,0,1.0,35.0,1.0,0,0,32.5,0
4129,2,1,1,1,4164.07,0,0,0.0,0.0,0.0,0,0,0.0,0
4130,5,4,1,4,40404.71,0,0,0.0,0.0,0.0,0,0,0.0,1
4131,4,3,1,3,26193.4,0,0,0.0,5.0,0.0,0,0,2.5,1
4132,2,1,1,1,22869.59,0,0,0.0,0.0,0.0,0,0,0.0,0
4133,4,3,1,3,25974.41,0,0,0.0,0.0,0.0,0,0,0.0,1
4134,2,1,1,1,2971.38,0,0,0.0,0.0,0.0,0,0,0.0,0
4135,2,1,1,1,8818.59,1,0,1.0,15.0,0.0,0,0,17.5,0
4136,4,3,1,3,10915.74,1,0,0.3333333333333333,15.0,0.0,0,0,17.5,1
4137,6,5,1,5,59666.11,0,0,0.0,0.0,0.0,0,0,0.0,1
4138,4,3,1,3,-6099.6900000000005,0,0,0.0,0.0,0.0,0,0,0.0,1
4139,2,1,1,1,15938.4,0,0,0.0,0.0,0.0,0,0,0.0,0
4140,4,3,1,3,7341.890000000001,0,0,0.0,0.0,0.0,0,0,0.0,1
4141,3,2,1,2,49370.93,2,1,1.0,68.0,0.0,1,2,95.0,1
4142,2,1,1,1,0.0,0,0,0.0,0.0,0.0,0,0,0.0,0
4143,5,3,2,4,57616.2,1,0,0.25,15.0,0.0,0,0,17.5,1
4144,2,1,1,1,0.0,1,0,1.0,15.0,0.0,0,0,17.5,0
4145,2,1,1,1,0.0,1,0,1.0,15.0,0.0,0,0,17.5,0
4146,2,1,1,1,16936.27,0,0,0.0,0.0,0.0,0,0,0.0,0
4147,5,4,1,4,26873.98,1,1,0.25,45.0,1.0,0,0,67.5,1
4148,3,2,1,2,22389.13,1,1,0.5,45.0,0.0,0,0,62.5,1
4149,6,5,1,5,48274.87,1,0,0.2,15.0,1.0,0,0,22.5,1
4150,3,2,1,2,11036.78,0,0,0.0,0.0,0.0,0,0,0.0,1
4151,2,1,1,1,19971.31,0,0,0.0,0.0,0.0,0,0,0.0,0
4152,5,4,1,4,27153.72,0,0,0.0,0.0,0.0,0,0,0.0,1
4153,4,3,1,3,38880.37,1,1,0.3333333333333333,45.0,0.0,0,0,62.5,1
4154,2,1,1,1,20691.98,0,0,0.0,0.0,0.0,0,0,0.0,0
4155,2,1,1,1,653.98,0,0,0.0,0.0,0.0,0,0,0.0,0
4156,2,1,1,1,11825.11,0,0,0.0,0.0,0.0,0,0,0.0,0
4157,7,5,2,6,38871.06,2,1,0.3333333333333333,45.0,0.0,0,0,72.5,1
4158,4,3,1,3,28916.8,2,2,0.6666666666666666,45.0,0.0,0,0,102.5,1
4159,2,1,1,1,4017.53,0,0,0.0,0.0,0.0,0,0,0.0,0
4160,2,1,1,1,0.0,0,0,0.0,2.0,0.0,0,0,1.0,0
4161,3,2,1,2,30346.079999999998,0,0,0.0,15.0,1.0,0,0,12.5,1
4162,3,2,1,2,29402.769999999997,0,0,0.0,0.0,0.0,0,0,0.0,1
4163,2,1,1,1,24917.45,0,0,0.0,3.0,0.0,0,0,1.5,0
4164,2,1,1,1,599.64,0,0,0.0,2.0,0.0,0,0,1.0,0
4165,4,3,1,3,33144.21,1,0,0.3333333333333333,15.0,0.0,0,0,17.5,1
4166,5,4,1,4,64493.42,1,0,0.25,15.0,0.0,0,0,17.5,1
4167,2,1,1,1,0.0,1,1,1.0,45.0,0.0,0,0,62.5,0
4168,4,3,1,3,28746.23,1,0,0.3333333333333333,15.0,0.0,0,0,17.5,1
4169,3,2,1,2,42821.97,1,0,0.5,15.0,0.0,0,0,17.5,1
4170,3,2,1,2,19275.1,0,0,0.0,0.0,0.0,0,0,0.0,1
4171,6,4,2,5,73845.72,0,0,0.0,0.0,0.0,0,0,0.0,1
4172,3,2,1,2,-5036.75,0,0,0.0,0.0,0.0,0,0,0.0,1
4173,4,3,1,3,33755.32,0,0,0.0,15.0,1.0,0,0,12.5,1
4174,2,1,1,1,20309.81,1,0,1.0,25.0,0.0,1,0,27.5,0
4175,4,3,1,3,38279.45,1,0,0.3333333333333333,20.0,1.0,0,0,25.0,1
4176,2,1,1,1,21783.21,0,0,0.0,0.0,0.0,0,0,0.0,0
4177,2,1,1,1,10556.64,0,0,0.0,0.0,0.0,0,0,0.0,0
4178,2,1,1,1,4666.47,0,0,0.0,0.0,0.0,0,0,0.0,0
4179,3,2,1,2,12467.460000000001,0,0,0.0,0.0,0.0,0,0,0.0,1
4180,2,1,1,1,0.0,0,0,0.0,0.0,0.0,0,0,0.0,0
4181,4,3,1,3,28951.07,0,0,0.0,0.0,0.0,0,0,0.0,1
4182,5,4,1,4,36102.049999999996,2,2,0.5,65.0,0.0,1,4,129.5,1
4183,3,2,1,2,35509.11,0,0,0.0,0.0,0.0,0,0,0.0,1
4184,3,2,1,2,33195.84,1,1,0.5,55.0,0.0,1,0,72.5,1
4185,3,2,1,2,27975.33,0,0,0.0,5.0,0.0,0,0,2.5,1
4186,3,2,1,2,6387.5,0,0,0.0,0.0,0.0,0,0,0.0,1
4187,5,4,1,4,44392.55,2,0,0.5,15.0,0.0,0,0,27.5,1
4188,2,1,1,1,3773.77,0,0,0.0,0.0,0.0,0,0,0.0,0
4189,3,2,1,2,13266.339999999998,0,0,0.0,3.0,0.0,0,0,1.5,1
4190,4,3,1,3,11008.76,0,0,0.0,15.0,1.0,0,0,12.5,1
4191,2,1,1,1,23461.16,0,0,0.0,0.0,0.0,0,0,0.0,0
4192,4,3,1,3,42352.87,1,1,0.3333333333333333,45.0,0.0,0,0,62.5,1
4193,2,1,1,1,9765.51,0,0,0.0,0.0,0.0,0,0,0.0,0
4194,3,2,1,2,28191.399999999998,2,1,1.0,55.0,0.0,1,2,88.5,1
4195,3,2,1,2,20680.48,0,0,0.0,5.0,0.0,0,0,2.5,1
4196,2,1,1,1,3414.9,0,0,0.0,2.0,0.0,0,0,1.0,0
4197,4,3,1,3,34281.68,0,0,0.0,5.0,0.0,0,0,2.5,1
4198,3,2,1,2,22317.16,0,0,0.0,0.0,0.0,0,0,0.0,1
4199,3,2,1,2,38737.85,0,0,0.0,3.0,0.0,0,0,1.5,1
4200,4,3,1,3,12981.85,1,0,0.3333333333333333,15.0,0.0,0,0,17.5,1
4201,5,4,1,4,55750.47,0,0,0.0,5.0,0.0,0,0,2.5,1
4202,2,1,1,1,7864.73,0,0,0.0,0.0,0.0,0,0,0.0,0
4203,2,1,1,1,0.0,0,0,0.0,0.0,0.0,0,0,0.0,0
4204,4,3,1,3,9582.13,0,0,0.0,0.0,0.0,0,0,0.0,1
4205,3,2,1,2,38794.22,0,0,0.0,0.0,0.0,0,0,0.0,1
4206,3,2,1,2,33981.28,2,1,1.0,45.0,1.0,0,0,77.5,1
4207,3,2,1,2,13934.45,1,0,0.5,15.0,0.0,0,0,17.5,1
4208,4,3,1,3,18715.18,0,0,0.0,20.0,1.0,0,0,15.0,1
4209,3,2,1,2,45.44,1,0,0.5,15.0,0.0,0,0,17.5,1
4210,2,1,1,1,12761.46,0,0,0.0,0.0,0.0,0,0,0.0,0
4211,2,1,1,1,15854.92,0,0,0.0,0.0,0.0,0,0,0.0,0
4212,2,1,1,1,7693.48,0,0,0.0,0.0,0.0,0,0,0.0,0
4213,4,3,1,3,36735.15,1,1,0.3333333333333333,45.0,0.0,0,0,62.5,1
4214,2,1,1,1,0.0,1,1,1.0,45.0,0.0,0,0,62.5,0
4215,2,1,1,1,1788.71,0,0,0.0,0.0,0.0,0,0,0.0,0
4216,2,1,1,1,-1686.67,1,1,1.0,47.0,0.0,0,0,63.5,0
4217,3,2,1,2,21796.46,2,0,1.0,30.0,1.0,0,0,40.0,1
4218,4,3,1,3,31907.84,2,0,0.6666666666666666,20.0,0.0,0,0,30.0,1
4219,3,2,1,2,37091.94,0,0,0.0,0.0,0.0,0,0,0.0,1
4220,3,2,1,2,26409.29,0,0,0.0,0.0,0.0,0,0,0.0,1
4221,3,2,1,2,17094.89,1,1,0.5,47.0,0.0,0,0,63.5,1
4222,3,2,1,2,31376.92,0,0,0.0,3.0,0.0,0,0,1.5,1
4223,3,2,1,2,29404.97,1,1,0.5,45.0,0.0,0,0,62.5,1
4224,5,4,1,4,58035.19,0,0,0.0,5.0,0.0,0,0,2.5,1
4225,3,2,1,2,12877.630000000001,0,0,0.0,0.0,0.0,0,0,0.0,1
4226,2,1,1,1,19026.73,0,0,0.0,0.0,0.0,0,0,0.0,0
4227,4,3,1,3,33522.29,0,0,0.0,15.0,1.0,0,0,12.5,1
4228,2,1,1,1,832.64,0,0,0.0,0.0,0.0,0,0,0.0,0
4229,4,2,2,3,24239.66,0,0,0.0,0.0,0.0,0,0,0.0,1
4230,3,2,1,2,29277.17,0,0,0.0,0.0,0.0,0,0,0.0,1
4231,3,2,1,2,5709.9,0,0,0.0,0.0,0.0,0,0,0.0,1
4232,4,3,1,3,32961.520000000004,1,1,0.3333333333333333,60.0,0.0,1,0,75.0,1
4233,3,2,1,2,24178.629999999997,0,0,0.0,5.0,0.0,0,0,2.5,1
4234,4,3,1,3,48109.51,2,1,0.6666666666666666,45.0,0.0,0,0,72.5,1
4235,3,2,1,2,17144.99,0,0,0.0,0.0,0.0,0,0,0.0,1
4236,2,1,1,1,22050.24,0,0,0.0,2.0,0.0,0,0,1.0,0
4237,3,2,1,2,26919.95,0,0,0.0,3.0,0.0,0,0,1.5,1
4238,3,2,1,2,13193.95,1,0,0.5,15.0,0.0,0,0,17.5,1
4239,4,3,1,3,39992.83,0,0,0.0,0.0,0.0,0,0,0.0,1
4240,2,1,1,1,5050.48,0,0,0.0,0.0,0.0,0,0,0.0,0
4241,2,1,1,1,8563.22,0,0,0.0,0.0,0.0,0,0,0.0,0
4242,5,4,1,4,92617.23,0,0,0.0,23.0,1.0,0,0,16.5,1
4243,8,5,3,7,63217.66,0,0,0.0,3.0,0.0,0,0,1.5,1
4244,4,3,1,3,46628.94,0,0,0.0,0.0,0.0,0,0,0.0,1
4245,3,2,1,2,8285.02,0,0,0.0,0.0,0.0,0,0,0.0,1
4246,3,2,1,2,14955.13,0,0,0.0,0.0,0.0,0,0,0.0,1
4247,2,1,1,1,8786.91,0,0,0.0,0.0,0.0,0,0,0.0,0
4248,3,2,1,2,14996.7,0,0,0.0,20.0,1.0,0,0,15.0,1
4249,5,4,1,4,47683.990000000005,0,0,0.0,0.0,0.0,0,0,0.0,1
4250,5,3,2,4,38964.69,0,0,0.0,20.0,2.0,0,0,20.0,1
4251,2,1,1,1,7975.63,0,0,0.0,0.0,0.0,0,0,0.0,0
4252,2,1,1,1,9497.55,0,0,0.0,0.0,0.0,0,0,0.0,0
4253,4,3,1,3,26103.14,0,0,0.0,0.0,0.0,0,0,0.0,1
4254,3,2,1,2,34642.7,0,0,0.0,0.0,0.0,0,0,0.0,1
4255,6,5,1,5,67000.56,2,1,0.4,65.0,1.0,0,0,87.5,1
4256,2,1,1,1,14958.87,0,0,0.0,0.0,0.0,0,0,0.0,0
4257,3,2,1,2,14148.88,0,0,0.0,15.0,1.0,0,0,12.5,1
4258,6,4,2,5,45145.2,0,0,0.0,5.0,0.0,0,0,2.5,1
4259,3,2,1,2,38168.07,0,0,0.0,0.0,0.0,0,0,0.0,1
4260,3,2,1,2,7857.6900000000005,1,0,0.5,15.0,0.0,0,0,17.5,1
4261,5,4,1,4,32959.08,0,0,0.0,0.0,0.0,0,0,0.0,1
4262,3,2,1,2,10757.02,0,0,0.0,10.0,0.0,0,0,5.0,1
4263,2,1,1,1,11572.26,0,0,0.0,0.0,0.0,0,0,0.0,0
4264,5,3,2,4,40961.61,0,0,0.0,5.0,0.0,0,0,2.5,1
4265,2,1,1,1,9701.77,0,0,0.0,2.0,0.0,0,0,1.0,0
4266,3,2,1,2,19490.12,0,0,0.0,15.0,1.0,0,0,12.5,1
4267,2,1,1,1,8252.1,0,0,0.0,0.0,0.0,0,0,0.0,0
4268,4,3,1,3,33012.89,0,0,0.0,0.0,0.0,0,0,0.0,1
4269,4,3,1,3,48407.31,0,0,0.0,0.0,0.0,0,0,0.0,1
4270,2,1,1,1,16216.87,0,0,0.0,0.0,0.0,0,0,0.0,0
4271,3,2,1,2,9893.97,0,0,0.0,0.0,0.0,0,0,0.0,1
4272,3,2,1,2,27099.59,0,0,0.0,0.0,0.0,0,0,0.0,1
4273,3,2,1,2,23545.659999999996,1,0,0.5,15.0,0.0,0,0,17.5,1
4274,4,2,2,3,61802.399999999994,0,0,0.0,0.0,0.0,0,0,0.0,1
4275,5,4,1,4,74295.29,1,0,0.25,15.0,0.0,0,0,17.5,1
4276,4,3,1,3,26534.559999999998,1,1,0.3333333333333333,45.0,0.0,0,0,62.5,1
4277,3,2,1,2,11731.32,0,0,0.0,0.0,0.0,0,0,0.0,1
4278,2,1,1,1,-11104.18,0,0,0.0,0.0,0.0,0,0,0.0,0
4279,5,4,1,4,16735.61,0,0,0.0,5.0,0.0,0,0,2.5,1
4280,3,2,1,2,34078.479999999996,0,0,0.0,0.0,0.0,0,0,0.0,1
4281,2,1,1,1,0.0,0,0,0.0,0.0,0.0,0,0,0.0,0
4282,5,3,2,4,40435.770000000004,0,0,0.0,5.0,0.0,0,0,2.5,1
4283,4,2,2,3,21965.37,0,0,0.0,0.0,0.0,0,0,0.0,1
4284,2,1,1,1,0.0,0,0,0.0,0.0,0.0,0,0,0.0,0
4285,3,2,1,2,13909.48,0,0,0.0,5.0,0.0,0,0,2.5,1
4286,3,2,1,2,36704.53,1,0,0.5,15.0,0.0,0,0,17.5,1
4287,3,2,1,2,20046.08,0,0,0.0,0.0,0.0,0,0,0.0,1
4288,3,2,1,2,13564.24,0,0,0.0,0.0,0.0,0,0,0.0,1
4289,3,2,1,2,11500.420000000002,0,0,0.0,0.0,0.0,0,0,0.0,1
4290,3,2,1,2,34973.23,0,0,0.0,0.0,0.0,0,0,0.0,1
4291,2,1,1,1,6627.76,0,0,0.0,0.0,0.0,0,0,0.0,0
4292,3,2,1,2,28993.71,0,0,0.0,17.0,1.0,0,0,13.5,1
4293,2,1,1,1,4797.91,1,0,1.0,15.0,0.0,0,0,17.5,0
4294,7,6,1,6,59213.07,0,0,0.0,0.0,0.0,0,0,0.0,1
4295,4,3,1,3,35180.9,1,1,0.3333333333333333,45.0,0.0,0,0,62.5,1
4296,3,2,1,2,29229.01,1,1,0.5,50.0,0.0,0,0,65.0,1
4297,2,1,1,1,18283.95,1,0,1.0,17.0,0.0,0,0,18.5,0
4298,2,1,1,1,16342.48,1,0,1.0,25.0,0.0,1,0,27.5,0
4299,2,1,1,1,20949.33,0,0,0.0,0.0,0.0,0,0,0.0,0
4300,3,2,1,2,18682.45,0,0,0.0,0.0,0.0,0,0,0.0,1
4301,5,4,1,4,53410.96,0,0,0.0,15.0,1.0,0,0,12.5,1
4302,3,2,1,2,10616.6,0,0,0.0,5.0,0.0,0,0,2.5,1
4303,2,1,1,1,4287.91,0,0,0.0,0.0,0.0,0,0,0.0,0
4304,2,1,1,1,21917.5,0,0,0.0,0.0,0.0,0,0,0.0,0
4305,3,2,1,2,33323.79,0,0,0.0,0.0,0.0,0,0,0.0,1
4306,4,3,1,3,41932.759999999995,1,1,0.3333333333333333,48.0,0.0,0,0,64.0,1
4307,2,1,1,1,17325.79,0,0,0.0,0.0,0.0,0,0,0.0,0
4308,3,2,1,2,22638.82,0,0,0.0,5.0,0.0,0,0,2.5,1
4309,4,3,1,3,38889.63,0,0,0.0,0.0,0.0,0,0,0.0,1
4310,4,3,1,3,39899.65,0,0,0.0,0.0,0.0,0,0,0.0,1
4311,3,2,1,2,18170.32,0,0,0.0,0.0,0.0,0,0,0.0,1
4312,2,1,1,1,14097.79,0,0,0.0,0.0,0.0,0,0,0.0,0
4313,2,1,1,1,15966.74,0,0,0.0,0.0,0.0,0,0,0.0,0
4314,2,1,1,1,5964.86,0,0,0.0,0.0,0.0,0,0,0.0,0
4315,3,2,1,2,43853.14,0,0,0.0,3.0,0.0,0,0,1.5,1
4316,2,1,1,1,13330.39,0,0,0.0,0.0,0.0,0,0,0.0,0
4317,3,2,1,2,42520.79,1,0,0.5,15.0,0.0,0,0,17.5,1
4318,4,3,1,3,24410.74,0,0,0.0,0.0,0.0,0,0,0.0,1
4319,3,2,1,2,27529.27,0,0,0.0,0.0,0.0,0,0,0.0,1
4320,4,3,1,3,42014.479999999996,0,0,0.0,0.0,0.0,0,0,0.0,1
4321,3,2,1,2,21476.94,0,0,0.0,0.0,0.0,0,0,0.0,1
4322,3,2,1,2,19999.79,0,0,0.0,0.0,0.0,0,0,0.0,1
4323,3,2,1,2,8214.43,0,0,0.0,0.0,0.0,0,0,0.0,1
4324,5,4,1,4,52118.18,1,0,0.25,15.0,0.0,0,0,17.5,1
4325,5,3,2,4,58687.649999999994,1,0,0.25,18.0,0.0,0,0,19.0,1
4326,3,2,1,2,38389.35,0,0,0.0,0.0,0.0,0,0,0.0,1
4327,2,1,1,1,0.0,0,0,0.0,0.0,0.0,0,0,0.0,0
4328,2,1,1,1,24443.31,0,0,0.0,3.0,0.0,0,0,1.5,0
4329,2,1,1,1,304.38,0,0,0.0,2.0,0.0,0,0,1.0,0
4330,3,2,1,2,17389.73,0,0,0.0,15.0,1.0,0,0,12.5,1
4331,3,2,1,2,26678.510000000002,0,0,0.0,15.0,1.0,0,0,12.5,1
4332,2,1,1,1,9185.67,0,0,0.0,5.0,0.0,0,0,2.5,0
4333,3,2,1,2,27225.28,0,0,0.0,3.0,0.0,0,0,1.5,1
4334,2,1,1,1,13241.78,0,0,0.0,0.0,0.0,0,0,0.0,0
4335,2,1,1,1,9284.28,0,0,0.0,0.0,0.0,0,0,0.0,0
4336,3,2,1,2,45519.270000000004,0,0,0.0,15.0,1.0,0,0,12.5,1
4337,3,2,1,2,19527.5,0,0,0.0,5.0,0.0,0,0,2.5,1
4338,2,1,1,1,23235.79,0,0,0.0,0.0,0.0,0,0,0.0,0
4339,3,2,1,2,11028.329999999998,0,0,0.0,0.0,0.0,0,0,0.0,1
4340,2,1,1,1,3585.12,0,0,0.0,15.0,1.0,0,0,12.5,0
4341,3,2,1,2,21817.45,0,0,0.0,0.0,0.0,0,0,0.0,1
4342,5,3,2,4,49651.46,0,0,0.0,0.0,0.0,0,0,0.0,1
4343,2,1,1,1,16674.52,0,0,0.0,5.0,0.0,0,0,2.5,0
4344,4,3,1,3,11947.68,0,0,0.0,0.0,0.0,0,0,0.0,1
4345,2,1,1,1,10901.63,0,0,0.0,0.0,0.0,0,0,0.0,0
4346,3,2,1,2,14678.41,0,0,0.0,0.0,0.0,0,0,0.0,1
4347,2,1,1,1,3757.78,0,0,0.0,0.0,0.0,0,0,0.0,0
4348,4,3,1,3,24292.3,0,0,0.0,0.0,0.0,0,0,0.0,1
4349,3,2,1,2,28451.8,0,0,0.0,0.0,0.0,0,0,0.0,1
4350,2,1,1,1,16692.27,0,0,0.0,2.0,0.0,0,0,1.0,0
4351,3,2,1,2,23928.09,1,0,0.5,18.0,0.0,0,0,19.0,1
4352,4,3,1,3,11484.36,0,0,0.0,0.0,0.0,0,0,0.0,1
4353,3,2,1,2,41006.08,0,0,0.0,0.0,0.0,0,0,0.0,1
4354,3,2,1,2,38387.35,0,0,0.0,3.0,0.0,0,0,1.5,1
4355,3,2,1,2,3099.73,0,0,0.0,0.0,0.0,0,0,0.0,1
4356,2,1,1,1,0.0,1,0,1.0,15.0,0.0,0,0,17.5,0
4357,5,3,2,4,25583.120000000003,0,0,0.0,2.0,0.0,0,0,1.0,1
4358,5,4,1,4,47380.9,0,0,0.0,0.0,0.0,0,0,0.0,1
4359,4,3,1,3,0.0,0,0,0.0,0.0,0.0,0,0,0.0,1
4360,2,1,1,1,18844.12,0,0,0.0,0.0,0.0,0,0,0.0,0
4361,2,1,1,1,0.0,0,0,0.0,0.0,0.0,0,0,0.0,0
4362,5,4,1,4,60528.32,1,0,0.25,18.0,0.0,0,0,19.0,1
4363,2,1,1,1,23450.32,0,0,0.0,0.0,0.0,0,0,0.0,0
4364,2,1,1,1,0.0,0,0,0.0,0.0,0.0,0,0,0.0,0
4365,3,2,1,2,12054.800000000001,1,0,0.5,15.0,0.0,0,0,17.5,1
4366,2,1,1,1,15241.53,0,0,0.0,0.0,0.0,0,0,0.0,0
4367,3,2,1,2,13992.88,0,0,0.0,0.0,0.0,0,0,0.0,1
4368,2,1,1,1,0.0,0,0,0.0,5.0,0.0,0,0,2.5,0
4369,2,1,1,1,12504.59,1,0,1.0,20.0,0.0,0,0,20.0,0
4370,3,2,1,2,34704.31,0,0,0.0,5.0,0.0,0,0,2.5,1
4371,3,2,1,2,9992.34,0,0,0.0,0.0,0.0,0,0,0.0,1
4372,4,3,1,3,49200.04,0,0,0.0,0.0,0.0,0,0,0.0,1
4373,3,2,1,2,14625.49,0,0,0.0,0.0,0.0,0,0,0.0,1
4374,3,2,1,2,10530.42,0,0,0.0,20.0,1.0,0,0,15.0,1
4375,2,1,1,1,17590.09,0,0,0.0,0.0,0.0,0,0,0.0,0
4376,5,4,1,4,69198.65,1,1,0.25,45.0,0.0,0,0,62.5,1
4377,3,2,1,2,31109.940000000002,0,0,0.0,0.0,0.0,0,0,0.0,1
4378,3,2,1,2,5060.09,0,0,0.0,0.0,0.0,0,0,0.0,1
4379,2,1,1,1,21408.92,0,0,0.0,0.0,0.0,0,0,0.0,0
4380,4,2,2,3,26034.04,1,0,0.3333333333333333,15.0,0.0,0,0,17.5,1
4381,2,1,1,1,10468.72,0,0,0.0,0.0,0.0,0,0,0.0,0
4382,3,2,1,2,23184.92,0,0,0.0,0.0,0.0,0,0,0.0,1
4383,3,2,1,2,45514.66,0,0,0.0,5.0,0.0,0,0,2.5,1
4384,2,1,1,1,17296.09,0,0,0.0,0.0,0.0,0,0,0.0,0
4385,3,2,1,2,37148.45,0,0,0.0,0.0,0.0,0,0,0.0,1
4386,2,1,1,1,16809.85,0,0,0.0,0.0,0.0,0,0,0.0,0
4387,2,1,1,1,10851.1,0,0,0.0,0.0,0.0,0,0,0.0,0
4388,3,2,1,2,-17909.1,0,0,0.0,15.0,1.0,0,0,12.5,1
4389,3,2,1,2,41328.07,0,0,0.0,0.0,0.0,0,0,0.0,1
4390,3,2,1,2,37201.95,0,0,0.0,0.0,0.0,0,0,0.0,1
4391,2,1,1,1,10363.37,0,0,0.0,0.0,0.0,0,0,0.0,0
4392,5,4,1,4,46490.35,0,0,0.0,0.0,0.0,0,0,0.0,1
4393,2,1,1,1,20223.37,0,0,0.0,0.0,0.0,0,0,0.0,0
4394,3,2,1,2,11474.62,0,0,0.0,5.0,0.0,0,0,2.5,1
4395,5,4,1,4,67632.61,0,0,0.0,15.0,1.0,0,0,12.5,1
4396,4,3,1,3,37523.6,0,0,0.0,15.0,1.0,0,0,12.5,1
4397,4,3,1,3,40569.91,0,0,0.0,0.0,0.0,0,0,0.0,1
4398,2,1,1,1,21288.6,0,0,0.0,0.0,0.0,0,0,0.0,0
4399,5,4,1,4,26685.63,0,0,0.0,5.0,0.0,0,0,2.5,1
4400,2,1,1,1,0.0,0,0,0.0,0.0,0.0,0,0,0.0,0
4401,2,1,1,1,8708.91,0,0,0.0,0.0,0.0,0,0,0.0,0
4402,4,3,1,3,51095.89,0,0,0.0,0.0,0.0,0,0,0.0,1
4403,2,1,1,1,17922.77,0,0,0.0,2.0,0.0,0,0,1.0,0
4404,3,2,1,2,6423.98,0,0,0.0,0.0,0.0,0,0,0.0,1
4405,3,2,1,2,40163.55,0,0,0.0,0.0,0.0,0,0,0.0,1
4406,3,2,1,2,14811.14,0,0,0.0,0.0,0.0,0,0,0.0,1
4407,2,1,1,1,22174.48,0,0,0.0,0.0,0.0,0,0,0.0,0
4408,3,2,1,2,20561.16,0,0,0.0,0.0,0.0,0,0,0.0,1
4409,3,2,1,2,41229.31,0,0,0.0,0.0,0.0,0,0,0.0,1
4410,2,1,1,1,0.0,0,0,0.0,0.0,0.0,0,0,0.0,0
4411,3,2,1,2,13437.8,0,0,0.0,0.0,0.0,0,0,0.0,1
4412,3,2,1,2,17099.14,0,0,0.0,0.0,0.0,0,0,0.0,1
4413,4,3,1,3,43718.240000000005,0,0,0.0,15.0,1.0,0,0,12.5,1
4414,2,1,1,1,13812.93,0,0,0.0,0.0,0.0,0,0,0.0,0
4415,4,3,1,3,15573.12,1,1,0.3333333333333333,60.0,1.0,0,0,75.0,1
4416,2,1,1,1,9118.88,0,0,0.0,0.0,0.0,0,0,0.0,0
4417,2,1,1,1,21387.96,0,0,0.0,0.0,0.0,0,0,0.0,0
4418,4,3,1,3,34186.42,1,0,0.3333333333333333,15.0,0.0,0,0,17.5,1
4419,2,1,1,1,12511.96,0,0,0.0,0.0,0.0,0,0,0.0,0
4420,3,2,1,2,11602.52,1,0,0.5,15.0,0.0,0,0,17.5,1
4421,2,1,1,1,0.0,0,0,0.0,0.0,0.0,0,0,0.0,0
4422,2,1,1,1,253.18,0,0,0.0,2.0,0.0,0,0,1.0,0
4423,6,4,2,5,57241.04,0,0,0.0,0.0,0.0,0,0,0.0,1
4424,4,3,1,3,51738.19,0,0,0.0,0.0,0.0,0,0,0.0,1
4425,5,3,2,4,42841.47,0,0,0.0,0.0,0.0,0,0,0.0,1
4426,3,2,1,2,15367.9,0,0,0.0,0.0,0.0,0,0,0.0,1
4427,5,4,1,4,55714.76,1,1,0.25,45.0,0.0,0,0,62.5,1
4428,2,1,1,1,17662.24,0,0,0.0,0.0,0.0,0,0,0.0,0
4429,2,1,1,1,17082.56,0,0,0.0,20.0,1.0,0,0,15.0,0
4430,2,1,1,1,0.0,0,0,0.0,0.0,0.0,0,0,0.0,0
4431,3,2,1,2,37174.89,0,0,0.0,5.0,0.0,0,0,2.5,1
4432,2,1,1,1,16903.9,0,0,0.0,0.0,0.0,0,0,0.0,0
4433,3,2,1,2,35763.130000000005,0,0,0.0,10.0,0.0,0,0,5.0,1
4434,3,2,1,2,25377.519999999997,0,0,0.0,0.0,0.0,0,0,0.0,1
4435,2,1,1,1,9710.64,0,0,0.0,0.0,0.0,0,0,0.0,0
4436,3,2,1,2,2214.98,0,0,0.0,0.0,0.0,0,0,0.0,1
4437,3,2,1,2,18718.37,0,0,0.0,0.0,0.0,0,0,0.0,1
4438,4,3,1,3,50436.35,0,0,0.0,0.0,0.0,0,0,0.0,1
4439,4,3,1,3,40521.93,0,0,0.0,0.0,0.0,0,0,0.0,1
4440,3,2,1,2,19723.7,0,0,0.0,15.0,1.0,0,0,12.5,1
4441,3,2,1,2,24065.3,0,0,0.0,0.0,0.0,0,0,0.0,1
4442,3,2,1,2,37717.97,0,0,0.0,0.0,0.0,0,0,0.0,1
4443,2,1,1,1,12608.28,0,0,0.0,0.0,0.0,0,0,0.0,0
4444,2,1,1,1,15676.12,0,0,0.0,0.0,0.0,0,0,0.0,0
4445,2,1,1,1,14714.95,0,0,0.0,0.0,0.0,0,0,0.0,0
4446,3,2,1,2,9906.65,0,0,0.0,0.0,0.0,0,0,0.0,1
4447,3,2,1,2,34312.479999999996,1,0,0.5,15.0,0.0,0,0,17.5,1
4448,3,2,1,2,20900.22,0,0,0.0,0.0,0.0,0,0,0.0,1
4449,2,1,1,1,8632.82,0,0,0.0,5.0,0.0,0,0,2.5,0
4450,3,2,1,2,23405.29,0,0,0.0,0.0,0.0,0,0,0.0,1
4451,2,1,1,1,3565.73,1,1,1.0,45.0,0.0,0,0,62.5,0
4452,3,2,1,2,35447.14,0,0,0.0,0.0,0.0,0,0,0.0,1
4453,2,1,1,1,7930.5,0,0,0.0,0.0,0.0,0,0,0.0,0
4454,4,3,1,3,45113.880000000005,0,0,0.0,0.0,0.0,0,0,0.0,1
4455,3,2,1,2,32153.64,0,0,0.0,0.0,0.0,0,0,0.0,1
4456,7,5,2,6,46213.15,0,0,0.0,20.0,2.0,0,0,20.0,1
4457,2,1,1,1,0.0,0,0,0.0,0.0,0.0,0,0,0.0,0
4458,6,4,2,5,62266.34,0,0,0.0,0.0,0.0,0,0,0.0,1
4459,3,2,1,2,13558.56,1,1,0.5,45.0,0.0,0,0,62.5,1
4460,3,2,1,2,5011.85,0,0,0.0,0.0,0.0,0,0,0.0,1
4461,3,2,1,2,19945.3,0,0,0.0,0.0,0.0,0,0,0.0,1
4462,2,1,1,1,24311.81,0,0,0.0,3.0,0.0,0,0,1.5,0
4463,6,4,2,5,40022.26,2,1,0.4,45.0,0.0,0,0,72.5,1
4464,4,3,1,3,28273.809999999998,0,0,0.0,0.0,0.0,0,0,0.0,1
4465,2,1,1,1,18638.53,0,0,0.0,0.0,0.0,0,0,0.0,0
4466,4,3,1,3,46327.39,0,0,0.0,3.0,0.0,0,0,1.5,1
4467,2,1,1,1,155.04,0,0,0.0,0.0,0.0,0,0,0.0,0
4468,3,2,1,2,3420.73,0,0,0.0,0.0,0.0,0,0,0.0,1
4469,2,1,1,1,16884.02,0,0,0.0,2.0,0.0,0,0,1.0,0
4470,3,2,1,2,0.0,0,0,0.0,0.0,0.0,0,0,0.0,1
4471,4,3,1,3,48091.770000000004,1,1,0.3333333333333333,45.0,1.0,0,0,67.5,1
4472,2,1,1,1,9303.73,0,0,0.0,0.0,0.0,0,0,0.0,0
4473,3,2,1,2,21564.16,1,1,0.5,45.0,0.0,0,0,62.5,1
4474,3,2,1,2,17290.72,0,0,0.0,5.0,0.0,0,0,2.5,1
4475,4,3,1,3,17642.84,1,1,0.3333333333333333,45.0,1.0,0,0,67.5,1
4476,2,1,1,1,14303.85,0,0,0.0,0.0,0.0,0,0,0.0,0
4477,6,5,1,5,69396.56,0,0,0.0,15.0,1.0,0,0,12.5,1
4478,3,2,1,2,38899.79,0,0,0.0,20.0,1.0,0,0,15.0,1
4479,7,4,3,6,62843.26,0,0,0.0,15.0,2.0,0,0,17.5,1
4480,3,2,1,2,38319.83,0,0,0.0,0.0,0.0,0,0,0.0,1
4481,3,2,1,2,7317.09,0,0,0.0,0.0,0.0,0,0,0.0,1
4482,2,1,1,1,13434.83,0,0,0.0,0.0,0.0,0,0,0.0,0
4483,2,1,1,1,6862.64,0,0,0.0,0.0,0.0,0,0,0.0,0
4484,2,1,1,1,24940.73,1,0,1.0,18.0,0.0,0,0,19.0,0
4485,3,2,1,2,11054.8,0,0,0.0,0.0,0.0,0,0,0.0,1
4486,3,2,1,2,18235.0,0,0,0.0,0.0,0.0,0,0,0.0,1
4487,3,2,1,2,26473.55,0,0,0.0,0.0,0.0,0,0,0.0,1
4488,3,2,1,2,18957.73,0,0,0.0,5.0,0.0,0,0,2.5,1
4489,5,4,1,4,42223.32,1,0,0.25,15.0,1.0,0,0,22.5,1
4490,3,2,1,2,10989.02,0,0,0.0,0.0,0.0,0,0,0.0,1
4491,3,2,1,2,22712.97,0,0,0.0,0.0,0.0,0,0,0.0,1
4492,3,2,1,2,14898.15,1,0,0.5,25.0,0.0,1,0,27.5,1
4493,2,1,1,1,20279.6,0,0,0.0,0.0,0.0,0,0,0.0,0
4494,3,2,1,2,27677.809999999998,0,0,0.0,0.0,0.0,0,0,0.0,1
4495,3,2,1,2,15067.91,0,0,0.0,0.0,0.0,0,0,0.0,1
4496,2,1,1,1,14867.87,0,0,0.0,5.0,0.0,0,0,2.5,0
4497,2,1,1,1,16409.43,0,0,0.0,0.0,0.0,0,0,0.0,0
4498,5,4,1,4,21093.58,1,1,0.25,45.0,0.0,0,0,62.5,1
4499,4,3,1,3,22148.84,0,0,0.0,0.0,0.0,0,0,0.0,1
4500,2,1,1,1,634.02,0,0,0.0,0.0,0.0,0,0,0.0,0
4501,3,2,1,2,30905.8,1,0,0.5,15.0,0.0,0,0,17.5,1
4502,4,3,1,3,6379.6900000000005,0,0,0.0,0.0,0.0,0,0,0.0,1
4503,3,2,1,2,26411.63,0,0,0.0,2.0,0.0,0,0,1.0,1
4504,2,1,1,1,13056.87,0,0,0.0,0.0,0.0,0,0,0.0,0
4505,4,3,1,3,26285.550000000003,1,0,0.3333333333333333,30.0,1.0,0,0,30.0,1
4506,4,3,1,3,21628.04,1,0,0.3333333333333333,15.0,1.0,0,0,22.5,1
4507,4,3,1,3,20965.1,0,0,0.0,0.0,0.0,0,0,0.0,1
4508,3,2,1,2,2584.9,0,0,0.0,0.0,0.0,0,0,0.0,1
4509,2,1,1,1,5861.88,0,0,0.0,0.0,0.0,0,0,0.0,0
4510,3,2,1,2,15168.09,0,0,0.0,15.0,1.0,0,0,12.5,1
4511,2,1,1,1,13855.92,0,0,0.0,0.0,0.0,0,0,0.0,0
4512,3,2,1,2,7689.219999999999,1,1,0.5,45.0,0.0,0,0,62.5,1
4513,3,2,1,2,16082.83,0,0,0.0,0.0,0.0,0,0,0.0,1
4514,2,1,1,1,23653.43,0,0,0.0,0.0,0.0,0,0,0.0,0
4515,2,1,1,1,9770.15,1,1,1.0,45.0,0.0,0,0,62.5,0
4516,4,3,1,3,24472.55,0,0,0.0,3.0,0.0,0,0,1.5,1
4517,2,1,1,1,4294.09,0,0,0.0,0.0,0.0,0,0,0.0,0
4518,3,2,1,2,34830.409999999996,0,0,0.0,15.0,1.0,0,0,12.5,1
4519,3,2,1,2,40179.01,0,0,0.0,0.0,0.0,0,0,0.0,1
4520,5,3,2,4,45921.3,0,0,0.0,2.0,0.0,0,0,1.0,1
4521,5,4,1,4,35778.369999999995,1,1,0.25,45.0,0.0,0,0,62.5,1
4522,2,1,1,1,15358.51,0,0,0.0,0.0,0.0,0,0,0.0,0
4523,2,1,1,1,5538.67,0,0,0.0,0.0,0.0,0,0,0.0,0
4524,6,4,2,5,59084.729999999996,0,0,0.0,25.0,1.0,0,0,17.5,1
4525,3,2,1,2,11262.13,1,0,0.5,15.0,0.0,0,0,17.5,1
4526,3,2,1,2,10917.66,0,0,0.0,5.0,0.0,0,0,2.5,1
4527,2,1,1,1,17111.01,0,0,0.0,0.0,0.0,0,0,0.0,0
4528,4,2,2,3,24720.59,1,0,0.3333333333333333,15.0,0.0,0,0,17.5,1
4529,2,1,1,1,18438.41,0,0,0.0,0.0,0.0,0,0,0.0,0
4530,3,2,1,2,19849.09,0,0,0.0,15.0,1.0,0,0,12.5,1
4531,2,1,1,1,24956.74,0,0,0.0,3.0,0.0,0,0,1.5,0
4532,2,1,1,1,20246.5,0,0,0.0,0.0,0.0,0,0,0.0,0
4533,4,3,1,3,31594.38,1,0,0.3333333333333333,15.0,0.0,0,0,17.5,1
4534,3,2,1,2,11655.57,0,0,0.0,0.0,0.0,0,0,0.0,1
4535,2,1,1,1,4255.37,0,0,0.0,0.0,0.0,0,0,0.0,0
4536,2,1,1,1,0.0,0,0,0.0,0.0,0.0,0,0,0.0,0
4537,2,1,1,1,17622.85,0,0,0.0,0.0,0.0,0,0,0.0,0
4538,2,1,1,1,0.0,0,0,0.0,0.0,0.0,0,0,0.0,0
4539,2,1,1,1,12019.86,0,0,0.0,0.0,0.0,0,0,0.0,0
4540,4,3,1,3,31639.649999999998,0,0,0.0,15.0,1.0,0,0,12.5,1
4541,2,1,1,1,6419.01,0,0,0.0,0.0,0.0,0,0,0.0,0
4542,2,1,1,1,14760.43,0,0,0.0,0.0,0.0,0,0,0.0,0
4543,2,1,1,1,20211.03,0,0,0.0,0.0,0.0,0,0,0.0,0
4544,5,4,1,4,38658.689999999995,0,0,0.0,0.0,0.0,0,0,0.0,1
4545,2,1,1,1,18772.25,0,0,0.0,15.0,1.0,0,0,12.5,0
4546,4,3,1,3,-4489.199999999997,0,0,0.0,0.0,0.0,0,0,0.0,1
4547,3,2,1,2,42132.53999999999,0,0,0.0,18.0,1.0,0,0,14.0,1
4548,2,1,1,1,1598.32,1,1,1.0,45.0,0.0,0,0,62.5,0
4549,4,3,1,3,5086.82,0,0,0.0,0.0,0.0,0,0,0.0,1
4550,2,1,1,1,17616.82,0,0,0.0,0.0,0.0,0,0,0.0,0
4551,2,1,1,1,22531.59,0,0,0.0,0.0,0.0,0,0,0.0,0
4552,2,1,1,1,12164.93,0,0,0.0,0.0,0.0,0,0,0.0,0
4553,2,1,1,1,16770.49,0,0,0.0,0.0,0.0,0,0,0.0,0
4554,2,1,1,1,24378.11,1,1,1.0,48.0,0.0,0,0,64.0,0
4555,5,4,1,4,17571.8,0,0,0.0,2.0,0.0,0,0,1.0,1
4556,3,2,1,2,17870.97,0,0,0.0,0.0,0.0,0,0,0.0,1
4557,4,3,1,3,23892.32,0,0,0.0,0.0,0.0,0,0,0.0,1
4558,3,2,1,2,28588.18,0,0,0.0,0.0,0.0,0,0,0.0,1
4559,3,2,1,2,8626.23,0,0,0.0,0.0,0.0,0,0,0.0,1
4560,2,1,1,1,24415.67,1,0,1.0,18.0,0.0,0,0,19.0,0
4561,2,1,1,1,8884.78,0,0,0.0,0.0,0.0,0,0,0.0,0
4562,5,4,1,4,71179.31,0,0,0.0,15.0,1.0,0,0,12.5,1
4563,2,1,1,1,3429.1,0,0,0.0,0.0,0.0,0,0,0.0,0
4564,2,1,1,1,5768.11,0,0,0.0,0.0,0.0,0,0,0.0,0
4565,3,2,1,2,33056.89,0,0,0.0,0.0,0.0,0,0,0.0,1
4566,3,2,1,2,13310.36,0,0,0.0,0.0,0.0,0,0,0.0,1
4567,2,1,1,1,2974.91,0,0,0.0,0.0,0.0,0,0,0.0,0
4568,4,3,1,3,45822.729999999996,0,0,0.0,15.0,1.0,0,0,12.5,1
4569,2,1,1,1,17568.96,0,0,0.0,0.0,0.0,0,0,0.0,0
4570,3,2,1,2,18864.6,0,0,0.0,0.0,0.0,0,0,0.0,1
4571,2,1,1,1,0.0,0,0,0.0,0.0,0.0,0,0,0.0,0
4572,2,1,1,1,-9828.38,0,0,0.0,2.0,0.0,0,0,1.0,0
4573,2,1,1,1,-9492.74,0,0,0.0,0.0,0.0,0,0,0.0,0
4574,2,1,1,1,13010.56,0,0,0.0,0.0,0.0,0,0,0.0,0
4575,3,2,1,2,28878.5,0,0,0.0,0.0,0.0,0,0,0.0,1
4576,3,2,1,2,34081.09,0,0,0.0,0.0,0.0,0,0,0.0,1
4577,2,1,1,1,14276.23,0,0,0.0,0.0,0.0,0,0,0.0,0
4578,2,1,1,1,430.66,1,0,1.0,15.0,0.0,0,0,17.5,0
4579,2,1,1,1,17415.71,0,0,0.0,17.0,1.0,0,0,13.5,0
4580,3,2,1,2,39990.3,0,0,0.0,0.0,0.0,0,0,0.0,1
4581,2,1,1,1,17809.1,0,0,0.0,0.0,0.0,0,0,0.0,0
4582,2,1,1,1,12369.71,0,0,0.0,0.0,0.0,0,0,0.0,0
4583,4,3,1,3,61852.69,0,0,0.0,3.0,0.0,0,0,1.5,1
4584,2,1,1,1,20554.36,0,0,0.0,0.0,0.0,0,0,0.0,0
4585,3,2,1,2,7272.969999999999,0,0,0.0,15.0,1.0,0,0,12.5,1
4586,2,1,1,1,6810.91,0,0,0.0,0.0,0.0,0,0,0.0,0
4587,3,2,1,2,1634.11,0,0,0.0,5.0,0.0,0,0,2.5,1
4588,2,1,1,1,7147.79,0,0,0.0,0.0,0.0,0,0,0.0,0
4589,2,1,1,1,5490.19,0,0,0.0,0.0,0.0,0,0,0.0,0
4590,4,3,1,3,36313.69,1,0,0.3333333333333333,15.0,0.0,0,0,17.5,1
4591,3,2,1,2,2740.51,0,0,0.0,5.0,0.0,0,0,2.5,1
4592,2,1,1,1,6673.74,0,0,0.0,0.0,0.0,0,0,0.0,0
4593,3,2,1,2,7283.299999999999,0,0,0.0,0.0,0.0,0,0,0.0,1
4594,2,1,1,1,901.5,0,0,0.0,0.0,0.0,0,0,0.0,0
4595,2,1,1,1,4276.0,0,0,0.0,0.0,0.0,0,0,0.0,0
4596,3,2,1,2,27193.5,0,0,0.0,5.0,0.0,0,0,2.5,1
4597,2,1,1,1,4252.26,0,0,0.0,0.0,0.0,0,0,0.0,0
4598,5,4,1,4,27944.0,0,0,0.0,0.0,0.0,0,0,0.0,1
4599,2,1,1,1,10483.44,0,0,0.0,0.0,0.0,0,0,0.0,0
4600,4,2,2,3,57360.53999999999,1,0,0.3333333333333333,15.0,0.0,0,0,17.5,1
4601,2,1,1,1,17722.05,1,0,1.0,15.0,0.0,0,0,17.5,0
4602,3,2,1,2,30667.3,0,0,0.0,0.0,0.0,0,0,0.0,1
4603,5,4,1,4,29139.92,1,0,0.25,15.0,0.0,0,0,17.5,1
4604,2,1,1,1,0.0,0,0,0.0,0.0,0.0,0,0,0.0,0
4605,4,3,1,3,36164.63,0,0,0.0,20.0,1.0,0,0,15.0,1
4606,2,1,1,1,23229.2,0,0,0.0,5.0,0.0,0,0,2.5,0
4607,3,2,1,2,15697.65,0,0,0.0,0.0,0.0,0,0,0.0,1
4608,2,1,1,1,4581.24,0,0,0.0,0.0,0.0,0,0,0.0,0
4609,2,1,1,1,13871.63,0,0,0.0,0.0,0.0,0,0,0.0,0
4610,2,1,1,1,2947.61,0,0,0.0,0.0,0.0,0,0,0.0,0
4611,2,1,1,1,23025.65,1,1,1.0,45.0,0.0,0,0,62.5,0
4612,2,1,1,1,21150.52,0,0,0.0,0.0,0.0,0,0,0.0,0
4613,3,2,1,2,22339.25,0,0,0.0,0.0,0.0,0,0,0.0,1
4614,4,3,1,3,31582.230000000003,0,0,0.0,0.0,0.0,0,0,0.0,1
4615,2,1,1,1,4349.25,0,0,0.0,0.0,0.0,0,0,0.0,0
4616,4,3,1,3,23666.32,1,0,0.3333333333333333,20.0,0.0,0,0,20.0,1
4617,3,2,1,2,43903.25,0,0,0.0,0.0,0.0,0,0,0.0,1
4618,3,2,1,2,8588.25,1,0,0.5,35.0,1.0,0,0,32.5,1
4619,4,3,1,3,28232.190000000002,0,0,0.0,0.0,0.0,0,0,0.0,1
4620,4,3,1,3,23907.559999999998,1,1,0.3333333333333333,45.0,0.0,0,0,62.5,1
4621,4,3,1,3,31272.190000000002,0,0,0.0,0.0,0.0,0,0,0.0,1
4622,2,1,1,1,10615.48,0,0,0.0,0.0,0.0,0,0,0.0,0
4623,3,2,1,2,-2445.6899999999996,0,0,0.0,0.0,0.0,0,0,0.0,1
4624,3,2,1,2,21344.45,1,0,0.5,15.0,0.0,0,0,17.5,1
4625,2,1,1,1,16104.14,0,0,0.0,0.0,0.0,0,0,0.0,0
4626,3,2,1,2,15209.2,0,0,0.0,0.0,0.0,0,0,0.0,1
4627,3,2,1,2,21988.84,0,0,0.0,0.0,0.0,0,0,0.0,1
4628,2,1,1,1,18781.33,0,0,0.0,0.0,0.0,0,0,0.0,0
4629,2,1,1,1,0.0,0,0,0.0,15.0,1.0,0,0,12.5,0
4630,4,3,1,3,39718.38,0,0,0.0,10.0,0.0,0,0,5.0,1
4631,4,3,1,3,32408.83,1,0,0.3333333333333333,30.0,2.0,0,0,35.0,1
4632,3,2,1,2,14174.48,1,0,0.5,20.0,0.0,0,0,20.0,1
4633,3,2,1,2,16121.529999999999,0,0,0.0,0.0,0.0,0,0,0.0,1
4634,3,2,1,2,11500.96,1,0,0.5,15.0,0.0,0,0,17.5,1
4635,2,1,1,1,14820.54,0,0,0.0,0.0,0.0,0,0,0.0,0
4636,3,2,1,2,15948.2,0,0,0.0,10.0,0.0,0,0,5.0,1
4637,2,1,1,1,15355.48,0,0,0.0,0.0,0.0,0,0,0.0,0
4638,3,2,1,2,11086.9,1,1,0.5,45.0,0.0,0,0,62.5,1
4639,3,2,1,2,37501.39,0,0,0.0,15.0,1.0,0,0,12.5,1
4640,3,2,1,2,9731.600000000002,0,0,0.0,0.0,0.0,0,0,0.0,1
4641,2,1,1,1,9339.0,1,0,1.0,15.0,0.0,0,0,17.5,0
4642,2,1,1,1,0.0,0,0,0.0,0.0,0.0,0,0,0.0,0
4643,2,1,1,1,24023.39,0,0,0.0,5.0,0.0,0,0,2.5,0
4644,2,1,1,1,21211.96,0,0,0.0,0.0,0.0,0,0,0.0,0
4645,3,2,1,2,23777.76,0,0,0.0,17.0,1.0,0,0,13.5,1
4646,2,1,1,1,11034.31,0,0,0.0,0.0,0.0,0,0,0.0,0
4647,4,3,1,3,37034.51,0,0,0.0,0.0,0.0,0,0,0.0,1
4648,5,4,1,4,50897.81,0,0,0.0,0.0,0.0,0,0,0.0,1
4649,4,3,1,3,25943.56,0,0,0.0,0.0,0.0,0,0,0.0,1
4650,4,3,1,3,27962.79,0,0,0.0,20.0,1.0,0,0,15.0,1
4651,3,2,1,2,11959.96,1,0,0.5,15.0,0.0,0,0,17.5,1
4652,2,1,1,1,15331.56,0,0,0.0,2.0,0.0,0,0,1.0,0
4653,2,1,1,1,12845.7,1,0,1.0,20.0,0.0,0,0,20.0,0
4654,3,2,1,2,27656.780000000002,0,0,0.0,0.0,0.0,0,0,0.0,1
4655,5,3,2,4,47490.73,0,0,0.0,0.0,0.0,0,0,0.0,1
4656,4,3,1,3,27473.82,0,0,0.0,0.0,0.0,0,0,0.0,1
4657,2,1,1,1,14371.98,0,0,0.0,5.0,0.0,0,0,2.5,0
4658,5,3,2,4,25769.410000000003,0,0,0.0,15.0,1.0,0,0,12.5,1
4659,4,3,1,3,20696.690000000002,2,1,0.6666666666666666,45.0,0.0,0,0,72.5,1
4660,3,2,1,2,7945.57,0,0,0.0,0.0,0.0,0,0,0.0,1
4661,3,2,1,2,7968.1,0,0,0.0,0.0,0.0,0,0,0.0,1
4662,2,1,1,1,0.0,1,1,1.0,45.0,0.0,0,0,62.5,0
4663,3,2,1,2,31155.049999999996,0,0,0.0,0.0,0.0,0,0,0.0,1
4664,4,3,1,3,32438.12,0,0,0.0,0.0,0.0,0,0,0.0,1
4665,3,2,1,2,18407.989999999998,1,1,0.5,45.0,0.0,0,0,62.5,1
4666,2,1,1,1,0.0,0,0,0.0,0.0,0.0,0,0,0.0,0
4667,3,2,1,2,28081.06,0,0,0.0,0.0,0.0,0,0,0.0,1
4668,5,4,1,4,6426.34,1,0,0.25,15.0,0.0,0,0,17.5,1
4669,2,1,1,1,14301.09,0,0,0.0,0.0,0.0,0,0,0.0,0
4670,4,3,1,3,26094.64,0,0,0.0,0.0,0.0,0,0,0.0,1
4671,4,3,1,3,33562.950000000004,1,0,0.3333333333333333,15.0,0.0,0,0,17.5,1
4672,3,2,1,2,0.0,0,0,0.0,0.0,0.0,0,0,0.0,1
4673,2,1,1,1,16348.58,1,1,1.0,45.0,0.0,0,0,62.5,0
4674,2,1,1,1,0.0,0,0,0.0,2.0,0.0,0,0,1.0,0
4675,6,4,2,5,88729.46,2,1,0.4,53.0,0.0,0,0,76.5,1
4676,2,1,1,1,11403.34,0,0,0.0,0.0,0.0,0,0,0.0,0
4677,3,2,1,2,1020.53,0,0,0.0,0.0,0.0,0,0,0.0,1
4678,3,2,1,2,32937.47,0,0,0.0,0.0,0.0,0,0,0.0,1
4679,3,2,1,2,42037.0,0,0,0.0,0.0,0.0,0,0,0.0,1
4680,2,1,1,1,12823.62,0,0,0.0,0.0,0.0,0,0,0.0,0
4681,2,1,1,1,16086.67,0,0,0.0,0.0,0.0,0,0,0.0,0
4682,3,2,1,2,18920.22,0,0,0.0,0.0,0.0,0,0,0.0,1
4683,2,1,1,1,17658.99,0,0,0.0,0.0,0.0,0,0,0.0,0
4684,3,2,1,2,46644.06,0,0,0.0,3.0,0.0,0,0,1.5,1
4685,2,1,1,1,0.0,0,0,0.0,0.0,0.0,0,0,0.0,0
4686,3,2,1,2,9641.22,1,1,0.5,45.0,0.0,0,0,62.5,1
4687,3,2,1,2,27279.45,0,0,0.0,15.0,1.0,0,0,12.5,1
4688,5,4,1,4,19387.28,1,0,0.25,15.0,0.0,0,0,17.5,1
4689,3,2,1,2,35831.38,0,0,0.0,0.0,0.0,0,0,0.0,1
4690,3,2,1,2,5268.41,0,0,0.0,0.0,0.0,0,0,0.0,1
4691,2,1,1,1,163.15,0,0,0.0,0.0,0.0,0,0,0.0,0
4692,2,1,1,1,10103.14,0,0,0.0,0.0,0.0,0,0,0.0,0
4693,4,3,1,3,29425.65,0,0,0.0,0.0,0.0,0,0,0.0,1
4694,3,2,1,2,45246.08,1,1,0.5,45.0,0.0,0,0,62.5,1
4695,3,2,1,2,27306.48,1,1,0.5,55.0,0.0,1,0,72.5,1
4696,3,2,1,2,8674.45,0,0,0.0,0.0,0.0,0,0,0.0,1
4697,3,2,1,2,22096.28,0,0,0.0,0.0,0.0,0,0,0.0,1
4698,5,3,2,4,48338.69,1,0,0.25,25.0,0.0,0,0,22.5,1
4699,2,1,1,1,-11137.92,0,0,0.0,0.0,0.0,0,0,0.0,0
4700,3,2,1,2,30739.93,0,0,0.0,0.0,0.0,0,0,0.0,1
4701,4,3,1,3,65789.6,0,0,0.0,17.0,1.0,0,0,13.5,1
4702,2,1,1,1,17200.59,0,0,0.0,0.0,0.0,0,0,0.0,0
4703,3,2,1,2,0.0,0,0,0.0,0.0,0.0,0,0,0.0,1
4704,2,1,1,1,3698.69,0,0,0.0,0.0,0.0,0,0,0.0,0
4705,3,2,1,2,19521.739999999998,0,0,0.0,0.0,0.0,0,0,0.0,1
4706,2,1,1,1,15468.44,0,0,0.0,0.0,0.0,0,0,0.0,0
4707,4,3,1,3,32300.18,0,0,0.0,0.0,0.0,0,0,0.0,1
4708,5,4,1,4,33033.88,0,0,0.0,0.0,0.0,0,0,0.0,1
4709,3,2,1,2,15146.42,0,0,0.0,15.0,1.0,0,0,12.5,1
4710,4,3,1,3,35315.93,0,0,0.0,0.0,0.0,0,0,0.0,1
4711,3,2,1,2,41670.27,0,0,0.0,0.0,0.0,0,0,0.0,1
4712,2,1,1,1,2537.06,0,0,0.0,0.0,0.0,0,0,0.0,0
4713,4,3,1,3,43872.22,2,1,0.6666666666666666,45.0,0.0,0,0,72.5,1
4714,2,1,1,1,15537.05,0,0,0.0,0.0,0.0,0,0,0.0,0
4715,2,1,1,1,22871.73,0,0,0.0,0.0,0.0,0,0,0.0,0
4716,2,1,1,1,11672.41,0,0,0.0,15.0,1.0,0,0,12.5,0
4717,3,2,1,2,18458.8,1,0,0.5,15.0,0.0,0,0,17.5,1
4718,5,3,2,4,52259.82,0,0,0.0,0.0,0.0,0,0,0.0,1
4719,6,4,2,5,34751.57,2,0,0.4,15.0,0.0,0,0,27.5,1
4720,2,1,1,1,0.0,1,0,1.0,15.0,0.0,0,0,17.5,0
4721,2,1,1,1,0.0,0,0,0.0,0.0,0.0,0,0,0.0,0
4722,3,2,1,2,23833.09,0,0,0.0,15.0,1.0,0,0,12.5,1
4723,3,2,1,2,26477.46,1,0,0.5,15.0,0.0,0,0,17.5,1
4724,2,1,1,1,13621.76,1,1,1.0,45.0,0.0,0,0,62.5,0
4725,2,1,1,1,3180.55,0,0,0.0,0.0,0.0,0,0,0.0,0
4726,3,2,1,2,21268.59,0,0,0.0,0.0,0.0,0,0,0.0,1
4727,4,3,1,3,36522.439999999995,0,0,0.0,0.0,0.0,0,0,0.0,1
4728,2,1,1,1,6889.45,0,0,0.0,0.0,0.0,0,0,0.0,0
4729,2,1,1,1,18451.32,1,0,1.0,15.0,0.0,0,0,17.5,0
4730,3,2,1,2,30021.54,1,0,0.5,15.0,0.0,0,0,17.5,1
4731,2,1,1,1,12878.04,0,0,0.0,0.0,0.0,0,0,0.0,0
4732,2,1,1,1,23872.08,0,0,0.0,8.0,0.0,0,0,4.0,0
4733,3,2,1,2,7554.41,0,0,0.0,0.0,0.0,0,0,0.0,1
4734,3,2,1,2,10276.05,0,0,0.0,0.0,0.0,0,0,0.0,1
4735,2,1,1,1,19826.63,1,1,1.0,45.0,0.0,0,0,62.5,0
4736,2,1,1,1,12056.21,1,0,1.0,15.0,0.0,0,0,17.5,0
4737,3,2,1,2,14523.41,0,0,0.0,0.0,0.0,0,0,0.0,1
4738,2,1,1,1,9455.92,0,0,0.0,0.0,0.0,0,0,0.0,0
4739,2,1,1,1,23573.31,0,0,0.0,0.0,0.0,0,0,0.0,0
4740,2,1,1,1,2285.74,0,0,0.0,0.0,0.0,0,0,0.0,0
4741,3,2,1,2,23668.23,0,0,0.0,0.0,0.0,0,0,0.0,1
4742,3,2,1,2,3606.08,0,0,0.0,0.0,0.0,0,0,0.0,1
4743,3,2,1,2,6993.5599999999995,1,0,0.5,15.0,0.0,0,0,17.5,1
4744,3,2,1,2,13602.43,1,1,0.5,45.0,0.0,0,0,62.5,1
4745,2,1,1,1,22554.83,0,0,0.0,0.0,0.0,0,0,0.0,0
4746,3,2,1,2,35643.37,0,0,0.0,0.0,0.0,0,0,0.0,1
4747,2,1,1,1,22995.62,0,0,0.0,0.0,0.0,0,0,0.0,0
4748,2,1,1,1,2706.56,0,0,0.0,0.0,0.0,0,0,0.0,0
4749,3,2,1,2,23573.850000000002,0,0,0.0,2.0,0.0,0,0,1.0,1
4750,5,3,2,4,51124.18,0,0,0.0,0.0,0.0,0,0,0.0,1
4751,4,3,1,3,20195.17,0,0,0.0,0.0,0.0,0,0,0.0,1
4752,4,3,1,3,43890.35,0,0,0.0,0.0,0.0,0,0,0.0,1
4753,2,1,1,1,18585.45,0,0,0.0,0.0,0.0,0,0,0.0,0
4754,2,1,1,1,20560.86,0,0,0.0,0.0,0.0,0,0,0.0,0
4755,3,2,1,2,18507.47,0,0,0.0,15.0,1.0,0,0,12.5,1
4756,4,3,1,3,36120.94,1,1,0.3333333333333333,50.0,0.0,0,0,65.0,1
4757,3,2,1,2,38551.7,0,0,0.0,3.0,0.0,0,0,1.5,1
4758,2,1,1,1,2609.22,0,0,0.0,0.0,0.0,0,0,0.0,0
4759,2,1,1,1,12656.79,0,0,0.0,0.0,0.0,0,0,0.0,0
4760,3,2,1,2,28682.910000000003,0,0,0.0,5.0,0.0,0,0,2.5,1
4761,4,3,1,3,52198.67,1,0,0.3333333333333333,18.0,0.0,0,0,19.0,1
4762,3,2,1,2,4890.47,0,0,0.0,5.0,0.0,0,0,2.5,1
4763,3,2,1,2,4395.35,1,0,0.5,15.0,0.0,0,0,17.5,1
4764,2,1,1,1,0.0,0,0,0.0,0.0,0.0,0,0,0.0,0
4765,4,3,1,3,29362.370000000003,0,0,0.0,0.0,0.0,0,0,0.0,1
4766,3,2,1,2,12603.19,0,0,0.0,0.0,0.0,0,0,0.0,1
4767,2,1,1,1,14528.4,0,0,0.0,0.0,0.0,0,0,0.0,0
4768,2,1,1,1,0.0,0,0,0.0,0.0,0.0,0,0,0.0,0
4769,4,3,1,3,26317.579999999998,1,1,0.3333333333333333,55.0,0.0,1,0,72.5,1
4770,3,2,1,2,40995.229999999996,0,0,0.0,0.0,0.0,0,0,0.0,1
4771,5,4,1,4,17893.73,0,0,0.0,0.0,0.0,0,0,0.0,1
4772,2,1,1,1,11483.8,0,0,0.0,0.0,0.0,0,0,0.0,0
4773,3,2,1,2,3161.62,0,0,0.0,0.0,0.0,0,0,0.0,1
4774,3,2,1,2,9832.19,0,0,0.0,0.0,0.0,0,0,0.0,1
4775,2,1,1,1,15659.86,0,0,0.0,0.0,0.0,0,0,0.0,0
4776,2,1,1,1,4096.46,1,0,1.0,15.0,0.0,0,0,17.5,0
4777,5,3,2,4,27426.99,1,0,0.25,15.0,0.0,0,0,17.5,1
4778,3,2,1,2,3962.81,1,1,0.5,45.0,0.0,0,0,62.5,1
4779,2,1,1,1,24917.12,0,0,0.0,3.0,0.0,0,0,1.5,0
4780,3,2,1,2,11527.85,0,0,0.0,0.0,0.0,0,0,0.0,1
4781,4,3,1,3,33508.229999999996,0,0,0.0,0.0,0.0,0,0,0.0,1
4782,4,3,1,3,36167.479999999996,0,0,0.0,5.0,0.0,0,0,2.5,1
4783,3,2,1,2,27120.940000000002,0,0,0.0,0.0,0.0,0,0,0.0,1
4784,2,1,1,1,24818.19,1,0,1.0,18.0,0.0,0,0,19.0,0
4785,2,1,1,1,2222.09,0,0,0.0,0.0,0.0,0,0,0.0,0
4786,3,2,1,2,17222.66,0,0,0.0,0.0,0.0,0,0,0.0,1
4787,4,3,1,3,34879.09,0,0,0.0,5.0,0.0,0,0,2.5,1
4788,2,1,1,1,10398.43,0,0,0.0,0.0,0.0,0,0,0.0,0
4789,2,1,1,1,13714.99,0,0,0.0,5.0,0.0,0,0,2.5,0
4790,3,2,1,2,17820.670000000002,0,0,0.0,0.0,0.0,0,0,0.0,1
4791,3,2,1,2,28909.22,1,0,0.5,15.0,0.0,0,0,17.5,1
4792,2,1,1,1,18706.56,0,0,0.0,0.0,0.0,0,0,0.0,0
4793,3,2,1,2,24040.78,0,0,0.0,2.0,0.0,0,0,1.0,1
4794,2,1,1,1,12283.55,0,0,0.0,0.0,0.0,0,0,0.0,0
4795,2,1,1,1,3322.39,0,0,0.0,0.0,0.0,0,0,0.0,0
4796,2,1,1,1,6558.25,1,0,1.0,20.0,0.0,0,0,20.0,0
4797,4,3,1,3,43204.93,0,0,0.0,5.0,0.0,0,0,2.5,1
4798,2,1,1,1,0.0,0,0,0.0,0.0,0.0,0,0,0.0,0
4799,5,4,1,4,38730.6,0,0,0.0,0.0,0.0,0,0,0.0,1
4800,5,4,1,4,43841.92,2,1,0.5,45.0,1.0,0,0,77.5,1
4801,2,1,1,1,14572.03,0,0,0.0,0.0,0.0,0,0,0.0,0
4802,3,2,1,2,22385.440000000002,0,0,0.0,0.0,0.0,0,0,0.0,1
4803,2,1,1,1,23177.46,0,0,0.0,0.0,0.0,0,0,0.0,0
4804,4,3,1,3,34297.79,1,1,0.3333333333333333,45.0,0.0,0,0,62.5,1
4805,2,1,1,1,21003.53,0,0,0.0,0.0,0.0,0,0,0.0,0
4806,3,2,1,2,24542.42,1,1,0.5,45.0,0.0,0,0,62.5,1
4807,2,1,1,1,0.0,0,0,0.0,0.0,0.0,0,0,0.0,0
4808,3,2,1,2,16736.35,1,0,0.5,15.0,0.0,0,0,17.5,1
4809,5,4,1,4,49090.53,1,0,0.25,15.0,0.0,0,0,17.5,1
4810,2,1,1,1,474.32,0,0,0.0,0.0,0.0,0,0,0.0,0
4811,3,2,1,2,26779.49,0,0,0.0,2.0,0.0,0,0,1.0,1
4812,4,3,1,3,33672.740000000005,0,0,0.0,0.0,0.0,0,0,0.0,1
4813,2,1,1,1,23347.13,0,0,0.0,0.0,0.0,0,0,0.0,0
4814,3,2,1,2,3467.89,0,0,0.0,15.0,2.0,0,0,17.5,1
4815,3,2,1,2,10920.71,0,0,0.0,0.0,0.0,0,0,0.0,1
4816,2,1,1,1,24511.97,1,0,1.0,18.0,0.0,0,0,19.0,0
4817,2,1,1,1,22654.52,0,0,0.0,0.0,0.0,0,0,0.0,0
4818,4,3,1,3,51032.130000000005,0,0,0.0,0.0,0.0,0,0,0.0,1
4819,4,3,1,3,31288.36,0,0,0.0,0.0,0.0,0,0,0.0,1
4820,3,2,1,2,33822.37,0,0,0.0,0.0,0.0,0,0,0.0,1
4821,2,1,1,1,12959.44,0,0,0.0,0.0,0.0,0,0,0.0,0
4822,2,1,1,1,1886.59,0,0,0.0,0.0,0.0,0,0,0.0,0
4823,3,2,1,2,16180.28,0,0,0.0,0.0,0.0,0,0,0.0,1
4824,2,1,1,1,16349.42,0,0,0.0,2.0,0.0,0,0,1.0,0
4825,2,1,1,1,4693.41,0,0,0.0,0.0,0.0,0,0,0.0,0
4826,2,1,1,1,1382.07,0,0,0.0,0.0,0.0,0,0,0.0,0
4827,2,1,1,1,24044.44,0,0,0.0,3.0,0.0,0,0,1.5,0
4828,5,4,1,4,55502.009999999995,1,0,0.25,15.0,0.0,0,0,17.5,1
4829,3,2,1,2,28338.89,0,0,0.0,0.0,0.0,0,0,0.0,1
4830,3,2,1,2,6114.09,2,0,1.0,15.0,0.0,0,0,27.5,1
4831,3,2,1,2,18564.01,0,0,0.0,0.0,0.0,0,0,0.0,1
4832,4,3,1,3,22788.510000000002,1,0,0.3333333333333333,30.0,1.0,0,0,30.0,1
4833,2,1,1,1,18127.9,0,0,0.0,0.0,0.0,0,0,0.0,0
4834,2,1,1,1,6032.5,0,0,0.0,0.0,0.0,0,0,0.0,0
4835,4,3,1,3,14824.43,0,0,0.0,0.0,0.0,0,0,0.0,1
4836,2,1,1,1,0.0,0,0,0.0,0.0,0.0,0,0,0.0,0
4837,5,3,2,4,49682.64,2,2,0.5,47.0,0.0,0,0,103.5,1
4838,3,1,2,2,5804.17,0,0,0.0,0.0,0.0,0,0,0.0,0
4839,3,2,1,2,12067.83,0,0,0.0,0.0,0.0,0,0,0.0,1
4840,3,2,1,2,38585.42,0,0,0.0,0.0,0.0,0,0,0.0,1
4841,3,1,2,2,20169.32,1,1,0.5,45.0,0.0,0,0,62.5,0
4842,4,2,2,3,14958.67,0,0,0.0,0.0,0.0,0,0,0.0,1
4843,2,1,1,1,0.0,1,0,1.0,15.0,0.0,0,0,17.5,0
4844,3,2,1,2,32771.89,0,0,0.0,0.0,0.0,0,0,0.0,1
4845,4,3,1,3,13198.450000000003,0,0,0.0,0.0,0.0,0,0,0.0,1
4846,3,2,1,2,1649.36,1,0,0.5,15.0,0.0,0,0,17.5,1
4847,3,2,1,2,30995.67,0,0,0.0,3.0,0.0,0,0,1.5,1
4848,2,1,1,1,12672.73,0,0,0.0,5.0,0.0,0,0,2.5,0
4849,2,1,1,1,3523.07,0,0,0.0,0.0,0.0,0,0,0.0,0
4850,3,2,1,2,33710.12,0,0,0.0,0.0,0.0,0,0,0.0,1
4851,3,2,1,2,5109.42,1,0,0.5,15.0,0.0,0,0,17.5,1
4852,2,1,1,1,5496.65,0,0,0.0,0.0,0.0,0,0,0.0,0
4853,3,2,1,2,33502.12,0,0,0.0,12.0,0.0,0,0,6.0,1
4854,2,1,1,1,18927.3,1,1,1.0,45.0,0.0,0,0,62.5,0
4855,3,2,1,2,3237.69,0,0,0.0,0.0,0.0,0,0,0.0,1
4856,2,1,1,1,1843.37,0,0,0.0,0.0,0.0,0,0,0.0,0
4857,4,3,1,3,49465.58,0,0,0.0,20.0,1.0,0,0,15.0,1
4858,2,1,1,1,6780.02,0,0,0.0,0.0,0.0,0,0,0.0,0
4859,2,1,1,1,19063.55,0,0,0.0,0.0,0.0,0,0,0.0,0
4860,2,1,1,1,23155.56,0,0,0.0,5.0,0.0,0,0,2.5,0
4861,5,4,1,4,26185.149999999998,2,2,0.5,50.0,0.0,0,0,105.0,1
4862,4,3,1,3,35083.55,0,0,0.0,0.0,0.0,0,0,0.0,1
4863,4,3,1,3,39914.03,0,0,0.0,0.0,0.0,0,0,0.0,1
4864,3,2,1,2,39674.240000000005,0,0,0.0,0.0,0.0,0,0,0.0,1
4865,2,1,1,1,-5791.4,0,0,0.0,0.0,0.0,0,0,0.0,0
4866,3,2,1,2,45890.869999999995,0,0,0.0,3.0,0.0,0,0,1.5,1
4867,2,1,1,1,23765.34,0,0,0.0,3.0,0.0,0,0,1.5,0
4868,2,1,1,1,2334.51,0,0,0.0,0.0,0.0,0,0,0.0,0
4869,2,1,1,1,12052.46,1,1,1.0,45.0,0.0,0,0,62.5,0
4870,2,1,1,1,3652.07,0,0,0.0,0.0,0.0,0,0,0.0,0
4871,3,2,1,2,45134.18,0,0,0.0,3.0,0.0,0,0,1.5,1
4872,3,2,1,2,26331.350000000002,0,0,0.0,3.0,0.0,0,0,1.5,1
4873,6,5,1,5,26726.77,1,0,0.2,17.0,0.0,0,0,18.5,1
4874,3,2,1,2,23191.739999999998,0,0,0.0,0.0,0.0,0,0,0.0,1
4875,2,1,1,1,19497.67,1,1,1.0,47.0,0.0,0,0,63.5,0
4876,5,4,1,4,36573.3,1,1,0.25,65.0,1.0,0,0,77.5,1
4877,2,1,1,1,506.8,0,0,0.0,0.0,0.0,0,0,0.0,0
4878,4,3,1,3,21175.64,0,0,0.0,0.0,0.0,0,0,0.0,1
4879,2,1,1,1,20865.95,0,0,0.0,5.0,0.0,0,0,2.5,0
4880,2,1,1,1,2433.17,0,0,0.0,0.0,0.0,0,0,0.0,0
4881,2,1,1,1,12230.54,0,0,0.0,0.0,0.0,0,0,0.0,0
4882,2,1,1,1,0.0,0,0,0.0,15.0,1.0,0,0,12.5,0
4883,3,2,1,2,42406.11,0,0,0.0,15.0,1.0,0,0,12.5,1
4884,2,1,1,1,4820.4,0,0,0.0,0.0,0.0,0,0,0.0,0
4885,3,2,1,2,1861.13,0,0,0.0,0.0,0.0,0,0,0.0,1
4886,3,2,1,2,44934.04,0,0,0.0,0.0,0.0,0,0,0.0,1
4887,4,3,1,3,13320.55,0,0,0.0,0.0,0.0,0,0,0.0,1
4888,3,2,1,2,29658.47,0,0,0.0,0.0,0.0,0,0,0.0,1
4889,2,1,1,1,5142.15,1,1,1.0,45.0,0.0,0,0,62.5,0
4890,3,2,1,2,18131.43,0,0,0.0,0.0,0.0,0,0,0.0,1
4891,3,2,1,2,24135.09,0,0,0.0,3.0,0.0,0,0,1.5,1
4892,2,1,1,1,8086.84,0,0,0.0,0.0,0.0,0,0,0.0,0
4893,2,1,1,1,14645.5,0,0,0.0,0.0,0.0,0,0,0.0,0
4894,4,3,1,3,62780.39,0,0,0.0,3.0,0.0,0,0,1.5,1
4895,3,2,1,2,25380.719999999998,0,0,0.0,0.0,0.0,0,0,0.0,1
4896,3,2,1,2,22263.15,1,0,0.5,15.0,0.0,0,0,17.5,1
4897,2,1,1,1,16085.77,0,0,0.0,0.0,0.0,0,0,0.0,0
4898,2,1,1,1,6953.54,0,0,0.0,0.0,0.0,0,0,0.0,0
4899,3,2,1,2,44224.57,1,0,0.5,15.0,0.0,0,0,17.5,1
4900,2,1,1,1,5436.71,1,1,1.0,45.0,0.0,0,0,62.5,0
4901,2,1,1,1,11213.49,0,0,0.0,0.0,0.0,0,0,0.0,0
4902,2,1,1,1,4317.94,0,0,0.0,2.0,0.0,0,0,1.0,0
4903,2,1,1,1,23916.94,0,0,0.0,3.0,0.0,0,0,1.5,0
4904,3,2,1,2,11402.85,0,0,0.0,0.0,0.0,0,0,0.0,1
4905,3,2,1,2,23050.93,0,0,0.0,15.0,1.0,0,0,12.5,1
4906,2,1,1,1,12104.89,0,0,0.0,0.0,0.0,0,0,0.0,0
4907,3,2,1,2,16069.170000000002,0,0,0.0,0.0,0.0,0,0,0.0,1
4908,3,2,1,2,-15464.310000000001,0,0,0.0,0.0,0.0,0,0,0.0,1
4909,2,1,1,1,21694.4,0,0,0.0,2.0,0.0,0,0,1.0,0
4910,2,1,1,1,0.0,1,0,1.0,15.0,0.0,0,0,17.5,0
4911,3,2,1,2,9578.26,1,1,0.5,45.0,0.0,0,0,62.5,1
4912,5,3,2,4,57120.119999999995,2,1,0.5,45.0,0.0,0,0,72.5,1
4913,5,4,1,4,48256.100000000006,1,1,0.25,47.0,0.0,0,0,63.5,1
4914,2,1,1,1,8382.88,0,0,0.0,0.0,0.0,0,0,0.0,0
4915,3,2,1,2,42602.91,0,0,0.0,0.0,0.0,0,0,0.0,1
4916,2,1,1,1,24160.27,1,0,1.0,18.0,0.0,0,0,19.0,0
4917,2,1,1,1,8994.98,1,0,1.0,20.0,0.0,0,0,20.0,0
4918,3,2,1,2,1915.53,0,0,0.0,0.0,0.0,0,0,0.0,1
4919,2,1,1,1,11141.39,0,0,0.0,0.0,0.0,0,0,0.0,0
4920,2,1,1,1,22229.73,0,0,0.0,0.0,0.0,0,0,0.0,0
4921,3,2,1,2,12500.87,0,0,0.0,0.0,0.0,0,0,0.0,1
4922,2,1,1,1,21892.58,1,1,1.0,45.0,0.0,0,0,62.5,0
4923,2,1,1,1,3037.67,0,0,0.0,0.0,0.0,0,0,0.0,0
4924,2,1,1,1,2946.37,0,0,0.0,0.0,0.0,0,0,0.0,0
4925,4,3,1,3,13695.45,0,0,0.0,0.0,0.0,0,0,0.0,1
4926,3,2,1,2,13102.33,0,0,0.0,2.0,0.0,0,0,1.0,1
4927,2,1,1,1,15221.13,0,0,0.0,0.0,0.0,0,0,0.0,0
4928,4,3,1,3,55719.82,0,0,0.0,3.0,0.0,0,0,1.5,1
4929,2,1,1,1,15086.66,1,1,1.0,60.0,1.0,0,0,75.0,0
4930,3,2,1,2,15171.619999999999,2,1,1.0,50.0,0.0,0,0,75.0,1
4931,3,2,1,2,46672.38,0,0,0.0,5.0,0.0,0,0,2.5,1
4932,2,1,1,1,20687.87,0,0,0.0,0.0,0.0,0,0,0.0,0
4933,2,1,1,1,18198.36,1,1,1.0,45.0,0.0,0,0,62.5,0
4934,3,2,1,2,1727.77,0,0,0.0,0.0,0.0,0,0,0.0,1
4935,2,1,1,1,9776.93,0,0,0.0,0.0,0.0,0,0,0.0,0
4936,2,1,1,1,-18301.88,0,0,0.0,0.0,0.0,0,0,0.0,0
4937,2,1,1,1,20562.33,1,0,1.0,15.0,0.0,0,0,17.5,0
4938,4,3,1,3,8429.29,1,0,0.3333333333333333,15.0,0.0,0,0,17.5,1
4939,3,2,1,2,46838.28,0,0,0.0,18.0,2.0,0,0,19.0,1
4940,2,1,1,1,18177.23,0,0,0.0,0.0,0.0,0,0,0.0,0
4941,3,2,1,2,10989.01,0,0,0.0,0.0,0.0,0,0,0.0,1
4942,3,2,1,2,36746.22,0,0,0.0,0.0,0.0,0,0,0.0,1
4943,3,2,1,2,19679.66,0,0,0.0,0.0,0.0,0,0,0.0,1
4944,3,2,1,2,6586.57,0,0,0.0,0.0,0.0,0,0,0.0,1
4945,5,3,2,4,46098.97,2,0,0.5,25.0,0.0,2,0,42.5,1
4946,3,2,1,2,18714.28,0,0,0.0,0.0,0.0,0,0,0.0,1
4947,3,2,1,2,32002.95,1,0,0.5,15.0,0.0,0,0,17.5,1
4948,5,4,1,4,36775.75,0,0,0.0,0.0,0.0,0,0,0.0,1
4949,3,2,1,2,30258.22,0,0,0.0,15.0,1.0,0,0,12.5,1
4950,3,2,1,2,26538.309999999998,1,0,0.5,18.0,0.0,0,0,19.0,1
4951,2,1,1,1,17712.24,0,0,0.0,0.0,0.0,0,0,0.0,0
4952,4,3,1,3,7000.769999999997,0,0,0.0,0.0,0.0,0,0,0.0,1
4953,3,2,1,2,15156.740000000002,0,0,0.0,0.0,0.0,0,0,0.0,1
4954,3,2,1,2,14627.990000000002,0,0,0.0,15.0,1.0,0,0,12.5,1
4955,4,3,1,3,37907.64,1,0,0.3333333333333333,15.0,0.0,0,0,17.5,1
4956,2,1,1,1,3971.82,0,0,0.0,0.0,0.0,0,0,0.0,0
4957,2,1,1,1,13674.58,0,0,0.0,0.0,0.0,0,0,0.0,0
4958,2,1,1,1,23354.54,0,0,0.0,0.0,0.0,0,0,0.0,0
4959,3,2,1,2,11220.59,1,1,0.5,45.0,0.0,0,0,62.5,1
4960,4,3,1,3,27093.44,0,0,0.0,0.0,0.0,0,0,0.0,1
4961,3,2,1,2,8190.679999999999,0,0,0.0,15.0,1.0,0,0,12.5,1
4962,3,2,1,2,33511.33,0,0,0.0,0.0,0.0,0,0,0.0,1
4963,2,1,1,1,502.57,0,0,0.0,0.0,0.0,0,0,0.0,0
4964,2,1,1,1,18734.77,0,0,0.0,0.0,0.0,0,0,0.0,0
4965,6,4,2,5,55709.09,0,0,0.0,0.0,0.0,0,0,0.0,1
4966,3,2,1,2,38957.09,0,0,0.0,0.0,0.0,0,0,0.0,1
4967,2,1,1,1,14787.65,0,0,0.0,0.0,0.0,0,0,0.0,0
4968,2,1,1,1,3646.43,0,0,0.0,25.0,1.0,0,0,17.5,0
4969,2,1,1,1,20954.5,0,0,0.0,0.0,0.0,0,0,0.0,0
4970,5,4,1,4,55718.66,0,0,0.0,0.0,0.0,0,0,0.0,1
4971,3,2,1,2,20918.289999999997,0,0,0.0,0.0,0.0,0,0,0.0,1
4972,3,2,1,2,34924.84,0,0,0.0,0.0,0.0,0,0,0.0,1
4973,2,1,1,1,16490.66,0,0,0.0,0.0,0.0,0,0,0.0,0
4974,2,1,1,1,2918.0,0,0,0.0,5.0,0.0,0,0,2.5,0
4975,3,2,1,2,0.0,0,0,0.0,0.0,0.0,0,0,0.0,1
4976,2,1,1,1,6514.57,0,0,0.0,0.0,0.0,0,0,0.0,0
4977,2,1,1,1,4582.5,0,0,0.0,0.0,0.0,0,0,0.0,0
4978,4,3,1,3,40350.29,0,0,0.0,5.0,0.0,0,0,2.5,1
4979,2,1,1,1,4821.05,0,0,0.0,0.0,0.0,0,0,0.0,0
4980,2,1,1,1,12558.27,0,0,0.0,0.0,0.0,0,0,0.0,0
4981,2,1,1,1,1946.18,0,0,0.0,0.0,0.0,0,0,0.0,0
4982,4,2,2,3,24077.47,0,0,0.0,0.0,0.0,0,0,0.0,1
4983,3,2,1,2,39008.43,1,1,0.5,48.0,0.0,0,0,64.0,1
4984,3,2,1,2,15060.08,0,0,0.0,0.0,0.0,0,0,0.0,1
4985,3,2,1,2,23002.649999999998,1,0,0.5,15.0,0.0,0,0,17.5,1
4986,2,1,1,1,2662.19,0,0,0.0,0.0,0.0,0,0,0.0,0
4987,2,1,1,1,22229.09,0,0,0.0,0.0,0.0,0,0,0.0,0
4988,2,1,1,1,11817.61,0,0,0.0,0.0,0.0,0,0,0.0,0
4989,2,1,1,1,1475.13,0,0,0.0,0.0,0.0,0,0,0.0,0
4990,3,2,1,2,46551.899999999994,0,0,0.0,3.0,0.0,0,0,1.5,1
4991,2,1,1,1,0.0,1,0,1.0,15.0,0.0,0,0,17.5,0
4992,2,1,1,1,17039.7,0,0,0.0,0.0,0.0,0,0,0.0,0
4993,3,2,1,2,11945.449999999999,2,1,1.0,45.0,0.0,0,0,72.5,1
4994,3,2,1,2,35468.14,0,0,0.0,0.0,0.0,0,0,0.0,1
4995,3,2,1,2,33953.509999999995,0,0,0.0,0.0,0.0,0,0,0.0,1
4996,2,1,1,1,10042.53,0,0,0.0,0.0,0.0,0,0,0.0,0
4997,3,2,1,2,21071.51,0,0,0.0,15.0,1.0,0,0,12.5,1
4998,4,3,1,3,30369.72,1,0,0.3333333333333333,15.0,0.0,0,0,17.5,1
4999,2,1,1,1,15969.25,0,0,0.0,0.0,0.0,0,0,0.0,0
5000,2,1,1,1,0.0,0,0,0.0,0.0,0.0,0,0,0.0,0
5001,3,2,1,2,35344.6,1,1,0.5,45.0,0.0,0,0,62.5,1
5002,2,1,1,1,8849.92,0,0,0.0,0.0,0.0,0,0,0.0,0
5003,3,2,1,2,21838.4,0,0,0.0,0.0,0.0,0,0,0.0,1
5004,2,1,1,1,13800.19,0,0,0.0,0.0,0.0,0,0,0.0,0
5005,3,2,1,2,7504.57,0,0,0.0,0.0,0.0,0,0,0.0,1
5006,4,3,1,3,36490.909999999996,0,0,0.0,0.0,0.0,0,0,0.0,1
5007,3,2,1,2,37745.490000000005,1,1,0.5,45.0,0.0,0,0,62.5,1
5008,2,1,1,1,13414.9,0,0,0.0,0.0,0.0,0,0,0.0,0
5009,2,1,1,1,0.0,1,1,1.0,45.0,0.0,0,0,62.5,0
5010,2,1,1,1,0.0,0,0,0.0,2.0,0.0,0,0,1.0,0
5011,2,1,1,1,11254.09,0,0,0.0,0.0,0.0,0,0,0.0,0
5012,2,1,1,1,21203.89,0,0,0.0,0.0,0.0,0,0,0.0,0
5013,4,3,1,3,53865.57,1,0,0.3333333333333333,15.0,0.0,0,0,17.5,1
5014,4,3,1,3,38169.31,0,0,0.0,0.0,0.0,0,0,0.0,1
5015,5,4,1,4,23073.93,0,0,0.0,0.0,0.0,0,0,0.0,1
5016,2,1,1,1,24147.92,0,0,0.0,3.0,0.0,0,0,1.5,0
5017,2,1,1,1,13310.55,0,0,0.0,0.0,0.0,0,0,0.0,0
5018,3,2,1,2,42361.42,0,0,0.0,18.0,1.0,0,0,14.0,1
5019,2,1,1,1,12065.77,0,0,0.0,0.0,0.0,0,0,0.0,0
5020,3,2,1,2,23949.7,0,0,0.0,18.0,1.0,0,0,14.0,1
5021,3,2,1,2,27013.66,0,0,0.0,0.0,0.0,0,0,0.0,1
5022,3,2,1,2,32861.14,1,1,0.5,45.0,1.0,0,0,67.5,1
5023,2,1,1,1,6107.3,0,0,0.0,0.0,0.0,0,0,0.0,0
5024,2,1,1,1,5930.83,1,1,1.0,45.0,0.0,0,0,62.5,0
5025,3,2,1,2,15310.7,1,0,0.5,15.0,0.0,0,0,17.5,1
5026,4,3,1,3,25392.18,0,0,0.0,0.0,0.0,0,0,0.0,1
5027,2,1,1,1,18491.38,0,0,0.0,0.0,0.0,0,0,0.0,0
5028,2,1,1,1,811.27,0,0,0.0,0.0,0.0,0,0,0.0,0
5029,3,2,1,2,28728.45,0,0,0.0,0.0,0.0,0,0,0.0,1
5030,3,2,1,2,22211.98,0,0,0.0,0.0,0.0,0,0,0.0,1
5031,2,1,1,1,12364.33,1,0,1.0,15.0,0.0,0,0,17.5,0
5032,3,2,1,2,24326.4,1,0,0.5,30.0,1.0,0,0,30.0,1
5033,2,1,1,1,4971.59,0,0,0.0,0.0,0.0,0,0,0.0,0
5034,2,1,1,1,0.0,0,0,0.0,0.0,0.0,0,0,0.0,0
5035,2,1,1,1,0.0,0,0,0.0,0.0,0.0,0,0,0.0,0
5036,3,2,1,2,40038.93,0,0,0.0,0.0,0.0,0,0,0.0,1
5037,2,1,1,1,0.0,0,0,0.0,0.0,0.0,0,0,0.0,0
5038,2,1,1,1,786.11,0,0,0.0,0.0,0.0,0,0,0.0,0
5039,2,1,1,1,0.0,0,0,0.0,0.0,0.0,0,0,0.0,0
5040,3,2,1,2,13639.34,0,0,0.0,0.0,0.0,0,0,0.0,1
5041,3,2,1,2,39403.84,0,0,0.0,3.0,0.0,0,0,1.5,1
5042,3,2,1,2,-21911.76,0,0,0.0,15.0,1.0,0,0,12.5,1
5043,2,1,1,1,0.0,0,0,0.0,0.0,0.0,0,0,0.0,0
5044,3,2,1,2,13045.59,0,0,0.0,0.0,0.0,0,0,0.0,1
5045,2,1,1,1,10599.22,0,0,0.0,0.0,0.0,0,0,0.0,0
5046,2,1,1,1,8323.09,0,0,0.0,0.0,0.0,0,0,0.0,0
5047,2,1,1,1,0.0,0,0,0.0,0.0,0.0,0,0,0.0,0
5048,2,1,1,1,0.0,0,0,0.0,0.0,0.0,0,0,0.0,0
5049,2,1,1,1,0.0,0,0,0.0,0.0,0.0,0,0,0.0,0
5050,2,1,1,1,18019.7,0,0,0.0,0.0,0.0,0,0,0.0,0
5051,2,1,1,1,7594.56,1,0,1.0,15.0,0.0,0,0,17.5,0
5052,3,2,1,2,38616.270000000004,0,0,0.0,0.0,0.0,0,0,0.0,1
5053,2,1,1,1,23727.24,0,0,0.0,0.0,0.0,0,0,0.0,0
5054,2,1,1,1,0.0,0,0,0.0,0.0,0.0,0,0,0.0,0
5055,2,1,1,1,19417.16,0,0,0.0,0.0,0.0,0,0,0.0,0
5056,4,3,1,3,14178.73,1,0,0.3333333333333333,30.0,1.0,0,0,30.0,1
5057,2,1,1,1,18653.66,1,0,1.0,15.0,0.0,0,0,17.5,0
5058,2,1,1,1,1893.12,0,0,0.0,0.0,0.0,0,0,0.0,0
5059,2,1,1,1,21516.51,0,0,0.0,0.0,0.0,0,0,0.0,0
5060,3,2,1,2,20806.449999999997,0,0,0.0,7.0,0.0,0,0,3.5,1
5061,2,1,1,1,18775.99,0,0,0.0,2.0,0.0,0,0,1.0,0
5062,3,2,1,2,39988.58,0,0,0.0,0.0,0.0,0,0,0.0,1
5063,4,3,1,3,42225.63,0,0,0.0,0.0,0.0,0,0,0.0,1
5064,2,1,1,1,12316.13,0,0,0.0,0.0,0.0,0,0,0.0,0
5065,2,1,1,1,0.0,0,0,0.0,0.0,0.0,0,0,0.0,0
5066,2,1,1,1,18001.79,0,0,0.0,0.0,0.0,0,0,0.0,0
5067,3,2,1,2,7432.370000000001,0,0,0.0,0.0,0.0,0,0,0.0,1
5068,3,2,1,2,37740.69,0,0,0.0,3.0,0.0,0,0,1.5,1
5069,6,5,1,5,65393.54,1,0,0.2,15.0,0.0,0,0,17.5,1
5070,2,1,1,1,0.0,0,0,0.0,0.0,0.0,0,0,0.0,0
5071,2,1,1,1,18883.36,0,0,0.0,0.0,0.0,0,0,0.0,0
5072,2,1,1,1,20826.61,0,0,0.0,0.0,0.0,0,0,0.0,0
5073,2,1,1,1,0.0,0,0,0.0,0.0,0.0,0,0,0.0,0
5074,2,1,1,1,20325.08,0,0,0.0,0.0,0.0,0,0,0.0,0
5075,7,5,2,6,65526.8,0,0,0.0,0.0,0.0,0,0,0.0,1
5076,2,1,1,1,13960.21,0,0,0.0,0.0,0.0,0,0,0.0,0
5077,2,1,1,1,22030.92,0,0,0.0,0.0,0.0,0,0,0.0,0
5078,3,2,1,2,-13090.68,0,0,0.0,0.0,0.0,0,0,0.0,1
5079,4,3,1,3,37465.05,0,0,0.0,7.0,0.0,0,0,3.5,1
5080,2,1,1,1,24785.13,0,0,0.0,3.0,0.0,0,0,1.5,0
5081,3,2,1,2,24732.71,0,0,0.0,0.0,0.0,0,0,0.0,1
5082,3,2,1,2,13946.64,0,0,0.0,0.0,0.0,0,0,0.0,1
5083,2,1,1,1,18458.09,0,0,0.0,0.0,0.0,0,0,0.0,0
5084,3,2,1,2,18036.760000000002,0,0,0.0,15.0,1.0,0,0,12.5,1
5085,3,2,1,2,22132.739999999998,1,0,0.5,15.0,0.0,0,0,17.5,1
5086,2,1,1,1,8043.35,0,0,0.0,0.0,0.0,0,0,0.0,0
5087,2,1,1,1,21830.25,0,0,0.0,0.0,0.0,0,0,0.0,0
5088,2,1,1,1,23368.9,0,0,0.0,0.0,0.0,0,0,0.0,0
5089,2,1,1,1,0.0,0,0,0.0,0.0,0.0,0,0,0.0,0
5090,3,2,1,2,30555.1,0,0,0.0,10.0,0.0,0,0,5.0,1
5091,2,1,1,1,23759.99,0,0,0.0,3.0,0.0,0,0,1.5,0
5092,2,1,1,1,24456.95,0,0,0.0,3.0,0.0,0,0,1.5,0
5093,2,1,1,1,18607.21,0,0,0.0,0.0,0.0,0,0,0.0,0
5094,2,1,1,1,6093.63,0,0,0.0,0.0,0.0,0,0,0.0,0
5095,2,1,1,1,22532.47,0,0,0.0,0.0,0.0,0,0,0.0,0
5096,2,1,1,1,7032.3,0,0,0.0,0.0,0.0,0,0,0.0,0
5097,3,2,1,2,4779.67,1,0,0.5,15.0,1.0,0,0,22.5,1
5098,2,1,1,1,10403.75,0,0,0.0,0.0,0.0,0,0,0.0,0
5099,3,2,1,2,9232.439999999999,0,0,0.0,0.0,0.0,0,0,0.0,1
5100,2,1,1,1,18424.47,0,0,0.0,0.0,0.0,0,0,0.0,0
5101,2,1,1,1,105.72,0,0,0.0,0.0,0.0,0,0,0.0,0
5102,3,2,1,2,16340.829999999998,0,0,0.0,0.0,0.0,0,0,0.0,1
5103,8,6,2,7,70656.23999999999,1,1,0.14285714285714285,45.0,2.0,0,0,72.5,1
5104,2,1,1,1,9555.68,0,0,0.0,2.0,0.0,0,0,1.0,0
5105,4,3,1,3,44854.57,1,0,0.3333333333333333,15.0,0.0,0,0,17.5,1
5106,3,2,1,2,27725.97,0,0,0.0,0.0,0.0,0,0,0.0,1
5107,2,1,1,1,11397.53,0,0,0.0,15.0,1.0,0,0,12.5,0
5108,2,1,1,1,2459.21,0,0,0.0,0.0,0.0,0,0,0.0,0
5109,2,1,1,1,12769.41,0,0,0.0,0.0,0.0,0,0,0.0,0
5110,3,2,1,2,31332.94,1,1,0.5,45.0,0.0,0,0,62.5,1
5111,4,3,1,3,45076.649999999994,0,0,0.0,5.0,0.0,0,0,2.5,1
5112,2,1,1,1,21790.08,0,0,0.0,0.0,0.0,0,0,0.0,0
5113,3,2,1,2,38052.119999999995,0,0,0.0,0.0,0.0,0,0,0.0,1
5114,2,1,1,1,14083.48,0,0,0.0,0.0,0.0,0,0,0.0,0
5115,2,1,1,1,0.0,0,0,0.0,0.0,0.0,0,0,0.0,0
5116,3,2,1,2,34328.32,0,0,0.0,0.0,0.0,0,0,0.0,1
5117,2,1,1,1,0.0,0,0,0.0,0.0,0.0,0,0,0.0,0
5118,2,1,1,1,12628.97,0,0,0.0,0.0,0.0,0,0,0.0,0
5119,2,1,1,1,7187.44,0,0,0.0,0.0,0.0,0,0,0.0,0
5120,2,1,1,1,0.0,0,0,0.0,0.0,0.0,0,0,0.0,0
5121,3,2,1,2,2112.73,0,0,0.0,20.0,1.0,0,0,15.0,1
5122,2,1,1,1,4029.9,0,0,0.0,0.0,0.0,0,0,0.0,0
5123,2,1,1,1,1455.49,0,0,0.0,0.0,0.0,0,0,0.0,0
5124,3,2,1,2,1470.87,0,0,0.0,0.0,0.0,0,0,0.0,1
5125,3,2,1,2,31508.8,0,0,0.0,0.0,0.0,0,0,0.0,1
5126,2,1,1,1,23083.25,0,0,0.0,0.0,0.0,0,0,0.0,0
5127,2,1,1,1,21306.02,0,0,0.0,0.0,0.0,0,0,0.0,0
5128,2,1,1,1,21697.03,0,0,0.0,0.0,0.0,0,0,0.0,0
5129,2,1,1,1,15904.65,0,0,0.0,15.0,1.0,0,0,12.5,0
5130,2,1,1,1,0.0,1,1,1.0,45.0,0.0,0,0,62.5,0
5131,3,2,1,2,14408.87,0,0,0.0,0.0,0.0,0,0,0.0,1
5132,3,2,1,2,2749.53,0,0,0.0,0.0,0.0,0,0,0.0,1
5133,2,1,1,1,9935.62,0,0,0.0,0.0,0.0,0,0,0.0,0
5134,2,1,1,1,19322.38,0,0,0.0,0.0,0.0,0,0,0.0,0
5135,2,1,1,1,10418.45,0,0,0.0,0.0,0.0,0,0,0.0,0
5136,3,2,1,2,19086.82,0,0,0.0,0.0,0.0,0,0,0.0,1
5137,2,1,1,1,15038.39,0,0,0.0,0.0,0.0,0,0,0.0,0
5138,4,2,2,3,21274.17,0,0,0.0,0.0,0.0,0,0,0.0,1
5139,4,3,1,3,44860.19,0,0,0.0,3.0,0.0,0,0,1.5,1
5140,3,2,1,2,13375.6,0,0,0.0,0.0,0.0,0,0,0.0,1
5141,2,1,1,1,15459.27,1,0,1.0,15.0,0.0,0,0,17.5,0
5142,2,1,1,1,748.25,0,0,0.0,0.0,0.0,0,0,0.0,0
5143,3,2,1,2,47324.380000000005,1,0,0.5,18.0,0.0,0,0,19.0,1
5144,2,1,1,1,14840.6,0,0,0.0,0.0,0.0,0,0,0.0,0
5145,3,2,1,2,21781.54,0,0,0.0,0.0,0.0,0,0,0.0,1
5146,2,1,1,1,22703.01,0,0,0.0,0.0,0.0,0,0,0.0,0
5147,3,2,1,2,13538.95,0,0,0.0,0.0,0.0,0,0,0.0,1
5148,2,1,1,1,15651.0,0,0,0.0,0.0,0.0,0,0,0.0,0
5149,2,1,1,1,19231.56,0,0,0.0,15.0,1.0,0,0,12.5,0
5150,3,2,1,2,32970.06,1,0,0.5,15.0,0.0,0,0,17.5,1
5151,2,1,1,1,1336.29,0,0,0.0,0.0,0.0,0,0,0.0,0
5152,3,1,2,2,10374.92,2,1,1.0,55.0,0.0,2,0,87.5,0
5153,3,2,1,2,18137.04,1,1,0.5,75.0,2.0,1,0,92.5,1
5154,3,2,1,2,33196.94,0,0,0.0,25.0,1.0,0,0,17.5,1
5155,2,1,1,1,9221.83,0,0,0.0,2.0,0.0,0,0,1.0,0
5156,3,2,1,2,13419.09,0,0,0.0,0.0,0.0,0,0,0.0,1
5157,2,1,1,1,5905.16,0,0,0.0,0.0,0.0,0,0,0.0,0
5158,2,1,1,1,23990.21,1,0,1.0,28.0,0.0,1,0,29.0,0
5159,2,1,1,1,0.0,0,0,0.0,0.0,0.0,0,0,0.0,0
5160,3,2,1,2,19931.410000000003,0,0,0.0,15.0,1.0,0,0,12.5,1
5161,5,4,1,4,78956.63,1,0,0.25,20.0,0.0,0,0,20.0,1
5162,2,1,1,1,13975.43,0,0,0.0,0.0,0.0,0,0,0.0,0
5163,4,3,1,3,45012.36,1,0,0.3333333333333333,30.0,0.0,1,0,30.0,1
5164,3,2,1,2,8986.63,0,0,0.0,0.0,0.0,0,0,0.0,1
5165,3,2,1,2,28738.760000000002,1,0,0.5,17.0,0.0,0,0,18.5,1
5166,3,2,1,2,2120.48,0,0,0.0,0.0,0.0,0,0,0.0,1
5167,2,1,1,1,13276.17,0,0,0.0,0.0,0.0,0,0,0.0,0
5168,3,2,1,2,29806.03,0,0,0.0,3.0,0.0,0,0,1.5,1
5169,2,1,1,1,0.0,0,0,0.0,5.0,0.0,0,0,2.5,0
5170,2,1,1,1,9505.2,1,0,1.0,15.0,0.0,0,0,17.5,0
5171,2,1,1,1,5617.33,0,0,0.0,0.0,0.0,0,0,0.0,0
5172,3,2,1,2,-15716.259999999998,1,0,0.5,15.0,0.0,0,0,17.5,1
5173,3,2,1,2,8402.05,0,0,0.0,0.0,0.0,0,0,0.0,1
5174,3,2,1,2,21451.079999999998,0,0,0.0,0.0,0.0,0,0,0.0,1
5175,2,1,1,1,14269.54,0,0,0.0,0.0,0.0,0,0,0.0,0
5176,2,1,1,1,939.01,0,0,0.0,0.0,0.0,0,0,0.0,0
5177,6,4,2,5,46051.340000000004,1,1,0.2,55.0,0.0,1,0,72.5,1
5178,3,2,1,2,39301.28,0,0,0.0,0.0,0.0,0,0,0.0,1
5179,4,3,1,3,30959.28,0,0,0.0,0.0,0.0,0,0,0.0,1
5180,3,2,1,2,32511.29,0,0,0.0,0.0,0.0,0,0,0.0,1
5181,2,1,1,1,24540.45,1,1,1.0,63.0,1.0,0,0,76.5,0
5182,2,1,1,1,0.0,0,0,0.0,0.0,0.0,0,0,0.0,0
5183,2,1,1,1,6956.17,1,0,1.0,15.0,0.0,0,0,17.5,0
5184,3,2,1,2,16652.92,0,0,0.0,0.0,0.0,0,0,0.0,1
5185,2,1,1,1,10.77,0,0,0.0,0.0,0.0,0,0,0.0,0
5186,3,2,1,2,20286.56,0,0,0.0,0.0,0.0,0,0,0.0,1
5187,3,2,1,2,27973.7,0,0,0.0,3.0,0.0,0,0,1.5,1
5188,2,1,1,1,7427.04,0,0,0.0,0.0,0.0,0,0,0.0,0
5189,3,2,1,2,19900.2,1,0,0.5,15.0,0.0,0,0,17.5,1
5190,2,1,1,1,20109.96,0,0,0.0,0.0,0.0,0,0,0.0,0
5191,3,2,1,2,40837.7,1,0,0.5,15.0,0.0,0,0,17.5,1
5192,2,1,1,1,3064.63,0,0,0.0,0.0,0.0,0,0,0.0,0
5193,3,2,1,2,28806.690000000002,1,1,0.5,45.0,0.0,0,0,62.5,1
5194,2,1,1,1,7631.84,1,1,1.0,45.0,0.0,0,0,62.5,0
5195,2,1,1,1,0.0,0,0,0.0,0.0,0.0,0,0,0.0,0
5196,4,3,1,3,25339.38,1,1,0.3333333333333333,45.0,0.0,0,0,62.5,1
5197,2,1,1,1,22360.8,0,0,0.0,0.0,0.0,0,0,0.0,0
5198,2,1,1,1,6722.29,0,0,0.0,0.0,0.0,0,0,0.0,0
5199,2,1,1,1,11590.14,0,0,0.0,15.0,1.0,0,0,12.5,0
5200,2,1,1,1,9280.63,0,0,0.0,0.0,0.0,0,0,0.0,0
5201,3,2,1,2,17485.67,1,0,0.5,15.0,0.0,0,0,17.5,1
5202,2,1,1,1,15297.33,0,0,0.0,0.0,0.0,0,0,0.0,0
5203,2,1,1,1,5974.84,0,0,0.0,0.0,0.0,0,0,0.0,0
5204,3,2,1,2,13262.25,1,0,0.5,15.0,0.0,0,0,17.5,1
5205,4,3,1,3,-12724.95,0,0,0.0,15.0,1.0,0,0,12.5,1
5206,3,2,1,2,8234.74,0,0,0.0,15.0,1.0,0,0,12.5,1
5207,2,1,1,1,6454.99,0,0,0.0,5.0,0.0,0,0,2.5,0
5208,3,2,1,2,30445.41,0,0,0.0,0.0,0.0,0,0,0.0,1
5209,3,2,1,2,-6198.799999999999,0,0,0.0,15.0,1.0,0,0,12.5,1
5210,2,1,1,1,0.0,0,0,0.0,0.0,0.0,0,0,0.0,0
5211,3,2,1,2,-19947.14,0,0,0.0,0.0,0.0,0,0,0.0,1
5212,2,1,1,1,21510.15,0,0,0.0,0.0,0.0,0,0,0.0,0
5213,4,3,1,3,31558.69,0,0,0.0,5.0,0.0,0,0,2.5,1
5214,5,4,1,4,42858.61,0,0,0.0,20.0,1.0,0,0,15.0,1
5215,2,1,1,1,13149.46,1,0,1.0,20.0,0.0,0,0,20.0,0
5216,3,2,1,2,10392.9,1,0,0.5,15.0,0.0,0,0,17.5,1
5217,3,2,1,2,5637.93,0,0,0.0,0.0,0.0,0,0,0.0,1
5218,2,1,1,1,15203.63,0,0,0.0,0.0,0.0,0,0,0.0,0
5219,2,1,1,1,119.3,0,0,0.0,15.0,1.0,0,0,12.5,0
5220,2,1,1,1,16054.37,0,0,0.0,0.0,0.0,0,0,0.0,0
5221,2,1,1,1,17529.67,0,0,0.0,0.0,0.0,0,0,0.0,0
5222,3,2,1,2,15358.97,0,0,0.0,0.0,0.0,0,0,0.0,1
5223,2,1,1,1,5848.28,0,0,0.0,0.0,0.0,0,0,0.0,0
5224,2,1,1,1,20261.94,0,0,0.0,0.0,0.0,0,0,0.0,0
5225,2,1,1,1,15745.52,0,0,0.0,0.0,0.0,0,0,0.0,0
5226,2,1,1,1,650.8,0,0,0.0,0.0,0.0,0,0,0.0,0
5227,3,2,1,2,3297.82,0,0,0.0,0.0,0.0,0,0,0.0,1
5228,2,1,1,1,7236.56,0,0,0.0,0.0,0.0,0,0,0.0,0
5229,2,1,1,1,18319.82,0,0,0.0,15.0,1.0,0,0,12.5,0
5230,2,1,1,1,11873.45,0,0,0.0,0.0,0.0,0,0,0.0,0
5231,3,2,1,2,23101.69,0,0,0.0,0.0,0.0,0,0,0.0,1
5232,2,1,1,1,22896.2,0,0,0.0,0.0,0.0,0,0,0.0,0
5233,2,1,1,1,22281.82,0,0,0.0,0.0,0.0,0,0,0.0,0
5234,2,1,1,1,4971.82,0,0,0.0,0.0,0.0,0,0,0.0,0
5235,3,2,1,2,31603.980000000003,0,0,0.0,15.0,1.0,0,0,12.5,1
5236,3,2,1,2,2884.12,0,0,0.0,0.0,0.0,0,0,0.0,1
5237,2,1,1,1,10391.92,0,0,0.0,0.0,0.0,0,0,0.0,0
5238,2,1,1,1,0.0,0,0,0.0,0.0,0.0,0,0,0.0,0
5239,2,1,1,1,8306.1,0,0,0.0,15.0,1.0,0,0,12.5,0
5240,2,1,1,1,4198.8,0,0,0.0,10.0,0.0,0,0,5.0,0
5241,3,2,1,2,33720.29,0,0,0.0,0.0,0.0,0,0,0.0,1
5242,3,2,1,2,19251.73,0,0,0.0,0.0,0.0,0,0,0.0,1
5243,3,2,1,2,15932.02,0,0,0.0,0.0,0.0,0,0,0.0,1
5244,3,2,1,2,16756.63,0,0,0.0,0.0,0.0,0,0,0.0,1
5245,2,1,1,1,18630.87,0,0,0.0,0.0,0.0,0,0,0.0,0
5246,2,1,1,1,10745.77,0,0,0.0,0.0,0.0,0,0,0.0,0
5247,2,1,1,1,13727.98,0,0,0.0,0.0,0.0,0,0,0.0,0
5248,3,2,1,2,26615.5,0,0,0.0,0.0,0.0,0,0,0.0,1
5249,2,1,1,1,13041.28,1,0,1.0,15.0,0.0,0,0,17.5,0
5250,3,2,1,2,6317.61,0,0,0.0,0.0,0.0,0,0,0.0,1
5251,3,2,1,2,11067.86,0,0,0.0,0.0,0.0,0,0,0.0,1
5252,3,1,2,2,8965.57,1,0,0.5,15.0,0.0,0,0,17.5,0
5253,4,3,1,3,48368.15,0,0,0.0,0.0,0.0,0,0,0.0,1
5254,4,3,1,3,56657.09,1,0,0.3333333333333333,20.0,1.0,0,0,25.0,1
5255,2,1,1,1,21317.03,0,0,0.0,0.0,0.0,0,0,0.0,0
5256,2,1,1,1,18224.25,0,0,0.0,0.0,0.0,0,0,0.0,0
5257,4,3,1,3,30440.65,0,0,0.0,5.0,0.0,0,0,2.5,1
5258,3,2,1,2,5388.639999999999,0,0,0.0,0.0,0.0,0,0,0.0,1
5259,4,3,1,3,49138.600000000006,0,0,0.0,5.0,0.0,0,0,2.5,1
5260,2,1,1,1,4032.28,0,0,0.0,0.0,0.0,0,0,0.0,0
5261,2,1,1,1,5865.78,0,0,0.0,0.0,0.0,0,0,0.0,0
5262,2,1,1,1,8211.87,0,0,0.0,0.0,0.0,0,0,0.0,0
5263,2,1,1,1,6020.88,0,0,0.0,0.0,0.0,0,0,0.0,0
5264,2,1,1,1,8125.52,0,0,0.0,0.0,0.0,0,0,0.0,0
5265,2,1,1,1,10176.16,0,0,0.0,0.0,0.0,0,0,0.0,0
5266,2,1,1,1,0.0,0,0,0.0,0.0,0.0,0,0,0.0,0
5267,2,1,1,1,22204.07,0,0,0.0,15.0,1.0,0,0,12.5,0
5268,2,1,1,1,11686.85,0,0,0.0,0.0,0.0,0,0,0.0,0
5269,4,3,1,3,35379.54,0,0,0.0,0.0,0.0,0,0,0.0,1
5270,4,3,1,3,33306.59,0,0,0.0,0.0,0.0,0,0,0.0,1
5271,3,2,1,2,11155.68,0,0,0.0,5.0,0.0,0,0,2.5,1
5272,2,1,1,1,3850.74,0,0,0.0,0.0,0.0,0,0,0.0,0
5273,3,2,1,2,39275.71,0,0,0.0,3.0,0.0,0,0,1.5,1
5274,3,2,1,2,39325.52,0,0,0.0,3.0,0.0,0,0,1.5,1
5275,2,1,1,1,22023.57,0,0,0.0,0.0,0.0,0,0,0.0,0
5276,3,2,1,2,8274.41,1,0,0.5,15.0,0.0,0,0,17.5,1
5277,2,1,1,1,18433.32,0,0,0.0,0.0,0.0,0,0,0.0,0
5278,2,1,1,1,15962.47,0,0,0.0,7.0,0.0,0,0,3.5,0
5279,2,1,1,1,14498.49,0,0,0.0,0.0,0.0,0,0,0.0,0
5280,2,1,1,1,16722.14,0,0,0.0,0.0,0.0,0,0,0.0,0
5281,3,2,1,2,40233.66,1,1,0.5,45.0,0.0,0,0,62.5,1
5282,2,1,1,1,15939.37,0,0,0.0,0.0,0.0,0,0,0.0,0
5283,2,1,1,1,21204.25,0,0,0.0,5.0,0.0,0,0,2.5,0
5284,4,3,1,3,10663.779999999999,0,0,0.0,0.0,0.0,0,0,0.0,1
5285,3,2,1,2,19735.18,1,1,0.5,45.0,0.0,0,0,62.5,1
5286,4,3,1,3,36871.2,2,2,0.6666666666666666,45.0,0.0,0,0,102.5,1
5287,2,1,1,1,18187.66,1,1,1.0,45.0,0.0,0,0,62.5,0
5288,2,1,1,1,702.86,0,0,0.0,0.0,0.0,0,0,0.0,0
5289,3,2,1,2,23318.44,1,1,0.5,45.0,0.0,0,0,62.5,1
5290,3,2,1,2,21332.78,1,0,0.5,15.0,0.0,0,0,17.5,1
5291,3,2,1,2,19594.69,0,0,0.0,0.0,0.0,0,0,0.0,1
5292,3,2,1,2,15230.810000000001,0,0,0.0,0.0,0.0,0,0,0.0,1
5293,2,1,1,1,1941.02,0,0,0.0,0.0,0.0,0,0,0.0,0
5294,2,1,1,1,9070.95,0,0,0.0,0.0,0.0,0,0,0.0,0
5295,2,1,1,1,14169.38,0,0,0.0,0.0,0.0,0,0,0.0,0
5296,2,1,1,1,19093.16,0,0,0.0,0.0,0.0,0,0,0.0,0
5297,3,2,1,2,12378.85,0,0,0.0,0.0,0.0,0,0,0.0,1
5298,2,1,1,1,23562.02,0,0,0.0,20.0,1.0,0,0,15.0,0
5299,2,1,1,1,5948.15,0,0,0.0,0.0,0.0,0,0,0.0,0
5300,2,1,1,1,0.0,0,0,0.0,0.0,0.0,0,0,0.0,0
5301,2,1,1,1,15222.87,0,0,0.0,5.0,0.0,0,0,2.5,0
5302,2,1,1,1,0.0,0,0,0.0,0.0,0.0,0,0,0.0,0
5303,4,2,2,3,43551.68,1,1,0.3333333333333333,48.0,0.0,0,0,64.0,1
5304,2,1,1,1,2171.25,0,0,0.0,0.0,0.0,0,0,0.0,0
5305,2,1,1,1,13334.68,0,0,0.0,0.0,0.0,0,0,0.0,0
5306,4,3,1,3,32298.98,0,0,0.0,0.0,0.0,0,0,0.0,1
5307,2,1,1,1,21477.37,0,0,0.0,5.0,0.0,0,0,2.5,0
5308,2,1,1,1,9633.59,0,0,0.0,0.0,0.0,0,0,0.0,0
5309,4,3,1,3,38329.47,0,0,0.0,10.0,0.0,0,0,5.0,1
5310,3,2,1,2,19773.11,0,0,0.0,0.0,0.0,0,0,0.0,1
5311,2,1,1,1,13288.19,1,0,1.0,15.0,0.0,0,0,17.5,0
5312,2,1,1,1,10174.49,0,0,0.0,0.0,0.0,0,0,0.0,0
5313,2,1,1,1,15849.91,0,0,0.0,0.0,0.0,0,0,0.0,0
5314,2,1,1,1,16279.77,0,0,0.0,0.0,0.0,0,0,0.0,0
5315,2,1,1,1,13712.82,0,0,0.0,0.0,0.0,0,0,0.0,0
5316,2,1,1,1,11768.91,0,0,0.0,0.0,0.0,0,0,0.0,0
5317,2,1,1,1,5119.11,0,0,0.0,0.0,0.0,0,0,0.0,0
5318,2,1,1,1,259.13,0,0,0.0,0.0,0.0,0,0,0.0,0
5319,2,1,1,1,10643.08,0,0,0.0,0.0,0.0,0,0,0.0,0
5320,2,1,1,1,18059.09,0,0,0.0,0.0,0.0,0,0,0.0,0
5321,3,2,1,2,33279.83,1,0,0.5,15.0,0.0,0,0,17.5,1
5322,2,1,1,1,3644.12,0,0,0.0,0.0,0.0,0,0,0.0,0
5323,3,2,1,2,39310.36,2,1,1.0,48.0,0.0,0,0,74.0,1
5324,3,2,1,2,22642.06,0,0,0.0,0.0,0.0,0,0,0.0,1
5325,2,1,1,1,4796.12,1,0,1.0,15.0,0.0,0,0,17.5,0
5326,3,2,1,2,26288.57,0,0,0.0,0.0,0.0,0,0,0.0,1
5327,3,2,1,2,21015.079999999998,2,0,1.0,15.0,0.0,0,0,27.5,1
5328,2,1,1,1,21162.84,0,0,0.0,0.0,0.0,0,0,0.0,0
5329,2,1,1,1,13799.23,0,0,0.0,0.0,0.0,0,0,0.0,0
5330,3,2,1,2,23549.7,0,0,0.0,0.0,0.0,0,0,0.0,1
5331,3,2,1,2,19718.76,0,0,0.0,0.0,0.0,0,0,0.0,1
5332,3,2,1,2,18613.04,0,0,0.0,0.0,0.0,0,0,0.0,1
5333,3,2,1,2,20256.780000000002,0,0,0.0,0.0,0.0,0,0,0.0,1
5334,2,1,1,1,14939.0,1,0,1.0,15.0,0.0,0,0,17.5,0
5335,2,1,1,1,9964.9,0,0,0.0,0.0,0.0,0,0,0.0,0
5336,2,1,1,1,300.55,0,0,0.0,0.0,0.0,0,0,0.0,0
5337,3,2,1,2,13964.42,0,0,0.0,0.0,0.0,0,0,0.0,1
5338,2,1,1,1,8287.03,0,0,0.0,0.0,0.0,0,0,0.0,0
5339,2,1,1,1,14102.47,0,0,0.0,0.0,0.0,0,0,0.0,0
5340,2,1,1,1,17196.17,0,0,0.0,0.0,0.0,0,0,0.0,0
5341,2,1,1,1,21555.2,0,0,0.0,0.0,0.0,0,0,0.0,0
5342,3,2,1,2,7126.61,0,0,0.0,0.0,0.0,0,0,0.0,1
5343,3,2,1,2,25369.97,0,0,0.0,0.0,0.0,0,0,0.0,1
5344,3,2,1,2,29794.909999999996,0,0,0.0,0.0,0.0,0,0,0.0,1
5345,2,1,1,1,4883.81,0,0,0.0,15.0,1.0,0,0,12.5,0
5346,2,1,1,1,14927.82,0,0,0.0,0.0,0.0,0,0,0.0,0
5347,2,1,1,1,13492.19,0,0,0.0,5.0,0.0,0,0,2.5,0
5348,2,1,1,1,12155.15,0,0,0.0,0.0,0.0,0,0,0.0,0
5349,2,1,1,1,2112.35,0,0,0.0,0.0,0.0,0,0,0.0,0
5350,2,1,1,1,14093.82,0,0,0.0,0.0,0.0,0,0,0.0,0
5351,4,2,2,3,21559.63,0,0,0.0,15.0,1.0,0,0,12.5,1
5352,3,2,1,2,36470.659999999996,0,0,0.0,3.0,0.0,0,0,1.5,1
5353,3,2,1,2,9234.99,0,0,0.0,0.0,0.0,0,0,0.0,1
5354,2,1,1,1,0.0,0,0,0.0,0.0,0.0,0,0,0.0,0
5355,3,2,1,2,15432.859999999999,1,0,0.5,15.0,0.0,0,0,17.5,1
5356,2,1,1,1,20842.91,0,0,0.0,0.0,0.0,0,0,0.0,0
5357,2,1,1,1,8344.14,1,1,1.0,55.0,0.0,1,0,72.5,0
5358,2,1,1,1,4392.53,0,0,0.0,0.0,0.0,0,0,0.0,0
5359,2,1,1,1,13199.03,0,0,0.0,0.0,0.0,0,0,0.0,0
5360,2,1,1,1,23661.95,0,0,0.0,0.0,0.0,0,0,0.0,0
5361,3,2,1,2,21970.09,0,0,0.0,15.0,1.0,0,0,12.5,1
5362,4,3,1,3,21715.16,0,0,0.0,0.0,0.0,0,0,0.0,1
5363,3,2,1,2,21689.45,1,1,0.5,45.0,0.0,0,0,62.5,1
5364,3,1,2,2,34297.87,1,1,0.5,58.0,0.0,2,0,79.0,0
5365,2,1,1,1,12434.21,0,0,0.0,0.0,0.0,0,0,0.0,0
5366,3,2,1,2,1022.11,0,0,0.0,0.0,0.0,0,0,0.0,1
5367,2,1,1,1,17669.0,0,0,0.0,15.0,1.0,0,0,12.5,0
5368,2,1,1,1,6231.1,0,0,0.0,0.0,0.0,0,0,0.0,0
5369,2,1,1,1,19242.31,0,0,0.0,0.0,0.0,0,0,0.0,0
5370,3,2,1,2,28467.61,0,0,0.0,0.0,0.0,0,0,0.0,1
5371,2,1,1,1,13083.67,1,0,1.0,15.0,0.0,0,0,17.5,0
5372,3,2,1,2,17396.33,0,0,0.0,0.0,0.0,0,0,0.0,1
5373,3,2,1,2,19562.64,0,0,0.0,0.0,0.0,0,0,0.0,1
5374,3,2,1,2,35427.909999999996,1,0,0.5,15.0,0.0,0,0,17.5,1
5375,2,1,1,1,2507.3,0,0,0.0,5.0,0.0,0,0,2.5,0
5376,3,2,1,2,19229.71,0,0,0.0,0.0,0.0,0,0,0.0,1
5377,3,2,1,2,-4231.27,0,0,0.0,0.0,0.0,0,0,0.0,1
5378,2,1,1,1,7460.59,0,0,0.0,0.0,0.0,0,0,0.0,0
5379,2,1,1,1,0.0,0,0,0.0,15.0,1.0,0,0,12.5,0
5380,2,1,1,1,21773.56,0,0,0.0,0.0,0.0,0,0,0.0,0
5381,2,1,1,1,2142.83,0,0,0.0,0.0,0.0,0,0,0.0,0
5382,6,5,1,5,48574.119999999995,1,0,0.2,15.0,0.0,0,0,17.5,1
5383,3,2,1,2,10747.54,0,0,0.0,0.0,0.0,0,0,0.0,1
5384,2,1,1,1,4208.68,0,0,0.0,0.0,0.0,0,0,0.0,0
5385,2,1,1,1,18694.32,0,0,0.0,0.0,0.0,0,0,0.0,0
5386,2,1,1,1,4742.13,0,0,0.0,5.0,0.0,0,0,2.5,0
5387,3,2,1,2,36690.3,0,0,0.0,3.0,0.0,0,0,1.5,1
5388,5,4,1,4,22954.649999999998,1,0,0.25,15.0,0.0,0,0,17.5,1
5389,2,1,1,1,21145.16,1,0,1.0,15.0,0.0,0,0,17.5,0
5390,2,1,1,1,1071.35,1,1,1.0,50.0,0.0,0,0,65.0,0
5391,2,1,1,1,18756.37,0,0,0.0,2.0,0.0,0,0,1.0,0
5392,3,2,1,2,11379.46,0,0,0.0,0.0,0.0,0,0,0.0,1
5393,2,1,1,1,4544.14,1,0,1.0,15.0,0.0,0,0,17.5,0
5394,3,2,1,2,30824.799999999996,0,0,0.0,5.0,0.0,0,0,2.5,1
5395,2,1,1,1,21165.3,0,0,0.0,0.0,0.0,0,0,0.0,0
5396,2,1,1,1,0.0,0,0,0.0,0.0,0.0,0,0,0.0,0
5397,3,2,1,2,33225.07,0,0,0.0,2.0,0.0,0,0,1.0,1
5398,2,1,1,1,2976.54,1,0,1.0,15.0,0.0,0,0,17.5,0
5399,3,2,1,2,28536.07,1,0,0.5,15.0,0.0,0,0,17.5,1
5400,5,4,1,4,51920.72,1,0,0.25,28.0,1.0,1,0,34.0,1
5401,2,1,1,1,19148.81,0,0,0.0,0.0,0.0,0,0,0.0,0
5402,3,2,1,2,5569.3099999999995,1,0,0.5,15.0,0.0,0,0,17.5,1
5403,3,2,1,2,25718.13,0,0,0.0,0.0,0.0,0,0,0.0,1
5404,4,3,1,3,18651.77,1,0,0.3333333333333333,15.0,0.0,0,0,17.5,1
5405,3,2,1,2,8442.98,0,0,0.0,0.0,0.0,0,0,0.0,1
5406,2,1,1,1,16735.01,0,0,0.0,0.0,0.0,0,0,0.0,0
5407,2,1,1,1,8985.51,0,0,0.0,0.0,0.0,0,0,0.0,0
5408,2,1,1,1,12239.92,0,0,0.0,0.0,0.0,0,0,0.0,0
5409,5,4,1,4,22659.980000000003,0,0,0.0,0.0,0.0,0,0,0.0,1
5410,2,1,1,1,4265.69,0,0,0.0,5.0,0.0,0,0,2.5,0
5411,2,1,1,1,22226.13,0,0,0.0,0.0,0.0,0,0,0.0,0
5412,2,1,1,1,20065.14,0,0,0.0,0.0,0.0,0,0,0.0,0
5413,5,4,1,4,63576.020000000004,1,0,0.25,15.0,0.0,0,0,17.5,1
5414,3,2,1,2,19968.41,0,0,0.0,15.0,1.0,0,0,12.5,1
5415,2,1,1,1,0.0,0,0,0.0,0.0,0.0,0,0,0.0,0
5416,2,1,1,1,-7609.32,0,0,0.0,0.0,0.0,0,0,0.0,0
5417,3,2,1,2,20654.559999999998,0,0,0.0,0.0,0.0,0,0,0.0,1
5418,4,3,1,3,17387.85,1,1,0.3333333333333333,45.0,0.0,0,0,62.5,1
5419,2,1,1,1,15292.17,0,0,0.0,0.0,0.0,0,0,0.0,0
5420,3,2,1,2,27304.31,1,0,0.5,15.0,0.0,0,0,17.5,1
5421,3,2,1,2,30265.550000000003,1,0,0.5,15.0,0.0,0,0,17.5,1
5422,4,3,1,3,25426.08,0,0,0.0,5.0,0.0,0,0,2.5,1
5423,2,1,1,1,0.0,0,0,0.0,0.0,0.0,0,0,0.0,0
5424,4,3,1,3,40782.06,1,0,0.3333333333333333,15.0,0.0,0,0,17.5,1
5425,2,1,1,1,0.0,0,0,0.0,0.0,0.0,0,0,0.0,0
5426,2,1,1,1,23284.65,0,0,0.0,0.0,0.0,0,0,0.0,0
5427,3,2,1,2,2250.2700000000004,0,0,0.0,0.0,0.0,0,0,0.0,1
5428,2,1,1,1,14141.15,1,1,1.0,45.0,0.0,0,0,62.5,0
5429,4,3,1,3,15757.670000000002,0,0,0.0,15.0,1.0,0,0,12.5,1
5430,2,1,1,1,15308.03,0,0,0.0,0.0,0.0,0,0,0.0,0
5431,2,1,1,1,5880.88,0,0,0.0,0.0,0.0,0,0,0.0,0
5432,2,1,1,1,18500.2,0,0,0.0,0.0,0.0,0,0,0.0,0
5433,2,1,1,1,20221.9,0,0,0.0,0.0,0.0,0,0,0.0,0
5434,2,1,1,1,16121.55,0,0,0.0,0.0,0.0,0,0,0.0,0
5435,2,1,1,1,17851.43,0,0,0.0,0.0,0.0,0,0,0.0,0
5436,4,3,1,3,28169.260000000002,0,0,0.0,2.0,0.0,0,0,1.0,1
5437,2,1,1,1,22251.04,0,0,0.0,2.0,0.0,0,0,1.0,0
5438,2,1,1,1,3718.15,0,0,0.0,0.0,0.0,0,0,0.0,0
5439,2,1,1,1,7303.76,0,0,0.0,0.0,0.0,0,0,0.0,0
5440,2,1,1,1,2769.69,0,0,0.0,0.0,0.0,0,0,0.0,0
5441,2,1,1,1,11638.77,0,0,0.0,0.0,0.0,0,0,0.0,0
5442,3,2,1,2,34334.54,0,0,0.0,0.0,0.0,0,0,0.0,1
5443,2,1,1,1,10066.13,0,0,0.0,0.0,0.0,0,0,0.0,0
5444,2,1,1,1,8263.81,0,0,0.0,0.0,0.0,0,0,0.0,0
5445,2,1,1,1,17735.93,1,0,1.0,17.0,0.0,0,0,18.5,0
5446,3,2,1,2,6130.25,0,0,0.0,0.0,0.0,0,0,0.0,1
5447,2,1,1,1,11231.45,0,0,0.0,2.0,0.0,0,0,1.0,0
5448,2,1,1,1,4065.4,0,0,0.0,15.0,1.0,0,0,12.5,0
5449,2,1,1,1,12664.85,0,0,0.0,0.0,0.0,0,0,0.0,0
5450,2,1,1,1,458.77,0,0,0.0,0.0,0.0,0,0,0.0,0
5451,3,2,1,2,37823.16,0,0,0.0,0.0,0.0,0,0,0.0,1
5452,2,1,1,1,16115.51,0,0,0.0,0.0,0.0,0,0,0.0,0
5453,2,1,1,1,0.0,0,0,0.0,0.0,0.0,0,0,0.0,0
5454,2,1,1,1,0.0,0,0,0.0,0.0,0.0,0,0,0.0,0
5455,2,1,1,1,-9084.68,0,0,0.0,0.0,0.0,0,0,0.0,0
5456,2,1,1,1,19208.51,0,0,0.0,0.0,0.0,0,0,0.0,0
5457,2,1,1,1,5754.44,0,0,0.0,0.0,0.0,0,0,0.0,0
5458,2,1,1,1,8533.25,0,0,0.0,0.0,0.0,0,0,0.0,0
5459,2,1,1,1,14218.87,0,0,0.0,0.0,0.0,0,0,0.0,0
5460,3,2,1,2,11956.42,0,0,0.0,0.0,0.0,0,0,0.0,1
5461,2,1,1,1,18660.38,0,0,0.0,15.0,1.0,0,0,12.5,0
5462,2,1,1,1,12440.31,0,0,0.0,0.0,0.0,0,0,0.0,0
5463,2,1,1,1,3223.15,0,0,0.0,0.0,0.0,0,0,0.0,0
5464,2,1,1,1,24670.4,0,0,0.0,3.0,0.0,0,0,1.5,0
5465,2,1,1,1,9616.87,0,0,0.0,0.0,0.0,0,0,0.0,0
5466,2,1,1,1,13413.38,0,0,0.0,0.0,0.0,0,0,0.0,0
5467,2,1,1,1,21535.64,0,0,0.0,0.0,0.0,0,0,0.0,0
5468,3,2,1,2,36096.93,0,0,0.0,5.0,0.0,0,0,2.5,1
5469,5,4,1,4,57579.39,0,0,0.0,0.0,0.0,0,0,0.0,1
5470,2,1,1,1,24102.32,0,0,0.0,3.0,0.0,0,0,1.5,0
5471,2,1,1,1,9087.52,0,0,0.0,0.0,0.0,0,0,0.0,0
5472,2,1,1,1,18797.44,0,0,0.0,2.0,0.0,0,0,1.0,0
5473,2,1,1,1,10342.51,0,0,0.0,0.0,0.0,0,0,0.0,0
5474,3,2,1,2,20139.96,0,0,0.0,15.0,1.0,0,0,12.5,1
5475,3,2,1,2,-3976.83,0,0,0.0,0.0,0.0,0,0,0.0,1
5476,2,1,1,1,2770.75,0,0,0.0,0.0,0.0,0,0,0.0,0
5477,3,2,1,2,27113.65,1,1,0.5,50.0,0.0,0,0,65.0,1
5478,2,1,1,1,17997.48,0,0,0.0,0.0,0.0,0,0,0.0,0
5479,2,1,1,1,23618.28,0,0,0.0,0.0,0.0,0,0,0.0,0
5480,2,1,1,1,10407.61,0,0,0.0,0.0,0.0,0,0,0.0,0
5481,2,1,1,1,3809.97,1,0,1.0,15.0,0.0,0,0,17.5,0
5482,3,2,1,2,0.0,1,1,0.5,50.0,0.0,0,0,65.0,1
5483,2,1,1,1,10622.84,0,0,0.0,0.0,0.0,0,0,0.0,0
5484,2,1,1,1,4756.47,1,0,1.0,20.0,0.0,0,0,20.0,0
5485,3,2,1,2,13505.52,0,0,0.0,0.0,0.0,0,0,0.0,1
5486,2,1,1,1,19322.51,0,0,0.0,0.0,0.0,0,0,0.0,0
5487,3,1,2,2,21468.93,0,0,0.0,0.0,0.0,0,0,0.0,0
5488,3,2,1,2,21587.68,0,0,0.0,0.0,0.0,0,0,0.0,1
5489,2,1,1,1,15231.92,1,0,1.0,15.0,0.0,0,0,17.5,0
5490,3,2,1,2,-14003.86,0,0,0.0,15.0,1.0,0,0,12.5,1
5491,2,1,1,1,16727.1,0,0,0.0,0.0,0.0,0,0,0.0,0
5492,4,2,2,3,9339.15,0,0,0.0,5.0,0.0,0,0,2.5,1
5493,3,2,1,2,26505.44,0,0,0.0,0.0,0.0,0,0,0.0,1
5494,2,1,1,1,13096.57,0,0,0.0,0.0,0.0,0,0,0.0,0
5495,2,1,1,1,9954.95,0,0,0.0,5.0,0.0,0,0,2.5,0
5496,2,1,1,1,8630.6,0,0,0.0,0.0,0.0,0,0,0.0,0
5497,3,2,1,2,21154.9,0,0,0.0,0.0,0.0,0,0,0.0,1
5498,2,1,1,1,762.3,0,0,0.0,15.0,1.0,0,0,12.5,0
5499,2,1,1,1,15243.01,0,0,0.0,0.0,0.0,0,0,0.0,0
5500,2,1,1,1,18474.28,0,0,0.0,5.0,0.0,0,0,2.5,0
5501,2,1,1,1,0.0,0,0,0.0,0.0,0.0,0,0,0.0,0
5502,2,1,1,1,18756.26,0,0,0.0,0.0,0.0,0,0,0.0,0
5503,3,2,1,2,29362.010000000002,0,0,0.0,15.0,1.0,0,0,12.5,1
5504,3,2,1,2,9254.72,0,0,0.0,0.0,0.0,0,0,0.0,1
5505,3,2,1,2,21040.04,0,0,0.0,0.0,0.0,0,0,0.0,1
5506,2,1,1,1,0.0,1,0,1.0,15.0,0.0,0,0,17.5,0
5507,2,1,1,1,13768.13,0,0,0.0,0.0,0.0,0,0,0.0,0
5508,4,2,2,3,18780.18,0,0,0.0,0.0,0.0,0,0,0.0,1
5509,3,2,1,2,37471.35,1,0,0.5,35.0,1.0,0,0,32.5,1
5510,3,2,1,2,21085.59,0,0,0.0,0.0,0.0,0,0,0.0,1
5511,2,1,1,1,14915.9,0,0,0.0,0.0,0.0,0,0,0.0,0
5512,2,1,1,1,23776.31,0,0,0.0,3.0,0.0,0,0,1.5,0
5513,2,1,1,1,19507.29,0,0,0.0,0.0,0.0,0,0,0.0,0
5514,3,2,1,2,24964.16,0,0,0.0,0.0,0.0,0,0,0.0,1
5515,2,1,1,1,17678.71,0,0,0.0,0.0,0.0,0,0,0.0,0
5516,3,2,1,2,33141.11,1,0,0.5,15.0,0.0,0,0,17.5,1
5517,2,1,1,1,13610.8,0,0,0.0,0.0,0.0,0,0,0.0,0
5518,2,1,1,1,7194.9,0,0,0.0,0.0,0.0,0,0,0.0,0
5519,3,2,1,2,23441.03,0,0,0.0,0.0,0.0,0,0,0.0,1
5520,2,1,1,1,5851.18,0,0,0.0,5.0,0.0,0,0,2.5,0
5521,2,1,1,1,3673.9,0,0,0.0,2.0,0.0,0,0,1.0,0
5522,3,2,1,2,16728.66,0,0,0.0,0.0,0.0,0,0,0.0,1
5523,2,1,1,1,3530.31,0,0,0.0,0.0,0.0,0,0,0.0,0
5524,2,1,1,1,14932.91,0,0,0.0,0.0,0.0,0,0,0.0,0
5525,3,2,1,2,17221.73,0,0,0.0,0.0,0.0,0,0,0.0,1
5526,2,1,1,1,0.0,0,0,0.0,0.0,0.0,0,0,0.0,0
5527,2,1,1,1,2857.91,0,0,0.0,0.0,0.0,0,0,0.0,0
5528,2,1,1,1,16595.74,1,0,1.0,25.0,0.0,1,0,27.5,0
5529,2,1,1,1,20529.88,0,0,0.0,0.0,0.0,0,0,0.0,0
5530,2,1,1,1,23204.02,1,0,1.0,15.0,0.0,0,0,17.5,0
5531,2,1,1,1,22561.3,0,0,0.0,0.0,0.0,0,0,0.0,0
5532,2,1,1,1,23352.58,0,0,0.0,2.0,0.0,0,0,1.0,0
5533,2,1,1,1,13173.95,0,0,0.0,20.0,1.0,0,0,15.0,0
5534,3,2,1,2,28528.33,0,0,0.0,0.0,0.0,0,0,0.0,1
5535,2,1,1,1,0.0,0,0,0.0,0.0,0.0,0,0,0.0,0
5536,3,2,1,2,24836.35,0,0,0.0,0.0,0.0,0,0,0.0,1
5537,3,2,1,2,31054.03,0,0,0.0,5.0,0.0,0,0,2.5,1
5538,3,2,1,2,20526.0,0,0,0.0,0.0,0.0,0,0,0.0,1
5539,4,3,1,3,24466.01,0,0,0.0,0.0,0.0,0,0,0.0,1
5540,2,1,1,1,18530.26,0,0,0.0,0.0,0.0,0,0,0.0,0
5541,2,1,1,1,0.0,0,0,0.0,0.0,0.0,0,0,0.0,0
5542,4,3,1,3,13107.5,0,0,0.0,0.0,0.0,0,0,0.0,1
5543,2,1,1,1,18349.69,0,0,0.0,0.0,0.0,0,0,0.0,0
5544,3,2,1,2,31894.6,0,0,0.0,0.0,0.0,0,0,0.0,1
5545,4,3,1,3,54123.22,0,0,0.0,0.0,0.0,0,0,0.0,1
5546,2,1,1,1,14049.33,0,0,0.0,0.0,0.0,0,0,0.0,0
5547,2,1,1,1,4231.91,0,0,0.0,0.0,0.0,0,0,0.0,0
5548,3,2,1,2,9130.49,0,0,0.0,15.0,1.0,0,0,12.5,1
5549,2,1,1,1,6577.73,0,0,0.0,0.0,0.0,0,0,0.0,0
5550,2,1,1,1,11843.76,0,0,0.0,0.0,0.0,0,0,0.0,0
5551,4,3,1,3,9190.169999999998,1,1,0.3333333333333333,60.0,2.0,0,0,80.0,1
5552,2,1,1,1,1507.98,0,0,0.0,0.0,0.0,0,0,0.0,0
5553,2,1,1,1,18486.01,0,0,0.0,15.0,1.0,0,0,12.5,0
5554,2,1,1,1,5022.11,0,0,0.0,0.0,0.0,0,0,0.0,0
5555,2,1,1,1,24580.57,0,0,0.0,3.0,0.0,0,0,1.5,0
5556,4,2,2,3,17110.35,0,0,0.0,0.0,0.0,0,0,0.0,1
5557,2,1,1,1,0.0,0,0,0.0,0.0,0.0,0,0,0.0,0
5558,2,1,1,1,4828.12,0,0,0.0,0.0,0.0,0,0,0.0,0
5559,2,1,1,1,9097.1,0,0,0.0,0.0,0.0,0,0,0.0,0
5560,2,1,1,1,24804.03,0,0,0.0,3.0,0.0,0,0,1.5,0
5561,2,1,1,1,5411.23,0,0,0.0,0.0,0.0,0,0,0.0,0
5562,2,1,1,1,24588.2,0,0,0.0,3.0,0.0,0,0,1.5,0
5563,2,1,1,1,16094.6,0,0,0.0,0.0,0.0,0,0,0.0,0
5564,2,1,1,1,6512.68,0,0,0.0,0.0,0.0,0,0,0.0,0
5565,4,3,1,3,14201.71,0,0,0.0,0.0,0.0,0,0,0.0,1
5566,3,2,1,2,22952.46,0,0,0.0,0.0,0.0,0,0,0.0,1
5567,2,1,1,1,3297.95,0,0,0.0,0.0,0.0,0,0,0.0,0
5568,2,1,1,1,3171.88,0,0,0.0,0.0,0.0,0,0,0.0,0
5569,2,1,1,1,14828.69,0,0,0.0,0.0,0.0,0,0,0.0,0
5570,2,1,1,1,17530.43,0,0,0.0,0.0,0.0,0,0,0.0,0
5571,4,3,1,3,46214.17,2,2,0.6666666666666666,45.0,0.0,0,0,102.5,1
5572,2,1,1,1,1874.73,0,0,0.0,0.0,0.0,0,0,0.0,0
5573,2,1,1,1,4684.22,0,0,0.0,0.0,0.0,0,0,0.0,0
5574,2,1,1,1,-7565.31,0,0,0.0,0.0,0.0,0,0,0.0,0
5575,2,1,1,1,2571.87,0,0,0.0,0.0,0.0,0,0,0.0,0
5576,2,1,1,1,19749.89,0,0,0.0,20.0,1.0,0,0,15.0,0
5577,2,1,1,1,9812.18,1,1,1.0,45.0,0.0,0,0,62.5,0
5578,3,2,1,2,23434.6,0,0,0.0,0.0,0.0,0,0,0.0,1
5579,2,1,1,1,2752.0,0,0,0.0,0.0,0.0,0,0,0.0,0
5580,2,1,1,1,265.0,0,0,0.0,0.0,0.0,0,0,0.0,0
5581,3,2,1,2,46885.55,0,0,0.0,0.0,0.0,0,0,0.0,1
5582,2,1,1,1,13484.45,0,0,0.0,0.0,0.0,0,0,0.0,0
5583,2,1,1,1,152.97,0,0,0.0,0.0,0.0,0,0,0.0,0
5584,2,1,1,1,7149.83,0,0,0.0,2.0,0.0,0,0,1.0,0
5585,2,1,1,1,4184.37,0,0,0.0,0.0,0.0,0,0,0.0,0
5586,4,2,2,3,21173.54,1,0,0.3333333333333333,15.0,0.0,0,0,17.5,1
5587,2,1,1,1,22708.13,0,0,0.0,0.0,0.0,0,0,0.0,0
5588,2,1,1,1,12458.27,0,0,0.0,0.0,0.0,0,0,0.0,0
5589,3,2,1,2,11071.94,1,1,0.5,55.0,0.0,1,0,72.5,1
5590,3,2,1,2,34952.17,1,1,0.5,45.0,0.0,0,0,62.5,1
5591,2,1,1,1,24992.94,0,0,0.0,3.0,0.0,0,0,1.5,0
5592,3,2,1,2,9475.0,0,0,0.0,0.0,0.0,0,0,0.0,1
5593,2,1,1,1,15731.65,0,0,0.0,0.0,0.0,0,0,0.0,0
5594,2,1,1,1,14125.38,0,0,0.0,0.0,0.0,0,0,0.0,0
5595,2,1,1,1,15654.85,0,0,0.0,0.0,0.0,0,0,0.0,0
5596,3,2,1,2,28527.88,1,0,0.5,20.0,0.0,0,0,20.0,1
5597,2,1,1,1,2106.0,1,1,1.0,45.0,0.0,0,0,62.5,0
5598,2,1,1,1,16853.76,0,0,0.0,0.0,0.0,0,0,0.0,0
5599,2,1,1,1,1698.2,1,1,1.0,50.0,0.0,0,0,65.0,0
5600,2,1,1,1,0.0,0,0,0.0,0.0,0.0,0,0,0.0,0
5601,2,1,1,1,4785.73,0,0,0.0,0.0,0.0,0,0,0.0,0
5602,2,1,1,1,11637.29,0,0,0.0,0.0,0.0,0,0,0.0,0
5603,2,1,1,1,17624.73,0,0,0.0,0.0,0.0,0,0,0.0,0
5604,2,1,1,1,15719.49,1,0,1.0,15.0,0.0,0,0,17.5,0
5605,3,2,1,2,-2012.3099999999995,0,0,0.0,0.0,0.0,0,0,0.0,1
5606,3,2,1,2,13580.24,0,0,0.0,0.0,0.0,0,0,0.0,1
5607,2,1,1,1,23953.37,0,0,0.0,3.0,0.0,0,0,1.5,0
5608,2,1,1,1,16827.03,0,0,0.0,0.0,0.0,0,0,0.0,0
5609,2,1,1,1,15959.42,0,0,0.0,0.0,0.0,0,0,0.0,0
5610,2,1,1,1,18847.8,0,0,0.0,15.0,1.0,0,0,12.5,0
5611,3,2,1,2,22128.85,1,0,0.5,15.0,0.0,0,0,17.5,1
5612,2,1,1,1,11600.9,0,0,0.0,0.0,0.0,0,0,0.0,0
5613,2,1,1,1,10734.45,0,0,0.0,0.0,0.0,0,0,0.0,0
5614,2,1,1,1,22243.29,0,0,0.0,2.0,0.0,0,0,1.0,0
5615,2,1,1,1,565.29,0,0,0.0,0.0,0.0,0,0,0.0,0
5616,2,1,1,1,0.0,1,0,1.0,15.0,0.0,0,0,17.5,0
5617,3,2,1,2,39623.86,1,1,0.5,45.0,0.0,0,0,62.5,1
5618,2,1,1,1,14547.22,0,0,0.0,0.0,0.0,0,0,0.0,0
5619,3,2,1,2,26108.66,1,1,0.5,45.0,0.0,0,0,62.5,1
5620,2,1,1,1,0.0,0,0,0.0,0.0,0.0,0,0,0.0,0
5621,3,2,1,2,28975.48,0,0,0.0,0.0,0.0,0,0,0.0,1
5622,2,1,1,1,12047.24,0,0,0.0,0.0,0.0,0,0,0.0,0
5623,2,1,1,1,7888.86,0,0,0.0,5.0,0.0,0,0,2.5,0
5624,2,1,1,1,1631.19,0,0,0.0,0.0,0.0,0,0,0.0,0
5625,2,1,1,1,9649.45,0,0,0.0,0.0,0.0,0,0,0.0,0
5626,3,2,1,2,22381.22,0,0,0.0,0.0,0.0,0,0,0.0,1
5627,2,1,1,1,2730.95,0,0,0.0,0.0,0.0,0,0,0.0,0
5628,2,1,1,1,21804.38,0,0,0.0,0.0,0.0,0,0,0.0,0
5629,2,1,1,1,0.0,0,0,0.0,0.0,0.0,0,0,0.0,0
5630,3,2,1,2,31081.989999999998,0,0,0.0,5.0,0.0,0,0,2.5,1
5631,2,1,1,1,22911.16,0,0,0.0,0.0,0.0,0,0,0.0,0
5632,2,1,1,1,11211.49,1,0,1.0,30.0,1.0,0,0,30.0,0
5633,4,3,1,3,42302.490000000005,0,0,0.0,8.0,0.0,0,0,4.0,1
5634,2,1,1,1,0.0,0,0,0.0,5.0,0.0,0,0,2.5,0
5635,2,1,1,1,18099.54,0,0,0.0,0.0,0.0,0,0,0.0,0
5636,2,1,1,1,2111.91,0,0,0.0,15.0,1.0,0,0,12.5,0
5637,3,2,1,2,14868.92,0,0,0.0,0.0,0.0,0,0,0.0,1
5638,2,1,1,1,19987.4,0,0,0.0,0.0,0.0,0,0,0.0,0
5639,2,1,1,1,23524.74,0,0,0.0,0.0,0.0,0,0,0.0,0
5640,2,1,1,1,0.0,0,0,0.0,0.0,0.0,0,0,0.0,0
5641,2,1,1,1,3043.08,0,0,0.0,0.0,0.0,0,0,0.0,0
5642,2,1,1,1,21206.6,0,0,0.0,0.0,0.0,0,0,0.0,0
5643,2,1,1,1,3756.23,0,0,0.0,0.0,0.0,0,0,0.0,0
5644,3,2,1,2,29629.51,0,0,0.0,0.0,0.0,0,0,0.0,1
5645,2,1,1,1,22253.98,0,0,0.0,0.0,0.0,0,0,0.0,0
5646,2,1,1,1,6075.45,1,0,1.0,15.0,0.0,0,0,17.5,0
5647,2,1,1,1,7124.6,0,0,0.0,0.0,0.0,0,0,0.0,0
5648,2,1,1,1,24887.96,0,0,0.0,3.0,0.0,0,0,1.5,0
5649,2,1,1,1,22734.91,1,1,1.0,45.0,0.0,0,0,62.5,0
5650,3,2,1,2,41143.259999999995,0,0,0.0,3.0,0.0,0,0,1.5,1
5651,2,1,1,1,22540.62,0,0,0.0,0.0,0.0,0,0,0.0,0
5652,2,1,1,1,927.67,0,0,0.0,0.0,0.0,0,0,0.0,0
5653,2,1,1,1,-18940.17,1,0,1.0,25.0,0.0,1,0,27.5,0
5654,2,1,1,1,12732.74,0,0,0.0,15.0,1.0,0,0,12.5,0
5655,2,1,1,1,23173.42,0,0,0.0,0.0,0.0,0,0,0.0,0
5656,2,1,1,1,23404.71,0,0,0.0,0.0,0.0,0,0,0.0,0
5657,2,1,1,1,8421.74,0,0,0.0,0.0,0.0,0,0,0.0,0
5658,2,1,1,1,8241.16,0,0,0.0,0.0,0.0,0,0,0.0,0
5659,2,1,1,1,24039.86,0,0,0.0,3.0,0.0,0,0,1.5,0
5660,3,2,1,2,26143.7,0,0,0.0,0.0,0.0,0,0,0.0,1
5661,2,1,1,1,0.0,0,0,0.0,0.0,0.0,0,0,0.0,0
5662,2,1,1,1,3111.18,0,0,0.0,15.0,1.0,0,0,12.5,0
5663,2,1,1,1,7289.66,0,0,0.0,0.0,0.0,0,0,0.0,0
5664,3,2,1,2,22955.61,0,0,0.0,0.0,0.0,0,0,0.0,1
5665,2,1,1,1,5014.65,0,0,0.0,0.0,0.0,0,0,0.0,0
5666,2,1,1,1,38.64,0,0,0.0,0.0,0.0,0,0,0.0,0
5667,2,1,1,1,24513.7,0,0,0.0,3.0,0.0,0,0,1.5,0
5668,2,1,1,1,12764.28,0,0,0.0,5.0,0.0,0,0,2.5,0
5669,2,1,1,1,0.0,0,0,0.0,0.0,0.0,0,0,0.0,0
5670,2,1,1,1,1466.85,0,0,0.0,0.0,0.0,0,0,0.0,0
5671,2,1,1,1,12137.41,1,0,1.0,15.0,0.0,0,0,17.5,0
5672,2,1,1,1,0.0,0,0,0.0,0.0,0.0,0,0,0.0,0
5673,2,1,1,1,0.0,1,1,1.0,45.0,0.0,0,0,62.5,0
5674,2,1,1,1,21183.95,0,0,0.0,0.0,0.0,0,0,0.0,0
5675,2,1,1,1,21868.79,0,0,0.0,0.0,0.0,0,0,0.0,0
5676,2,1,1,1,5298.78,1,1,1.0,45.0,0.0,0,0,62.5,0
5677,2,1,1,1,15356.13,0,0,0.0,0.0,0.0,0,0,0.0,0
5678,2,1,1,1,5124.96,0,0,0.0,0.0,0.0,0,0,0.0,0
5679,2,1,1,1,1291.83,0,0,0.0,0.0,0.0,0,0,0.0,0
5680,2,1,1,1,8937.48,0,0,0.0,0.0,0.0,0,0,0.0,0
5681,2,1,1,1,21781.4,0,0,0.0,2.0,0.0,0,0,1.0,0
5682,3,2,1,2,41086.59,0,0,0.0,5.0,0.0,0,0,2.5,1
5683,2,1,1,1,19298.18,0,0,0.0,0.0,0.0,0,0,0.0,0
5684,2,1,1,1,16032.28,0,0,0.0,0.0,0.0,0,0,0.0,0
5685,2,1,1,1,14514.65,0,0,0.0,0.0,0.0,0,0,0.0,0
5686,2,1,1,1,20724.14,0,0,0.0,0.0,0.0,0,0,0.0,0
5687,2,1,1,1,15031.86,0,0,0.0,0.0,0.0,0,0,0.0,0
5688,3,2,1,2,19349.64,0,0,0.0,0.0,0.0,0,0,0.0,1
5689,2,1,1,1,19872.29,0,0,0.0,0.0,0.0,0,0,0.0,0
5690,2,1,1,1,2488.46,0,0,0.0,0.0,0.0,0,0,0.0,0
5691,3,2,1,2,11148.300000000001,0,0,0.0,5.0,0.0,0,0,2.5,1
5692,3,2,1,2,28526.51,1,0,0.5,15.0,0.0,0,0,17.5,1
5693,2,1,1,1,20546.82,0,0,0.0,0.0,0.0,0,0,0.0,0
5694,2,1,1,1,3186.71,0,0,0.0,0.0,0.0,0,0,0.0,0
5695,2,1,1,1,7491.9,0,0,0.0,0.0,0.0,0,0,0.0,0
5696,2,1,1,1,22538.13,1,1,1.0,45.0,0.0,0,0,62.5,0
5697,2,1,1,1,0.0,0,0,0.0,0.0,0.0,0,0,0.0,0
5698,3,2,1,2,27769.18,0,0,0.0,0.0,0.0,0,0,0.0,1
5699,2,1,1,1,18274.38,0,0,0.0,2.0,0.0,0,0,1.0,0
5700,2,1,1,1,23452.22,0,0,0.0,0.0,0.0,0,0,0.0,0
5701,4,3,1,3,11405.96,0,0,0.0,0.0,0.0,0,0,0.0,1
5702,2,1,1,1,15649.91,0,0,0.0,0.0,0.0,0,0,0.0,0
5703,3,2,1,2,21737.78,2,1,1.0,45.0,0.0,0,0,72.5,1
5704,2,1,1,1,7151.1,0,0,0.0,0.0,0.0,0,0,0.0,0
5705,2,1,1,1,0.0,0,0,0.0,5.0,0.0,0,0,2.5,0
5706,3,2,1,2,41073.82,0,0,0.0,5.0,0.0,0,0,2.5,1
5707,2,1,1,1,2783.84,0,0,0.0,2.0,0.0,0,0,1.0,0
5708,2,1,1,1,8883.82,1,1,1.0,45.0,0.0,0,0,62.5,0
5709,2,1,1,1,15287.43,1,0,1.0,15.0,0.0,0,0,17.5,0
5710,3,2,1,2,-14664.91,1,0,0.5,15.0,0.0,0,0,17.5,1
5711,3,2,1,2,15718.07,1,0,0.5,15.0,0.0,0,0,17.5,1
5712,2,1,1,1,8951.7,0,0,0.0,0.0,0.0,0,0,0.0,0
5713,3,2,1,2,14599.21,0,0,0.0,15.0,1.0,0,0,12.5,1
5714,2,1,1,1,24235.31,0,0,0.0,3.0,0.0,0,0,1.5,0
5715,2,1,1,1,18544.69,0,0,0.0,0.0,0.0,0,0,0.0,0
5716,2,1,1,1,4410.47,0,0,0.0,0.0,0.0,0,0,0.0,0
5717,2,1,1,1,6313.8,0,0,0.0,0.0,0.0,0,0,0.0,0
5718,2,1,1,1,12292.04,1,0,1.0,15.0,0.0,0,0,17.5,0
5719,2,1,1,1,7594.72,0,0,0.0,0.0,0.0,0,0,0.0,0
5720,3,2,1,2,34853.2,0,0,0.0,0.0,0.0,0,0,0.0,1
5721,2,1,1,1,19086.9,0,0,0.0,0.0,0.0,0,0,0.0,0
5722,2,1,1,1,1386.99,0,0,0.0,5.0,0.0,0,0,2.5,0
5723,2,1,1,1,8163.09,0,0,0.0,0.0,0.0,0,0,0.0,0
5724,2,1,1,1,0.0,0,0,0.0,0.0,0.0,0,0,0.0,0
5725,2,1,1,1,4696.33,0,0,0.0,0.0,0.0,0,0,0.0,0
5726,2,1,1,1,1933.73,0,0,0.0,0.0,0.0,0,0,0.0,0
5727,2,1,1,1,0.0,0,0,0.0,0.0,0.0,0,0,0.0,0
5728,2,1,1,1,1564.95,0,0,0.0,0.0,0.0,0,0,0.0,0
5729,2,1,1,1,962.91,0,0,0.0,0.0,0.0,0,0,0.0,0
5730,2,1,1,1,0.0,0,0,0.0,0.0,0.0,0,0,0.0,0
5731,2,1,1,1,9919.52,0,0,0.0,0.0,0.0,0,0,0.0,0
5732,2,1,1,1,3706.3,0,0,0.0,0.0,0.0,0,0,0.0,0
5733,2,1,1,1,22497.2,0,0,0.0,0.0,0.0,0,0,0.0,0
5734,3,2,1,2,28256.149999999998,0,0,0.0,0.0,0.0,0,0,0.0,1
5735,2,1,1,1,11588.59,0,0,0.0,0.0,0.0,0,0,0.0,0
5736,2,1,1,1,0.0,0,0,0.0,0.0,0.0,0,0,0.0,0
5737,2,1,1,1,20176.07,0,0,0.0,0.0,0.0,0,0,0.0,0
5738,3,2,1,2,42544.61,0,0,0.0,0.0,0.0,0,0,0.0,1
5739,3,2,1,2,23258.239999999998,0,0,0.0,0.0,0.0,0,0,0.0,1
5740,2,1,1,1,16.02,0,0,0.0,0.0,0.0,0,0,0.0,0
5741,2,1,1,1,8361.48,0,0,0.0,0.0,0.0,0,0,0.0,0
5742,2,1,1,1,9877.08,0,0,0.0,0.0,0.0,0,0,0.0,0
5743,2,1,1,1,15333.13,0,0,0.0,0.0,0.0,0,0,0.0,0
5744,2,1,1,1,23886.65,0,0,0.0,18.0,1.0,0,0,14.0,0
5745,2,1,1,1,0.0,0,0,0.0,5.0,0.0,0,0,2.5,0
5746,2,1,1,1,24693.18,0,0,0.0,3.0,0.0,0,0,1.5,0
5747,2,1,1,1,21478.35,0,0,0.0,0.0,0.0,0,0,0.0,0
5748,2,1,1,1,0.0,0,0,0.0,0.0,0.0,0,0,0.0,0
5749,2,1,1,1,12619.38,0,0,0.0,0.0,0.0,0,0,0.0,0
5750,2,1,1,1,7311.5,0,0,0.0,15.0,1.0,0,0,12.5,0
5751,2,1,1,1,23535.87,0,0,0.0,15.0,1.0,0,0,12.5,0
5752,2,1,1,1,0.0,1,1,1.0,45.0,0.0,0,0,62.5,0
5753,2,1,1,1,18671.12,0,0,0.0,0.0,0.0,0,0,0.0,0
5754,2,1,1,1,21351.48,0,0,0.0,0.0,0.0,0,0,0.0,0
5755,2,1,1,1,23989.24,0,0,0.0,3.0,0.0,0,0,1.5,0
5756,2,1,1,1,20959.83,0,0,0.0,0.0,0.0,0,0,0.0,0
5757,2,1,1,1,0.0,0,0,0.0,0.0,0.0,0,0,0.0,0
5758,2,1,1,1,22553.64,0,0,0.0,0.0,0.0,0,0,0.0,0
5759,2,1,1,1,9741.23,1,0,1.0,15.0,0.0,0,0,17.5,0
5760,2,1,1,1,7420.42,0,0,0.0,0.0,0.0,0,0,0.0,0
5761,2,1,1,1,7583.61,0,0,0.0,0.0,0.0,0,0,0.0,0
5762,2,1,1,1,17763.44,0,0,0.0,0.0,0.0,0,0,0.0,0
5763,2,1,1,1,8558.62,1,0,1.0,15.0,0.0,0,0,17.5,0
5764,2,1,1,1,22225.9,0,0,0.0,0.0,0.0,0,0,0.0,0
5765,2,1,1,1,22975.29,0,0,0.0,0.0,0.0,0,0,0.0,0
5766,2,1,1,1,6638.06,0,0,0.0,0.0,0.0,0,0,0.0,0
5767,3,2,1,2,0.0,0,0,0.0,0.0,0.0,0,0,0.0,1
5768,2,1,1,1,0.0,0,0,0.0,0.0,0.0,0,0,0.0,0
5769,2,1,1,1,21220.7,0,0,0.0,0.0,0.0,0,0,0.0,0
5770,2,1,1,1,2900.72,0,0,0.0,0.0,0.0,0,0,0.0,0
5771,2,1,1,1,0.0,0,0,0.0,0.0,0.0,0,0,0.0,0
5772,2,1,1,1,10451.29,0,0,0.0,0.0,0.0,0,0,0.0,0
5773,2,1,1,1,19399.17,0,0,0.0,2.0,0.0,0,0,1.0,0
5774,2,1,1,1,2435.38,0,0,0.0,0.0,0.0,0,0,0.0,0
5775,2,1,1,1,6245.55,0,0,0.0,5.0,0.0,0,0,2.5,0
5776,2,1,1,1,19372.49,0,0,0.0,0.0,0.0,0,0,0.0,0
5777,2,1,1,1,8242.12,0,0,0.0,0.0,0.0,0,0,0.0,0
5778,2,1,1,1,899.4,0,0,0.0,0.0,0.0,0,0,0.0,0
5779,3,2,1,2,30372.559999999998,0,0,0.0,0.0,0.0,0,0,0.0,1
5780,4,3,1,3,19246.120000000003,0,0,0.0,0.0,0.0,0,0,0.0,1
5781,3,2,1,2,12603.259999999998,1,0,0.5,15.0,0.0,0,0,17.5,1
5782,3,2,1,2,9448.82,0,0,0.0,0.0,0.0,0,0,0.0,1
5783,2,1,1,1,15505.62,0,0,0.0,0.0,0.0,0,0,0.0,0
5784,3,2,1,2,46594.97,0,0,0.0,18.0,1.0,0,0,14.0,1
5785,3,2,1,2,7501.07,0,0,0.0,15.0,1.0,0,0,12.5,1
5786,2,1,1,1,0.0,0,0,0.0,0.0,0.0,0,0,0.0,0
5787,2,1,1,1,5081.12,0,0,0.0,0.0,0.0,0,0,0.0,0
5788,3,2,1,2,7865.76,0,0,0.0,20.0,1.0,0,0,15.0,1
5789,2,1,1,1,16087.81,0,0,0.0,0.0,0.0,0,0,0.0,0
5790,2,1,1,1,9482.22,0,0,0.0,0.0,0.0,0,0,0.0,0
5791,2,1,1,1,7861.04,0,0,0.0,0.0,0.0,0,0,0.0,0
5792,2,1,1,1,23065.87,0,0,0.0,0.0,0.0,0,0,0.0,0
5793,3,2,1,2,11689.29,0,0,0.0,5.0,0.0,0,0,2.5,1
5794,2,1,1,1,23477.64,0,0,0.0,20.0,1.0,0,0,15.0,0
5795,2,1,1,1,11265.25,0,0,0.0,0.0,0.0,0,0,0.0,0
5796,2,1,1,1,3414.33,0,0,0.0,0.0,0.0,0,0,0.0,0
5797,2,1,1,1,293.73,0,0,0.0,5.0,0.0,0,0,2.5,0
5798,2,1,1,1,0.0,0,0,0.0,0.0,0.0,0,0,0.0,0
5799,2,1,1,1,20447.68,0,0,0.0,0.0,0.0,0,0,0.0,0
5800,2,1,1,1,7287.82,0,0,0.0,0.0,0.0,0,0,0.0,0
5801,2,1,1,1,12572.98,0,0,0.0,0.0,0.0,0,0,0.0,0
5802,2,1,1,1,7576.16,0,0,0.0,0.0,0.0,0,0,0.0,0
5803,2,1,1,1,10625.61,1,0,1.0,15.0,0.0,0,0,17.5,0
5804,4,3,1,3,38257.770000000004,1,0,0.3333333333333333,15.0,0.0,0,0,17.5,1
5805,3,1,2,2,24804.5,0,0,0.0,0.0,0.0,0,0,0.0,0
5806,2,1,1,1,0.0,0,0,0.0,0.0,0.0,0,0,0.0,0
5807,2,1,1,1,14148.13,0,0,0.0,0.0,0.0,0,0,0.0,0
5808,2,1,1,1,21840.15,0,0,0.0,15.0,1.0,0,0,12.5,0
5809,2,1,1,1,12823.28,0,0,0.0,0.0,0.0,0,0,0.0,0
5810,2,1,1,1,16045.48,0,0,0.0,0.0,0.0,0,0,0.0,0
5811,2,1,1,1,0.0,0,0,0.0,0.0,0.0,0,0,0.0,0
5812,2,1,1,1,21514.18,0,0,0.0,0.0,0.0,0,0,0.0,0
5813,2,1,1,1,11611.32,0,0,0.0,0.0,0.0,0,0,0.0,0
5814,2,1,1,1,17769.57,0,0,0.0,0.0,0.0,0,0,0.0,0
5815,2,1,1,1,8984.16,0,0,0.0,15.0,1.0,0,0,12.5,0
5816,2,1,1,1,9364.66,0,0,0.0,0.0,0.0,0,0,0.0,0
5817,2,1,1,1,16165.0,0,0,0.0,0.0,0.0,0,0,0.0,0
5818,2,1,1,1,23773.71,0,0,0.0,3.0,0.0,0,0,1.5,0
5819,2,1,1,1,8749.08,1,0,1.0,15.0,0.0,0,0,17.5,0
5820,2,1,1,1,6770.67,0,0,0.0,0.0,0.0,0,0,0.0,0
5821,2,1,1,1,-11589.95,0,0,0.0,0.0,0.0,0,0,0.0,0
5822,2,1,1,1,10747.12,0,0,0.0,0.0,0.0,0,0,0.0,0
5823,2,1,1,1,20766.28,0,0,0.0,0.0,0.0,0,0,0.0,0
5824,2,1,1,1,0.0,0,0,0.0,0.0,0.0,0,0,0.0,0
5825,2,1,1,1,17203.88,0,0,0.0,0.0,0.0,0,0,0.0,0
5826,2,1,1,1,0.0,0,0,0.0,0.0,0.0,0,0,0.0,0
5827,2,1,1,1,17703.51,0,0,0.0,0.0,0.0,0,0,0.0,0
5828,2,1,1,1,7850.24,0,0,0.0,0.0,0.0,0,0,0.0,0
5829,2,1,1,1,6232.73,0,0,0.0,2.0,0.0,0,0,1.0,0
5830,2,1,1,1,9893.27,0,0,0.0,0.0,0.0,0,0,0.0,0
5831,3,1,2,2,15602.4,0,0,0.0,0.0,0.0,0,0,0.0,0
5832,2,1,1,1,18325.99,0,0,0.0,0.0,0.0,0,0,0.0,0
5833,2,1,1,1,20216.57,0,0,0.0,0.0,0.0,0,0,0.0,0
5834,2,1,1,1,14091.13,0,0,0.0,0.0,0.0,0,0,0.0,0
5835,2,1,1,1,24348.78,0,0,0.0,3.0,0.0,0,0,1.5,0
5836,2,1,1,1,7756.95,0,0,0.0,0.0,0.0,0,0,0.0,0
5837,2,1,1,1,18708.49,0,0,0.0,0.0,0.0,0,0,0.0,0
5838,2,1,1,1,11700.07,0,0,0.0,0.0,0.0,0,0,0.0,0
5839,3,2,1,2,21169.14,0,0,0.0,0.0,0.0,0,0,0.0,1
5840,2,1,1,1,729.75,0,0,0.0,15.0,1.0,0,0,12.5,0
5841,2,1,1,1,6326.62,0,0,0.0,15.0,1.0,0,0,12.5,0
5842,2,1,1,1,0.0,0,0,0.0,0.0,0.0,0,0,0.0,0
5843,2,1,1,1,11723.65,0,0,0.0,0.0,0.0,0,0,0.0,0
5844,2,1,1,1,15147.93,0,0,0.0,0.0,0.0,0,0,0.0,0
5845,2,1,1,1,16556.56,0,0,0.0,0.0,0.0,0,0,0.0,0
5846,2,1,1,1,0.0,0,0,0.0,0.0,0.0,0,0,0.0,0
5847,2,1,1,1,4006.23,0,0,0.0,0.0,0.0,0,0,0.0,0
5848,2,1,1,1,-24534.77,0,0,0.0,0.0,0.0,0,0,0.0,0
5849,2,1,1,1,10074.81,0,0,0.0,0.0,0.0,0,0,0.0,0
5850,2,1,1,1,15305.86,0,0,0.0,0.0,0.0,0,0,0.0,0
5851,2,1,1,1,13221.13,1,0,1.0,15.0,0.0,0,0,17.5,0
5852,2,1,1,1,16112.7,1,1,1.0,45.0,0.0,0,0,62.5,0
5853,3,2,1,2,16610.37,0,0,0.0,0.0,0.0,0,0,0.0,1
5854,2,1,1,1,18543.53,0,0,0.0,0.0,0.0,0,0,0.0,0
5855,2,1,1,1,0.0,0,0,0.0,0.0,0.0,0,0,0.0,0
5856,2,1,1,1,21278.79,1,0,1.0,15.0,0.0,0,0,17.5,0
5857,2,1,1,1,0.0,1,0,1.0,15.0,0.0,0,0,17.5,0
5858,2,1,1,1,21581.05,0,0,0.0,0.0,0.0,0,0,0.0,0
5859,2,1,1,1,15532.12,0,0,0.0,0.0,0.0,0,0,0.0,0
5860,2,1,1,1,16550.64,0,0,0.0,0.0,0.0,0,0,0.0,0
5861,2,1,1,1,9176.29,1,0,1.0,15.0,0.0,0,0,17.5,0
5862,2,1,1,1,6569.49,0,0,0.0,0.0,0.0,0,0,0.0,0
5863,2,1,1,1,6985.47,1,0,1.0,20.0,0.0,0,0,20.0,0
5864,2,1,1,1,22600.5,0,0,0.0,0.0,0.0,0,0,0.0,0
5865,2,1,1,1,16881.5,0,0,0.0,5.0,0.0,0,0,2.5,0
5866,2,1,1,1,4098.77,0,0,0.0,0.0,0.0,0,0,0.0,0
5867,2,1,1,1,17851.81,0,0,0.0,0.0,0.0,0,0,0.0,0
5868,2,1,1,1,22261.65,0,0,0.0,0.0,0.0,0,0,0.0,0
5869,2,1,1,1,17932.5,0,0,0.0,0.0,0.0,0,0,0.0,0
5870,2,1,1,1,23696.94,0,0,0.0,0.0,0.0,0,0,0.0,0
5871,2,1,1,1,0.0,0,0,0.0,0.0,0.0,0,0,0.0,0
5872,2,1,1,1,8873.11,0,0,0.0,15.0,1.0,0,0,12.5,0
5873,2,1,1,1,24781.49,0,0,0.0,3.0,0.0,0,0,1.5,0
5874,2,1,1,1,16992.0,0,0,0.0,0.0,0.0,0,0,0.0,0
5875,2,1,1,1,21519.61,0,0,0.0,0.0,0.0,0,0,0.0,0
5876,2,1,1,1,24722.0,0,0,0.0,3.0,0.0,0,0,1.5,0
5877,2,1,1,1,10122.34,0,0,0.0,2.0,0.0,0,0,1.0,0
5878,2,1,1,1,16206.47,0,0,0.0,0.0,0.0,0,0,0.0,0
5879,3,2,1,2,35685.57,0,0,0.0,10.0,0.0,0,0,5.0,1
5880,2,1,1,1,9645.22,0,0,0.0,0.0,0.0,0,0,0.0,0
5881,2,1,1,1,10217.25,0,0,0.0,0.0,0.0,0,0,0.0,0
5882,2,1,1,1,13393.21,0,0,0.0,0.0,0.0,0,0,0.0,0
5883,2,1,1,1,15194.51,0,0,0.0,0.0,0.0,0,0,0.0,0
5884,2,1,1,1,1343.85,0,0,0.0,0.0,0.0,0,0,0.0,0
5885,2,1,1,1,24934.55,1,0,1.0,18.0,0.0,0,0,19.0,0
5886,2,1,1,1,7256.06,0,0,0.0,0.0,0.0,0,0,0.0,0
5887,2,1,1,1,11767.92,0,0,0.0,0.0,0.0,0,0,0.0,0
5888,2,1,1,1,18164.28,0,0,0.0,0.0,0.0,0,0,0.0,0
5889,2,1,1,1,19991.01,0,0,0.0,0.0,0.0,0,0,0.0,0
5890,3,2,1,2,39338.92,1,1,0.5,45.0,0.0,0,0,62.5,1
5891,2,1,1,1,24705.21,0,0,0.0,3.0,0.0,0,0,1.5,0
5892,2,1,1,1,6033.33,0,0,0.0,0.0,0.0,0,0,0.0,0
5893,2,1,1,1,9600.51,1,0,1.0,15.0,0.0,0,0,17.5,0
5894,2,1,1,1,11264.26,0,0,0.0,0.0,0.0,0,0,0.0,0
5895,2,1,1,1,0.0,0,0,0.0,0.0,0.0,0,0,0.0,0
5896,2,1,1,1,20380.46,0,0,0.0,0.0,0.0,0,0,0.0,0
5897,2,1,1,1,5270.57,0,0,0.0,0.0,0.0,0,0,0.0,0
5898,2,1,1,1,4205.64,0,0,0.0,0.0,0.0,0,0,0.0,0
5899,2,1,1,1,15749.22,1,1,1.0,45.0,0.0,0,0,62.5,0
5900,2,1,1,1,6640.45,0,0,0.0,0.0,0.0,0,0,0.0,0
5901,2,1,1,1,19576.79,0,0,0.0,0.0,0.0,0,0,0.0,0
5902,2,1,1,1,0.0,0,0,0.0,0.0,0.0,0,0,0.0,0
5903,2,1,1,1,2875.88,0,0,0.0,0.0,0.0,0,0,0.0,0
5904,2,1,1,1,0.0,1,1,1.0,45.0,0.0,0,0,62.5,0
5905,2,1,1,1,258.0,0,0,0.0,0.0,0.0,0,0,0.0,0
5906,2,1,1,1,12980.62,0,0,0.0,0.0,0.0,0,0,0.0,0
5907,2,1,1,1,20434.46,0,0,0.0,5.0,0.0,0,0,2.5,0
5908,2,1,1,1,22599.79,0,0,0.0,0.0,0.0,0,0,0.0,0
5909,2,1,1,1,0.0,0,0,0.0,2.0,0.0,0,0,1.0,0
5910,2,1,1,1,20430.03,0,0,0.0,0.0,0.0,0,0,0.0,0
5911,2,1,1,1,16073.45,0,0,0.0,2.0,0.0,0,0,1.0,0
5912,2,1,1,1,1881.65,1,1,1.0,45.0,0.0,0,0,62.5,0
5913,2,1,1,1,6923.98,0,0,0.0,0.0,0.0,0,0,0.0,0
5914,2,1,1,1,22125.99,0,0,0.0,0.0,0.0,0,0,0.0,0
5915,2,1,1,1,-10302.47,0,0,0.0,0.0,0.0,0,0,0.0,0
5916,2,1,1,1,17861.02,0,0,0.0,0.0,0.0,0,0,0.0,0
5917,2,1,1,1,6363.08,0,0,0.0,0.0,0.0,0,0,0.0,0
5918,2,1,1,1,0.0,0,0,0.0,15.0,1.0,0,0,12.5,0
5919,2,1,1,1,13167.63,0,0,0.0,0.0,0.0,0,0,0.0,0
5920,2,1,1,1,15015.82,0,0,0.0,0.0,0.0,0,0,0.0,0
5921,2,1,1,1,3435.12,1,1,1.0,45.0,0.0,0,0,62.5,0
5922,2,1,1,1,2298.88,0,0,0.0,0.0,0.0,0,0,0.0,0
5923,2,1,1,1,12661.59,0,0,0.0,0.0,0.0,0,0,0.0,0
5924,2,1,1,1,0.0,0,0,0.0,0.0,0.0,0,0,0.0,0
5925,2,1,1,1,11732.99,0,0,0.0,0.0,0.0,0,0,0.0,0
5926,2,1,1,1,643.46,0,0,0.0,0.0,0.0,0,0,0.0,0
5927,2,1,1,1,8648.94,0,0,0.0,0.0,0.0,0,0,0.0,0
5928,2,1,1,1,20313.72,0,0,0.0,2.0,0.0,0,0,1.0,0
5929,2,1,1,1,1696.89,0,0,0.0,0.0,0.0,0,0,0.0,0
