txn_id,timestamp,user_id,merchant_id,merchant_name,merchant_category_final,amount_numeric,status_clean,fraud_risk_score,fraud_risk_band,investigation_priority,risk_reasons,chargeback_flag,fraud_chargeback_flag,strong_identity_anomaly_flag,repeated_chargeback_user_flag,high_chargeback_merchant_flag,high_risk_user_flag,kyc_rejected_transaction_flag,velocity_anomaly_flag,high_value_transaction_flag,merchant_status_risk_flag,kyc_status,risk_segment,merchant_status,kyc_match_flag,merchant_match_flag,recommended_action
TXN00008304,2026-03-20 05:00:36,USR95674,MCH5401,"Sama, Ar0ra and Mem0n",BOOKS,5379.22,SUCCESS,45.0,HIGH,P2 - High Priority,"Fraud/Unauthorized Chargeback, Chargeback",True,True,0.0,0,0,False,False,0,False,False,UNKNOWN,MEDIUM,ACTIVE,True,True,Review transaction and chargeback evidence
TXN00017871,2026-03-23 02:31:39,USR84134,MCH7932,SETHI LTD,TELECOM,1129.96,FAIL,55.0,HIGH,P2 - High Priority,"Fraud/Unauthorized Chargeback, Chargeback, Repeated User Chargebacks",True,True,0.0,1,0,False,False,0,False,False,,,Active,False,True,Review transaction and chargeback evidence
TXN00012810,2026-01-28 00:00:00,USR16089,MCH3478,,,14920.61,SUCCESS,65.0,CRITICAL,P1 - Immediate Review,"Fraud/Unauthorized Chargeback, Chargeback, Repeated User Chargebacks, High-Chargeback Merchant",True,True,0.0,1,1,False,False,0,False,False,APPROVED,LOW,,True,False,Immediate fraud investigation
TXN00014556,2026-01-15 17:25:05,USR81688,MCH2222,"Mani, Ravel and Agrawal",APPAREL,10183.23,SUCCESS,45.0,HIGH,P2 - High Priority,"Fraud/Unauthorized Chargeback, Chargeback",True,True,0.0,0,0,False,False,0,False,False,VERIFIED,LOW,ACTIVE,True,True,Review transaction and chargeback evidence
TXN00016736,2026-02-13 10:42:16,USR86671,MCH1318,GUPTA LLC,TELECOM,22925.42,SUCCESS,45.0,HIGH,P2 - High Priority,"Fraud/Unauthorized Chargeback, Chargeback",True,True,0.0,0,0,False,False,0,False,False,,,Active,False,True,Review transaction and chargeback evidence
TXN00013883,2026-01-31 20:52:51,USR66862,MCH5569,"Thaman, Kar and Dass",MISC_RETAIL,16368.07,SUCCESS,45.0,HIGH,P2 - High Priority,"Fraud/Unauthorized Chargeback, Chargeback",True,True,0.0,0,0,False,False,0,False,False,,,I,False,True,Review transaction and chargeback evidence
TXN00010462,2026-01-10 06:57:34,USR74619,MCH7994,,,13136.01,SUCCESS,45.0,HIGH,P2 - High Priority,"Fraud/Unauthorized Chargeback, Chargeback",True,True,0.0,0,0,False,False,0,False,False,,,,False,False,Review transaction and chargeback evidence
TXN00000132,2026-01-31 15:03:31,USR43994,MCH5882,,,5560.47,SUCCESS,45.0,HIGH,P2 - High Priority,"Fraud/Unauthorized Chargeback, Chargeback",True,True,0.0,0,0,False,False,0,False,False,VERIFIED,LOW,,True,False,Review transaction and chargeback evidence
TXN00003304,2026-01-28 22:13:38,USR58932,MCH3308,Misra Inc,RETAIL,8035.84,INITIATED,45.0,HIGH,P2 - High Priority,"Fraud/Unauthorized Chargeback, Chargeback",True,True,0.0,0,0,False,False,0,False,False,,,A,False,True,Review transaction and chargeback evidence
TXN00000045,2026-02-03 00:50:28,USR81314,MCH2213,"Dash,SoniandPalla",HOTEL_LODGING,6476.91,SUCCESS,45.0,HIGH,P2 - High Priority,"Fraud/Unauthorized Chargeback, Chargeback",True,True,0.0,0,0,False,False,0,False,False,APPROVED,LOW,ACTIVE,True,True,Review transaction and chargeback evidence
TXN00010372,2026-03-08 10:02:29,USR61908,MCH1065,,,22612.8,SUCCESS,45.0,HIGH,P2 - High Priority,"Fraud/Unauthorized Chargeback, Chargeback",True,True,0.0,0,0,False,False,0,False,False,,,,False,False,Review transaction and chargeback evidence
TXN00012193,2026-03-10 23:00:55,USR16487,MCH5328,Dhaliwal Inc,FOOD_SERVICES,23532.06,SUCCESS,45.0,HIGH,P2 - High Priority,"Fraud/Unauthorized Chargeback, Chargeback",True,True,0.0,0,0,False,False,0,False,False,,,A,False,True,Review transaction and chargeback evidence
TXN00017396,2026-02-13 07:37:22,USR96000,MCH9309,,,24545.38,SUCCESS,48.0,HIGH,P2 - High Priority,"Fraud/Unauthorized Chargeback, Chargeback, High-Value Transaction",True,True,0.0,0,0,False,False,0,True,False,,,,False,False,Review transaction and chargeback evidence
TXN00015644,2026-03-24 00:00:00,USR49902,MCH3193,,,7218.57,SUCCESS,45.0,HIGH,P2 - High Priority,"Fraud/Unauthorized Chargeback, Chargeback",True,True,0.0,0,0,False,False,0,False,False,,,,False,False,Review transaction and chargeback evidence
TXN00001120,2026-02-23 21:39:15,USR52109,MCH1347,D’ALIA GROUP,HOTEL_LODGING,3246.58,SUCCESS,45.0,HIGH,P2 - High Priority,"Fraud/Unauthorized Chargeback, Chargeback",True,True,0.0,0,0,False,False,0,False,False,,,Enabled,False,True,Review transaction and chargeback evidence
TXN00018300,2026-01-01 21:15:04,USR50732,MCH6688,,,18641.74,SUCCESS,50.0,HIGH,P2 - High Priority,"Fraud/Unauthorized Chargeback, Chargeback, Velocity Anomaly",True,True,0.0,0,0,False,False,1,False,False,APPROVED,LOW,,True,False,Review transaction and chargeback evidence
TXN00012053,2026-03-01 00:18:54,USR76930,MCH8292,,,16262.64,SUCCESS,45.0,HIGH,P2 - High Priority,"Fraud/Unauthorized Chargeback, Chargeback",True,True,0.0,0,0,False,False,0,False,False,,,,False,False,Review transaction and chargeback evidence
TXN00008604,2026-01-06 10:18:33,USR70093,MCH4078,,,3875.57,SUCCESS,45.0,HIGH,P2 - High Priority,"Fraud/Unauthorized Chargeback, Chargeback",True,True,0.0,0,0,False,False,0,False,False,,,,False,False,Review transaction and chargeback evidence
TXN00017504,2026-01-17 14:47:04,USR98841,MCH4476,Parikh Group,MEDICAL,1927.72,SUCCESS,45.0,HIGH,P2 - High Priority,"Fraud/Unauthorized Chargeback, Chargeback",True,True,0.0,0,0,False,False,0,False,False,VERIFIED,LOW,Enabled,True,True,Review transaction and chargeback evidence
TXN00003088,2026-02-15 16:32:48,USR24770,MCH7024,gandhi-kunda,BOOKS,394.72,SUCCESS,45.0,HIGH,P2 - High Priority,"Fraud/Unauthorized Chargeback, Chargeback",True,True,0.0,0,0,False,False,0,False,False,APPROVED,UNKNOWN,Active,True,True,Review transaction and chargeback evidence
TXN00001257,2026-03-16 01:18:22,USR59873,MCH5921,,,5021.11,SUCCESS,45.0,HIGH,P2 - High Priority,"Fraud/Unauthorized Chargeback, Chargeback",True,True,0.0,0,0,False,False,0,False,False,,,,False,False,Review transaction and chargeback evidence
TXN00018113,2026-03-16 10:42:10,USR45276,MCH7559,,,1172.5,SUCCESS,50.0,HIGH,P2 - High Priority,"Fraud/Unauthorized Chargeback, Chargeback, Velocity Anomaly",True,True,0.0,0,0,False,False,1,False,False,,,,False,False,Review transaction and chargeback evidence
TXN00003383,2026-03-23 04:29:40,USR91295,MCH5826,,,788.42,FAILED,45.0,HIGH,P2 - High Priority,"Fraud/Unauthorized Chargeback, Chargeback",True,True,0.0,0,0,False,False,0,False,False,,,,False,False,Review transaction and chargeback evidence
TXN00000414,2026-03-13 10:23:30,USR58404,MCH7447,,,14340.21,SUCCESS,45.0,HIGH,P2 - High Priority,"Fraud/Unauthorized Chargeback, Chargeback",True,True,0.0,0,0,False,False,0,False,False,,,,False,False,Review transaction and chargeback evidence
TXN00001983,2026-11-02 18:26:13,USR52842,MCH8387,,,11460.09,SUCCESS,45.0,HIGH,P2 - High Priority,"Fraud/Unauthorized Chargeback, Chargeback",True,True,0.0,0,0,False,False,0,False,False,,,,False,False,Review transaction and chargeback evidence
TXN00009106,2026-03-11 17:56:03,USR87136,MCH1079,Sharaf and Sons,MOBILE RECHARGE,7289.43,SUCCESS,55.0,HIGH,P2 - High Priority,"Fraud/Unauthorized Chargeback, Chargeback, High-Chargeback Merchant",True,True,0.0,0,1,False,False,0,False,False,,,A,False,True,Review transaction and chargeback evidence
TXN00005004,2026-02-25 17:18:45,USR12153,MCH2674,nair llc,TRANSPORT,8506.71,PENDING,45.0,HIGH,P2 - High Priority,"Fraud/Unauthorized Chargeback, Chargeback",True,True,0.0,0,0,False,False,0,False,False,,,I,False,True,Review transaction and chargeback evidence
TXN00013593,2026-02-27 12:41:48,USR96335,MCH2045,Nadig-Bal,APPAREL,23010.54,SUCCESS,45.0,HIGH,P2 - High Priority,"Fraud/Unauthorized Chargeback, Chargeback",True,True,0.0,0,0,False,False,0,False,False,,,A,False,True,Review transaction and chargeback evidence
TXN00005174,2026-01-11 06:12:01,USR86108,MCH8892,,,870.44,SUCCESS,45.0,HIGH,P2 - High Priority,"Fraud/Unauthorized Chargeback, Chargeback",True,True,0.0,0,0,False,False,0,False,False,,,,False,False,Review transaction and chargeback evidence
TXN00004276,2026-03-18 18:30:47,USR30865,MCH7575,,,,SUCCESS,45.0,HIGH,P2 - High Priority,"Fraud/Unauthorized Chargeback, Chargeback",True,True,0.0,0,0,False,False,0,False,False,VERIFIED,MEDIUM,,True,False,Review transaction and chargeback evidence
TXN00008467,2026-03-02 17:06:46,USR33886,MCH6907,Dhillon-Sama,FOOD_SERVICES,10925.06,SUCCESS,45.0,HIGH,P2 - High Priority,"Fraud/Unauthorized Chargeback, Chargeback",True,True,0.0,0,0,False,False,0,False,False,,,A,False,True,Review transaction and chargeback evidence
TXN00012720,2026-02-18 21:11:27,USR30959,MCH1744,"Mani, Tara and Mane",TRAVEL,1470.19,SUCCESS,55.0,HIGH,P2 - High Priority,"Fraud/Unauthorized Chargeback, Chargeback, High-Chargeback Merchant",True,True,0.0,0,1,False,False,0,False,False,,,Closed,False,True,Review transaction and chargeback evidence
TXN00007439,2026-05-03 00:49:10,USR56890,MCH2429,,,6997.24,SUCCESS,45.0,HIGH,P2 - High Priority,"Fraud/Unauthorized Chargeback, Chargeback",True,True,0.0,0,0,False,False,0,False,False,,,,False,False,Review transaction and chargeback evidence
TXN00013813,2026-01-29 05:05:29,USR26668,MCH4809,  Viswanathan PLC  ,HOTEL_LODGING,7819.51,SUCCESS,45.0,HIGH,P2 - High Priority,"Fraud/Unauthorized Chargeback, Chargeback",True,True,0.0,0,0,False,False,0,False,False,,,Enabled,False,True,Review transaction and chargeback evidence
TXN00016378,2026-02-21 12:06:34,USR52359,MCH8586,,,12047.38,SUCCESS,50.0,HIGH,P2 - High Priority,"Fraud/Unauthorized Chargeback, Chargeback, High-Risk User",True,True,0.0,0,0,True,False,0,False,False,VERIFIED,HIGH,,True,False,Review transaction and chargeback evidence
TXN00001173,2026-03-15 19:24:46,USR66485,MCH1171,Sampath-Shroff,MEDICAL_STORE,15799.02,SUCCESS,45.0,HIGH,P2 - High Priority,"Fraud/Unauthorized Chargeback, Chargeback",True,True,0.0,0,0,False,False,0,False,False,,,Live,False,True,Review transaction and chargeback evidence
TXN00011615,2026-01-17 11:36:51,USR59260,MCH7305,Iyer-Nagi,APPAREL,634.85,SUCCESS,45.0,HIGH,P2 - High Priority,"Fraud/Unauthorized Chargeback, Chargeback",True,True,0.0,0,0,False,False,0,False,False,,,A,False,True,Review transaction and chargeback evidence
TXN00006391,2026-03-19 08:56:01,USR65869,MCH3249,,,2212.67,PENDING,45.0,HIGH,P2 - High Priority,"Fraud/Unauthorized Chargeback, Chargeback",True,True,0.0,0,0,False,False,0,False,False,,,,False,False,Review transaction and chargeback evidence
TXN00013042,2026-01-26 14:27:03,USR90938,MCH8960,,,16031.58,SUCCESS,45.0,HIGH,P2 - High Priority,"Fraud/Unauthorized Chargeback, Chargeback",True,True,0.0,0,0,False,False,0,False,False,VERIFIED,MEDIUM,,True,False,Review transaction and chargeback evidence
TXN00004350,2026-10-01 11:28:41,USR69311,MCH9522,,,,SUCCESS,45.0,HIGH,P2 - High Priority,"Fraud/Unauthorized Chargeback, Chargeback",True,True,0.0,0,0,False,False,0,False,False,,,,False,False,Review transaction and chargeback evidence
TXN00007204,2026-01-29 06:04:37,USR86397,MCH8225,Bedi-Date,OTHER,2824.1,SUCCESS,45.0,HIGH,P2 - High Priority,"Fraud/Unauthorized Chargeback, Chargeback",True,True,0.0,0,0,False,False,0,False,False,VERIFIED,MEDIUM,A,True,True,Review transaction and chargeback evidence
TXN00003861,2026-03-05 13:20:49,USR99558,MCH1882,kamdar-banik,FOOD_SERVICES,20368.63,SUCCESS,57.0,HIGH,P2 - High Priority,"Fraud/Unauthorized Chargeback, Chargeback, Repeated User Chargebacks, Risky Merchant Status",True,True,0.0,1,0,False,False,0,False,True,,,Inactive,False,True,Review transaction and chargeback evidence
TXN00003119,2026-03-22 03:06:53,USR52907,MCH7013,"Menon, Bahri and Pal",HOTEL_LODGING,6216.92,SUCCESS,45.0,HIGH,P2 - High Priority,"Fraud/Unauthorized Chargeback, Chargeback",True,True,0.0,0,0,False,False,0,False,False,,,Enabled,False,True,Review transaction and chargeback evidence
TXN00015831,2026-01-04 01:38:54,USR62985,MCH6765,Handa PLC,PHARMACY,18271.75,SUCCESS,45.0,HIGH,P2 - High Priority,"Fraud/Unauthorized Chargeback, Chargeback",True,True,0.0,0,0,False,False,0,False,False,,,A,False,True,Review transaction and chargeback evidence
TXN00008909,2026-03-05 17:07:50,USR20637,MCH4243,"Ramesh, Venkatesh and Ravel",RETAIL,13847.67,SUCCESS,55.0,HIGH,P2 - High Priority,"Fraud/Unauthorized Chargeback, Chargeback, High-Chargeback Merchant",True,True,0.0,0,1,False,False,0,False,False,,,A,False,True,Review transaction and chargeback evidence
TXN00016644,2026-01-16 19:15:33,USR57092,MCH3557,,,12337.41,SUCCESS,45.0,HIGH,P2 - High Priority,"Fraud/Unauthorized Chargeback, Chargeback",True,True,0.0,0,0,False,False,0,False,False,,,,False,False,Review transaction and chargeback evidence
TXN00006922,2026-02-01 02:22:58,USR30469,MCH3587,  Sagar-Raval  ,HOTEL_LODGING,1221.12,SUCCESS,65.0,CRITICAL,P1 - Immediate Review,"Fraud/Unauthorized Chargeback, Chargeback, Repeated User Chargebacks, High-Chargeback Merchant",True,True,0.0,1,1,False,False,0,False,False,,,Enabled,False,True,Immediate fraud investigation
TXN00008788,2026-02-15 03:26:14,USR77359,MCH5753,Zachariah-Rai,FOOD_SERVICES,-18308.63,FAIL,45.0,HIGH,P2 - High Priority,"Fraud/Unauthorized Chargeback, Chargeback",True,True,0.0,0,0,False,False,0,False,False,UNKNOWN,LOW,Enabled,True,True,Review transaction and chargeback evidence
TXN00015397,2026-03-29 03:33:53,USR58187,MCH2275,,,9132.62,SUCCESS,55.0,HIGH,P2 - High Priority,"Fraud/Unauthorized Chargeback, Chargeback, Repeated User Chargebacks",True,True,0.0,1,0,False,False,0,False,False,,,,False,False,Review transaction and chargeback evidence
TXN00008538,2026-01-30 03:49:43,USR18442,MCH6676,Balakrishnan-Baral,TRANSPORT,22190.2,SUCCESS,55.0,HIGH,P2 - High Priority,"Fraud/Unauthorized Chargeback, Chargeback, Repeated User Chargebacks",True,True,0.0,1,0,False,False,0,False,False,,,A,False,True,Review transaction and chargeback evidence
TXN00019209,2026-01-29 20:52:20,USR42648,MCH4243,"Ramesh, Venkatesh and Ravel",RETAIL,10555.01,SUCCESS,55.0,HIGH,P2 - High Priority,"Fraud/Unauthorized Chargeback, Chargeback, High-Chargeback Merchant",True,True,0.0,0,1,False,False,0,False,False,,,A,False,True,Review transaction and chargeback evidence
TXN00010097,2026-01-19 00:00:00,USR59241,MCH5066,,,14732.08,SUCCESS,45.0,HIGH,P2 - High Priority,"Fraud/Unauthorized Chargeback, Chargeback",True,True,0.0,0,0,False,False,0,False,False,,,,False,False,Review transaction and chargeback evidence
TXN00018041,2026-01-29 05:37:04,USR59914,MCH5940,,,13682.41,FAIL,45.0,HIGH,P2 - High Priority,"Fraud/Unauthorized Chargeback, Chargeback",True,True,0.0,0,0,False,False,0,False,False,,,,False,False,Review transaction and chargeback evidence
TXN00012392,2026-02-13 05:57:21,USR58273,MCH7726,Modi Ltd,DEPARTMENT STORE,23518.52,SUCCESS,50.0,HIGH,P2 - High Priority,"Fraud/Unauthorized Chargeback, Chargeback, Velocity Anomaly",True,True,0.0,0,0,False,False,1,False,False,,,A,False,True,Review transaction and chargeback evidence
TXN00011390,2026-03-23 15:52:55,USR42908,MCH6484,,,10177.91,PENDING,45.0,HIGH,P2 - High Priority,"Fraud/Unauthorized Chargeback, Chargeback",True,True,0.0,0,0,False,False,0,False,False,APPROVED,MEDIUM,,True,False,Review transaction and chargeback evidence
TXN00007495,2026-03-20 02:07:29,USR81646,MCH3404,,,21529.23,SUCCESS,45.0,HIGH,P2 - High Priority,"Fraud/Unauthorized Chargeback, Chargeback",True,True,0.0,0,0,False,False,0,False,False,,,,False,False,Review transaction and chargeback evidence
TXN00007668,2026-03-27 01:29:28,USR32925,MCH4783,,,17323.1,SUCCESS,45.0,HIGH,P2 - High Priority,"Fraud/Unauthorized Chargeback, Chargeback",True,True,0.0,0,0,False,False,0,False,False,VERIFIED,MEDIUM,,True,False,Review transaction and chargeback evidence
TXN00017102,2026-03-20 05:48:52,USR24399,MCH5085,,,21241.78,SUCCESS,45.0,HIGH,P2 - High Priority,"Fraud/Unauthorized Chargeback, Chargeback",True,True,0.0,0,0,False,False,0,False,False,,,,False,False,Review transaction and chargeback evidence
TXN00013111,2026-02-17 10:58:18,USR94688,MCH7663,,,,SUCCESS,45.0,HIGH,P2 - High Priority,"Fraud/Unauthorized Chargeback, Chargeback",True,True,0.0,0,0,False,False,0,False,False,,,,False,False,Review transaction and chargeback evidence
TXN00004153,2026-01-27 02:37:35,USR46144,MCH9645,,,17806.3,SUCCESS,45.0,HIGH,P2 - High Priority,"Fraud/Unauthorized Chargeback, Chargeback",True,True,0.0,0,0,False,False,0,False,False,,,,False,False,Review transaction and chargeback evidence
TXN00003581,2026-02-22 13:00:08,USR57411,MCH9539,,,12084.69,SUCCESS,50.0,HIGH,P2 - High Priority,"Fraud/Unauthorized Chargeback, Chargeback, KYC Rejected/Failed",True,True,0.0,0,0,False,True,0,False,False,REJECTED,LOW,,True,False,Review transaction and chargeback evidence
TXN00009947,2026-03-24 16:00:40,USR58522,MCH5097,SATHE INC,DEPARTMENT STORE,8278.87,SUCCESS,65.0,CRITICAL,P1 - Immediate Review,"Fraud/Unauthorized Chargeback, Chargeback, Repeated User Chargebacks, High-Chargeback Merchant",True,True,0.0,1,1,False,False,0,False,False,VERIFIED,LOW,ACTIVE,True,True,Immediate fraud investigation
TXN00003234,2026-03-26 17:48:45,USR96324,MCH4464,,,1452.73,SUCCESS,45.0,HIGH,P2 - High Priority,"Fraud/Unauthorized Chargeback, Chargeback",True,True,0.0,0,0,False,False,0,False,False,,,,False,False,Review transaction and chargeback evidence
TXN00007982,2026-01-03 05:49:46,USR92756,MCH7006,,,5283.06,SUCCESS,45.0,HIGH,P2 - High Priority,"Fraud/Unauthorized Chargeback, Chargeback",True,True,0.0,0,0,False,False,0,False,False,,,,False,False,Review transaction and chargeback evidence
TXN00001423,2026-02-12 12:53:04,USR27263,MCH4001,,,1048.91,SUCCESS,45.0,HIGH,P2 - High Priority,"Fraud/Unauthorized Chargeback, Chargeback",True,True,0.0,0,0,False,False,0,False,False,,,,False,False,Review transaction and chargeback evidence
TXN00009538,2026-01-07 22:00:28,USR95032,MCH7014,,,19364.19,SUCCESS,60.0,CRITICAL,P1 - Immediate Review,"Fraud/Unauthorized Chargeback, Chargeback, Identity Anomaly",True,True,1.0,0,0,False,False,0,False,False,APPROVED,MEDIUM,,True,False,Immediate fraud investigation
TXN00011307,2026-03-24 03:00:00,USR44510,MCH2111,Dubey-Oommen,HOTEL_LODGING,23856.92,SUCCESS,48.0,HIGH,P2 - High Priority,"Fraud/Unauthorized Chargeback, Chargeback, High-Value Transaction",True,True,0.0,0,0,False,False,0,True,False,VERIFIED,LOW,Live,True,True,Review transaction and chargeback evidence
TXN00010745,2026-03-05 00:22:08,USR25313,MCH6239,"MAJUMDAR, LANKA AND SEHGAL",BOOKS,11294.14,SUCCESS,55.0,HIGH,P2 - High Priority,"Fraud/Unauthorized Chargeback, Chargeback, High-Risk User, Velocity Anomaly",True,True,0.0,0,0,True,False,1,False,False,VERIFIED,HIGH,Active,True,True,Review transaction and chargeback evidence
TXN00009850,2026-03-11 03:22:59,USR64484,MCH7145,Ratti and Sons,GROCERY,12599.3,SUCCESS,45.0,HIGH,P2 - High Priority,"Fraud/Unauthorized Chargeback, Chargeback",True,True,0.0,0,0,False,False,0,False,False,,,Active,False,True,Review transaction and chargeback evidence
TXN00009068,2026-02-15 00:00:00,USR37344,MCH7472,,,12630.65,FAILED,65.0,CRITICAL,P1 - Immediate Review,"Fraud/Unauthorized Chargeback, Chargeback, Identity Anomaly, KYC Rejected/Failed",True,True,1.0,0,0,False,True,0,False,False,REJECTED,LOW,,True,False,Immediate fraud investigation
TXN00019856,2026-03-16 11:12:48,USR68953,MCH9072,,,19902.97,SUCCESS,60.0,CRITICAL,P1 - Immediate Review,"Fraud/Unauthorized Chargeback, Chargeback, Repeated User Chargebacks, Velocity Anomaly",True,True,0.0,1,0,False,False,1,False,False,,,,False,False,Immediate fraud investigation
TXN00006427,2026-03-28 04:14:37,USR55654,MCH4349,Atwal-Sura,BOOKS,23689.65,SUCCESS,45.0,HIGH,P2 - High Priority,"Fraud/Unauthorized Chargeback, Chargeback",True,True,0.0,0,0,False,False,0,False,False,,,A,False,True,Review transaction and chargeback evidence
TXN00014090,2026-01-19 05:42:51,USR89731,MCH1183,Rajan LLC,FOOD_SERVICES,13535.1,SUCCESS,45.0,HIGH,P2 - High Priority,"Fraud/Unauthorized Chargeback, Chargeback",True,True,0.0,0,0,False,False,0,False,False,,,Active,False,True,Review transaction and chargeback evidence
TXN00018414,2026-03-09 20:08:56,USR20928,MCH4679,,,24596.14,SUCCESS,48.0,HIGH,P2 - High Priority,"Fraud/Unauthorized Chargeback, Chargeback, High-Value Transaction",True,True,0.0,0,0,False,False,0,True,False,APPROVED,MEDIUM,,True,False,Review transaction and chargeback evidence
TXN00008654,2026-02-08 06:50:16,USR93519,MCH2073,,,,SUCCESS,45.0,HIGH,P2 - High Priority,"Fraud/Unauthorized Chargeback, Chargeback",True,True,0.0,0,0,False,False,0,False,False,VERIFIED,LOW,,True,False,Review transaction and chargeback evidence
TXN00016753,2026-01-03 06:18:19,USR96135,MCH5390,"Choudhry, Dube and Morar",TRANSPORT,4838.97,SUCCESS,50.0,HIGH,P2 - High Priority,"Fraud/Unauthorized Chargeback, Chargeback, Velocity Anomaly",True,True,0.0,0,0,False,False,1,False,False,,,Live,False,True,Review transaction and chargeback evidence
TXN00005500,2026-01-14 15:43:22,USR94414,MCH4418,,,15796.74,SUCCESS,45.0,HIGH,P2 - High Priority,"Fraud/Unauthorized Chargeback, Chargeback",True,True,0.0,0,0,False,False,0,False,False,,,,False,False,Review transaction and chargeback evidence
TXN00013632,2026-03-17 23:41:52,USR36176,MCH5287,Sachdeva PLC,TRAVEL,3018.37,SUCCESS,45.0,HIGH,P2 - High Priority,"Fraud/Unauthorized Chargeback, Chargeback",True,True,0.0,0,0,False,False,0,False,False,,,ACTIVE,False,True,Review transaction and chargeback evidence
TXN00016400,2026-01-26 18:25:44,USR65826,MCH4243,"Ramesh, Venkatesh and Ravel",RETAIL,23774.69,SUCCESS,43.0,HIGH,P3 - Review,"Chargeback, Identity Anomaly, High-Chargeback Merchant, High-Value Transaction",True,False,1.0,0,1,False,False,0,True,False,PENDING,LOW,A,True,True,Review KYC and identity records
TXN00002822,2026-01-12 00:21:15,USR72065,MCH5025,,,5724.63,SUCCESS,45.0,HIGH,P2 - High Priority,"Fraud/Unauthorized Chargeback, Chargeback",True,True,0.0,0,0,False,False,0,False,False,,,,False,False,Review transaction and chargeback evidence
TXN00012990,2026-02-27 19:43:46,USR41164,MCH7951,Peri Group,HOTEL_LODGING,626.15,SUCCESS,45.0,HIGH,P2 - High Priority,"Fraud/Unauthorized Chargeback, Chargeback",True,True,0.0,0,0,False,False,0,False,False,,,A,False,True,Review transaction and chargeback evidence
TXN00004070,2026-03-03 13:36:48,USR36829,MCH1508,,,21173.71,SUCCESS,55.0,HIGH,P2 - High Priority,"Fraud/Unauthorized Chargeback, Chargeback, High-Chargeback Merchant",True,True,0.0,0,1,False,False,0,False,False,,,,False,False,Review transaction and chargeback evidence
TXN00019042,2026-03-23 04:02:31,USR78840,MCH5825,Bhardwaj-Sachdeva,STATIONERY,8264.89,PROCESSING,45.0,HIGH,P2 - High Priority,"Fraud/Unauthorized Chargeback, Chargeback",True,True,0.0,0,0,False,False,0,False,False,,,Live,False,True,Review transaction and chargeback evidence
TXN00005755,2026-02-27 01:09:05,USR48591,MCH2143,,,22755.8,SUCCESS,45.0,HIGH,P2 - High Priority,"Fraud/Unauthorized Chargeback, Chargeback",True,True,0.0,0,0,False,False,0,False,False,,,,False,False,Review transaction and chargeback evidence
TXN00011027,2026-03-12 16:21:52,USR91166,MCH2247,,,3743.12,SUCCESS,55.0,HIGH,P2 - High Priority,"Fraud/Unauthorized Chargeback, Chargeback, Repeated User Chargebacks",True,True,0.0,1,0,False,False,0,False,False,,,,False,False,Review transaction and chargeback evidence
TXN00016469,2026-03-17 09:35:30,USR80974,MCH4316,,,18238.81,SUCCESS,55.0,HIGH,P2 - High Priority,"Fraud/Unauthorized Chargeback, Chargeback, Repeated User Chargebacks",True,True,0.0,1,0,False,False,0,False,False,,,,False,False,Review transaction and chargeback evidence
TXN00008092,2026-01-30 02:08:35,USR60910,MCH3469,Ha1der-Bains,TELECOM,11088.57,SUCCESS,50.0,HIGH,P2 - High Priority,"Fraud/Unauthorized Chargeback, Chargeback, Velocity Anomaly",True,True,0.0,0,0,False,False,1,False,False,,,ACTIVE,False,True,Review transaction and chargeback evidence
TXN00019626,2026-01-20 16:14:51,USR22190,MCH4052,Bal-Choudhary,FOOD_SERVICES,,SUCCESS,60.0,CRITICAL,P1 - Immediate Review,"Fraud/Unauthorized Chargeback, Chargeback, Identity Anomaly",True,True,1.0,0,0,False,False,0,False,False,VERIFIED,LOW,Enabled,True,True,Immediate fraud investigation
TXN00001903,2026-03-19 12:40:19,USR49932,MCH2527,,,19027.16,FAILED,45.0,HIGH,P2 - High Priority,"Fraud/Unauthorized Chargeback, Chargeback",True,True,0.0,0,0,False,False,0,False,False,,,,False,False,Review transaction and chargeback evidence
TXN00008599,2026-03-20 11:34:17,USR39494,MCH2262,,,13017.81,FAILED,45.0,HIGH,P2 - High Priority,"Fraud/Unauthorized Chargeback, Chargeback",True,True,0.0,0,0,False,False,0,False,False,,,,False,False,Review transaction and chargeback evidence
TXN00005222,2026-02-23 23:27:58,USR99304,MCH3442,Kuruvilla Ltd,GROCERY,,DECLINED,55.0,HIGH,P2 - High Priority,"Fraud/Unauthorized Chargeback, Chargeback, Repeated User Chargebacks",True,True,0.0,1,0,False,False,0,False,False,,,Disabled,False,True,Review transaction and chargeback evidence
TXN00005988,2026-02-16 18:31:54,USR71306,MCH9778,"chandra, subramanian and borde",BOOKS,23307.35,SUCCESS,45.0,HIGH,P2 - High Priority,"Fraud/Unauthorized Chargeback, Chargeback",True,True,0.0,0,0,False,False,0,False,False,,,Enabled,False,True,Review transaction and chargeback evidence
TXN00005489,2026-01-18 16:16:52,USR36033,MCH8556,"Rout, Dhillon and Sinha",BOOKS,15245.95,SUCCESS,45.0,HIGH,P2 - High Priority,"Fraud/Unauthorized Chargeback, Chargeback",True,True,0.0,0,0,False,False,0,False,False,,,Live,False,True,Review transaction and chargeback evidence
TXN00016911,2026-01-21 12:48:50,USR97828,MCH1517,,,23819.62,SUCCESS,48.0,HIGH,P2 - High Priority,"Fraud/Unauthorized Chargeback, Chargeback, High-Value Transaction",True,True,0.0,0,0,False,False,0,True,False,,,,False,False,Review transaction and chargeback evidence
TXN00008645,2026-03-15 02:14:41,USR84883,MCH5530,,,13409.45,SUCCESS,65.0,CRITICAL,P1 - Immediate Review,"Fraud/Unauthorized Chargeback, Chargeback, Repeated User Chargebacks, High-Chargeback Merchant",True,True,0.0,1,1,False,False,0,False,False,,,,False,False,Immediate fraud investigation
TXN00013090,2026-01-30 14:31:32,USR32624,MCH5487,,,10039.12,SUCCESS,45.0,HIGH,P2 - High Priority,"Fraud/Unauthorized Chargeback, Chargeback",True,True,0.0,0,0,False,False,0,False,False,,,,False,False,Review transaction and chargeback evidence
TXN00007185,2026-03-29 23:50:25,USR73564,MCH3054,,,5710.23,SUCCESS,45.0,HIGH,P2 - High Priority,"Fraud/Unauthorized Chargeback, Chargeback",True,True,0.0,0,0,False,False,0,False,False,,,,False,False,Review transaction and chargeback evidence
TXN00011858,2026-02-01 23:17:30,USR63885,MCH2942,,,8926.34,FAIL,55.0,HIGH,P2 - High Priority,"Fraud/Unauthorized Chargeback, Chargeback, Repeated User Chargebacks",True,True,0.0,1,0,False,False,0,False,False,,,,False,False,Review transaction and chargeback evidence
TXN00007177,2026-04-01 00:41:16,USR82947,MCH9742,,,24792.24,FAILED,58.0,HIGH,P2 - High Priority,"Fraud/Unauthorized Chargeback, Chargeback, Repeated User Chargebacks, High-Value Transaction",True,True,0.0,1,0,False,False,0,True,False,,,,False,False,Review transaction and chargeback evidence
TXN00014620,2026-01-13 04:34:42,USR16125,MCH8539,Arya-Char,APPAREL,12323.79,PENDING,60.0,CRITICAL,P1 - Immediate Review,"Fraud/Unauthorized Chargeback, Chargeback, High-Chargeback Merchant, KYC Rejected/Failed",True,True,0.0,0,1,False,True,0,False,False,FAILED,MEDIUM,Enabled,True,True,Immediate fraud investigation
TXN00019356,2026-03-03 14:29:07,USR27788,MCH5280,Mani-Chada,TRANSPORT,21102.97,SUCCESS,50.0,HIGH,P2 - High Priority,"Fraud/Unauthorized Chargeback, Chargeback, High-Risk User",True,True,0.0,0,0,True,False,0,False,False,APPROVED,HIGH,Enabled,True,True,Review transaction and chargeback evidence
TXN00017204,2026-03-23 20:24:14,USR45182,MCH4197,Chaudry Group,PHARMACY,9543.47,SUCCESS,45.0,HIGH,P2 - High Priority,"Fraud/Unauthorized Chargeback, Chargeback",True,True,0.0,0,0,False,False,0,False,False,VERIFIED,MEDIUM,Live,True,True,Review transaction and chargeback evidence
TXN00004169,2026-01-24 22:35:47,USR84473,MCH6822,"Sankar, Deol and Goswami",TELECOM,7879.81,INITIATED,45.0,HIGH,P2 - High Priority,"Fraud/Unauthorized Chargeback, Chargeback",True,True,0.0,0,0,False,False,0,False,False,,,Closed,False,True,Review transaction and chargeback evidence
TXN00005962,2026-02-14 13:32:34,USR36557,MCH3038,,,23679.35,FAILED,60.0,CRITICAL,P1 - Immediate Review,"Fraud/Unauthorized Chargeback, Chargeback, Identity Anomaly",True,True,1.0,0,0,False,False,0,False,False,VERIFIED,LOW,,True,False,Immediate fraud investigation
TXN00002624,2026-03-01 00:00:00,USR25987,MCH6340,,,22749.48,SUCCESS,50.0,HIGH,P2 - High Priority,"Fraud/Unauthorized Chargeback, Chargeback, KYC Rejected/Failed",True,True,0.0,0,0,False,True,0,False,False,REJECTED,MEDIUM,,True,False,Review transaction and chargeback evidence
TXN00002091,2026-01-27 12:45:58,USR60961,MCH6701,,,19392.54,SUCCESS,55.0,HIGH,P2 - High Priority,"Fraud/Unauthorized Chargeback, Chargeback, High-Chargeback Merchant",True,True,0.0,0,1,False,False,0,False,False,,,,False,False,Review transaction and chargeback evidence
TXN00014491,2026-03-11 04:19:04,USR51423,MCH5610,,,21752.5,SUCCESS,55.0,HIGH,P2 - High Priority,"Fraud/Unauthorized Chargeback, Chargeback, Repeated User Chargebacks",True,True,0.0,1,0,False,False,0,False,False,,,,False,False,Review transaction and chargeback evidence
TXN00003111,2026-01-29 00:29:26,USR50619,MCH1045,,,15945.83,SUCCESS,45.0,HIGH,P2 - High Priority,"Fraud/Unauthorized Chargeback, Chargeback",True,True,0.0,0,0,False,False,0,False,False,,,,False,False,Review transaction and chargeback evidence
TXN00010479,2026-03-19 08:14:33,USR42422,MCH7889,,,12186.37,SUCCESS,45.0,HIGH,P2 - High Priority,"Fraud/Unauthorized Chargeback, Chargeback",True,True,0.0,0,0,False,False,0,False,False,APPROVED,LOW,,True,False,Review transaction and chargeback evidence
TXN00004814,2026-03-12 21:02:40,USR89332,MCH6538,,,12799.39,SUCCESS,55.0,HIGH,P2 - High Priority,"Fraud/Unauthorized Chargeback, Chargeback, High-Chargeback Merchant",True,True,0.0,0,1,False,False,0,False,False,APPROVED,LOW,,True,False,Review transaction and chargeback evidence
TXN00015189,2026-03-20 15:55:35,USR13067,MCH7892,,,5360.76,SUCCESS,45.0,HIGH,P2 - High Priority,"Fraud/Unauthorized Chargeback, Chargeback",True,True,0.0,0,0,False,False,0,False,False,,,,False,False,Review transaction and chargeback evidence
TXN00010566,2026-01-20 15:11:07,USR50238,MCH1531,Savant and Sons,HOTEL_LODGING,17630.78,SUCCESS,45.0,HIGH,P2 - High Priority,"Fraud/Unauthorized Chargeback, Chargeback",True,True,0.0,0,0,False,False,0,False,False,VERIFIED,MEDIUM,Closed,True,True,Review transaction and chargeback evidence
TXN00005966,2026-01-30 08:02:56,USR71235,MCH6678,,,22439.33,FAILED,55.0,HIGH,P2 - High Priority,"Fraud/Unauthorized Chargeback, Chargeback, High-Chargeback Merchant",True,True,0.0,0,1,False,False,0,False,False,,,,False,False,Review transaction and chargeback evidence
TXN00013909,2026-02-26 00:00:00,USR10579,MCH8202,,,21404.69,SUCCESS,60.0,CRITICAL,P1 - Immediate Review,"Fraud/Unauthorized Chargeback, Chargeback, Repeated User Chargebacks, High-Risk User",True,True,0.0,1,0,True,False,0,False,False,VERIFIED,HIGH,,True,False,Immediate fraud investigation
TXN00019768,2026-02-08 18:40:57,USR88946,MCH6203,,,2516.98,SUCCESS,45.0,HIGH,P2 - High Priority,"Fraud/Unauthorized Chargeback, Chargeback",True,True,0.0,0,0,False,False,0,False,False,,,,False,False,Review transaction and chargeback evidence
TXN00008826,2026-03-11 04:10:24,USR98228,MCH1710,"Tara, Dash and Pau",PHARMACY,7552.85,SUCCESS,45.0,HIGH,P2 - High Priority,"Fraud/Unauthorized Chargeback, Chargeback",True,True,0.0,0,0,False,False,0,False,False,,,Enabled,False,True,Review transaction and chargeback evidence
TXN00006799,2026-02-28 13:59:36,USR89783,MCH9029,Hayre and Sons,RETAIL,2460.13,PENDING,45.0,HIGH,P2 - High Priority,"Fraud/Unauthorized Chargeback, Chargeback",True,True,0.0,0,0,False,False,0,False,False,,,ACTIVE,False,True,Review transaction and chargeback evidence
TXN00006449,2026-02-20 09:35:23,USR76874,MCH1342,,,1599.4,SUCCESS,45.0,HIGH,P2 - High Priority,"Fraud/Unauthorized Chargeback, Chargeback",True,True,0.0,0,0,False,False,0,False,False,,,,False,False,Review transaction and chargeback evidence
TXN00009981,2026-02-03 06:53:37,USR67586,MCH8080,Brar PLC,TELECOM,8854.1,SUCCESS,45.0,HIGH,P2 - High Priority,"Fraud/Unauthorized Chargeback, Chargeback",True,True,0.0,0,0,False,False,0,False,False,,,Active,False,True,Review transaction and chargeback evidence
TXN00015673,2026-03-28 05:22:39,USR38597,MCH2683,,,4952.21,SUCCESS,50.0,HIGH,P2 - High Priority,"Fraud/Unauthorized Chargeback, Chargeback, High-Risk User",True,True,0.0,0,0,True,False,0,False,False,APPROVED,HIGH,,True,False,Review transaction and chargeback evidence
TXN00012165,2026-03-14 15:31:47,USR25527,MCH8279,Lala PLC,GROCERY,8602.12,PENDING,45.0,HIGH,P2 - High Priority,"Fraud/Unauthorized Chargeback, Chargeback",True,True,0.0,0,0,False,False,0,False,False,,,Active,False,True,Review transaction and chargeback evidence
TXN00006919,2026-03-29 05:08:52,USR13544,MCH1518,Saini-Gole,OTHER,15387.54,SUCCESS,55.0,HIGH,P2 - High Priority,"Fraud/Unauthorized Chargeback, Chargeback, Repeated User Chargebacks",True,True,0.0,1,0,False,False,0,False,False,,,Active,False,True,Review transaction and chargeback evidence
TXN00019947,2026-03-03 12:47:27,USR55254,MCH1584,,,6995.4,SUCCESS,50.0,HIGH,P2 - High Priority,"Fraud/Unauthorized Chargeback, Chargeback, Velocity Anomaly",True,True,0.0,0,0,False,False,1,False,False,,,,False,False,Review transaction and chargeback evidence
TXN00001816,2026-01-23 19:07:25,USR41939,MCH6518,,,-24196.82,SUCCESS,55.0,HIGH,P2 - High Priority,"Fraud/Unauthorized Chargeback, Chargeback, Repeated User Chargebacks",True,True,0.0,1,0,False,False,0,False,False,,,,False,False,Review transaction and chargeback evidence
TXN00007272,2026-02-25 08:34:10,USR69151,MCH8833,,,24098.26,SUCCESS,48.0,HIGH,P2 - High Priority,"Fraud/Unauthorized Chargeback, Chargeback, High-Value Transaction",True,True,0.0,0,0,False,False,0,True,False,,,,False,False,Review transaction and chargeback evidence
TXN00015054,2026-02-01 16:48:07,USR49210,MCH1782,Kari PLC,GROCERY,22258.83,SUCCESS,45.0,HIGH,P2 - High Priority,"Fraud/Unauthorized Chargeback, Chargeback",True,True,0.0,0,0,False,False,0,False,False,,,A,False,True,Review transaction and chargeback evidence
TXN00016205,2026-03-21 07:23:29,USR36885,MCH6051,"Prashad, Date and Sodhi",DEPARTMENT STORE,,SUCCESS,45.0,HIGH,P2 - High Priority,"Fraud/Unauthorized Chargeback, Chargeback",True,True,0.0,0,0,False,False,0,False,False,,,Enabled,False,True,Review transaction and chargeback evidence
TXN00001838,2026-03-01 18:34:25,USR58526,MCH3302,,,8463.3,SUCCESS,50.0,HIGH,P2 - High Priority,"Fraud/Unauthorized Chargeback, Chargeback, Velocity Anomaly",True,True,0.0,0,0,False,False,1,False,False,,,,False,False,Review transaction and chargeback evidence
TXN00004134,2026-02-07 09:40:09,USR14739,MCH6322,,,15846.45,SUCCESS,45.0,HIGH,P2 - High Priority,"Fraud/Unauthorized Chargeback, Chargeback",True,True,0.0,0,0,False,False,0,False,False,VERIFIED,LOW,,True,False,Review transaction and chargeback evidence
TXN00015825,2026-01-13 23:29:51,USR19450,MCH3712,  Narain-Vaidya  ,HOTEL_LODGING,2100.75,SUCCESS,45.0,HIGH,P2 - High Priority,"Fraud/Unauthorized Chargeback, Chargeback",True,True,0.0,0,0,False,False,0,False,False,,,A,False,True,Review transaction and chargeback evidence
TXN00013367,2026-01-12 22:33:25,USR69904,MCH5589,,,4114.95,SUCCESS,45.0,HIGH,P2 - High Priority,"Fraud/Unauthorized Chargeback, Chargeback",True,True,0.0,0,0,False,False,0,False,False,,,,False,False,Review transaction and chargeback evidence
TXN00009076,2026-01-18 10:53:51,USR12900,MCH9093,,,18522.09,SUCCESS,45.0,HIGH,P2 - High Priority,"Fraud/Unauthorized Chargeback, Chargeback",True,True,0.0,0,0,False,False,0,False,False,,,,False,False,Review transaction and chargeback evidence
TXN00014381,2026-01-15 21:40:21,USR58059,MCH8756,,,,SUCCESS,45.0,HIGH,P2 - High Priority,"Fraud/Unauthorized Chargeback, Chargeback",True,True,0.0,0,0,False,False,0,False,False,,,,False,False,Review transaction and chargeback evidence
TXN00016739,2026-02-02 21:58:31,USR32821,MCH5889,,,20827.91,PENDING,45.0,HIGH,P2 - High Priority,"Fraud/Unauthorized Chargeback, Chargeback",True,True,0.0,0,0,False,False,0,False,False,,,,False,False,Review transaction and chargeback evidence
TXN00000271,2026-01-21 13:31:32,USR99746,MCH5897,Mutti-Doshi,MEDICAL_STORE,20235.94,SUCCESS,45.0,HIGH,P2 - High Priority,"Fraud/Unauthorized Chargeback, Chargeback",True,True,0.0,0,0,False,False,0,False,False,,,Live,False,True,Review transaction and chargeback evidence
TXN00014927,2026-11-02 16:41:58,USR75439,MCH2484,,,23395.64,SUCCESS,45.0,HIGH,P2 - High Priority,"Fraud/Unauthorized Chargeback, Chargeback",True,True,0.0,0,0,False,False,0,False,False,,,,False,False,Review transaction and chargeback evidence
TXN00006817,2026-01-28 02:22:43,USR25095,MCH3034,,,5896.79,SUCCESS,45.0,HIGH,P2 - High Priority,"Fraud/Unauthorized Chargeback, Chargeback",True,True,0.0,0,0,False,False,0,False,False,PENDING,LOW,,True,False,Review transaction and chargeback evidence
TXN00010149,2026-01-08 04:25:32,USR62069,MCH5110,"anne, nayak and chada",DEPARTMENT STORE,21450.22,SUCCESS,45.0,HIGH,P2 - High Priority,"Fraud/Unauthorized Chargeback, Chargeback",True,True,0.0,0,0,False,False,0,False,False,,,Active,False,True,Review transaction and chargeback evidence
TXN00015963,2026-02-01 01:16:59,USR91931,MCH1310,,,14349.95,SUCCESS,45.0,HIGH,P2 - High Priority,"Fraud/Unauthorized Chargeback, Chargeback",True,True,0.0,0,0,False,False,0,False,False,,,,False,False,Review transaction and chargeback evidence
TXN00005197,2026-03-10 10:04:52,USR44228,MCH6091,Ratti-Kalita,STATIONERY,18466.27,SUCCESS,45.0,HIGH,P2 - High Priority,"Fraud/Unauthorized Chargeback, Chargeback",True,True,0.0,0,0,False,False,0,False,False,,,A,False,True,Review transaction and chargeback evidence
TXN00014492,2026-02-22 01:23:36,USR65475,MCH2600,Prabhakar and Sons,APPAREL,18659.19,SUCCESS,55.0,HIGH,P2 - High Priority,"Fraud/Unauthorized Chargeback, Chargeback, Repeated User Chargebacks",True,True,0.0,1,0,False,False,0,False,False,,,Active,False,True,Review transaction and chargeback evidence
TXN00012027,2026-02-01 00:15:14,USR31388,MCH8571,"Sahni, Arya and Guha",TRANSPORT,18730.4,SUCCESS,45.0,HIGH,P2 - High Priority,"Fraud/Unauthorized Chargeback, Chargeback",True,True,0.0,0,0,False,False,0,False,False,,,Active,False,True,Review transaction and chargeback evidence
TXN00004984,2026-01-26 12:43:01,USR83927,MCH2459,Gala and Sons,TRANSPORT,20979.1,SUCCESS,45.0,HIGH,P2 - High Priority,"Fraud/Unauthorized Chargeback, Chargeback",True,True,0.0,0,0,False,False,0,False,False,VERIFIED,LOW,Active,True,True,Review transaction and chargeback evidence
TXN00001778,2026-03-14 17:19:24,USR21867,MCH6885,,,,SUCCESS,45.0,HIGH,P2 - High Priority,"Fraud/Unauthorized Chargeback, Chargeback",True,True,0.0,0,0,False,False,0,False,False,,,,False,False,Review transaction and chargeback evidence
TXN00011213,2026-03-24 03:29:07,USR66387,MCH5314,,,16531.65,SUCCESS,45.0,HIGH,P2 - High Priority,"Fraud/Unauthorized Chargeback, Chargeback",True,True,0.0,0,0,False,False,0,False,False,,,,False,False,Review transaction and chargeback evidence
TXN00001654,2026-01-25 06:46:15,USR74877,MCH5263,"Narang, Kata and Pillai",DEPARTMENT STORE,,SUCCESS,45.0,HIGH,P2 - High Priority,"Fraud/Unauthorized Chargeback, Chargeback",True,True,0.0,0,0,False,False,0,False,False,,,A,False,True,Review transaction and chargeback evidence
TXN00002106,2026-01-14 18:35:30,USR94008,MCH9115,,,7925.87,SUCCESS,45.0,HIGH,P2 - High Priority,"Fraud/Unauthorized Chargeback, Chargeback",True,True,0.0,0,0,False,False,0,False,False,,,,False,False,Review transaction and chargeback evidence
TXN00018528,2026-01-06 11:59:59,USR50698,MCH4657,,,4782.31,FAIL,45.0,HIGH,P2 - High Priority,"Fraud/Unauthorized Chargeback, Chargeback",True,True,0.0,0,0,False,False,0,False,False,APPROVED,LOW,,True,False,Review transaction and chargeback evidence
TXN00018150,2026-06-01 07:26:36,USR24409,MCH5139,,,16506.38,SUCCESS,45.0,HIGH,P2 - High Priority,"Fraud/Unauthorized Chargeback, Chargeback",True,True,0.0,0,0,False,False,0,False,False,,,,False,False,Review transaction and chargeback evidence
TXN00010278,2026-01-19 17:56:19,USR27506,MCH9435,,,20756.27,SUCCESS,45.0,HIGH,P2 - High Priority,"Fraud/Unauthorized Chargeback, Chargeback",True,True,0.0,0,0,False,False,0,False,False,VERIFIED,LOW,,True,False,Review transaction and chargeback evidence
TXN00014440,2026-01-17 07:11:43,USR58627,MCH5195,,,8514.53,SUCCESS,60.0,CRITICAL,P1 - Immediate Review,"Fraud/Unauthorized Chargeback, Chargeback, Repeated User Chargebacks, Velocity Anomaly",True,True,0.0,1,0,False,False,1,False,False,,,,False,False,Immediate fraud investigation
TXN00005752,2026-03-18 08:47:44,USR24202,MCH3402,,,19965.91,SUCCESS,45.0,HIGH,P2 - High Priority,"Fraud/Unauthorized Chargeback, Chargeback",True,True,0.0,0,0,False,False,0,False,False,APPROVED,LOW,,True,False,Review transaction and chargeback evidence
TXN00007244,2026-01-23 17:18:10,USR84915,MCH5530,,,13303.01,PENDING,55.0,HIGH,P2 - High Priority,"Fraud/Unauthorized Chargeback, Chargeback, High-Chargeback Merchant",True,True,0.0,0,1,False,False,0,False,False,VERIFIED,LOW,,True,False,Review transaction and chargeback evidence
TXN00018653,2026-02-22 01:28:39,USR60027,MCH9025,,,23913.15,SUCCESS,48.0,HIGH,P2 - High Priority,"Fraud/Unauthorized Chargeback, Chargeback, High-Value Transaction",True,True,0.0,0,0,False,False,0,True,False,,,,False,False,Review transaction and chargeback evidence
TXN00012654,2026-02-12 12:52:18,USR24944,MCH8269,,,11381.74,SUCCESS,60.0,CRITICAL,P1 - Immediate Review,"Fraud/Unauthorized Chargeback, Chargeback, Identity Anomaly",True,True,1.0,0,0,False,False,0,False,False,VERIFIED,MEDIUM,,True,False,Immediate fraud investigation
TXN00010450,2026-03-02 21:27:44,USR39334,MCH8181,Mall-Chatterjee,TRANSPORT,24844.39,SUCCESS,48.0,HIGH,P2 - High Priority,"Fraud/Unauthorized Chargeback, Chargeback, High-Value Transaction",True,True,0.0,0,0,False,False,0,True,False,APPROVED,MEDIUM,Active,True,True,Review transaction and chargeback evidence
TXN00012972,2026-02-13 00:00:00,USR31786,MCH6810,,,,SUCCESS,45.0,HIGH,P2 - High Priority,"Fraud/Unauthorized Chargeback, Chargeback",True,True,0.0,0,0,False,False,0,False,False,,,,False,False,Review transaction and chargeback evidence
TXN00011527,2026-02-06 00:00:00,USR72363,MCH8567,,,2773.37,DECLINED,45.0,HIGH,P2 - High Priority,"Fraud/Unauthorized Chargeback, Chargeback",True,True,0.0,0,0,False,False,0,False,False,,,,False,False,Review transaction and chargeback evidence
TXN00015688,2026-02-21 21:04:01,USR73696,MCH7213,,,2956.48,SUCCESS,45.0,HIGH,P2 - High Priority,"Fraud/Unauthorized Chargeback, Chargeback",True,True,0.0,0,0,False,False,0,False,False,,,,False,False,Review transaction and chargeback evidence
TXN00000295,2026-01-23 08:12:22,USR47118,MCH3273,,,3185.24,SUCCESS,45.0,HIGH,P2 - High Priority,"Fraud/Unauthorized Chargeback, Chargeback",True,True,0.0,0,0,False,False,0,False,False,,,,False,False,Review transaction and chargeback evidence
TXN00001310,2026-03-18 22:57:30,USR33246,MCH5718,,,20372.48,SUCCESS,65.0,CRITICAL,P1 - Immediate Review,"Fraud/Unauthorized Chargeback, Chargeback, Identity Anomaly, Velocity Anomaly",True,True,1.0,0,0,False,False,1,False,False,APPROVED,LOW,,True,False,Immediate fraud investigation
TXN00007230,2026-03-26 16:21:43,USR97209,MCH1848,Acharya-Bail,RETAIL,10589.72,PROCESSING,45.0,HIGH,P2 - High Priority,"Fraud/Unauthorized Chargeback, Chargeback",True,True,0.0,0,0,False,False,0,False,False,,,ACTIVE,False,True,Review transaction and chargeback evidence
TXN00014359,2026-03-21 15:43:57,USR15741,MCH2401,,,21911.97,SUCCESS,45.0,HIGH,P2 - High Priority,"Fraud/Unauthorized Chargeback, Chargeback",True,True,0.0,0,0,False,False,0,False,False,,,,False,False,Review transaction and chargeback evidence
TXN00003574,2026-02-26 03:33:46,USR19514,MCH1684,,,-24736.38,SUCCESS,45.0,HIGH,P2 - High Priority,"Fraud/Unauthorized Chargeback, Chargeback",True,True,0.0,0,0,False,False,0,False,False,,,,False,False,Review transaction and chargeback evidence
TXN00008964,2026-01-14 00:26:40,USR32143,MCH8502,,,-301.01,FAILED,45.0,HIGH,P2 - High Priority,"Fraud/Unauthorized Chargeback, Chargeback",True,True,0.0,0,0,False,False,0,False,False,,,,False,False,Review transaction and chargeback evidence
TXN00014298,2026-12-03 03:20:09,USR45690,MCH6744,GREWAL INC,MISC_RETAIL,-122.0,SUCCESS,45.0,HIGH,P2 - High Priority,"Fraud/Unauthorized Chargeback, Chargeback",True,True,0.0,0,0,False,False,0,False,False,,,Active,False,True,Review transaction and chargeback evidence
TXN00011829,2026-03-27 23:52:32,USR78601,MCH6762,,,4126.88,SUCCESS,45.0,HIGH,P2 - High Priority,"Fraud/Unauthorized Chargeback, Chargeback",True,True,0.0,0,0,False,False,0,False,False,PENDING,LOW,,True,False,Review transaction and chargeback evidence
TXN00009149,2026-02-13 07:51:25,USR25761,MCH7106,Master and Sons,FOOD_SERVICES,10235.82,SUCCESS,45.0,HIGH,P2 - High Priority,"Fraud/Unauthorized Chargeback, Chargeback",True,True,0.0,0,0,False,False,0,False,False,,,A,False,True,Review transaction and chargeback evidence
TXN00007980,2026-01-18 20:29:09,USR13906,MCH7380,"Gour, Jani and Mital",MISC_RETAIL,,PENDING,45.0,HIGH,P2 - High Priority,"Fraud/Unauthorized Chargeback, Chargeback",True,True,0.0,0,0,False,False,0,False,False,,,Closed,False,True,Review transaction and chargeback evidence
TXN00017555,2026-01-29 23:25:28,USR70148,MCH7442,"Tand0n, Tak and Mane",APPAREL,23032.95,SUCCESS,45.0,HIGH,P2 - High Priority,"Fraud/Unauthorized Chargeback, Chargeback",True,True,0.0,0,0,False,False,0,False,False,,,Enabled,False,True,Review transaction and chargeback evidence
TXN00005100,2026-03-09 07:52:50,USR25450,MCH9045,"  Kaul, Sethi and Vaidya  ",TELECOM,1007.66,FAILED,45.0,HIGH,P2 - High Priority,"Fraud/Unauthorized Chargeback, Chargeback",True,True,0.0,0,0,False,False,0,False,False,,,Disabled,False,True,Review transaction and chargeback evidence
TXN00012907,2026-03-02 00:28:52,USR70265,MCH6848,Dora LLC,DEPARTMENT STORE,14365.1,SUCCESS,45.0,HIGH,P2 - High Priority,"Fraud/Unauthorized Chargeback, Chargeback",True,True,0.0,0,0,False,False,0,False,False,,,Active,False,True,Review transaction and chargeback evidence
TXN00004968,2026-03-14 19:06:20,USR10191,MCH5661,,,17880.97,SUCCESS,45.0,HIGH,P2 - High Priority,"Fraud/Unauthorized Chargeback, Chargeback",True,True,0.0,0,0,False,False,0,False,False,,,,False,False,Review transaction and chargeback evidence
TXN00014187,2026-02-20 08:15:59,USR30637,MCH6429,Doshi Group,APPAREL,11478.32,SUCCESS,45.0,HIGH,P2 - High Priority,"Fraud/Unauthorized Chargeback, Chargeback",True,True,0.0,0,0,False,False,0,False,False,,,Live,False,True,Review transaction and chargeback evidence
TXN00010920,2026-02-18 11:43:32,USR80116,MCH3901,,,6879.96,PROCESSING,55.0,HIGH,P2 - High Priority,"Fraud/Unauthorized Chargeback, Chargeback, Repeated User Chargebacks",True,True,0.0,1,0,False,False,0,False,False,,,,False,False,Review transaction and chargeback evidence
TXN00010018,2026-03-15 01:17:02,USR51504,MCH4750,,,6010.76,SUCCESS,55.0,HIGH,P2 - High Priority,"Fraud/Unauthorized Chargeback, Chargeback, Repeated User Chargebacks",True,True,0.0,1,0,False,False,0,False,False,,,,False,False,Review transaction and chargeback evidence
TXN00002114,2026-02-06 12:35:47,USR34672,MCH3513,"Gade, Raghavan and Ben",STATIONERY,22350.8,SUCCESS,47.0,HIGH,P2 - High Priority,"Fraud/Unauthorized Chargeback, Chargeback, Risky Merchant Status",True,True,0.0,0,0,False,False,0,False,True,,,INACTIVE,False,True,Review transaction and chargeback evidence
TXN00014669,2026-02-16 19:08:35,USR36442,MCH1454,WableInc,MISC_RETAIL,16221.56,SUCCESS,45.0,HIGH,P2 - High Priority,"Fraud/Unauthorized Chargeback, Chargeback",True,True,0.0,0,0,False,False,0,False,False,,,Live,False,True,Review transaction and chargeback evidence
TXN00009063,2026-01-06 07:06:10,USR87941,MCH9920,Oommen-Mitra,GROCERY,,SUCCESS,45.0,HIGH,P2 - High Priority,"Fraud/Unauthorized Chargeback, Chargeback",True,True,0.0,0,0,False,False,0,False,False,,,ACTIVE,False,True,Review transaction and chargeback evidence
TXN00006400,2026-01-11 01:40:08,USR24300,MCH6575,Sanghvi PLC,BOOKS,21425.18,SUCCESS,45.0,HIGH,P2 - High Priority,"Fraud/Unauthorized Chargeback, Chargeback",True,True,0.0,0,0,False,False,0,False,False,,,Active,False,True,Review transaction and chargeback evidence
TXN00010883,2026-01-18 00:37:00,USR25608,MCH9956,Khatri Inc,HOTEL_LODGING,9688.41,SUCCESS,47.0,HIGH,P2 - High Priority,"Fraud/Unauthorized Chargeback, Chargeback, Risky Merchant Status",True,True,0.0,0,0,False,False,0,False,True,,,Suspended,False,True,Review transaction and chargeback evidence
TXN00019838,2026-02-24 06:55:41,USR35774,MCH8102,,,9701.65,SUCCESS,45.0,HIGH,P2 - High Priority,"Fraud/Unauthorized Chargeback, Chargeback",True,True,0.0,0,0,False,False,0,False,False,,,,False,False,Review transaction and chargeback evidence
TXN00000272,2026-02-22 08:39:03,USR82790,MCH2031,,,20254.73,SUCCESS,45.0,HIGH,P2 - High Priority,"Fraud/Unauthorized Chargeback, Chargeback",True,True,0.0,0,0,False,False,0,False,False,,,,False,False,Review transaction and chargeback evidence
TXN00010182,2026-01-26 03:30:18,USR58350,MCH8964,,,11767.81,SUCCESS,45.0,HIGH,P2 - High Priority,"Fraud/Unauthorized Chargeback, Chargeback",True,True,0.0,0,0,False,False,0,False,False,,,,False,False,Review transaction and chargeback evidence
TXN00003338,2026-02-10 03:03:43,USR14076,MCH3964,"Bala, Chanda and Loyal",BOOKS,18970.3,SUCCESS,55.0,HIGH,P2 - High Priority,"Fraud/Unauthorized Chargeback, Chargeback, Repeated User Chargebacks",True,True,0.0,1,0,False,False,0,False,False,VERIFIED,MEDIUM,A,True,True,Review transaction and chargeback evidence
TXN00008054,2026-02-24 18:10:44,USR58623,MCH6834,,,17332.3,SUCCESS,55.0,HIGH,P2 - High Priority,"Fraud/Unauthorized Chargeback, Chargeback, Repeated User Chargebacks",True,True,0.0,1,0,False,False,0,False,False,,,,False,False,Review transaction and chargeback evidence
TXN00015779,2026-01-09 05:28:02,USR37017,MCH4560,Shankar Ltd,TELECOM,839.58,SUCCESS,75.0,CRITICAL,P1 - Immediate Review,"Fraud/Unauthorized Chargeback, Chargeback, Identity Anomaly, Repeated User Chargebacks, High-Risk User",True,True,1.0,1,0,True,False,0,False,False,VERIFIED,HIGH,Active,True,True,Immediate fraud investigation
TXN00012596,2026-01-10 23:13:24,USR35146,MCH8689,,,796.12,FAILED,45.0,HIGH,P2 - High Priority,"Fraud/Unauthorized Chargeback, Chargeback",True,True,0.0,0,0,False,False,0,False,False,,,,False,False,Review transaction and chargeback evidence
TXN00019269,2026-03-15 06:57:44,USR46014,MCH8188,"ram, krish and pai",MISC_RETAIL,16390.09,SUCCESS,50.0,HIGH,P2 - High Priority,"Fraud/Unauthorized Chargeback, Chargeback, KYC Rejected/Failed",True,True,0.0,0,0,False,True,0,False,False,REJECTED,LOW,I,True,True,Review transaction and chargeback evidence
TXN00018381,2026-03-13 03:11:28,USR95612,MCH9617,,,1469.32,SUCCESS,45.0,HIGH,P2 - High Priority,"Fraud/Unauthorized Chargeback, Chargeback",True,True,0.0,0,0,False,False,0,False,False,,,,False,False,Review transaction and chargeback evidence
TXN00006433,2026-05-03 14:11:56,USR66118,MCH9280,,,22042.07,SUCCESS,45.0,HIGH,P2 - High Priority,"Fraud/Unauthorized Chargeback, Chargeback",True,True,0.0,0,0,False,False,0,False,False,VERIFIED,LOW,,True,False,Review transaction and chargeback evidence
TXN00018761,2026-01-28 02:19:57,USR18442,MCH6441,Bhatia and Sons,HOTEL_LODGING,449.89,SUCCESS,55.0,HIGH,P2 - High Priority,"Fraud/Unauthorized Chargeback, Chargeback, Repeated User Chargebacks",True,True,0.0,1,0,False,False,0,False,False,,,Active,False,True,Review transaction and chargeback evidence
TXN00007988,2026-03-14 05:21:18,USR60624,MCH9268,,,11337.01,SUCCESS,60.0,CRITICAL,P1 - Immediate Review,"Fraud/Unauthorized Chargeback, Chargeback, Identity Anomaly",True,True,1.0,0,0,False,False,0,False,False,APPROVED,MEDIUM,,True,False,Immediate fraud investigation
TXN00000995,2026-03-16 11:00:07,USR89891,MCH5132,,,9030.74,SUCCESS,45.0,HIGH,P2 - High Priority,"Fraud/Unauthorized Chargeback, Chargeback",True,True,0.0,0,0,False,False,0,False,False,,,,False,False,Review transaction and chargeback evidence
TXN00019010,2026-03-12 12:18:28,USR22182,MCH2735,,,3580.77,SUCCESS,45.0,HIGH,P2 - High Priority,"Fraud/Unauthorized Chargeback, Chargeback",True,True,0.0,0,0,False,False,0,False,False,,,,False,False,Review transaction and chargeback evidence
TXN00013452,2026-02-13 03:56:27,USR20653,MCH6451,Chandran Group,DEPARTMENT STORE,,FAILED,50.0,HIGH,P2 - High Priority,"Fraud/Unauthorized Chargeback, Chargeback, High-Risk User",True,True,0.0,0,0,True,False,0,False,False,APPROVED,HIGH,I,True,True,Review transaction and chargeback evidence
TXN00014853,2026-01-18 03:02:41,USR36873,MCH6126,,,18734.39,SUCCESS,45.0,HIGH,P2 - High Priority,"Fraud/Unauthorized Chargeback, Chargeback",True,True,0.0,0,0,False,False,0,False,False,,,,False,False,Review transaction and chargeback evidence
TXN00013301,2026-07-03 13:05:27,USR11412,MCH7517,"  Banik, Kamdar and Dada  ",APPAREL,12924.85,SUCCESS,45.0,HIGH,P2 - High Priority,"Fraud/Unauthorized Chargeback, Chargeback",True,True,0.0,0,0,False,False,0,False,False,,,ACTIVE,False,True,Review transaction and chargeback evidence
TXN00017156,2026-01-15 21:23:25,USR36687,MCH1308,SUBRAMANIAM-SHANKAR,PHARMACY,8357.03,SUCCESS,57.0,HIGH,P2 - High Priority,"Fraud/Unauthorized Chargeback, Chargeback, Repeated User Chargebacks, Risky Merchant Status",True,True,0.0,1,0,False,False,0,False,True,,,INACTIVE,False,True,Review transaction and chargeback evidence
TXN00019601,2026-03-14 02:30:16,USR88644,MCH3297,,,5120.0,SUCCESS,45.0,HIGH,P2 - High Priority,"Fraud/Unauthorized Chargeback, Chargeback",True,True,0.0,0,0,False,False,0,False,False,,,,False,False,Review transaction and chargeback evidence
TXN00001580,2026-01-23 19:03:15,USR26183,MCH8955,"  Gade, Venkatesh and Bedi  ",MISC_RETAIL,,SUCCESS,45.0,HIGH,P2 - High Priority,"Fraud/Unauthorized Chargeback, Chargeback",True,True,0.0,0,0,False,False,0,False,False,,,Live,False,True,Review transaction and chargeback evidence
TXN00012938,2026-01-31 07:36:03,USR62531,MCH4765,madan-pandey,APPAREL,1424.81,SUCCESS,45.0,HIGH,P2 - High Priority,"Fraud/Unauthorized Chargeback, Chargeback",True,True,0.0,0,0,False,False,0,False,False,,,ACTIVE,False,True,Review transaction and chargeback evidence
TXN00015434,2026-01-05 11:34:30,USR17004,MCH6440,Taneja-Mahajan,DEPARTMENT STORE,18120.49,SUCCESS,45.0,HIGH,P2 - High Priority,"Fraud/Unauthorized Chargeback, Chargeback",True,True,0.0,0,0,False,False,0,False,False,,,Enabled,False,True,Review transaction and chargeback evidence
TXN00009985,2026-03-21 18:45:18,USR81626,MCH7316,TAK LTD,STATIONERY,21761.31,SUCCESS,45.0,HIGH,P2 - High Priority,"Fraud/Unauthorized Chargeback, Chargeback",True,True,0.0,0,0,False,False,0,False,False,,,Enabled,False,True,Review transaction and chargeback evidence
TXN00015594,2026-01-13 09:15:53,USR83115,MCH8510,,,16513.06,SUCCESS,55.0,HIGH,P2 - High Priority,"Fraud/Unauthorized Chargeback, Chargeback, Repeated User Chargebacks",True,True,0.0,1,0,False,False,0,False,False,,,,False,False,Review transaction and chargeback evidence
TXN00007924,2026-03-17 18:15:07,USR88409,MCH1962,,,1998.91,SUCCESS,45.0,HIGH,P2 - High Priority,"Fraud/Unauthorized Chargeback, Chargeback",True,True,0.0,0,0,False,False,0,False,False,,,,False,False,Review transaction and chargeback evidence
TXN00015176,2026-01-27 13:11:26,USR75621,MCH5704,RAVEL-TALWAR,TRANSPORT,17860.81,SUCCESS,52.0,HIGH,P2 - High Priority,"Fraud/Unauthorized Chargeback, Chargeback, High-Risk User, Risky Merchant Status",True,True,0.0,0,0,True,False,0,False,True,APPROVED,HIGH,INACTIVE,True,True,Review transaction and chargeback evidence
TXN00013202,2026-01-02 20:12:41,USR52672,MCH2179,CHANDA-SURA,APPAREL,12732.75,SUCCESS,70.0,CRITICAL,P1 - Immediate Review,"Fraud/Unauthorized Chargeback, Chargeback, Identity Anomaly, High-Chargeback Merchant",True,True,1.0,0,1,False,False,0,False,False,VERIFIED,LOW,ACTIVE,True,True,Immediate fraud investigation
TXN00012946,2026-03-28 10:35:39,USR76675,MCH1895,,,7757.45,SUCCESS,55.0,HIGH,P2 - High Priority,"Fraud/Unauthorized Chargeback, Chargeback, Repeated User Chargebacks",True,True,0.0,1,0,False,False,0,False,False,APPROVED,MEDIUM,,True,False,Review transaction and chargeback evidence
TXN00012741,2026-02-24 01:57:22,USR52604,MCH3549,Khalsa and Sons,FOOD_SERVICES,16664.0,SUCCESS,55.0,HIGH,P2 - High Priority,"Fraud/Unauthorized Chargeback, Chargeback, High-Chargeback Merchant",True,True,0.0,0,1,False,False,0,False,False,,,Active,False,True,Review transaction and chargeback evidence
TXN00015781,2026-02-19 00:00:00,USR21050,MCH8270,,,2482.82,SUCCESS,55.0,HIGH,P2 - High Priority,"Fraud/Unauthorized Chargeback, Chargeback, Repeated User Chargebacks",True,True,0.0,1,0,False,False,0,False,False,,,,False,False,Review transaction and chargeback evidence
TXN00012331,2026-03-13 07:05:18,USR12611,MCH7892,,,15328.3,FAILED,45.0,HIGH,P2 - High Priority,"Fraud/Unauthorized Chargeback, Chargeback",True,True,0.0,0,0,False,False,0,False,False,,,,False,False,Review transaction and chargeback evidence
TXN00001777,2026-03-07 07:48:13,USR22237,MCH4189,,,17206.49,PENDING,60.0,CRITICAL,P1 - Immediate Review,"Fraud/Unauthorized Chargeback, Chargeback, Identity Anomaly",True,True,1.0,0,0,False,False,0,False,False,VERIFIED,LOW,,True,False,Immediate fraud investigation
TXN00003720,2026-03-07 04:20:29,USR19443,MCH8424,,,6533.6,SUCCESS,45.0,HIGH,P2 - High Priority,"Fraud/Unauthorized Chargeback, Chargeback",True,True,0.0,0,0,False,False,0,False,False,,,,False,False,Review transaction and chargeback evidence
TXN00015265,2026-03-14 15:51:27,USR31973,MCH1707,,,15919.66,SUCCESS,45.0,HIGH,P2 - High Priority,"Fraud/Unauthorized Chargeback, Chargeback",True,True,0.0,0,0,False,False,0,False,False,,,,False,False,Review transaction and chargeback evidence
TXN00001371,2026-02-03 18:48:28,USR72349,MCH3722,Upadhyay-Issac,OTHER,24285.16,SUCCESS,50.0,HIGH,P2 - High Priority,"Fraud/Unauthorized Chargeback, Chargeback, High-Value Transaction, Risky Merchant Status",True,True,0.0,0,0,False,False,0,True,True,,,SUSPENDED,False,True,Review transaction and chargeback evidence
TXN00009287,2026-02-24 15:01:58,USR89681,MCH4722,,,15277.55,SUCCESS,45.0,HIGH,P2 - High Priority,"Fraud/Unauthorized Chargeback, Chargeback",True,True,0.0,0,0,False,False,0,False,False,VERIFIED,LOW,,True,False,Review transaction and chargeback evidence
TXN00014774,2026-01-15 07:23:27,USR99049,MCH7269,La11-Raman,TELECOM,12860.04,SUCCESS,45.0,HIGH,P2 - High Priority,"Fraud/Unauthorized Chargeback, Chargeback",True,True,0.0,0,0,False,False,0,False,False,PENDING,LOW,Active,True,True,Review transaction and chargeback evidence
TXN00004590,2026-02-21 00:00:00,USR90526,MCH9097,,,18235.45,SUCCESS,45.0,HIGH,P2 - High Priority,"Fraud/Unauthorized Chargeback, Chargeback",True,True,0.0,0,0,False,False,0,False,False,,,,False,False,Review transaction and chargeback evidence
TXN00002719,2026-03-19 14:36:10,USR56938,MCH6122,Som-Seth,TRANSPORT,21178.05,SUCCESS,65.0,CRITICAL,P1 - Immediate Review,"Fraud/Unauthorized Chargeback, Chargeback, Identity Anomaly, Velocity Anomaly",True,True,1.0,0,0,False,False,1,False,False,VERIFIED,LOW,Active,True,True,Immediate fraud investigation
TXN00017191,2026-01-16 09:12:01,USR65881,MCH2074,D’Alia Inc,APPAREL,4717.94,SUCCESS,60.0,CRITICAL,P1 - Immediate Review,"Fraud/Unauthorized Chargeback, Chargeback, Repeated User Chargebacks, KYC Rejected/Failed",True,True,0.0,1,0,False,True,0,False,False,REJECTED,MEDIUM,Enabled,True,True,Immediate fraud investigation
TXN00005168,2026-01-14 00:00:00,USR79932,MCH8954,,,3267.52,SUCCESS,45.0,HIGH,P2 - High Priority,"Fraud/Unauthorized Chargeback, Chargeback",True,True,0.0,0,0,False,False,0,False,False,,,,False,False,Review transaction and chargeback evidence
TXN00002125,2026-02-27 21:18:07,USR99277,MCH8890,"Kumar, Yogi and Seshadri",MISC_RETAIL,24602.92,SUCCESS,48.0,HIGH,P2 - High Priority,"Fraud/Unauthorized Chargeback, Chargeback, High-Value Transaction",True,True,0.0,0,0,False,False,0,True,False,,,Live,False,True,Review transaction and chargeback evidence
TXN00008504,2026-02-06 02:10:09,USR82187,MCH4111,Brahmbhatt LLC,MISC_RETAIL,24306.02,DECLINED,60.0,CRITICAL,P1 - Immediate Review,"Fraud/Unauthorized Chargeback, Chargeback, Repeated User Chargebacks, High-Value Transaction, Risky Merchant Status",True,True,0.0,1,0,False,False,0,True,True,,,SUSPENDED,False,True,Immediate fraud investigation
TXN00017876,2026-03-15 07:15:35,USR54747,MCH8870,Solanki-Cherian,TRANSPORT,14468.6,SUCCESS,45.0,HIGH,P2 - High Priority,"Fraud/Unauthorized Chargeback, Chargeback",True,True,0.0,0,0,False,False,0,False,False,APPROVED,LOW,ACTIVE,True,True,Review transaction and chargeback evidence
TXN00008353,2026-03-17 08:01:11,USR39069,MCH5932,Jani-Sathe,TELECOM,21312.45,SUCCESS,47.0,HIGH,P2 - High Priority,"Fraud/Unauthorized Chargeback, Chargeback, Risky Merchant Status",True,True,0.0,0,0,False,False,0,False,True,,,INACTIVE,False,True,Review transaction and chargeback evidence
TXN00004370,2026-03-13 21:27:56,USR87028,MCH9860,,,4619.63,SUCCESS,45.0,HIGH,P2 - High Priority,"Fraud/Unauthorized Chargeback, Chargeback",True,True,0.0,0,0,False,False,0,False,False,IN_PROGRESS,MEDIUM,,True,False,Review transaction and chargeback evidence
TXN00019045,2026-03-30 10:56:45,USR63974,MCH1845,Goel Inc,TRANSPORT,12631.54,FAILED,45.0,HIGH,P2 - High Priority,"Fraud/Unauthorized Chargeback, Chargeback",True,True,0.0,0,0,False,False,0,False,False,,,A,False,True,Review transaction and chargeback evidence
TXN00019345,2026-03-19 02:36:50,USR12180,MCH3584,,,,SUCCESS,45.0,HIGH,P2 - High Priority,"Fraud/Unauthorized Chargeback, Chargeback",True,True,0.0,0,0,False,False,0,False,False,,,,False,False,Review transaction and chargeback evidence
TXN00002437,2026-01-19 15:24:16,USR92324,MCH5151,Sachar-Lad,TRAVEL,9643.94,SUCCESS,45.0,HIGH,P2 - High Priority,"Fraud/Unauthorized Chargeback, Chargeback",True,True,0.0,0,0,False,False,0,False,False,,,A,False,True,Review transaction and chargeback evidence
TXN00013438,2026-03-22 08:08:14,USR12916,MCH8354,,,19465.86,PENDING,45.0,HIGH,P2 - High Priority,"Fraud/Unauthorized Chargeback, Chargeback",True,True,0.0,0,0,False,False,0,False,False,,,,False,False,Review transaction and chargeback evidence
TXN00016957,2026-01-16 14:25:58,USR72629,MCH6835,,,4077.1,SUCCESS,45.0,HIGH,P2 - High Priority,"Fraud/Unauthorized Chargeback, Chargeback",True,True,0.0,0,0,False,False,0,False,False,,,,False,False,Review transaction and chargeback evidence
TXN00000677,2026-01-05 07:25:41,USR77021,MCH1173,,,,SUCCESS,45.0,HIGH,P2 - High Priority,"Fraud/Unauthorized Chargeback, Chargeback",True,True,0.0,0,0,False,False,0,False,False,,,,False,False,Review transaction and chargeback evidence
TXN00000154,2026-03-14 07:57:00,USR55471,MCH2329,,,12241.42,SUCCESS,45.0,HIGH,P2 - High Priority,"Fraud/Unauthorized Chargeback, Chargeback",True,True,0.0,0,0,False,False,0,False,False,,,,False,False,Review transaction and chargeback evidence
TXN00002184,2026-03-10 07:40:22,USR15478,MCH2820,,,7605.62,SUCCESS,45.0,HIGH,P2 - High Priority,"Fraud/Unauthorized Chargeback, Chargeback",True,True,0.0,0,0,False,False,0,False,False,,,,False,False,Review transaction and chargeback evidence
TXN00017656,2026-03-04 19:55:55,USR31816,MCH2303,,,17737.98,INITIATED,45.0,HIGH,P2 - High Priority,"Fraud/Unauthorized Chargeback, Chargeback",True,True,0.0,0,0,False,False,0,False,False,APPROVED,MEDIUM,,True,False,Review transaction and chargeback evidence
TXN00012992,2026-02-04 00:20:40,USR16470,MCH5550,,,,SUCCESS,45.0,HIGH,P2 - High Priority,"Fraud/Unauthorized Chargeback, Chargeback",True,True,0.0,0,0,False,False,0,False,False,,,,False,False,Review transaction and chargeback evidence
TXN00005010,2026-02-19 09:38:52,USR63835,MCH6335,,,,SUCCESS,45.0,HIGH,P2 - High Priority,"Fraud/Unauthorized Chargeback, Chargeback",True,True,0.0,0,0,False,False,0,False,False,,,,False,False,Review transaction and chargeback evidence
TXN00017688,2026-03-05 14:56:05,USR62513,MCH7986,Pathak Inc,MISC_RETAIL,21324.15,SUCCESS,47.0,HIGH,P2 - High Priority,"Fraud/Unauthorized Chargeback, Chargeback, Risky Merchant Status",True,True,0.0,0,0,False,False,0,False,True,,,INACTIVE,False,True,Review transaction and chargeback evidence
TXN00000040,2026-03-15 16:08:57,USR68114,MCH8254,,,11009.41,SUCCESS,45.0,HIGH,P2 - High Priority,"Fraud/Unauthorized Chargeback, Chargeback",True,True,0.0,0,0,False,False,0,False,False,,,,False,False,Review transaction and chargeback evidence
TXN00017225,2026-03-10 16:46:16,USR21245,MCH7583,,,,SUCCESS,45.0,HIGH,P2 - High Priority,"Fraud/Unauthorized Chargeback, Chargeback",True,True,0.0,0,0,False,False,0,False,False,,,,False,False,Review transaction and chargeback evidence
TXN00005490,2026-02-28 11:40:02,USR41600,MCH8006,,,22878.31,SUCCESS,45.0,HIGH,P2 - High Priority,"Fraud/Unauthorized Chargeback, Chargeback",True,True,0.0,0,0,False,False,0,False,False,VERIFIED,LOW,,True,False,Review transaction and chargeback evidence
TXN00002699,2026-02-20 00:55:50,USR17917,MCH6988,,,19352.04,SUCCESS,45.0,HIGH,P2 - High Priority,"Fraud/Unauthorized Chargeback, Chargeback",True,True,0.0,0,0,False,False,0,False,False,VERIFIED,LOW,,True,False,Review transaction and chargeback evidence
TXN00018387,2026-01-17 21:26:40,USR25558,MCH5764,,,13117.73,SUCCESS,45.0,HIGH,P2 - High Priority,"Fraud/Unauthorized Chargeback, Chargeback",True,True,0.0,0,0,False,False,0,False,False,APPROVED,MEDIUM,,True,False,Review transaction and chargeback evidence
TXN00015532,2026-02-01 23:27:31,USR20791,MCH1594,Bera Inc,MISC_RETAIL,16399.67,SUCCESS,45.0,HIGH,P2 - High Priority,"Fraud/Unauthorized Chargeback, Chargeback",True,True,0.0,0,0,False,False,0,False,False,,,Live,False,True,Review transaction and chargeback evidence
TXN00008454,2026-02-20 10:29:18,USR63231,MCH9044,,,11044.27,SUCCESS,45.0,HIGH,P2 - High Priority,"Fraud/Unauthorized Chargeback, Chargeback",True,True,0.0,0,0,False,False,0,False,False,APPROVED,LOW,,True,False,Review transaction and chargeback evidence
TXN00014496,2026-02-25 06:20:38,USR67676,MCH6774,PARSA LTD,APPAREL,9773.66,INITIATED,45.0,HIGH,P2 - High Priority,"Fraud/Unauthorized Chargeback, Chargeback",True,True,0.0,0,0,False,False,0,False,False,PENDING,LOW,Live,True,True,Review transaction and chargeback evidence
TXN00006063,2026-03-12 09:48:26,USR41854,MCH8405,Roy Ltd,APPAREL,12303.28,SUCCESS,50.0,HIGH,P2 - High Priority,"Fraud/Unauthorized Chargeback, Chargeback, Velocity Anomaly",True,True,0.0,0,0,False,False,1,False,False,,,I,False,True,Review transaction and chargeback evidence
TXN00015951,2026-11-02 11:09:06,USR67313,MCH9874,,,23706.63,SUCCESS,45.0,HIGH,P2 - High Priority,"Fraud/Unauthorized Chargeback, Chargeback",True,True,0.0,0,0,False,False,0,False,False,APPROVED,LOW,,True,False,Review transaction and chargeback evidence
TXN00005915,2026-01-28 16:15:35,USR74915,MCH1618,Muni Ltd,FOOD_SERVICES,12936.63,PENDING,45.0,HIGH,P2 - High Priority,"Fraud/Unauthorized Chargeback, Chargeback",True,True,0.0,0,0,False,False,0,False,False,APPROVED,LOW,Active,True,True,Review transaction and chargeback evidence
TXN00010744,2026-01-12 00:36:30,USR26521,MCH2221,,,13170.79,SUCCESS,60.0,CRITICAL,P1 - Immediate Review,"Fraud/Unauthorized Chargeback, Chargeback, Identity Anomaly",True,True,1.0,0,0,False,False,0,False,False,APPROVED,LOW,,True,False,Immediate fraud investigation
TXN00003640,2026-01-16 01:27:32,USR99415,MCH1969,Gole LLC,TRAVEL,5196.45,SUCCESS,45.0,HIGH,P2 - High Priority,"Fraud/Unauthorized Chargeback, Chargeback",True,True,0.0,0,0,False,False,0,False,False,,,ACTIVE,False,True,Review transaction and chargeback evidence
TXN00017441,2026-01-24 00:00:00,USR51504,MCH6453,,,13373.15,SUCCESS,55.0,HIGH,P2 - High Priority,"Fraud/Unauthorized Chargeback, Chargeback, Repeated User Chargebacks",True,True,0.0,1,0,False,False,0,False,False,,,,False,False,Review transaction and chargeback evidence
TXN00016742,2026-03-02 12:47:31,USR59653,MCH3320,,,22628.05,FAILED,60.0,CRITICAL,P1 - Immediate Review,"Fraud/Unauthorized Chargeback, Chargeback, Identity Anomaly",True,True,1.0,0,0,False,False,0,False,False,VERIFIED,MEDIUM,,True,False,Immediate fraud investigation
TXN00018525,2026-01-31 07:34:13,USR17878,MCH8177,Soman Inc,FOOD_SERVICES,7842.13,SUCCESS,45.0,HIGH,P2 - High Priority,"Fraud/Unauthorized Chargeback, Chargeback",True,True,0.0,0,0,False,False,0,False,False,,,Live,False,True,Review transaction and chargeback evidence
TXN00008903,2026-03-30 07:26:05,USR91276,MCH2516,Ben-Varghese,GROCERY,19515.24,SUCCESS,47.0,HIGH,P2 - High Priority,"Fraud/Unauthorized Chargeback, Chargeback, Risky Merchant Status",True,True,0.0,0,0,False,False,0,False,True,,,Suspended,False,True,Review transaction and chargeback evidence
TXN00000166,2026-01-14 10:20:10,USR43844,MCH2425,SURI-KURIAN,GROCERY,20884.21,SUCCESS,45.0,HIGH,P2 - High Priority,"Fraud/Unauthorized Chargeback, Chargeback",True,True,0.0,0,0,False,False,0,False,False,,,Live,False,True,Review transaction and chargeback evidence
TXN00010810,2026-01-15 14:41:09,USR21980,MCH9607,,,14902.21,SUCCESS,65.0,CRITICAL,P1 - Immediate Review,"Fraud/Unauthorized Chargeback, Chargeback, Repeated User Chargebacks, High-Chargeback Merchant",True,True,0.0,1,1,False,False,0,False,False,,,,False,False,Immediate fraud investigation
TXN00012346,2026-01-07 20:47:56,USR52186,MCH2104,Iyengar PLC,APPAREL,20302.71,SUCCESS,52.0,HIGH,P2 - High Priority,"Fraud/Unauthorized Chargeback, Chargeback, High-Risk User, Risky Merchant Status",True,True,0.0,0,0,True,False,0,False,True,IN_PROGRESS,HIGH,SUSPENDED,True,True,Review transaction and chargeback evidence
TXN00010749,2026-02-26 07:46:34,USR88296,MCH7888,,,11282.39,SUCCESS,45.0,HIGH,P2 - High Priority,"Fraud/Unauthorized Chargeback, Chargeback",True,True,0.0,0,0,False,False,0,False,False,,,,False,False,Review transaction and chargeback evidence
TXN00000680,2026-01-01 03:56:27,USR70000,MCH8135,Bhakta PLC,MISC_RETAIL,21639.02,SUCCESS,45.0,HIGH,P2 - High Priority,"Fraud/Unauthorized Chargeback, Chargeback",True,True,0.0,0,0,False,False,0,False,False,,,A,False,True,Review transaction and chargeback evidence
TXN00016662,2026-02-25 00:00:00,USR58661,MCH4870,Rana Inc,TELECOM,-3649.69,SUCCESS,52.0,HIGH,P2 - High Priority,"Fraud/Unauthorized Chargeback, Chargeback, High-Risk User, Risky Merchant Status",True,True,0.0,0,0,True,False,0,False,True,VERIFIED,HIGH,Suspended,True,True,Review transaction and chargeback evidence
TXN00010231,2026-12-01 18:25:29,USR24020,MCH1072,Kalla-Khalsa,FOOD_SERVICES,,SUCCESS,45.0,HIGH,P2 - High Priority,"Fraud/Unauthorized Chargeback, Chargeback",True,True,0.0,0,0,False,False,0,False,False,VERIFIED,MEDIUM,Disabled,True,True,Review transaction and chargeback evidence
TXN00008228,2026-02-07 18:43:19,USR16925,MCH2187,Balan and Sons,MISC_RETAIL,3153.8,SUCCESS,45.0,HIGH,P2 - High Priority,"Fraud/Unauthorized Chargeback, Chargeback",True,True,0.0,0,0,False,False,0,False,False,,,Live,False,True,Review transaction and chargeback evidence
TXN00016633,2026-01-11 12:35:32,USR46471,MCH2587,,,12234.61,FAILED,45.0,HIGH,P2 - High Priority,"Fraud/Unauthorized Chargeback, Chargeback",True,True,0.0,0,0,False,False,0,False,False,,,,False,False,Review transaction and chargeback evidence
TXN00000850,2026-02-17 01:11:34,USR75377,MCH5241,,,14888.67,SUCCESS,45.0,HIGH,P2 - High Priority,"Fraud/Unauthorized Chargeback, Chargeback",True,True,0.0,0,0,False,False,0,False,False,VERIFIED,LOW,,True,False,Review transaction and chargeback evidence
TXN00019164,2026-03-13 17:24:30,USR12128,MCH2632,Agate-Gandhi,DEPARTMENT STORE,3067.9,SUCCESS,50.0,HIGH,P2 - High Priority,"Fraud/Unauthorized Chargeback, Chargeback, Velocity Anomaly",True,True,0.0,0,0,False,False,1,False,False,,,Live,False,True,Review transaction and chargeback evidence
TXN00003168,2026-02-21 16:26:30,USR93454,MCH1195,Cherian-Rana,TRANSPORT,2643.78,FAILED,55.0,HIGH,P2 - High Priority,"Fraud/Unauthorized Chargeback, Chargeback, High-Chargeback Merchant",True,True,0.0,0,1,False,False,0,False,False,,,A,False,True,Review transaction and chargeback evidence
TXN00011260,2026-01-13 15:25:49,USR42685,MCH5286,,,6873.18,SUCCESS,60.0,CRITICAL,P1 - Immediate Review,"Fraud/Unauthorized Chargeback, Chargeback, Identity Anomaly",True,True,1.0,0,0,False,False,0,False,False,VERIFIED,LOW,,True,False,Immediate fraud investigation
TXN00004731,2026-02-08 00:00:00,USR85675,MCH8249,,,3017.89,SUCCESS,45.0,HIGH,P2 - High Priority,"Fraud/Unauthorized Chargeback, Chargeback",True,True,0.0,0,0,False,False,0,False,False,VERIFIED,LOW,,True,False,Review transaction and chargeback evidence
TXN00009035,2026-03-27 05:22:31,USR63171,MCH3765,Mohanty LLC,DEPARTMENT STORE,11362.23,SUCCESS,45.0,HIGH,P2 - High Priority,"Fraud/Unauthorized Chargeback, Chargeback",True,True,0.0,0,0,False,False,0,False,False,,,Active,False,True,Review transaction and chargeback evidence
TXN00009676,2026-01-23 22:16:46,USR55702,MCH5559,Muni-Raval,GROCERY,14503.4,SUCCESS,45.0,HIGH,P2 - High Priority,"Fraud/Unauthorized Chargeback, Chargeback",True,True,0.0,0,0,False,False,0,False,False,,,Active,False,True,Review transaction and chargeback evidence
TXN00006640,2026-02-28 20:27:25,USR52854,MCH4013,,,11250.6,SUCCESS,50.0,HIGH,P2 - High Priority,"Fraud/Unauthorized Chargeback, Chargeback, High-Risk User",True,True,0.0,0,0,True,False,0,False,False,VERIFIED,HIGH,,True,False,Review transaction and chargeback evidence
TXN00007966,2026-03-04 14:07:48,USR11953,MCH4494,,,,SUCCESS,55.0,HIGH,P2 - High Priority,"Fraud/Unauthorized Chargeback, Chargeback, Repeated User Chargebacks",True,True,0.0,1,0,False,False,0,False,False,VERIFIED,MEDIUM,,True,False,Review transaction and chargeback evidence
TXN00002195,2026-03-14 01:04:53,USR18716,MCH5134,,,2783.63,SUCCESS,60.0,CRITICAL,P1 - Immediate Review,"Fraud/Unauthorized Chargeback, Chargeback, Repeated User Chargebacks, High-Risk User",True,True,0.0,1,0,True,False,0,False,False,PENDING,HIGH,,True,False,Immediate fraud investigation
TXN00011877,2026-03-25 18:42:09,USR82159,MCH9941,Bava and Sons,OTHER,20080.07,SUCCESS,45.0,HIGH,P2 - High Priority,"Fraud/Unauthorized Chargeback, Chargeback",True,True,0.0,0,0,False,False,0,False,False,,,ACTIVE,False,True,Review transaction and chargeback evidence
TXN00014396,2026-03-03 15:10:07,USR55720,MCH3630,Chacko Ltd,FOOD_SERVICES,13171.97,SUCCESS,47.0,HIGH,P2 - High Priority,"Fraud/Unauthorized Chargeback, Chargeback, Risky Merchant Status",True,True,0.0,0,0,False,False,0,False,True,VERIFIED,LOW,INACTIVE,True,True,Review transaction and chargeback evidence
TXN00010219,2026-03-17 19:42:54,USR96932,MCH2768,,,13551.59,SUCCESS,55.0,HIGH,P2 - High Priority,"Fraud/Unauthorized Chargeback, Chargeback, Repeated User Chargebacks",True,True,0.0,1,0,False,False,0,False,False,VERIFIED,LOW,,True,False,Review transaction and chargeback evidence
TXN00003340,2026-11-03 15:33:55,USR25869,MCH8307,,,16356.78,SUCCESS,45.0,HIGH,P2 - High Priority,"Fraud/Unauthorized Chargeback, Chargeback",True,True,0.0,0,0,False,False,0,False,False,VERIFIED,LOW,,True,False,Review transaction and chargeback evidence
TXN00017266,2026-03-26 04:06:51,USR79546,MCH9537,Mahal Group,MISC_RETAIL,4438.79,SUCCESS,45.0,HIGH,P2 - High Priority,"Fraud/Unauthorized Chargeback, Chargeback",True,True,0.0,0,0,False,False,0,False,False,,,Enabled,False,True,Review transaction and chargeback evidence
TXN00017675,2026-02-03 01:18:22,USR59412,MCH3265,Mittal Ltd,BOOKS,14260.28,SUCCESS,60.0,CRITICAL,P1 - Immediate Review,"Fraud/Unauthorized Chargeback, Chargeback, Identity Anomaly",True,True,1.0,0,0,False,False,0,False,False,VERIFIED,UNKNOWN,ACTIVE,True,True,Immediate fraud investigation
TXN00012649,2026-01-28 23:06:49,USR48604,MCH1905,,,17337.94,SUCCESS,45.0,HIGH,P2 - High Priority,"Fraud/Unauthorized Chargeback, Chargeback",True,True,0.0,0,0,False,False,0,False,False,APPROVED,LOW,,True,False,Review transaction and chargeback evidence
TXN00006951,2026-04-03 18:35:48,USR26578,MCH5466,,,18820.65,SUCCESS,45.0,HIGH,P2 - High Priority,"Fraud/Unauthorized Chargeback, Chargeback",True,True,0.0,0,0,False,False,0,False,False,,,,False,False,Review transaction and chargeback evidence
TXN00013526,2026-02-21 17:50:37,USR84271,MCH3662,Dalal-Arora,TELECOM,21535.45,SUCCESS,45.0,HIGH,P2 - High Priority,"Fraud/Unauthorized Chargeback, Chargeback",True,True,0.0,0,0,False,False,0,False,False,,,ACTIVE,False,True,Review transaction and chargeback evidence
TXN00010792,2026-01-19 06:53:44,USR10800,MCH6190,Pal Ltd,APPAREL,8480.02,SUCCESS,60.0,CRITICAL,P1 - Immediate Review,"Fraud/Unauthorized Chargeback, Chargeback, Identity Anomaly",True,True,1.0,0,0,False,False,0,False,False,VERIFIED,LOW,Live,True,True,Immediate fraud investigation
TXN00012384,2026-02-04 20:38:01,USR88733,MCH2701,"Prabhakar, Saraf and Mand",HOTEL_LODGING,12244.13,SUCCESS,45.0,HIGH,P2 - High Priority,"Fraud/Unauthorized Chargeback, Chargeback",True,True,0.0,0,0,False,False,0,False,False,,,Active,False,True,Review transaction and chargeback evidence
TXN00002668,2026-01-05 07:18:34,USR34667,MCH5461,,,,FAIL,55.0,HIGH,P2 - High Priority,"Fraud/Unauthorized Chargeback, Chargeback, Repeated User Chargebacks",True,True,0.0,1,0,False,False,0,False,False,,,,False,False,Review transaction and chargeback evidence
TXN00010832,2026-03-26 00:00:00,USR82632,MCH4100,RAJA-VASA,HOTEL_LODGING,3049.36,SUCCESS,45.0,HIGH,P2 - High Priority,"Fraud/Unauthorized Chargeback, Chargeback",True,True,0.0,0,0,False,False,0,False,False,,,ACTIVE,False,True,Review transaction and chargeback evidence
TXN00016557,2026-09-02 22:55:00,USR80837,MCH1898,,,15997.3,DECLINED,45.0,HIGH,P2 - High Priority,"Fraud/Unauthorized Chargeback, Chargeback",True,True,0.0,0,0,False,False,0,False,False,,,,False,False,Review transaction and chargeback evidence
TXN00005396,2026-03-23 05:38:41,USR41813,MCH8361,,,9307.37,SUCCESS,50.0,HIGH,P2 - High Priority,"Fraud/Unauthorized Chargeback, Chargeback, Velocity Anomaly",True,True,0.0,0,0,False,False,1,False,False,IN_PROGRESS,MEDIUM,,True,False,Review transaction and chargeback evidence
TXN00010092,2026-02-04 03:05:33,USR57279,MCH9114,Tiwari-0ak,TELECOM,4043.81,SUCCESS,60.0,CRITICAL,P1 - Immediate Review,"Fraud/Unauthorized Chargeback, Chargeback, Identity Anomaly",True,True,1.0,0,0,False,False,0,False,False,APPROVED,LOW,Enabled,True,True,Immediate fraud investigation
TXN00013498,2026-03-13 17:33:47,USR83535,MCH2400,,,2370.48,SUCCESS,45.0,HIGH,P2 - High Priority,"Fraud/Unauthorized Chargeback, Chargeback",True,True,0.0,0,0,False,False,0,False,False,,,,False,False,Review transaction and chargeback evidence
TXN00009880,2026-02-20 19:30:34,USR49596,MCH8353,,,13874.62,SUCCESS,45.0,HIGH,P2 - High Priority,"Fraud/Unauthorized Chargeback, Chargeback",True,True,0.0,0,0,False,False,0,False,False,,,,False,False,Review transaction and chargeback evidence
TXN00019652,2026-02-06 04:32:30,USR88695,MCH2299,Ahluwalia Inc,TRAVEL,12064.21,PROCESSING,45.0,HIGH,P2 - High Priority,"Fraud/Unauthorized Chargeback, Chargeback",True,True,0.0,0,0,False,False,0,False,False,,,Active,False,True,Review transaction and chargeback evidence
TXN00016541,2026-01-02 05:04:30,USR11003,MCH5456,,,666.86,SUCCESS,45.0,HIGH,P2 - High Priority,"Fraud/Unauthorized Chargeback, Chargeback",True,True,0.0,0,0,False,False,0,False,False,,,,False,False,Review transaction and chargeback evidence
TXN00004956,2026-01-16 21:45:27,USR33979,MCH1971,"Batta, Lal and Wason",APPAREL,18726.59,SUCCESS,45.0,HIGH,P2 - High Priority,"Fraud/Unauthorized Chargeback, Chargeback",True,True,0.0,0,0,False,False,0,False,False,,,Enabled,False,True,Review transaction and chargeback evidence
TXN00014670,2026-01-02 22:09:47,USR82235,MCH9186,,,,FAILED,60.0,CRITICAL,P1 - Immediate Review,"Fraud/Unauthorized Chargeback, Chargeback, Identity Anomaly",True,True,1.0,0,0,False,False,0,False,False,VERIFIED,LOW,,True,False,Immediate fraud investigation
TXN00006912,2026-02-19 22:25:37,USR52813,MCH5057,,,24446.56,FAILED,68.0,CRITICAL,P1 - Immediate Review,"Fraud/Unauthorized Chargeback, Chargeback, Repeated User Chargebacks, High-Chargeback Merchant, High-Value Transaction",True,True,0.0,1,1,False,False,0,True,False,VERIFIED,MEDIUM,,True,False,Immediate fraud investigation
TXN00016182,2026-01-28 03:43:28,USR55862,MCH6687,,,22740.13,SUCCESS,50.0,HIGH,P2 - High Priority,"Fraud/Unauthorized Chargeback, Chargeback, Velocity Anomaly",True,True,0.0,0,0,False,False,1,False,False,,,,False,False,Review transaction and chargeback evidence
TXN00002301,2026-02-27 10:06:28,USR83755,MCH2902,"Narang, Varghese and Sur",TRANSPORT,20066.62,SUCCESS,45.0,HIGH,P2 - High Priority,"Fraud/Unauthorized Chargeback, Chargeback",True,True,0.0,0,0,False,False,0,False,False,,,ACTIVE,False,True,Review transaction and chargeback evidence
TXN00006955,2026-08-03 14:35:50,USR24029,MCH2105,"Savant, Chauhan and Kumer",PHARMACY,20486.76,SUCCESS,45.0,HIGH,P2 - High Priority,"Fraud/Unauthorized Chargeback, Chargeback",True,True,0.0,0,0,False,False,0,False,False,,,ACTIVE,False,True,Review transaction and chargeback evidence
TXN00001810,2026-01-05 09:39:56,USR67718,MCH5299,,,2468.91,SUCCESS,45.0,HIGH,P2 - High Priority,"Fraud/Unauthorized Chargeback, Chargeback",True,True,0.0,0,0,False,False,0,False,False,APPROVED,MEDIUM,,True,False,Review transaction and chargeback evidence
TXN00019297,2026-03-31 03:05:01,USR91425,MCH1254,Pant-Muni,TRAVEL,12448.21,SUCCESS,45.0,HIGH,P2 - High Priority,"Fraud/Unauthorized Chargeback, Chargeback",True,True,0.0,0,0,False,False,0,False,False,VERIFIED,MEDIUM,A,True,True,Review transaction and chargeback evidence
TXN00007628,2026-01-20 10:45:25,USR80453,MCH3847,  Nair PLC  ,RETAIL,11016.46,SUCCESS,45.0,HIGH,P2 - High Priority,"Fraud/Unauthorized Chargeback, Chargeback",True,True,0.0,0,0,False,False,0,False,False,,,Enabled,False,True,Review transaction and chargeback evidence
TXN00006995,2026-05-01 10:03:43,USR23949,MCH7481,,,23213.41,SUCCESS,55.0,HIGH,P2 - High Priority,"Fraud/Unauthorized Chargeback, Chargeback, Repeated User Chargebacks",True,True,0.0,1,0,False,False,0,False,False,,,,False,False,Review transaction and chargeback evidence
TXN00012133,2026-01-09 07:47:08,USR47683,MCH3858,,,6861.6,SUCCESS,55.0,HIGH,P2 - High Priority,"Fraud/Unauthorized Chargeback, Chargeback, Repeated User Chargebacks",True,True,0.0,1,0,False,False,0,False,False,,,,False,False,Review transaction and chargeback evidence
TXN00006160,2026-01-01 10:52:47,USR88410,MCH5940,,,20903.61,SUCCESS,45.0,HIGH,P2 - High Priority,"Fraud/Unauthorized Chargeback, Chargeback",True,True,0.0,0,0,False,False,0,False,False,APPROVED,LOW,,True,False,Review transaction and chargeback evidence
TXN00011889,2026-03-08 06:53:45,USR39162,MCH7795,Maharaj PLC,FOOD_SERVICES,14013.89,SUCCESS,45.0,HIGH,P2 - High Priority,"Fraud/Unauthorized Chargeback, Chargeback",True,True,0.0,0,0,False,False,0,False,False,,,Active,False,True,Review transaction and chargeback evidence
TXN00019043,2026-02-25 20:24:54,USR40085,MCH4173,,,4514.04,SUCCESS,60.0,CRITICAL,P1 - Immediate Review,"Fraud/Unauthorized Chargeback, Chargeback, Identity Anomaly",True,True,1.0,0,0,False,False,0,False,False,PENDING,LOW,,True,False,Immediate fraud investigation
TXN00016902,2026-06-02 22:07:40,USR25501,MCH4059,,,3934.9,SUCCESS,45.0,HIGH,P2 - High Priority,"Fraud/Unauthorized Chargeback, Chargeback",True,True,0.0,0,0,False,False,0,False,False,,,,False,False,Review transaction and chargeback evidence
TXN00014399,2026-03-04 05:39:59,USR96715,MCH3142,"dugar, merchant and kala",BOOKS,19337.07,SUCCESS,40.0,HIGH,P3 - Review,"Chargeback, Identity Anomaly, Repeated User Chargebacks",True,False,1.0,1,0,False,False,0,False,False,VERIFIED,LOW,Live,True,True,Review KYC and identity records
TXN00009087,2026-03-01 10:02:57,USR62310,MCH2569,,,9982.02,FAILED,45.0,HIGH,P2 - High Priority,"Fraud/Unauthorized Chargeback, Chargeback",True,True,0.0,0,0,False,False,0,False,False,APPROVED,LOW,,True,False,Review transaction and chargeback evidence
TXN00008466,2026-02-25 08:15:38,USR27725,MCH8668,,,6324.05,SUCCESS,45.0,HIGH,P2 - High Priority,"Fraud/Unauthorized Chargeback, Chargeback",True,True,0.0,0,0,False,False,0,False,False,APPROVED,LOW,,True,False,Review transaction and chargeback evidence
TXN00007063,2026-03-29 22:15:58,USR35762,MCH9431,Madan-Kota,TRAVEL,16930.57,SUCCESS,55.0,HIGH,P2 - High Priority,"Fraud/Unauthorized Chargeback, Chargeback, High-Chargeback Merchant",True,True,0.0,0,1,False,False,0,False,False,APPROVED,LOW,Active,True,True,Review transaction and chargeback evidence
TXN00010478,2026-01-11 22:33:40,USR44917,MCH6924,,,1259.97,SUCCESS,65.0,CRITICAL,P1 - Immediate Review,"Fraud/Unauthorized Chargeback, Chargeback, Repeated User Chargebacks, High-Chargeback Merchant",True,True,0.0,1,1,False,False,0,False,False,APPROVED,MEDIUM,,True,False,Immediate fraud investigation
TXN00013293,2026-03-03 12:15:29,USR53940,MCH4195,,,13736.38,FAILED,55.0,HIGH,P2 - High Priority,"Fraud/Unauthorized Chargeback, Chargeback, Repeated User Chargebacks",True,True,0.0,1,0,False,False,0,False,False,,,,False,False,Review transaction and chargeback evidence
TXN00011510,2026-02-22 15:58:20,USR87929,MCH8044,"Sant, Nadkarni and Rajan",DEPARTMENT STORE,8387.23,SUCCESS,60.0,CRITICAL,P1 - Immediate Review,"Fraud/Unauthorized Chargeback, Chargeback, Identity Anomaly",True,True,1.0,0,0,False,False,0,False,False,APPROVED,MEDIUM,A,True,True,Immediate fraud investigation
TXN00001309,2026-01-17 02:37:41,USR42636,MCH3088,Suresh LLC,GROCERY,8492.86,FAILED,60.0,CRITICAL,P1 - Immediate Review,"Fraud/Unauthorized Chargeback, Chargeback, Identity Anomaly",True,True,1.0,0,0,False,False,0,False,False,APPROVED,LOW,Enabled,True,True,Immediate fraud investigation
TXN00008498,2026-02-04 04:58:28,USR23093,MCH5209,,,13894.87,SUCCESS,45.0,HIGH,P2 - High Priority,"Fraud/Unauthorized Chargeback, Chargeback",True,True,0.0,0,0,False,False,0,False,False,VERIFIED,LOW,,True,False,Review transaction and chargeback evidence
TXN00019262,2026-01-28 01:15:07,USR54593,MCH9341,,,24924.7,FAILED,48.0,HIGH,P2 - High Priority,"Fraud/Unauthorized Chargeback, Chargeback, High-Value Transaction",True,True,0.0,0,0,False,False,0,True,False,,,,False,False,Review transaction and chargeback evidence
TXN00019136,2026-02-19 00:00:00,USR32872,MCH3890,Tata-Bal,PHARMACY,15451.78,SUCCESS,60.0,CRITICAL,P1 - Immediate Review,"Fraud/Unauthorized Chargeback, Chargeback, Identity Anomaly",True,True,1.0,0,0,False,False,0,False,False,APPROVED,LOW,Active,True,True,Immediate fraud investigation
TXN00018402,2026-01-08 01:49:35,USR61095,MCH8526,,,14290.5,SUCCESS,45.0,HIGH,P2 - High Priority,"Fraud/Unauthorized Chargeback, Chargeback",True,True,0.0,0,0,False,False,0,False,False,,,,False,False,Review transaction and chargeback evidence
TXN00013740,2026-02-19 05:38:49,USR48697,MCH9227,,,21780.55,FAILED,40.0,HIGH,P3 - Review,"Chargeback, Repeated User Chargebacks, High-Chargeback Merchant, High-Risk User",True,False,0.0,1,1,True,False,0,False,False,APPROVED,HIGH,,True,False,Review supporting risk signals
TXN00017037,2026-02-18 17:56:35,USR15405,MCH4395,  Ramakrishnan-Rastogi  ,MISC_RETAIL,2639.41,SUCCESS,55.0,HIGH,P2 - High Priority,"Fraud/Unauthorized Chargeback, Chargeback, High-Chargeback Merchant",True,True,0.0,0,1,False,False,0,False,False,,,Active,False,True,Review transaction and chargeback evidence
TXN00001655,2026-02-14 08:30:16,USR39017,MCH7349,,,2200.19,SUCCESS,45.0,HIGH,P2 - High Priority,"Fraud/Unauthorized Chargeback, Chargeback",True,True,0.0,0,0,False,False,0,False,False,,,,False,False,Review transaction and chargeback evidence
TXN00009905,2026-02-14 01:58:39,USR30095,MCH2422,SAMPATH-BALASUBRAMANIAN,PHONE SERVICE,22934.55,SUCCESS,45.0,HIGH,P2 - High Priority,"Fraud/Unauthorized Chargeback, Chargeback",True,True,0.0,0,0,False,False,0,False,False,VERIFIED,UNKNOWN,A,True,True,Review transaction and chargeback evidence
TXN00002490,2026-01-31 01:06:44,USR71972,MCH2879,"Pillay, Vora and Karnik",FOOD_SERVICES,9389.49,FAILED,65.0,CRITICAL,P1 - Immediate Review,"Fraud/Unauthorized Chargeback, Chargeback, Identity Anomaly, KYC Rejected/Failed",True,True,1.0,0,0,False,True,0,False,False,REJECTED,LOW,ACTIVE,True,True,Immediate fraud investigation
TXN00003165,2026-02-19 06:07:46,USR69890,MCH3877,,,,SUCCESS,45.0,HIGH,P2 - High Priority,"Fraud/Unauthorized Chargeback, Chargeback",True,True,0.0,0,0,False,False,0,False,False,UNKNOWN,LOW,,True,False,Review transaction and chargeback evidence
TXN00013524,2026-09-03 06:46:26,USR20497,MCH2092,"Dubey, Tara and Thaker",TRANSPORT,21436.8,SUCCESS,45.0,HIGH,P2 - High Priority,"Fraud/Unauthorized Chargeback, Chargeback",True,True,0.0,0,0,False,False,0,False,False,,,Live,False,True,Review transaction and chargeback evidence
TXN00019490,2026-03-12 16:47:54,USR90511,MCH4612,,,5998.91,SUCCESS,45.0,HIGH,P2 - High Priority,"Fraud/Unauthorized Chargeback, Chargeback",True,True,0.0,0,0,False,False,0,False,False,,,,False,False,Review transaction and chargeback evidence
TXN00012216,2026-03-15 22:34:21,USR30393,MCH4231,,,11077.33,FAILED,45.0,HIGH,P2 - High Priority,"Fraud/Unauthorized Chargeback, Chargeback",True,True,0.0,0,0,False,False,0,False,False,APPROVED,LOW,,True,False,Review transaction and chargeback evidence
TXN00003371,2026-12-03 04:59:10,USR14131,MCH2048,,,5475.7,SUCCESS,45.0,HIGH,P2 - High Priority,"Fraud/Unauthorized Chargeback, Chargeback",True,True,0.0,0,0,False,False,0,False,False,,,,False,False,Review transaction and chargeback evidence
TXN00000751,2026-03-05 23:14:00,USR54542,MCH8575,"Doctor, Merchant and Bhatti",TELECOM,2931.28,FAILED,45.0,HIGH,P2 - High Priority,"Fraud/Unauthorized Chargeback, Chargeback",True,True,0.0,0,0,False,False,0,False,False,,,Enabled,False,True,Review transaction and chargeback evidence
TXN00012362,2026-01-16 19:40:45,USR78508,MCH7039,,,8439.86,SUCCESS,55.0,HIGH,P2 - High Priority,"Fraud/Unauthorized Chargeback, Chargeback, Repeated User Chargebacks",True,True,0.0,1,0,False,False,0,False,False,,,,False,False,Review transaction and chargeback evidence
TXN00015102,2026-01-22 16:54:40,USR67674,MCH2320,,,1451.51,SUCCESS,45.0,HIGH,P2 - High Priority,"Fraud/Unauthorized Chargeback, Chargeback",True,True,0.0,0,0,False,False,0,False,False,,,,False,False,Review transaction and chargeback evidence
TXN00019111,2026-03-29 08:51:17,USR22234,MCH7133,DinInc,GROCERY,12522.63,SUCCESS,47.0,HIGH,P2 - High Priority,"Fraud/Unauthorized Chargeback, Chargeback, Risky Merchant Status",True,True,0.0,0,0,False,False,0,False,True,,,Inactive,False,True,Review transaction and chargeback evidence
TXN00010497,2026-01-25 09:45:43,USR42368,MCH7407,,,13220.46,SUCCESS,45.0,HIGH,P2 - High Priority,"Fraud/Unauthorized Chargeback, Chargeback",True,True,0.0,0,0,False,False,0,False,False,,,,False,False,Review transaction and chargeback evidence
TXN00016875,2026-01-20 08:48:04,USR85938,MCH8240,Sur LLC,PHARMACY,13029.84,SUCCESS,45.0,HIGH,P2 - High Priority,"Fraud/Unauthorized Chargeback, Chargeback",True,True,0.0,0,0,False,False,0,False,False,,,Active,False,True,Review transaction and chargeback evidence
TXN00005767,2026-01-10 17:29:32,USR30316,MCH2883,,,6328.41,SUCCESS,45.0,HIGH,P2 - High Priority,"Fraud/Unauthorized Chargeback, Chargeback",True,True,0.0,0,0,False,False,0,False,False,,,,False,False,Review transaction and chargeback evidence
TXN00003813,2026-02-06 23:00:22,USR89902,MCH4919,,,5670.78,SUCCESS,45.0,HIGH,P2 - High Priority,"Fraud/Unauthorized Chargeback, Chargeback",True,True,0.0,0,0,False,False,0,False,False,,,,False,False,Review transaction and chargeback evidence
TXN00018342,2026-02-28 19:42:49,USR82479,MCH4795,,,11709.92,PENDING,45.0,HIGH,P2 - High Priority,"Fraud/Unauthorized Chargeback, Chargeback",True,True,0.0,0,0,False,False,0,False,False,,,,False,False,Review transaction and chargeback evidence
TXN00013602,2026-01-24 03:25:01,USR64301,MCH2230,,,4968.03,DECLINED,45.0,HIGH,P2 - High Priority,"Fraud/Unauthorized Chargeback, Chargeback",True,True,0.0,0,0,False,False,0,False,False,VERIFIED,LOW,,True,False,Review transaction and chargeback evidence
TXN00008016,2026-01-31 00:00:00,USR28121,MCH4555,,,19308.28,SUCCESS,45.0,HIGH,P2 - High Priority,"Fraud/Unauthorized Chargeback, Chargeback",True,True,0.0,0,0,False,False,0,False,False,,,,False,False,Review transaction and chargeback evidence
TXN00001207,2026-02-12 18:22:00,USR69998,MCH2952,,,17085.55,SUCCESS,45.0,HIGH,P2 - High Priority,"Fraud/Unauthorized Chargeback, Chargeback",True,True,0.0,0,0,False,False,0,False,False,,,,False,False,Review transaction and chargeback evidence
TXN00014331,2026-03-02 08:46:49,USR53338,MCH9699,,,3460.71,FAILED,45.0,HIGH,P2 - High Priority,"Fraud/Unauthorized Chargeback, Chargeback",True,True,0.0,0,0,False,False,0,False,False,,,,False,False,Review transaction and chargeback evidence
TXN00016055,2026-03-24 20:39:19,USR85726,MCH7509,,,21027.28,SUCCESS,45.0,HIGH,P2 - High Priority,"Fraud/Unauthorized Chargeback, Chargeback",True,True,0.0,0,0,False,False,0,False,False,,,,False,False,Review transaction and chargeback evidence
TXN00012882,2026-02-23 18:00:20,USR26557,MCH3295,,,20095.76,SUCCESS,45.0,HIGH,P2 - High Priority,"Fraud/Unauthorized Chargeback, Chargeback",True,True,0.0,0,0,False,False,0,False,False,,,,False,False,Review transaction and chargeback evidence
TXN00007622,2026-08-02 18:44:52,USR51254,MCH5542,,,14150.92,SUCCESS,65.0,CRITICAL,P1 - Immediate Review,"Fraud/Unauthorized Chargeback, Chargeback, Repeated User Chargebacks, High-Chargeback Merchant",True,True,0.0,1,1,False,False,0,False,False,,,,False,False,Immediate fraud investigation
TXN00007941,2026-01-15 01:31:15,USR84450,MCH7785,,,9094.23,SUCCESS,50.0,HIGH,P2 - High Priority,"Fraud/Unauthorized Chargeback, Chargeback, Velocity Anomaly",True,True,0.0,0,0,False,False,1,False,False,APPROVED,LOW,,True,False,Review transaction and chargeback evidence
TXN00017134,2026-01-22 17:48:36,USR29312,MCH4751,,,6093.97,SUCCESS,45.0,HIGH,P2 - High Priority,"Fraud/Unauthorized Chargeback, Chargeback",True,True,0.0,0,0,False,False,0,False,False,,,,False,False,Review transaction and chargeback evidence
TXN00010627,2026-01-01 11:49:53,USR47994,MCH8555,Gopal LLC,BOOKS,,SUCCESS,45.0,HIGH,P2 - High Priority,"Fraud/Unauthorized Chargeback, Chargeback",True,True,0.0,0,0,False,False,0,False,False,APPROVED,LOW,A,True,True,Review transaction and chargeback evidence
TXN00011868,2026-01-22 03:59:46,USR86284,MCH4592,,,530.92,SUCCESS,45.0,HIGH,P2 - High Priority,"Fraud/Unauthorized Chargeback, Chargeback",True,True,0.0,0,0,False,False,0,False,False,,,,False,False,Review transaction and chargeback evidence
TXN00011910,2026-06-01 07:23:44,USR93515,MCH8705,"Sahota, Kale and Patil",TRANSPORT,285.59,SUCCESS,45.0,HIGH,P2 - High Priority,"Fraud/Unauthorized Chargeback, Chargeback",True,True,0.0,0,0,False,False,0,False,False,,,Enabled,False,True,Review transaction and chargeback evidence
TXN00015494,2026-02-22 00:44:51,USR49885,MCH7902,deol inc,TRANSPORT,10191.82,SUCCESS,45.0,HIGH,P2 - High Priority,"Fraud/Unauthorized Chargeback, Chargeback",True,True,0.0,0,0,False,False,0,False,False,,,Active,False,True,Review transaction and chargeback evidence
TXN00003766,2026-03-22 12:39:24,USR36855,MCH5744,Dalal-Lall,HOTEL_LODGING,7505.55,SUCCESS,45.0,HIGH,P2 - High Priority,"Fraud/Unauthorized Chargeback, Chargeback",True,True,0.0,0,0,False,False,0,False,False,,,Live,False,True,Review transaction and chargeback evidence
TXN00001780,2026-01-26 10:52:49,USR96925,MCH9550,Chandra-Sangha,BOOKS,21023.38,SUCCESS,60.0,CRITICAL,P1 - Immediate Review,"Fraud/Unauthorized Chargeback, Chargeback, Identity Anomaly",True,True,1.0,0,0,False,False,0,False,False,VERIFIED,MEDIUM,ACTIVE,True,True,Immediate fraud investigation
TXN00004779,2026-03-20 23:17:04,USR76805,MCH7371,"Ghose, Handa and Golla",MEDICAL_STORE,6036.72,SUCCESS,45.0,HIGH,P2 - High Priority,"Fraud/Unauthorized Chargeback, Chargeback",True,True,0.0,0,0,False,False,0,False,False,APPROVED,LOW,A,True,True,Review transaction and chargeback evidence
TXN00016497,2026-01-14 12:42:26,USR82884,MCH1204,,,8459.51,SUCCESS,45.0,HIGH,P2 - High Priority,"Fraud/Unauthorized Chargeback, Chargeback",True,True,0.0,0,0,False,False,0,False,False,,,,False,False,Review transaction and chargeback evidence
TXN00008403,2026-01-04 02:08:21,USR46267,MCH5474,,,14587.49,SUCCESS,45.0,HIGH,P2 - High Priority,"Fraud/Unauthorized Chargeback, Chargeback",True,True,0.0,0,0,False,False,0,False,False,,,,False,False,Review transaction and chargeback evidence
TXN00002926,2026-01-18 16:00:17,USR30575,MCH1382,,,22549.49,SUCCESS,65.0,CRITICAL,P1 - Immediate Review,"Fraud/Unauthorized Chargeback, Chargeback, Repeated User Chargebacks, High-Chargeback Merchant",True,True,0.0,1,1,False,False,0,False,False,,,,False,False,Immediate fraud investigation
TXN00006755,2026-03-04 19:53:51,USR40970,MCH6502,Mall PLC,MISC_RETAIL,45.69,SUCCESS,57.0,HIGH,P2 - High Priority,"Fraud/Unauthorized Chargeback, Chargeback, Repeated User Chargebacks, Risky Merchant Status",True,True,0.0,1,0,False,False,0,False,True,,,Inactive,False,True,Review transaction and chargeback evidence
TXN00019971,2026-03-25 01:09:43,USR45039,MCH9269,,,8054.55,FAILED,60.0,CRITICAL,P1 - Immediate Review,"Fraud/Unauthorized Chargeback, Chargeback, Identity Anomaly",True,True,1.0,0,0,False,False,0,False,False,APPROVED,LOW,,True,False,Immediate fraud investigation
TXN00011216,2026-02-23 12:11:09,USR92951,MCH1109,Sinha-Bumb,TRANSPORT,,SUCCESS,45.0,HIGH,P2 - High Priority,"Fraud/Unauthorized Chargeback, Chargeback",True,True,0.0,0,0,False,False,0,False,False,,,ACTIVE,False,True,Review transaction and chargeback evidence
TXN00019669,2026-03-04 09:52:32,USR65418,MCH8903,Keer-Sagar,GROCERY,,PENDING,65.0,CRITICAL,P1 - Immediate Review,"Fraud/Unauthorized Chargeback, Chargeback, Repeated User Chargebacks, High-Chargeback Merchant",True,True,0.0,1,1,False,False,0,False,False,,,A,False,True,Immediate fraud investigation
TXN00019245,2026-01-12 12:14:38,USR52299,MCH6960,DAS-DHAWAN,FOOD_SERVICES,24866.41,SUCCESS,68.0,CRITICAL,P1 - Immediate Review,"Fraud/Unauthorized Chargeback, Chargeback, Repeated User Chargebacks, High-Chargeback Merchant, High-Value Transaction",True,True,0.0,1,1,False,False,0,True,False,APPROVED,LOW,Active,True,True,Immediate fraud investigation
TXN00014086,2026-03-18 21:17:43,USR71660,MCH1371,,,11378.83,SUCCESS,55.0,HIGH,P2 - High Priority,"Fraud/Unauthorized Chargeback, Chargeback, Repeated User Chargebacks",True,True,0.0,1,0,False,False,0,False,False,APPROVED,LOW,,True,False,Review transaction and chargeback evidence
TXN00004880,2026-08-01 02:04:59,USR67337,MCH9219,  Baria Inc  ,TELECOM,,SUCCESS,45.0,HIGH,P2 - High Priority,"Fraud/Unauthorized Chargeback, Chargeback",True,True,0.0,0,0,False,False,0,False,False,,,Active,False,True,Review transaction and chargeback evidence
TXN00010202,2026-01-26 20:50:31,USR67133,MCH6694,,,4310.78,SUCCESS,45.0,HIGH,P2 - High Priority,"Fraud/Unauthorized Chargeback, Chargeback",True,True,0.0,0,0,False,False,0,False,False,,,,False,False,Review transaction and chargeback evidence
TXN00004045,2026-03-15 08:41:49,USR51228,MCH5946,,,10285.65,SUCCESS,45.0,HIGH,P2 - High Priority,"Fraud/Unauthorized Chargeback, Chargeback",True,True,0.0,0,0,False,False,0,False,False,,,,False,False,Review transaction and chargeback evidence
TXN00018961,2026-02-10 09:16:46,USR44225,MCH7982,De0 Ltd,DEPARTMENT STORE,15919.36,SUCCESS,55.0,HIGH,P2 - High Priority,"Fraud/Unauthorized Chargeback, Chargeback, High-Chargeback Merchant",True,True,0.0,0,1,False,False,0,False,False,APPROVED,MEDIUM,Enabled,True,True,Review transaction and chargeback evidence
TXN00015571,2026-01-27 07:36:05,USR13385,MCH7119,,,21848.94,SUCCESS,45.0,HIGH,P2 - High Priority,"Fraud/Unauthorized Chargeback, Chargeback",True,True,0.0,0,0,False,False,0,False,False,APPROVED,MEDIUM,,True,False,Review transaction and chargeback evidence
TXN00005344,2026-03-20 17:02:35,USR34217,MCH3143,"ZACHARIA, BUCH AND YADAV",DEPARTMENT STORE,4044.58,SUCCESS,45.0,HIGH,P2 - High Priority,"Fraud/Unauthorized Chargeback, Chargeback",True,True,0.0,0,0,False,False,0,False,False,VERIFIED,LOW,Live,True,True,Review transaction and chargeback evidence
TXN00012998,2026-03-11 09:43:53,USR93586,MCH8336,,,21691.8,SUCCESS,65.0,CRITICAL,P1 - Immediate Review,"Fraud/Unauthorized Chargeback, Chargeback, Identity Anomaly, High-Risk User",True,True,1.0,0,0,True,False,0,False,False,APPROVED,HIGH,,True,False,Immediate fraud investigation
TXN00013406,2026-01-01 09:58:16,USR50378,MCH2484,,,8628.4,SUCCESS,60.0,CRITICAL,P1 - Immediate Review,"Fraud/Unauthorized Chargeback, Chargeback, Identity Anomaly",True,True,1.0,0,0,False,False,0,False,False,APPROVED,LOW,,True,False,Immediate fraud investigation
TXN00018881,2026-02-04 19:53:12,USR65839,MCH4067,,,,SUCCESS,55.0,HIGH,P2 - High Priority,"Fraud/Unauthorized Chargeback, Chargeback, High-Chargeback Merchant",True,True,0.0,0,1,False,False,0,False,False,,,,False,False,Review transaction and chargeback evidence
TXN00000406,2026-03-11 18:00:45,USR15222,MCH5170,,,22389.13,SUCCESS,45.0,HIGH,P2 - High Priority,"Fraud/Unauthorized Chargeback, Chargeback",True,True,0.0,0,0,False,False,0,False,False,VERIFIED,LOW,,True,False,Review transaction and chargeback evidence
TXN00002909,2026-01-08 03:51:05,USR44208,MCH1579,,,7611.93,SUCCESS,45.0,HIGH,P2 - High Priority,"Fraud/Unauthorized Chargeback, Chargeback",True,True,0.0,0,0,False,False,0,False,False,APPROVED,LOW,,True,False,Review transaction and chargeback evidence
TXN00010454,2026-03-02 18:33:27,USR88654,MCH1476,,,22573.5,PENDING,55.0,HIGH,P2 - High Priority,"Fraud/Unauthorized Chargeback, Chargeback, Repeated User Chargebacks",True,True,0.0,1,0,False,False,0,False,False,,,,False,False,Review transaction and chargeback evidence
TXN00001653,2026-03-09 00:00:00,USR86779,MCH2301,,,6585.18,SUCCESS,45.0,HIGH,P2 - High Priority,"Fraud/Unauthorized Chargeback, Chargeback",True,True,0.0,0,0,False,False,0,False,False,,,,False,False,Review transaction and chargeback evidence
TXN00003017,2026-02-15 02:13:43,USR15528,MCH7989,,,18320.15,SUCCESS,45.0,HIGH,P2 - High Priority,"Fraud/Unauthorized Chargeback, Chargeback",True,True,0.0,0,0,False,False,0,False,False,VERIFIED,LOW,,True,False,Review transaction and chargeback evidence
TXN00002760,2026-01-17 04:18:37,USR38441,MCH2180,Chaudry-Sidhu,APPAREL,,SUCCESS,45.0,HIGH,P2 - High Priority,"Fraud/Unauthorized Chargeback, Chargeback",True,True,0.0,0,0,False,False,0,False,False,,,Live,False,True,Review transaction and chargeback evidence
TXN00006654,2026-02-03 06:55:08,USR57669,MCH7202,UPPAL PLC,TRANSPORT,-4466.5,DECLINED,45.0,HIGH,P2 - High Priority,"Fraud/Unauthorized Chargeback, Chargeback",True,True,0.0,0,0,False,False,0,False,False,,,Disabled,False,True,Review transaction and chargeback evidence
TXN00011289,2026-03-06 19:35:20,USR34760,MCH2523,Sarma Inc,MISC_RETAIL,11014.39,SUCCESS,55.0,HIGH,P2 - High Priority,"Fraud/Unauthorized Chargeback, Chargeback, Repeated User Chargebacks",True,True,0.0,1,0,False,False,0,False,False,APPROVED,LOW,Enabled,True,True,Review transaction and chargeback evidence
TXN00005572,2026-03-13 01:38:55,USR72566,MCH1738,,,1641.27,SUCCESS,45.0,HIGH,P2 - High Priority,"Fraud/Unauthorized Chargeback, Chargeback",True,True,0.0,0,0,False,False,0,False,False,PENDING,MEDIUM,,True,False,Review transaction and chargeback evidence
TXN00007791,2026-03-19 14:26:02,USR21123,MCH6122,Som-Seth,TRANSPORT,13727.82,SUCCESS,50.0,HIGH,P2 - High Priority,"Fraud/Unauthorized Chargeback, Chargeback, Velocity Anomaly",True,True,0.0,0,0,False,False,1,False,False,,,Active,False,True,Review transaction and chargeback evidence
TXN00013720,2026-02-26 00:00:00,USR44676,MCH4510,  Bora Ltd  ,MOBILE RECHARGE,2125.9,SUCCESS,45.0,HIGH,P2 - High Priority,"Fraud/Unauthorized Chargeback, Chargeback",True,True,0.0,0,0,False,False,0,False,False,,,ACTIVE,False,True,Review transaction and chargeback evidence
TXN00004797,2026-03-02 23:31:57,USR35227,MCH5909,,,4115.53,FAILED,45.0,HIGH,P2 - High Priority,"Fraud/Unauthorized Chargeback, Chargeback",True,True,0.0,0,0,False,False,0,False,False,,,,False,False,Review transaction and chargeback evidence
TXN00014032,2026-03-21 04:24:13,USR75038,MCH9075,BHAKTA INC,PHONE SERVICE,20371.76,SUCCESS,45.0,HIGH,P2 - High Priority,"Fraud/Unauthorized Chargeback, Chargeback",True,True,0.0,0,0,False,False,0,False,False,VERIFIED,LOW,I,True,True,Review transaction and chargeback evidence
TXN00001072,2026-02-15 03:14:03,USR73837,MCH2524,,,,SUCCESS,45.0,HIGH,P2 - High Priority,"Fraud/Unauthorized Chargeback, Chargeback",True,True,0.0,0,0,False,False,0,False,False,,,,False,False,Review transaction and chargeback evidence
TXN00008557,2026-01-10 00:00:00,USR84328,MCH4331,"Wali, Buch and Nagi",APPAREL,-1686.67,SUCCESS,47.0,HIGH,P2 - High Priority,"Fraud/Unauthorized Chargeback, Chargeback, Risky Merchant Status",True,True,0.0,0,0,False,False,0,False,True,VERIFIED,LOW,INACTIVE,True,True,Review transaction and chargeback evidence
TXN00016308,2026-03-21 04:10:15,USR95878,MCH4452,,,3742.22,SUCCESS,45.0,HIGH,P2 - High Priority,"Fraud/Unauthorized Chargeback, Chargeback",True,True,0.0,0,0,False,False,0,False,False,,,,False,False,Review transaction and chargeback evidence
TXN00016623,2026-03-22 07:38:26,USR82423,MCH6637,Sagar Group,RETAIL,10583.72,SUCCESS,60.0,CRITICAL,P1 - Immediate Review,"Fraud/Unauthorized Chargeback, Chargeback, Identity Anomaly",True,True,1.0,0,0,False,False,0,False,False,PENDING,LOW,Live,True,True,Immediate fraud investigation
TXN00013105,2026-03-28 07:39:12,USR82413,MCH4471,,,17817.32,SUCCESS,45.0,HIGH,P2 - High Priority,"Fraud/Unauthorized Chargeback, Chargeback",True,True,0.0,0,0,False,False,0,False,False,APPROVED,MEDIUM,,True,False,Review transaction and chargeback evidence
TXN00011425,2026-10-01 21:01:47,USR27557,MCH1739,keer group,MISC_RETAIL,,SUCCESS,60.0,CRITICAL,P1 - Immediate Review,"Fraud/Unauthorized Chargeback, Chargeback, Identity Anomaly",True,True,1.0,0,0,False,False,0,False,False,VERIFIED,LOW,Active,True,True,Immediate fraud investigation
TXN00013107,2026-01-21 22:20:28,USR34733,MCH9675,Mand-Varkey,MEDICAL,9686.57,SUCCESS,65.0,CRITICAL,P1 - Immediate Review,"Fraud/Unauthorized Chargeback, Chargeback, Repeated User Chargebacks, High-Chargeback Merchant",True,True,0.0,1,1,False,False,0,False,False,,,I,False,True,Immediate fraud investigation
TXN00017653,2026-03-26 17:56:23,USR53656,MCH8855,,,14201.58,SUCCESS,45.0,HIGH,P2 - High Priority,"Fraud/Unauthorized Chargeback, Chargeback",True,True,0.0,0,0,False,False,0,False,False,,,,False,False,Review transaction and chargeback evidence
TXN00013194,2026-02-16 04:46:39,USR61238,MCH9810,,,14224.78,SUCCESS,60.0,CRITICAL,P1 - Immediate Review,"Fraud/Unauthorized Chargeback, Chargeback, Identity Anomaly",True,True,1.0,0,0,False,False,0,False,False,APPROVED,LOW,,True,False,Immediate fraud investigation
TXN00002674,2026-01-17 23:59:14,USR93269,MCH9457,Som-Ravi,DEPARTMENT STORE,4988.39,SUCCESS,50.0,HIGH,P2 - High Priority,"Fraud/Unauthorized Chargeback, Chargeback, Velocity Anomaly",True,True,0.0,0,0,False,False,1,False,False,,,ACTIVE,False,True,Review transaction and chargeback evidence
TXN00017373,2026-01-19 17:50:56,USR53625,MCH4084,Mitra PLC,DEPARTMENT STORE,188.18,SUCCESS,50.0,HIGH,P2 - High Priority,"Fraud/Unauthorized Chargeback, Chargeback, High-Risk User",True,True,0.0,0,0,True,False,0,False,False,PENDING,HIGH,Enabled,True,True,Review transaction and chargeback evidence
TXN00013171,2026-01-03 09:47:51,USR39123,MCH4986,,,13307.68,SUCCESS,45.0,HIGH,P2 - High Priority,"Fraud/Unauthorized Chargeback, Chargeback",True,True,0.0,0,0,False,False,0,False,False,VERIFIED,MEDIUM,,True,False,Review transaction and chargeback evidence
TXN00010499,2026-03-01 21:17:35,USR49178,MCH4296,Varty-Varma,MISC_RETAIL,,SUCCESS,45.0,HIGH,P2 - High Priority,"Fraud/Unauthorized Chargeback, Chargeback",True,True,0.0,0,0,False,False,0,False,False,APPROVED,LOW,ACTIVE,True,True,Review transaction and chargeback evidence
TXN00005061,2026-03-17 02:26:58,USR21627,MCH9592,,,23322.36,SUCCESS,45.0,HIGH,P2 - High Priority,"Fraud/Unauthorized Chargeback, Chargeback",True,True,0.0,0,0,False,False,0,False,False,,,,False,False,Review transaction and chargeback evidence
TXN00009464,2026-03-26 15:26:19,USR97887,MCH7639,Guha and Sons,APPAREL,12180.53,SUCCESS,45.0,HIGH,P2 - High Priority,"Fraud/Unauthorized Chargeback, Chargeback",True,True,0.0,0,0,False,False,0,False,False,,,Enabled,False,True,Review transaction and chargeback evidence
TXN00014807,2026-02-21 18:26:56,USR27139,MCH1714,Sampath LLC,APPAREL,7264.53,SUCCESS,50.0,HIGH,P2 - High Priority,"Fraud/Unauthorized Chargeback, Chargeback, High-Risk User",True,True,0.0,0,0,True,False,0,False,False,VERIFIED,HIGH,Enabled,True,True,Review transaction and chargeback evidence
TXN00017298,2026-02-10 18:27:16,USR95790,MCH6389,,,,SUCCESS,45.0,HIGH,P2 - High Priority,"Fraud/Unauthorized Chargeback, Chargeback",True,True,0.0,0,0,False,False,0,False,False,,,,False,False,Review transaction and chargeback evidence
TXN00012918,2026-01-20 03:43:56,USR45153,MCH5941,G0ur Ltd,BOOKS,15330.68,SUCCESS,47.0,HIGH,P2 - High Priority,"Fraud/Unauthorized Chargeback, Chargeback, Risky Merchant Status",True,True,0.0,0,0,False,False,0,False,True,,,Inactive,False,True,Review transaction and chargeback evidence
TXN00015787,2026-02-17 07:45:09,USR66771,MCH8002,,,6271.15,DECLINED,45.0,HIGH,P2 - High Priority,"Fraud/Unauthorized Chargeback, Chargeback",True,True,0.0,0,0,False,False,0,False,False,,,,False,False,Review transaction and chargeback evidence
TXN00000007,2026-01-22 16:07:07,USR94832,MCH1209,,,1461.51,PROCESSING,45.0,HIGH,P2 - High Priority,"Fraud/Unauthorized Chargeback, Chargeback",True,True,0.0,0,0,False,False,0,False,False,,,,False,False,Review transaction and chargeback evidence
TXN00008276,2026-09-01 16:30:11,USR70794,MCH1079,Sharaf and Sons,MOBILE RECHARGE,18557.6,SUCCESS,65.0,CRITICAL,P1 - Immediate Review,"Fraud/Unauthorized Chargeback, Chargeback, Repeated User Chargebacks, High-Chargeback Merchant",True,True,0.0,1,1,False,False,0,False,False,,,A,False,True,Immediate fraud investigation
TXN00016001,2026-03-14 03:09:25,USR58610,MCH3281,Ranganathan and Sons,RETAIL,120.0,FAIL,60.0,CRITICAL,P1 - Immediate Review,"Fraud/Unauthorized Chargeback, Chargeback, Repeated User Chargebacks, High-Risk User",True,True,0.0,1,0,True,False,0,False,False,APPROVED,HIGH,Enabled,True,True,Immediate fraud investigation
TXN00003616,2026-01-18 07:52:25,USR18694,MCH5643,,,2184.56,FAIL,45.0,HIGH,P2 - High Priority,"Fraud/Unauthorized Chargeback, Chargeback",True,True,0.0,0,0,False,False,0,False,False,,,,False,False,Review transaction and chargeback evidence
TXN00005485,2026-03-24 00:00:00,USR26223,MCH9135,"NATH, SAMRA AND CHOPRA",MOBILE RECHARGE,17326.08,SUCCESS,45.0,HIGH,P2 - High Priority,"Fraud/Unauthorized Chargeback, Chargeback",True,True,0.0,0,0,False,False,0,False,False,,,Active,False,True,Review transaction and chargeback evidence
TXN00007940,2026-03-03 07:59:45,USR41230,MCH5335,Daya1-Gera,HOTEL_LODGING,11889.22,SUCCESS,45.0,HIGH,P2 - High Priority,"Fraud/Unauthorized Chargeback, Chargeback",True,True,0.0,0,0,False,False,0,False,False,APPROVED,LOW,Live,True,True,Review transaction and chargeback evidence
TXN00015427,2026-02-22 20:36:25,USR86386,MCH8217,,,15289.74,SUCCESS,45.0,HIGH,P2 - High Priority,"Fraud/Unauthorized Chargeback, Chargeback",True,True,0.0,0,0,False,False,0,False,False,,,,False,False,Review transaction and chargeback evidence
TXN00005146,2026-01-07 01:07:46,USR65690,MCH7778,,,21997.15,SUCCESS,45.0,HIGH,P2 - High Priority,"Fraud/Unauthorized Chargeback, Chargeback",True,True,0.0,0,0,False,False,0,False,False,,,,False,False,Review transaction and chargeback evidence
TXN00008407,2026-02-07 17:30:03,USR68849,MCH7879,SAWHNEY-GODA,TELECOM,102.95,FAIL,45.0,HIGH,P2 - High Priority,"Fraud/Unauthorized Chargeback, Chargeback",True,True,0.0,0,0,False,False,0,False,False,VERIFIED,LOW,Active,True,True,Review transaction and chargeback evidence
TXN00014312,2026-03-16 00:00:00,USR40420,MCH8086,  Contractor-Narain  ,FOOD_SERVICES,,SUCCESS,60.0,CRITICAL,P1 - Immediate Review,"Fraud/Unauthorized Chargeback, Chargeback, Identity Anomaly",True,True,1.0,0,0,False,False,0,False,False,APPROVED,MEDIUM,Enabled,True,True,Immediate fraud investigation
TXN00016351,2026-03-27 20:23:27,USR94071,MCH6336,"Kunda, Kumar and Gulati",TRANSPORT,2010.23,SUCCESS,60.0,CRITICAL,P1 - Immediate Review,"Fraud/Unauthorized Chargeback, Chargeback, Identity Anomaly",True,True,1.0,0,0,False,False,0,False,False,APPROVED,MEDIUM,Enabled,True,True,Immediate fraud investigation
TXN00002316,2026-03-25 21:50:54,USR94513,MCH6471,,,3295.91,SUCCESS,60.0,CRITICAL,P1 - Immediate Review,"Fraud/Unauthorized Chargeback, Chargeback, Identity Anomaly",True,True,1.0,0,0,False,False,0,False,False,VERIFIED,LOW,,True,False,Immediate fraud investigation
TXN00007235,2026-02-04 20:03:15,USR92283,MCH7068,,,8470.47,SUCCESS,60.0,CRITICAL,P1 - Immediate Review,"Fraud/Unauthorized Chargeback, Chargeback, Identity Anomaly",True,True,1.0,0,0,False,False,0,False,False,VERIFIED,LOW,,True,False,Immediate fraud investigation
TXN00005582,2026-03-10 09:36:53,USR89504,MCH6961,,,9063.71,SUCCESS,45.0,HIGH,P2 - High Priority,"Fraud/Unauthorized Chargeback, Chargeback",True,True,0.0,0,0,False,False,0,False,False,,,,False,False,Review transaction and chargeback evidence
TXN00012089,2026-03-07 09:37:30,USR29970,MCH5785,Vohra Inc,APPAREL,15307.62,SUCCESS,45.0,HIGH,P2 - High Priority,"Fraud/Unauthorized Chargeback, Chargeback",True,True,0.0,0,0,False,False,0,False,False,,,Active,False,True,Review transaction and chargeback evidence
TXN00006468,2026-02-24 05:02:10,USR20876,MCH8850,,,1773.05,PENDING,60.0,CRITICAL,P1 - Immediate Review,"Fraud/Unauthorized Chargeback, Chargeback, Identity Anomaly",True,True,1.0,0,0,False,False,0,False,False,VERIFIED,LOW,,True,False,Immediate fraud investigation
TXN00008369,2026-01-07 03:35:49,USR17926,MCH5490,"Bahl, Kakar and Dara",APPAREL,15462.47,SUCCESS,45.0,HIGH,P2 - High Priority,"Fraud/Unauthorized Chargeback, Chargeback",True,True,0.0,0,0,False,False,0,False,False,,,ACTIVE,False,True,Review transaction and chargeback evidence
TXN00007026,2026-03-24 11:24:09,USR77744,MCH4753,,,12338.61,PENDING,45.0,HIGH,P2 - High Priority,"Fraud/Unauthorized Chargeback, Chargeback",True,True,0.0,0,0,False,False,0,False,False,APPROVED,MEDIUM,,True,False,Review transaction and chargeback evidence
TXN00018872,2026-03-24 07:02:02,USR79520,MCH1023,,,8676.72,SUCCESS,45.0,HIGH,P2 - High Priority,"Fraud/Unauthorized Chargeback, Chargeback",True,True,0.0,0,0,False,False,0,False,False,,,,False,False,Review transaction and chargeback evidence
TXN00011403,2026-03-19 21:48:44,USR13039,MCH6257,"Parsa, Rana and Raja",FOOD_SERVICES,22031.12,PENDING,65.0,CRITICAL,P1 - Immediate Review,"Fraud/Unauthorized Chargeback, Chargeback, Repeated User Chargebacks, High-Chargeback Merchant",True,True,0.0,1,1,False,False,0,False,False,VERIFIED,MEDIUM,A,True,True,Immediate fraud investigation
TXN00006138,2026-01-27 13:21:58,USR87415,MCH6972,Badal-Kamdar,HOTEL_LODGING,23330.49,SUCCESS,45.0,HIGH,P2 - High Priority,"Fraud/Unauthorized Chargeback, Chargeback",True,True,0.0,0,0,False,False,0,False,False,,,Enabled,False,True,Review transaction and chargeback evidence
TXN00001679,2026-03-08 14:01:43,USR41275,MCH4395,  Ramakrishnan-Rastogi  ,MISC_RETAIL,4346.38,SUCCESS,65.0,CRITICAL,P1 - Immediate Review,"Fraud/Unauthorized Chargeback, Chargeback, Repeated User Chargebacks, High-Chargeback Merchant",True,True,0.0,1,1,False,False,0,False,False,,,Active,False,True,Immediate fraud investigation
TXN00011308,2026-03-14 10:46:02,USR93068,MCH6079,"Chaudhuri, Mody and Goswami",MEDICAL_STORE,3565.73,SUCCESS,45.0,HIGH,P2 - High Priority,"Fraud/Unauthorized Chargeback, Chargeback",True,True,0.0,0,0,False,False,0,False,False,,,Closed,False,True,Review transaction and chargeback evidence
TXN00014058,2026-02-26 07:23:24,USR73475,MCH5891,,,20565.18,SUCCESS,55.0,HIGH,P3 - Review,"Chargeback, Identity Anomaly, Repeated User Chargebacks, High-Chargeback Merchant, KYC Rejected/Failed",True,False,1.0,1,1,False,True,0,False,False,REJECTED,UNKNOWN,,True,False,Review KYC and identity records
TXN00000967,2026-03-14 00:00:00,USR76787,MCH8674,"Mani, Dutta and Issac",FOOD_SERVICES,17978.96,SUCCESS,45.0,HIGH,P2 - High Priority,"Fraud/Unauthorized Chargeback, Chargeback",True,True,0.0,0,0,False,False,0,False,False,,,Live,False,True,Review transaction and chargeback evidence
TXN00004835,2026-03-24 07:43:54,USR19463,MCH7815,,,13680.66,SUCCESS,45.0,HIGH,P2 - High Priority,"Fraud/Unauthorized Chargeback, Chargeback",True,True,0.0,0,0,False,False,0,False,False,,,,False,False,Review transaction and chargeback evidence
TXN00007758,2026-03-06 09:53:24,USR83071,MCH2860,Ahluwalia Ltd,HOTEL_LODGING,22044.12,SUCCESS,45.0,HIGH,P2 - High Priority,"Fraud/Unauthorized Chargeback, Chargeback",True,True,0.0,0,0,False,False,0,False,False,,,A,False,True,Review transaction and chargeback evidence
TXN00008141,2026-03-24 20:45:26,USR59825,MCH9408,Arya-Vig,TRANSPORT,3015.57,SUCCESS,45.0,HIGH,P2 - High Priority,"Fraud/Unauthorized Chargeback, Chargeback",True,True,0.0,0,0,False,False,0,False,False,APPROVED,LOW,Active,True,True,Review transaction and chargeback evidence
TXN00002374,2026-03-03 06:04:20,USR36989,MCH8471,,,,FAIL,45.0,HIGH,P2 - High Priority,"Fraud/Unauthorized Chargeback, Chargeback",True,True,0.0,0,0,False,False,0,False,False,,,,False,False,Review transaction and chargeback evidence
TXN00018498,2026-05-01 23:57:17,USR55611,MCH7669,,,2904.71,SUCCESS,60.0,CRITICAL,P1 - Immediate Review,"Fraud/Unauthorized Chargeback, Chargeback, Identity Anomaly",True,True,1.0,0,0,False,False,0,False,False,APPROVED,LOW,,True,False,Immediate fraud investigation
TXN00016562,2026-03-04 14:36:09,USR23412,MCH4943,Sawhney-Dugar,HOTEL_LODGING,19081.73,SUCCESS,45.0,HIGH,P2 - High Priority,"Fraud/Unauthorized Chargeback, Chargeback",True,True,0.0,0,0,False,False,0,False,False,,,Disabled,False,True,Review transaction and chargeback evidence
TXN00001042,2026-07-01 16:40:51,USR36504,MCH6095,"Sahota, Misra and Kata",STATIONERY,19770.17,SUCCESS,55.0,HIGH,P2 - High Priority,"Fraud/Unauthorized Chargeback, Chargeback, High-Chargeback Merchant",True,True,0.0,0,1,False,False,0,False,False,,,Live,False,True,Review transaction and chargeback evidence
TXN00008011,2026-01-16 01:48:55,USR73253,MCH3991,,,20986.81,SUCCESS,45.0,HIGH,P2 - High Priority,"Fraud/Unauthorized Chargeback, Chargeback",True,True,0.0,0,0,False,False,0,False,False,,,,False,False,Review transaction and chargeback evidence
TXN00010218,2026-03-12 15:49:15,USR53938,MCH4339,,,7883.26,SUCCESS,55.0,HIGH,P2 - High Priority,"Fraud/Unauthorized Chargeback, Chargeback, Repeated User Chargebacks",True,True,0.0,1,0,False,False,0,False,False,,,,False,False,Review transaction and chargeback evidence
TXN00003784,2026-01-22 01:41:06,USR44961,MCH3233,"Dada, Pingle and Date",APPAREL,20665.51,SUCCESS,45.0,HIGH,P2 - High Priority,"Fraud/Unauthorized Chargeback, Chargeback",True,True,0.0,0,0,False,False,0,False,False,VERIFIED,LOW,Disabled,True,True,Review transaction and chargeback evidence
TXN00016040,2026-03-15 21:13:50,USR91958,MCH2151,,,9770.15,FAILED,45.0,HIGH,P2 - High Priority,"Fraud/Unauthorized Chargeback, Chargeback",True,True,0.0,0,0,False,False,0,False,False,,,,False,False,Review transaction and chargeback evidence
TXN00012446,2026-01-05 00:00:00,USR22905,MCH5844,,,162.13,SUCCESS,45.0,HIGH,P2 - High Priority,"Fraud/Unauthorized Chargeback, Chargeback",True,True,0.0,0,0,False,False,0,False,False,,,,False,False,Review transaction and chargeback evidence
TXN00001742,2026-01-16 23:24:58,USR21853,MCH3213,,,18343.02,SUCCESS,45.0,HIGH,P2 - High Priority,"Fraud/Unauthorized Chargeback, Chargeback",True,True,0.0,0,0,False,False,0,False,False,,,,False,False,Review transaction and chargeback evidence
TXN00013127,2026-03-17 20:40:33,USR95868,MCH9300,,,4296.11,SUCCESS,50.0,HIGH,P2 - High Priority,"Fraud/Unauthorized Chargeback, Chargeback, KYC Rejected/Failed",True,True,0.0,0,0,False,True,0,False,False,REJECTED,LOW,,True,False,Review transaction and chargeback evidence
TXN00008970,2026-03-05 01:36:15,USR48734,MCH6090,Bahl-Ramanathan,HOTEL_LODGING,,PROCESSING,65.0,CRITICAL,P1 - Immediate Review,"Fraud/Unauthorized Chargeback, Chargeback, Repeated User Chargebacks, High-Risk User, KYC Rejected/Failed",True,True,0.0,1,0,True,True,0,False,False,REJECTED,HIGH,Live,True,True,Immediate fraud investigation
TXN00000084,2026-03-17 01:22:47,USR83473,MCH6040,,,1598.32,SUCCESS,45.0,HIGH,P2 - High Priority,"Fraud/Unauthorized Chargeback, Chargeback",True,True,0.0,0,0,False,False,0,False,False,,,,False,False,Review transaction and chargeback evidence
TXN00019762,2026-02-17 07:14:34,USR57799,MCH7911,,,24378.11,SUCCESS,48.0,HIGH,P2 - High Priority,"Fraud/Unauthorized Chargeback, Chargeback, High-Value Transaction",True,True,0.0,0,0,False,False,0,True,False,,,,False,False,Review transaction and chargeback evidence
TXN00002770,2026-03-01 16:42:28,USR75185,MCH1930,,,16993.71,SUCCESS,55.0,HIGH,P2 - High Priority,"Fraud/Unauthorized Chargeback, Chargeback, Repeated User Chargebacks",True,True,0.0,1,0,False,False,0,False,False,APPROVED,LOW,,True,False,Review transaction and chargeback evidence
TXN00010068,2026-03-13 07:04:27,USR87038,MCH8699,,,18806.35,SUCCESS,45.0,HIGH,P2 - High Priority,"Fraud/Unauthorized Chargeback, Chargeback",True,True,0.0,0,0,False,False,0,False,False,IN_PROGRESS,UNKNOWN,,True,False,Review transaction and chargeback evidence
TXN00008421,2026-01-02 06:29:34,USR80889,MCH9979,"Bandi, Gupta and Sarma",TRANSPORT,14300.0,SUCCESS,45.0,HIGH,P2 - High Priority,"Fraud/Unauthorized Chargeback, Chargeback",True,True,0.0,0,0,False,False,0,False,False,APPROVED,LOW,Blocked,True,True,Review transaction and chargeback evidence
TXN00006374,2026-03-21 03:00:15,USR48489,MCH6818,"Bava, Badami and Sodhi",DEPARTMENT STORE,-22806.07,SUCCESS,55.0,HIGH,P2 - High Priority,"Fraud/Unauthorized Chargeback, Chargeback, Repeated User Chargebacks",True,True,0.0,1,0,False,False,0,False,False,,,Active,False,True,Review transaction and chargeback evidence
TXN00011270,2026-02-17 00:23:44,USR64029,MCH4768,,,6619.68,SUCCESS,55.0,HIGH,P2 - High Priority,"Fraud/Unauthorized Chargeback, Chargeback, Repeated User Chargebacks",True,True,0.0,1,0,False,False,0,False,False,VERIFIED,MEDIUM,,True,False,Review transaction and chargeback evidence
TXN00012026,2026-03-18 22:59:25,USR32161,MCH5675,,,,SUCCESS,45.0,HIGH,P2 - High Priority,"Fraud/Unauthorized Chargeback, Chargeback",True,True,0.0,0,0,False,False,0,False,False,,,,False,False,Review transaction and chargeback evidence
TXN00002955,2026-01-13 03:40:04,USR66919,MCH4788,,,23025.65,SUCCESS,45.0,HIGH,P2 - High Priority,"Fraud/Unauthorized Chargeback, Chargeback",True,True,0.0,0,0,False,False,0,False,False,APPROVED,LOW,,True,False,Review transaction and chargeback evidence
TXN00018686,2026-01-25 07:00:20,USR38627,MCH7894,,,2720.01,SUCCESS,45.0,HIGH,P2 - High Priority,"Fraud/Unauthorized Chargeback, Chargeback",True,True,0.0,0,0,False,False,0,False,False,PENDING,LOW,,True,False,Review transaction and chargeback evidence
TXN00004746,2026-08-01 13:36:37,USR16822,MCH1711,"Sastry, Kota and Merchant",GROCERY,1355.22,SUCCESS,45.0,HIGH,P2 - High Priority,"Fraud/Unauthorized Chargeback, Chargeback",True,True,0.0,0,0,False,False,0,False,False,APPROVED,LOW,A,True,True,Review transaction and chargeback evidence
TXN00017340,2026-01-15 18:59:31,USR94651,MCH2269,"dalal, samra and kala",HOTEL_LODGING,359.7,SUCCESS,45.0,HIGH,P2 - High Priority,"Fraud/Unauthorized Chargeback, Chargeback",True,True,0.0,0,0,False,False,0,False,False,,,ACTIVE,False,True,Review transaction and chargeback evidence
TXN00015728,2026-03-22 18:03:46,USR46174,MCH9423,apte group,HOTEL_LODGING,18078.63,SUCCESS,45.0,HIGH,P2 - High Priority,"Fraud/Unauthorized Chargeback, Chargeback",True,True,0.0,0,0,False,False,0,False,False,,,ACTIVE,False,True,Review transaction and chargeback evidence
TXN00012764,2026-01-03 04:36:03,USR66261,MCH4345,,,15335.95,SUCCESS,55.0,HIGH,P2 - High Priority,"Fraud/Unauthorized Chargeback, Chargeback, Repeated User Chargebacks",True,True,0.0,1,0,False,False,0,False,False,,,,False,False,Review transaction and chargeback evidence
TXN00007718,2026-03-21 17:14:33,USR11785,MCH5330,,,,SUCCESS,45.0,HIGH,P2 - High Priority,"Fraud/Unauthorized Chargeback, Chargeback",True,True,0.0,0,0,False,False,0,False,False,,,,False,False,Review transaction and chargeback evidence
TXN00000238,2026-02-17 10:32:01,USR49397,MCH2179,CHANDA-SURA,APPAREL,617.66,DECLINED,55.0,HIGH,P2 - High Priority,"Fraud/Unauthorized Chargeback, Chargeback, High-Chargeback Merchant",True,True,0.0,0,1,False,False,0,False,False,,,ACTIVE,False,True,Review transaction and chargeback evidence
TXN00009231,2026-02-04 23:18:01,USR96844,MCH6240,"Dutta, Aggarwal and Devan",FOOD_SERVICES,11903.8,SUCCESS,45.0,HIGH,P2 - High Priority,"Fraud/Unauthorized Chargeback, Chargeback",True,True,0.0,0,0,False,False,0,False,False,,,Enabled,False,True,Review transaction and chargeback evidence
TXN00012860,2026-08-02 04:22:36,USR37282,MCH3257,,,5444.93,SUCCESS,45.0,HIGH,P2 - High Priority,"Fraud/Unauthorized Chargeback, Chargeback",True,True,0.0,0,0,False,False,0,False,False,,,,False,False,Review transaction and chargeback evidence
TXN00013117,2026-03-26 12:14:27,USR45851,MCH3533,Tiwari-Gulati,HOTEL_LODGING,8279.41,SUCCESS,45.0,HIGH,P2 - High Priority,"Fraud/Unauthorized Chargeback, Chargeback",True,True,0.0,0,0,False,False,0,False,False,,,Live,False,True,Review transaction and chargeback evidence
TXN00014130,2026-03-18 06:00:58,USR57938,MCH5218,,,,SUCCESS,45.0,HIGH,P2 - High Priority,"Fraud/Unauthorized Chargeback, Chargeback",True,True,0.0,0,0,False,False,0,False,False,,,,False,False,Review transaction and chargeback evidence
TXN00013744,2026-03-25 08:55:16,USR49093,MCH8322,,,16348.58,SUCCESS,45.0,HIGH,P2 - High Priority,"Fraud/Unauthorized Chargeback, Chargeback",True,True,0.0,0,0,False,False,0,False,False,,,,False,False,Review transaction and chargeback evidence
TXN00005486,2026-03-16 20:09:53,USR81352,MCH3904,,,24684.34,FAILED,48.0,HIGH,P2 - High Priority,"Fraud/Unauthorized Chargeback, Chargeback, High-Value Transaction",True,True,0.0,0,0,False,False,0,True,False,,,,False,False,Review transaction and chargeback evidence
TXN00008446,2026-02-21 00:00:00,USR68351,MCH6603,  Atwal PLC  ,HOTEL_LODGING,,SUCCESS,45.0,HIGH,P2 - High Priority,"Fraud/Unauthorized Chargeback, Chargeback",True,True,0.0,0,0,False,False,0,False,False,VERIFIED,UNKNOWN,ACTIVE,True,True,Review transaction and chargeback evidence
TXN00016961,2026-03-30 14:30:25,USR53948,MCH9431,Madan-Kota,TRAVEL,,SUCCESS,65.0,CRITICAL,P1 - Immediate Review,"Fraud/Unauthorized Chargeback, Chargeback, Repeated User Chargebacks, High-Chargeback Merchant",True,True,0.0,1,1,False,False,0,False,False,,,Active,False,True,Immediate fraud investigation
TXN00009768,2026-03-21 16:29:37,USR84276,MCH3140,"Zachariah,RajagopalandSamra",TELECOM,19024.68,SUCCESS,55.0,HIGH,P2 - High Priority,"Fraud/Unauthorized Chargeback, Chargeback, Repeated User Chargebacks",True,True,0.0,1,0,False,False,0,False,False,,,ACTIVE,False,True,Review transaction and chargeback evidence
TXN00019233,2026-01-21 10:55:17,USR45648,MCH1744,"Mani, Tara and Mane",TRAVEL,,SUCCESS,55.0,HIGH,P2 - High Priority,"Fraud/Unauthorized Chargeback, Chargeback, High-Chargeback Merchant",True,True,0.0,0,1,False,False,0,False,False,,,Closed,False,True,Review transaction and chargeback evidence
TXN00009180,2026-01-08 17:01:36,USR98697,MCH3748,Bedi-Cherian,RETAIL,154.21,SUCCESS,45.0,HIGH,P2 - High Priority,"Fraud/Unauthorized Chargeback, Chargeback",True,True,0.0,0,0,False,False,0,False,False,APPROVED,LOW,Hold,True,True,Review transaction and chargeback evidence
TXN00017513,2026-01-02 17:33:41,USR91139,MCH6527,"Menon, Subramanian and Pai",HOTEL_LODGING,1890.69,PROCESSING,45.0,HIGH,P2 - High Priority,"Fraud/Unauthorized Chargeback, Chargeback",True,True,0.0,0,0,False,False,0,False,False,,,Enabled,False,True,Review transaction and chargeback evidence
TXN00005764,2026-02-27 01:59:08,USR13009,MCH9737,,,4377.78,SUCCESS,45.0,HIGH,P2 - High Priority,"Fraud/Unauthorized Chargeback, Chargeback",True,True,0.0,0,0,False,False,0,False,False,,,,False,False,Review transaction and chargeback evidence
TXN00001829,2026-03-14 01:36:43,USR86139,MCH5815,,,19969.87,SUCCESS,45.0,HIGH,P2 - High Priority,"Fraud/Unauthorized Chargeback, Chargeback",True,True,0.0,0,0,False,False,0,False,False,,,,False,False,Review transaction and chargeback evidence
TXN00009371,2026-02-14 21:38:00,USR30222,MCH2023,,,19521.83,FAILED,45.0,HIGH,P2 - High Priority,"Fraud/Unauthorized Chargeback, Chargeback",True,True,0.0,0,0,False,False,0,False,False,,,,False,False,Review transaction and chargeback evidence
TXN00006695,2026-03-10 23:14:30,USR17266,MCH7261,,,14051.31,SUCCESS,45.0,HIGH,P2 - High Priority,"Fraud/Unauthorized Chargeback, Chargeback",True,True,0.0,0,0,False,False,0,False,False,,,,False,False,Review transaction and chargeback evidence
TXN00016689,2026-02-02 04:01:38,USR72771,MCH2117,Lal Group,HOTEL_LODGING,13621.76,SUCCESS,45.0,HIGH,P2 - High Priority,"Fraud/Unauthorized Chargeback, Chargeback",True,True,0.0,0,0,False,False,0,False,False,APPROVED,MEDIUM,ACTIVE,True,True,Review transaction and chargeback evidence
TXN00002919,2026-01-13 11:02:28,USR58317,MCH4010,"  Barad, Mukherjee and Joshi  ",GROCERY,10571.5,SUCCESS,45.0,HIGH,P2 - High Priority,"Fraud/Unauthorized Chargeback, Chargeback",True,True,0.0,0,0,False,False,0,False,False,,,Enabled,False,True,Review transaction and chargeback evidence
TXN00010196,2026-03-05 09:17:11,USR51647,MCH1834,,,23232.72,SUCCESS,45.0,HIGH,P2 - High Priority,"Fraud/Unauthorized Chargeback, Chargeback",True,True,0.0,0,0,False,False,0,False,False,VERIFIED,MEDIUM,,True,False,Review transaction and chargeback evidence
TXN00018868,2026-03-06 03:43:14,USR86121,MCH9965,,,19826.63,SUCCESS,45.0,HIGH,P2 - High Priority,"Fraud/Unauthorized Chargeback, Chargeback",True,True,0.0,0,0,False,False,0,False,False,,,,False,False,Review transaction and chargeback evidence
TXN00015649,2026-03-12 20:54:49,USR48504,MCH5706,,,4887.89,SUCCESS,65.0,CRITICAL,P1 - Immediate Review,"Fraud/Unauthorized Chargeback, Chargeback, Identity Anomaly, KYC Rejected/Failed",True,True,1.0,0,0,False,True,0,False,False,REJECTED,LOW,,True,False,Immediate fraud investigation
TXN00002783,2026-03-14 19:23:20,USR30948,MCH9758,,,24530.0,SUCCESS,53.0,HIGH,P2 - High Priority,"Fraud/Unauthorized Chargeback, Chargeback, KYC Rejected/Failed, High-Value Transaction",True,True,0.0,0,0,False,True,0,True,False,REJECTED,LOW,,True,False,Review transaction and chargeback evidence
TXN00018190,2026-01-31 04:25:41,USR13826,MCH2138,,,,SUCCESS,45.0,HIGH,P2 - High Priority,"Fraud/Unauthorized Chargeback, Chargeback",True,True,0.0,0,0,False,False,0,False,False,,,,False,False,Review transaction and chargeback evidence
TXN00005777,2026-03-27 10:51:54,USR38299,MCH4216,Ratta and Sons,STATIONERY,15672.57,SUCCESS,45.0,HIGH,P2 - High Priority,"Fraud/Unauthorized Chargeback, Chargeback",True,True,0.0,0,0,False,False,0,False,False,VERIFIED,MEDIUM,Live,True,True,Review transaction and chargeback evidence
TXN00018348,2026-03-17 06:48:29,USR27368,MCH3078,"gandhi, rout and sankaran",HOTEL_LODGING,-19466.76,SUCCESS,45.0,HIGH,P2 - High Priority,"Fraud/Unauthorized Chargeback, Chargeback",True,True,0.0,0,0,False,False,0,False,False,,,Live,False,True,Review transaction and chargeback evidence
TXN00015367,2026-03-25 17:05:45,USR32388,MCH5975,,,21542.81,SUCCESS,45.0,HIGH,P2 - High Priority,"Fraud/Unauthorized Chargeback, Chargeback",True,True,0.0,0,0,False,False,0,False,False,,,,False,False,Review transaction and chargeback evidence
TXN00014054,2026-03-18 00:49:15,USR19303,MCH7408,Bala Group,MISC_RETAIL,14721.41,INITIATED,55.0,HIGH,P2 - High Priority,"Fraud/Unauthorized Chargeback, Chargeback, Repeated User Chargebacks",True,True,0.0,1,0,False,False,0,False,False,,,ACTIVE,False,True,Review transaction and chargeback evidence
TXN00002782,2026-03-19 18:41:20,USR67030,MCH9320,Char Inc,GROCERY,,SUCCESS,55.0,HIGH,P2 - High Priority,"Fraud/Unauthorized Chargeback, Chargeback, Repeated User Chargebacks",True,True,0.0,1,0,False,False,0,False,False,,,A,False,True,Review transaction and chargeback evidence
TXN00013816,2026-03-03 07:06:58,USR15038,MCH3947,,,6363.77,SUCCESS,55.0,HIGH,P2 - High Priority,"Fraud/Unauthorized Chargeback, Chargeback, High-Chargeback Merchant",True,True,0.0,0,1,False,False,0,False,False,,,,False,False,Review transaction and chargeback evidence
TXN00017223,2026-01-03 16:49:17,USR75374,MCH2834,,,23081.41,SUCCESS,45.0,HIGH,P2 - High Priority,"Fraud/Unauthorized Chargeback, Chargeback",True,True,0.0,0,0,False,False,0,False,False,VERIFIED,LOW,,True,False,Review transaction and chargeback evidence
TXN00014471,2026-01-21 15:47:06,USR56310,MCH4410,,,22228.52,DECLINED,45.0,HIGH,P2 - High Priority,"Fraud/Unauthorized Chargeback, Chargeback",True,True,0.0,0,0,False,False,0,False,False,APPROVED,LOW,,True,False,Review transaction and chargeback evidence
TXN00012208,2026-03-31 22:17:19,USR71162,MCH7390,,,14537.67,SUCCESS,45.0,HIGH,P2 - High Priority,"Fraud/Unauthorized Chargeback, Chargeback",True,True,0.0,0,0,False,False,0,False,False,,,,False,False,Review transaction and chargeback evidence
TXN00014165,2026-01-18 05:55:19,USR60150,MCH9773,,,12414.15,SUCCESS,45.0,HIGH,P2 - High Priority,"Fraud/Unauthorized Chargeback, Chargeback",True,True,0.0,0,0,False,False,0,False,False,,,,False,False,Review transaction and chargeback evidence
TXN00014145,2026-07-02 00:32:11,USR42221,MCH6068,,,,SUCCESS,45.0,HIGH,P2 - High Priority,"Fraud/Unauthorized Chargeback, Chargeback",True,True,0.0,0,0,False,False,0,False,False,,,,False,False,Review transaction and chargeback evidence
TXN00001710,2026-02-03 23:55:27,USR43228,MCH7810,Bail Inc,BOOKS,16258.53,FAILED,45.0,HIGH,P2 - High Priority,"Fraud/Unauthorized Chargeback, Chargeback",True,True,0.0,0,0,False,False,0,False,False,,,Closed,False,True,Review transaction and chargeback evidence
TXN00014880,2026-02-03 20:38:13,USR88572,MCH8156,,,864.54,SUCCESS,45.0,HIGH,P2 - High Priority,"Fraud/Unauthorized Chargeback, Chargeback",True,True,0.0,0,0,False,False,0,False,False,,,,False,False,Review transaction and chargeback evidence
TXN00007154,2026-04-03 16:14:39,USR14967,MCH8488,,,22256.61,SUCCESS,40.0,HIGH,P3 - Review,"Chargeback, Identity Anomaly, Repeated User Chargebacks",True,False,1.0,1,0,False,False,0,False,False,APPROVED,LOW,,True,False,Review KYC and identity records
TXN00016982,2026-03-14 02:56:02,USR64274,MCH6527,"Menon, Subramanian and Pai",HOTEL_LODGING,8879.4,PROCESSING,45.0,HIGH,P2 - High Priority,"Fraud/Unauthorized Chargeback, Chargeback",True,True,0.0,0,0,False,False,0,False,False,,,Enabled,False,True,Review transaction and chargeback evidence
TXN00014436,2026-03-19 08:58:04,USR30565,MCH8834,,,8845.17,SUCCESS,45.0,HIGH,P2 - High Priority,"Fraud/Unauthorized Chargeback, Chargeback",True,True,0.0,0,0,False,False,0,False,False,,,,False,False,Review transaction and chargeback evidence
TXN00009979,2026-03-25 16:38:21,USR58929,MCH5102,,,23765.79,SUCCESS,68.0,CRITICAL,P1 - Immediate Review,"Fraud/Unauthorized Chargeback, Chargeback, Repeated User Chargebacks, High-Chargeback Merchant, High-Value Transaction",True,True,0.0,1,1,False,False,0,True,False,,,,False,False,Immediate fraud investigation
TXN00017286,2026-07-02 22:37:49,USR18372,MCH2443,,,-12552.44,INITIATED,45.0,HIGH,P2 - High Priority,"Fraud/Unauthorized Chargeback, Chargeback",True,True,0.0,0,0,False,False,0,False,False,,,,False,False,Review transaction and chargeback evidence
TXN00013910,2026-03-28 00:08:36,USR18716,MCH9506,"SAVANT, BAINS AND BALI",MEDICAL,5778.14,SUCCESS,60.0,CRITICAL,P1 - Immediate Review,"Fraud/Unauthorized Chargeback, Chargeback, Repeated User Chargebacks, High-Risk User",True,True,0.0,1,0,True,False,0,False,False,PENDING,HIGH,ACTIVE,True,True,Immediate fraud investigation
TXN00016286,2026-01-14 20:21:54,USR20464,MCH6904,Master-Bhat,DEPARTMENT STORE,16172.91,SUCCESS,55.0,HIGH,P2 - High Priority,"Fraud/Unauthorized Chargeback, Chargeback, Repeated User Chargebacks",True,True,0.0,1,0,False,False,0,False,False,,,Enabled,False,True,Review transaction and chargeback evidence
TXN00016749,2026-03-08 07:12:37,USR18052,MCH8053,CHHABRA INC,TELECOM,,SUCCESS,45.0,HIGH,P2 - High Priority,"Fraud/Unauthorized Chargeback, Chargeback",True,True,0.0,0,0,False,False,0,False,False,,,Enabled,False,True,Review transaction and chargeback evidence
TXN00013993,2026-02-18 07:21:33,USR57775,MCH8610,Pandey and Sons,MISC_RETAIL,,SUCCESS,45.0,HIGH,P2 - High Priority,"Fraud/Unauthorized Chargeback, Chargeback",True,True,0.0,0,0,False,False,0,False,False,,,ACTIVE,False,True,Review transaction and chargeback evidence
TXN00012054,2026-01-03 05:31:27,USR45332,MCH8409,"Dua, Naidu and Agate",TRAVEL,18927.3,SUCCESS,45.0,HIGH,P2 - High Priority,"Fraud/Unauthorized Chargeback, Chargeback",True,True,0.0,0,0,False,False,0,False,False,APPROVED,LOW,Enabled,True,True,Review transaction and chargeback evidence
TXN00016593,2026-01-23 01:40:55,USR39264,MCH3148,RaoLtd,TELECOM,16331.74,SUCCESS,45.0,HIGH,P2 - High Priority,"Fraud/Unauthorized Chargeback, Chargeback",True,True,0.0,0,0,False,False,0,False,False,,,Live,False,True,Review transaction and chargeback evidence
TXN00012172,2026-02-06 23:38:56,USR10549,MCH8898,,,21986.64,SUCCESS,45.0,HIGH,P2 - High Priority,"Fraud/Unauthorized Chargeback, Chargeback",True,True,0.0,0,0,False,False,0,False,False,UNKNOWN,MEDIUM,,True,False,Review transaction and chargeback evidence
TXN00019004,2026-01-21 20:40:49,USR70411,MCH4473,,,1996.5,SUCCESS,45.0,HIGH,P2 - High Priority,"Fraud/Unauthorized Chargeback, Chargeback",True,True,0.0,0,0,False,False,0,False,False,,,,False,False,Review transaction and chargeback evidence
TXN00013884,2026-02-28 05:03:02,USR11619,MCH9606,,,2596.4,SUCCESS,45.0,HIGH,P2 - High Priority,"Fraud/Unauthorized Chargeback, Chargeback",True,True,0.0,0,0,False,False,0,False,False,,,,False,False,Review transaction and chargeback evidence
TXN00018518,2026-02-21 21:17:51,USR16352,MCH6114,"  Khurana, Chowdhury and Chaudhary  ",MOBILE RECHARGE,9888.26,SUCCESS,65.0,CRITICAL,P1 - Immediate Review,"Fraud/Unauthorized Chargeback, Chargeback, Identity Anomaly, High-Risk User",True,True,1.0,0,0,True,False,0,False,False,VERIFIED,HIGH,ACTIVE,True,True,Immediate fraud investigation
TXN00019571,2026-03-03 07:37:51,USR57901,MCH5968,"SOMAN, ISSAC AND GOSWAMI",DEPARTMENT STORE,12052.46,SUCCESS,45.0,HIGH,P2 - High Priority,"Fraud/Unauthorized Chargeback, Chargeback",True,True,0.0,0,0,False,False,0,False,False,,,A,False,True,Review transaction and chargeback evidence
TXN00010146,2026-01-25 23:38:15,USR43735,MCH7890,contractor plc,HOTEL_LODGING,19497.67,SUCCESS,47.0,HIGH,P2 - High Priority,"Fraud/Unauthorized Chargeback, Chargeback, Risky Merchant Status",True,True,0.0,0,0,False,False,0,False,True,APPROVED,LOW,Inactive,True,True,Review transaction and chargeback evidence
TXN00006529,2026-02-19 08:30:46,USR10834,MCH7638,,,9140.52,SUCCESS,45.0,HIGH,P2 - High Priority,"Fraud/Unauthorized Chargeback, Chargeback",True,True,0.0,0,0,False,False,0,False,False,,,,False,False,Review transaction and chargeback evidence
TXN00009609,2026-02-05 06:53:54,USR60548,MCH2871,,,5142.15,SUCCESS,45.0,HIGH,P2 - High Priority,"Fraud/Unauthorized Chargeback, Chargeback",True,True,0.0,0,0,False,False,0,False,False,,,,False,False,Review transaction and chargeback evidence
TXN00003351,2026-03-27 12:03:26,USR96715,MCH5567,"Kibe, Halder and Saraf",PHARMACY,5380.67,SUCCESS,40.0,HIGH,P3 - Review,"Chargeback, Identity Anomaly, Repeated User Chargebacks",True,False,1.0,1,0,False,False,0,False,False,VERIFIED,LOW,Enabled,True,True,Review KYC and identity records
TXN00014659,2026-02-12 20:28:50,USR26624,MCH1942,,,5436.71,SUCCESS,45.0,HIGH,P2 - High Priority,"Fraud/Unauthorized Chargeback, Chargeback",True,True,0.0,0,0,False,False,0,False,False,,,,False,False,Review transaction and chargeback evidence
TXN00004804,2026-12-02 22:49:44,USR63941,MCH5525,Nagy and Sons,HOTEL_LODGING,4761.32,PROCESSING,55.0,HIGH,P2 - High Priority,"Fraud/Unauthorized Chargeback, Chargeback, Repeated User Chargebacks",True,True,0.0,1,0,False,False,0,False,False,PENDING,MEDIUM,A,True,True,Review transaction and chargeback evidence
TXN00013810,2026-02-23 20:31:30,USR63885,MCH4302,,,3090.16,SUCCESS,55.0,HIGH,P2 - High Priority,"Fraud/Unauthorized Chargeback, Chargeback, Repeated User Chargebacks",True,True,0.0,1,0,False,False,0,False,False,,,,False,False,Review transaction and chargeback evidence
TXN00016521,2026-02-11 05:38:35,USR89343,MCH9606,,,4450.83,FAIL,45.0,HIGH,P2 - High Priority,"Fraud/Unauthorized Chargeback, Chargeback",True,True,0.0,0,0,False,False,0,False,False,VERIFIED,LOW,,True,False,Review transaction and chargeback evidence
TXN00014672,2026-02-07 00:46:17,USR26294,MCH1111,,,21892.58,SUCCESS,45.0,HIGH,P2 - High Priority,"Fraud/Unauthorized Chargeback, Chargeback",True,True,0.0,0,0,False,False,0,False,False,APPROVED,LOW,,True,False,Review transaction and chargeback evidence
TXN00011957,2026-03-18 15:14:34,USR17049,MCH2598,Sani Gr0up,APPAREL,16964.8,SUCCESS,55.0,HIGH,P2 - High Priority,"Fraud/Unauthorized Chargeback, Chargeback, Repeated User Chargebacks",True,True,0.0,1,0,False,False,0,False,False,,,Active,False,True,Review transaction and chargeback evidence
TXN00004176,2026-02-14 10:53:41,USR44800,MCH3264,Gopal Ltd,HOTEL_LODGING,24889.27,FAILED,48.0,HIGH,P2 - High Priority,"Fraud/Unauthorized Chargeback, Chargeback, High-Value Transaction",True,True,0.0,0,0,False,False,0,True,False,,,Active,False,True,Review transaction and chargeback evidence
TXN00011912,2026-03-31 01:49:49,USR63947,MCH3637,Pai-Parikh,FOOD_SERVICES,15086.66,SUCCESS,60.0,CRITICAL,P1 - Immediate Review,"Fraud/Unauthorized Chargeback, Chargeback, Identity Anomaly",True,True,1.0,0,0,False,False,0,False,False,APPROVED,LOW,Active,True,True,Immediate fraud investigation
TXN00003201,2026-02-26 15:42:28,USR15771,MCH4074,,,13838.75,SUCCESS,50.0,HIGH,P2 - High Priority,"Fraud/Unauthorized Chargeback, Chargeback, KYC Rejected/Failed",True,True,0.0,0,0,False,True,0,False,False,FAILED,MEDIUM,,True,False,Review transaction and chargeback evidence
TXN00017995,2026-01-30 11:32:43,USR12596,MCH1017,,,18198.36,SUCCESS,45.0,HIGH,P2 - High Priority,"Fraud/Unauthorized Chargeback, Chargeback",True,True,0.0,0,0,False,False,0,False,False,APPROVED,LOW,,True,False,Review transaction and chargeback evidence
TXN00008205,2026-03-21 08:19:55,USR73714,MCH6155,"Mukhopadhyay, Doshi and Gopal",GROCERY,16605.21,SUCCESS,45.0,HIGH,P2 - High Priority,"Fraud/Unauthorized Chargeback, Chargeback",True,True,0.0,0,0,False,False,0,False,False,,,ACTIVE,False,True,Review transaction and chargeback evidence
TXN00015733,2026-12-01 10:38:46,USR73203,MCH4921,,,23068.15,SUCCESS,45.0,HIGH,P2 - High Priority,"Fraud/Unauthorized Chargeback, Chargeback",True,True,0.0,0,0,False,False,0,False,False,,,,False,False,Review transaction and chargeback evidence
TXN00012186,2026-02-17 20:24:00,USR23767,MCH3987,"Dubey, Aggarwa1 and Mangat",BOOKS,17855.9,SUCCESS,45.0,HIGH,P2 - High Priority,"Fraud/Unauthorized Chargeback, Chargeback",True,True,0.0,0,0,False,False,0,False,False,,,Enabled,False,True,Review transaction and chargeback evidence
TXN00005199,2026-02-28 13:47:48,USR81946,MCH7691,,,9686.71,SUCCESS,45.0,HIGH,P2 - High Priority,"Fraud/Unauthorized Chargeback, Chargeback",True,True,0.0,0,0,False,False,0,False,False,PENDING,LOW,,True,False,Review transaction and chargeback evidence
TXN00005826,2026-01-23 00:00:00,USR92621,MCH5875,,,9036.79,SUCCESS,45.0,HIGH,P2 - High Priority,"Fraud/Unauthorized Chargeback, Chargeback",True,True,0.0,0,0,False,False,0,False,False,,,,False,False,Review transaction and chargeback evidence
TXN00017140,2026-01-26 16:19:39,USR97573,MCH6717,,,18027.75,SUCCESS,45.0,HIGH,P2 - High Priority,"Fraud/Unauthorized Chargeback, Chargeback",True,True,0.0,0,0,False,False,0,False,False,,,,False,False,Review transaction and chargeback evidence
TXN00009510,2026-01-31 23:40:22,USR63213,MCH6948,"Kala,LokeandSinghal",PHONE SERVICE,4016.12,SUCCESS,45.0,HIGH,P2 - High Priority,"Fraud/Unauthorized Chargeback, Chargeback",True,True,0.0,0,0,False,False,0,False,False,,,ACTIVE,False,True,Review transaction and chargeback evidence
TXN00008116,2026-03-22 10:22:28,USR58627,MCH8540,Tiwari Ltd,OTHER,7018.78,SUCCESS,65.0,CRITICAL,P1 - Immediate Review,"Fraud/Unauthorized Chargeback, Chargeback, Repeated User Chargebacks, High-Chargeback Merchant",True,True,0.0,1,1,False,False,0,False,False,,,A,False,True,Immediate fraud investigation
TXN00017091,2026-01-11 01:34:51,USR51274,MCH1121,,,2249.97,SUCCESS,45.0,HIGH,P2 - High Priority,"Fraud/Unauthorized Chargeback, Chargeback",True,True,0.0,0,0,False,False,0,False,False,,,,False,False,Review transaction and chargeback evidence
TXN00014147,2026-02-07 22:14:53,USR50826,MCH5216,,,16503.47,FAILED,45.0,HIGH,P2 - High Priority,"Fraud/Unauthorized Chargeback, Chargeback",True,True,0.0,0,0,False,False,0,False,False,,,,False,False,Review transaction and chargeback evidence
TXN00007497,2026-02-09 16:40:41,USR15482,MCH4801,  Bhargava-Basak  ,RETAIL,1823.64,SUCCESS,45.0,HIGH,P2 - High Priority,"Fraud/Unauthorized Chargeback, Chargeback",True,True,0.0,0,0,False,False,0,False,False,,,Live,False,True,Review transaction and chargeback evidence
TXN00008400,2026-02-17 02:59:41,USR16956,MCH3271,,,23921.32,SUCCESS,48.0,HIGH,P2 - High Priority,"Fraud/Unauthorized Chargeback, Chargeback, High-Value Transaction",True,True,0.0,0,0,False,False,0,True,False,,,,False,False,Review transaction and chargeback evidence
TXN00012035,2026-08-03 17:54:50,USR61673,MCH1917,"Chowdhury, Krishna and Rajagopal",APPAREL,21922.43,SUCCESS,47.0,HIGH,P2 - High Priority,"Fraud/Unauthorized Chargeback, Chargeback, Risky Merchant Status",True,True,0.0,0,0,False,False,0,False,True,,,SUSPENDED,False,True,Review transaction and chargeback evidence
TXN00000916,2026-02-12 07:34:17,USR35873,MCH5750,,,10908.8,SUCCESS,45.0,HIGH,P2 - High Priority,"Fraud/Unauthorized Chargeback, Chargeback",True,True,0.0,0,0,False,False,0,False,False,,,,False,False,Review transaction and chargeback evidence
TXN00018059,2026-02-27 23:12:04,USR56291,MCH9330,,,10343.79,FAILED,45.0,HIGH,P2 - High Priority,"Fraud/Unauthorized Chargeback, Chargeback",True,True,0.0,0,0,False,False,0,False,False,,,,False,False,Review transaction and chargeback evidence
TXN00011494,2026-03-15 19:19:40,USR23004,MCH2631,,,19676.05,SUCCESS,45.0,HIGH,P2 - High Priority,"Fraud/Unauthorized Chargeback, Chargeback",True,True,0.0,0,0,False,False,0,False,False,,,,False,False,Review transaction and chargeback evidence
TXN00004712,2026-01-13 00:00:00,USR24860,MCH5917,"TARA, BHASIN AND SINGH",PHARMACY,11456.14,SUCCESS,47.0,HIGH,P2 - High Priority,"Fraud/Unauthorized Chargeback, Chargeback, Risky Merchant Status",True,True,0.0,0,0,False,False,0,False,True,PENDING,LOW,Suspended,True,True,Review transaction and chargeback evidence
TXN00019934,2026-02-16 01:36:49,USR84511,MCH1434,Kale and Sons,FOOD_SERVICES,18442.9,SUCCESS,45.0,HIGH,P2 - High Priority,"Fraud/Unauthorized Chargeback, Chargeback",True,True,0.0,0,0,False,False,0,False,False,,,Enabled,False,True,Review transaction and chargeback evidence
TXN00012475,2026-03-18 07:55:31,USR23336,MCH5012,,,17041.05,SUCCESS,60.0,CRITICAL,P1 - Immediate Review,"Fraud/Unauthorized Chargeback, Chargeback, Identity Anomaly",True,True,1.0,0,0,False,False,0,False,False,APPROVED,LOW,,True,False,Immediate fraud investigation
TXN00011102,2026-08-03 18:47:26,USR89921,MCH6367,,,,SUCCESS,45.0,HIGH,P2 - High Priority,"Fraud/Unauthorized Chargeback, Chargeback",True,True,0.0,0,0,False,False,0,False,False,APPROVED,LOW,,True,False,Review transaction and chargeback evidence
TXN00006372,2026-01-10 00:35:32,USR21561,MCH5183,Chandra LLC,STATIONERY,8465.81,SUCCESS,60.0,CRITICAL,P1 - Immediate Review,"Fraud/Unauthorized Chargeback, Chargeback, Identity Anomaly",True,True,1.0,0,0,False,False,0,False,False,APPROVED,MEDIUM,Enabled,True,True,Immediate fraud investigation
TXN00001391,2026-01-09 13:11:39,USR22635,MCH6107,PILLAY LLC,OTHER,5908.9,SUCCESS,45.0,HIGH,P2 - High Priority,"Fraud/Unauthorized Chargeback, Chargeback",True,True,0.0,0,0,False,False,0,False,False,,,Active,False,True,Review transaction and chargeback evidence
TXN00008758,2026-01-20 18:53:29,USR71662,MCH2796,,,8195.88,SUCCESS,45.0,HIGH,P2 - High Priority,"Fraud/Unauthorized Chargeback, Chargeback",True,True,0.0,0,0,False,False,0,False,False,PENDING,MEDIUM,,True,False,Review transaction and chargeback evidence
TXN00011539,2026-03-10 13:14:13,USR13407,MCH4803,,,,SUCCESS,50.0,HIGH,P2 - High Priority,"Fraud/Unauthorized Chargeback, Chargeback, Velocity Anomaly",True,True,0.0,0,0,False,False,1,False,False,,,,False,False,Review transaction and chargeback evidence
TXN00017791,2026-03-02 00:00:00,USR22407,MCH4961,,,,SUCCESS,45.0,HIGH,P2 - High Priority,"Fraud/Unauthorized Chargeback, Chargeback",True,True,0.0,0,0,False,False,0,False,False,,,,False,False,Review transaction and chargeback evidence
TXN00013237,2026-02-22 14:26:13,USR35772,MCH3159,,,5930.83,SUCCESS,45.0,HIGH,P2 - High Priority,"Fraud/Unauthorized Chargeback, Chargeback",True,True,0.0,0,0,False,False,0,False,False,,,,False,False,Review transaction and chargeback evidence
TXN00012123,2026-01-23 20:43:16,USR42647,MCH9376,,,14878.26,SUCCESS,45.0,HIGH,P2 - High Priority,"Fraud/Unauthorized Chargeback, Chargeback",True,True,0.0,0,0,False,False,0,False,False,,,,False,False,Review transaction and chargeback evidence
TXN00014835,2026-01-30 21:55:33,USR79606,MCH8194,,,17542.97,SUCCESS,45.0,HIGH,P2 - High Priority,"Fraud/Unauthorized Chargeback, Chargeback",True,True,0.0,0,0,False,False,0,False,False,PENDING,LOW,,True,False,Review transaction and chargeback evidence
TXN00017969,2026-02-03 07:53:14,USR84923,MCH1302,,,10751.85,SUCCESS,45.0,HIGH,P2 - High Priority,"Fraud/Unauthorized Chargeback, Chargeback",True,True,0.0,0,0,False,False,0,False,False,,,,False,False,Review transaction and chargeback evidence
TXN00018812,2026-03-15 01:13:14,USR23953,MCH1690,,,,SUCCESS,45.0,HIGH,P2 - High Priority,"Fraud/Unauthorized Chargeback, Chargeback",True,True,0.0,0,0,False,False,0,False,False,,,,False,False,Review transaction and chargeback evidence
TXN00012094,2026-01-20 17:21:46,USR93518,MCH3518,Borah and Sons,TRANSPORT,21228.28,SUCCESS,45.0,HIGH,P2 - High Priority,"Fraud/Unauthorized Chargeback, Chargeback",True,True,0.0,0,0,False,False,0,False,False,,,Live,False,True,Review transaction and chargeback evidence
TXN00005419,2026-01-13 16:03:45,USR62858,MCH4236,Arora PLC,STATIONERY,12280.58,SUCCESS,45.0,HIGH,P2 - High Priority,"Fraud/Unauthorized Chargeback, Chargeback",True,True,0.0,0,0,False,False,0,False,False,,,Active,False,True,Review transaction and chargeback evidence
TXN00008795,2026-03-06 08:51:33,USR33282,MCH3414,Sahota Ltd,TELECOM,10937.67,SUCCESS,45.0,HIGH,P2 - High Priority,"Fraud/Unauthorized Chargeback, Chargeback",True,True,0.0,0,0,False,False,0,False,False,APPROVED,MEDIUM,ACTIVE,True,True,Review transaction and chargeback evidence
TXN00002045,2026-03-26 06:48:04,USR28531,MCH8276,"Kakar, Handa and Sachdeva",FOOD_SERVICES,21504.89,SUCCESS,45.0,HIGH,P2 - High Priority,"Fraud/Unauthorized Chargeback, Chargeback",True,True,0.0,0,0,False,False,0,False,False,,,ACTIVE,False,True,Review transaction and chargeback evidence
TXN00005028,2026-03-30 17:39:08,USR43614,MCH9951,Natt Group,PHARMACY,1330.14,DECLINED,45.0,HIGH,P2 - High Priority,"Fraud/Unauthorized Chargeback, Chargeback",True,True,0.0,0,0,False,False,0,False,False,,,Enabled,False,True,Review transaction and chargeback evidence
TXN00015597,2026-03-08 16:01:47,USR59428,MCH5017,"Datta, Sinha and Pat1a",HOTEL_LODGING,-3246.87,SUCCESS,45.0,HIGH,P2 - High Priority,"Fraud/Unauthorized Chargeback, Chargeback",True,True,0.0,0,0,False,False,0,False,False,,,Enabled,False,True,Review transaction and chargeback evidence
TXN00014106,2026-01-30 16:02:03,USR45125,MCH4038,,,,DECLINED,65.0,CRITICAL,P1 - Immediate Review,"Fraud/Unauthorized Chargeback, Chargeback, Identity Anomaly, High-Risk User",True,True,1.0,0,0,True,False,0,False,False,APPROVED,HIGH,,True,False,Immediate fraud investigation
TXN00010457,2026-02-24 03:33:33,USR72504,MCH9996,Kala-Nadkarni,APPAREL,6302.19,SUCCESS,45.0,HIGH,P2 - High Priority,"Fraud/Unauthorized Chargeback, Chargeback",True,True,0.0,0,0,False,False,0,False,False,VERIFIED,LOW,Active,True,True,Review transaction and chargeback evidence
TXN00007508,2026-02-11 02:58:11,USR68045,MCH8437,"  Kurian, Yadav and Sidhu  ",FOOD_SERVICES,8180.28,SUCCESS,45.0,HIGH,P2 - High Priority,"Fraud/Unauthorized Chargeback, Chargeback",True,True,0.0,0,0,False,False,0,False,False,,,Enabled,False,True,Review transaction and chargeback evidence
TXN00003565,2026-01-30 22:05:13,USR19295,MCH4614,"Savant, Sur and Sani",GROCERY,11466.2,SUCCESS,47.0,HIGH,P2 - High Priority,"Fraud/Unauthorized Chargeback, Chargeback, Risky Merchant Status",True,True,0.0,0,0,False,False,0,False,True,,,Inactive,False,True,Review transaction and chargeback evidence
TXN00014374,2026-01-17 08:31:29,USR30719,MCH9038,"Dara, Pai and Saxena",APPAREL,13084.22,SUCCESS,45.0,HIGH,P2 - High Priority,"Fraud/Unauthorized Chargeback, Chargeback",True,True,0.0,0,0,False,False,0,False,False,,,Live,False,True,Review transaction and chargeback evidence
TXN00018880,2026-04-01 14:13:30,USR20074,MCH5476,Buch Group,PHARMACY,2111.7,DECLINED,45.0,HIGH,P2 - High Priority,"Fraud/Unauthorized Chargeback, Chargeback",True,True,0.0,0,0,False,False,0,False,False,VERIFIED,LOW,Active,True,True,Review transaction and chargeback evidence
TXN00000679,2026-12-02 08:05:15,USR31152,MCH8916,,,24237.07,SUCCESS,48.0,HIGH,P2 - High Priority,"Fraud/Unauthorized Chargeback, Chargeback, High-Value Transaction",True,True,0.0,0,0,False,False,0,True,False,,,,False,False,Review transaction and chargeback evidence
TXN00001135,2026-03-09 03:58:51,USR63841,MCH3252,"Patel, Saran and Bala",APPAREL,17084.64,SUCCESS,45.0,HIGH,P2 - High Priority,"Fraud/Unauthorized Chargeback, Chargeback",True,True,0.0,0,0,False,False,0,False,False,,,Enabled,False,True,Review transaction and chargeback evidence
TXN00019834,2026-01-16 04:33:43,USR21423,MCH3846,Nagi-Chacko,GROCERY,24285.19,SUCCESS,48.0,HIGH,P2 - High Priority,"Fraud/Unauthorized Chargeback, Chargeback, High-Value Transaction",True,True,0.0,0,0,False,False,0,True,False,,,Live,False,True,Review transaction and chargeback evidence
TXN00005379,2026-02-27 12:40:13,USR18589,MCH8591,Dutta and Sons,MISC_RETAIL,20251.37,SUCCESS,45.0,HIGH,P2 - High Priority,"Fraud/Unauthorized Chargeback, Chargeback",True,True,0.0,0,0,False,False,0,False,False,,,Live,False,True,Review transaction and chargeback evidence
TXN00011891,2026-01-27 23:09:59,USR68554,MCH8511,Narain-Nori,GROCERY,16870.1,SUCCESS,45.0,HIGH,P2 - High Priority,"Fraud/Unauthorized Chargeback, Chargeback",True,True,0.0,0,0,False,False,0,False,False,,,Active,False,True,Review transaction and chargeback evidence
TXN00002630,2026-03-06 12:05:50,USR22019,MCH9125,"mallick, walia and kanda",DEPARTMENT STORE,9697.34,SUCCESS,60.0,CRITICAL,P1 - Immediate Review,"Fraud/Unauthorized Chargeback, Chargeback, Identity Anomaly",True,True,1.0,0,0,False,False,0,False,False,APPROVED,LOW,Live,True,True,Immediate fraud investigation
TXN00006193,2026-01-05 10:31:53,USR61183,MCH2441,bhatnagar plc,PHONE SERVICE,,DECLINED,45.0,HIGH,P2 - High Priority,"Fraud/Unauthorized Chargeback, Chargeback",True,True,0.0,0,0,False,False,0,False,False,,,Live,False,True,Review transaction and chargeback evidence
TXN00008459,2026-02-21 14:51:36,USR45133,MCH9509,,,23920.8,SUCCESS,48.0,HIGH,P2 - High Priority,"Fraud/Unauthorized Chargeback, Chargeback, High-Value Transaction",True,True,0.0,0,0,False,False,0,True,False,VERIFIED,LOW,,True,False,Review transaction and chargeback evidence
TXN00004108,2026-01-30 22:18:54,USR17849,MCH1469,"CHOUDHURY, JANI AND RAMASWAMY",BOOKS,1269.92,SUCCESS,45.0,HIGH,P2 - High Priority,"Fraud/Unauthorized Chargeback, Chargeback",True,True,0.0,0,0,False,False,0,False,False,APPROVED,LOW,Enabled,True,True,Review transaction and chargeback evidence
TXN00007635,2026-01-09 18:06:06,USR35203,MCH9805,Sha-Mitter,RETAIL,16687.11,SUCCESS,45.0,HIGH,P2 - High Priority,"Fraud/Unauthorized Chargeback, Chargeback",True,True,0.0,0,0,False,False,0,False,False,,,Enabled,False,True,Review transaction and chargeback evidence
TXN00000086,2026-01-08 17:55:43,USR25429,MCH3099,Peri-Parmer,APPAREL,8136.33,SUCCESS,45.0,HIGH,P2 - High Priority,"Fraud/Unauthorized Chargeback, Chargeback",True,True,0.0,0,0,False,False,0,False,False,,,Live,False,True,Review transaction and chargeback evidence
TXN00004642,2026-03-27 10:50:24,USR69363,MCH1877,,,7829.86,SUCCESS,45.0,HIGH,P2 - High Priority,"Fraud/Unauthorized Chargeback, Chargeback",True,True,0.0,0,0,False,False,0,False,False,PENDING,LOW,,True,False,Review transaction and chargeback evidence
TXN00000410,2026-01-29 00:00:00,USR58117,MCH5429,,,2291.25,SUCCESS,45.0,HIGH,P2 - High Priority,"Fraud/Unauthorized Chargeback, Chargeback",True,True,0.0,0,0,False,False,0,False,False,,,,False,False,Review transaction and chargeback evidence
TXN00009614,2026-03-06 00:00:00,USR53335,MCH8305,,,,SUCCESS,45.0,HIGH,P2 - High Priority,"Fraud/Unauthorized Chargeback, Chargeback",True,True,0.0,0,0,False,False,0,False,False,,,,False,False,Review transaction and chargeback evidence
TXN00005603,2026-01-26 18:06:42,USR58081,MCH2570,,,3140.03,SUCCESS,45.0,HIGH,P2 - High Priority,"Fraud/Unauthorized Chargeback, Chargeback",True,True,0.0,0,0,False,False,0,False,False,VERIFIED,MEDIUM,,True,False,Review transaction and chargeback evidence
TXN00013922,2026-02-19 09:09:21,USR95467,MCH9451,,,1204.8,SUCCESS,45.0,HIGH,P2 - High Priority,"Fraud/Unauthorized Chargeback, Chargeback",True,True,0.0,0,0,False,False,0,False,False,APPROVED,UNKNOWN,,True,False,Review transaction and chargeback evidence
TXN00007445,2026-01-05 05:13:06,USR63396,MCH7924,,,8498.12,SUCCESS,45.0,HIGH,P2 - High Priority,"Fraud/Unauthorized Chargeback, Chargeback",True,True,0.0,0,0,False,False,0,False,False,,,,False,False,Review transaction and chargeback evidence
TXN00014010,2026-02-19 18:53:22,USR48060,MCH7579,,,24540.45,SUCCESS,63.0,CRITICAL,P1 - Immediate Review,"Fraud/Unauthorized Chargeback, Chargeback, Identity Anomaly, High-Value Transaction",True,True,1.0,0,0,False,False,0,True,False,PENDING,LOW,,True,False,Immediate fraud investigation
TXN00019135,2026-01-13 20:27:45,USR93122,MCH4306,"Narula, Hegde and Minhas",GROCERY,7631.84,SUCCESS,45.0,HIGH,P2 - High Priority,"Fraud/Unauthorized Chargeback, Chargeback",True,True,0.0,0,0,False,False,0,False,False,PENDING,LOW,Live,True,True,Review transaction and chargeback evidence
TXN00008682,2026-01-20 00:56:40,USR84133,MCH2409,,,20205.84,SUCCESS,45.0,HIGH,P2 - High Priority,"Fraud/Unauthorized Chargeback, Chargeback",True,True,0.0,0,0,False,False,0,False,False,,,,False,False,Review transaction and chargeback evidence
TXN00001975,2026-02-01 13:44:13,USR99484,MCH5922,,,7475.15,SUCCESS,85.0,CRITICAL,P1 - Immediate Review,"Fraud/Unauthorized Chargeback, Chargeback, Identity Anomaly, Repeated User Chargebacks, High-Chargeback Merchant, Velocity Anomaly",True,True,1.0,1,1,False,False,1,False,False,APPROVED,MEDIUM,,True,False,Immediate fraud investigation
TXN00007889,2026-03-09 01:04:56,USR29278,MCH2987,,,7921.89,SUCCESS,45.0,HIGH,P2 - High Priority,"Fraud/Unauthorized Chargeback, Chargeback",True,True,0.0,0,0,False,False,0,False,False,,,,False,False,Review transaction and chargeback evidence
TXN00013141,2026-02-13 16:24:41,USR57357,MCH4297,,,23826.63,SUCCESS,48.0,HIGH,P2 - High Priority,"Fraud/Unauthorized Chargeback, Chargeback, High-Value Transaction",True,True,0.0,0,0,False,False,0,True,False,,,,False,False,Review transaction and chargeback evidence
TXN00019738,2026-02-11 07:57:27,USR36710,MCH2065,,,17300.64,SUCCESS,45.0,HIGH,P2 - High Priority,"Fraud/Unauthorized Chargeback, Chargeback",True,True,0.0,0,0,False,False,0,False,False,VERIFIED,LOW,,True,False,Review transaction and chargeback evidence
TXN00005430,2026-01-15 08:11:38,USR97643,MCH5475,,,,SUCCESS,45.0,HIGH,P2 - High Priority,"Fraud/Unauthorized Chargeback, Chargeback",True,True,0.0,0,0,False,False,0,False,False,,,,False,False,Review transaction and chargeback evidence
TXN00004174,2026-03-01 20:56:32,USR31416,MCH6395,,,13301.48,SUCCESS,45.0,HIGH,P2 - High Priority,"Fraud/Unauthorized Chargeback, Chargeback",True,True,0.0,0,0,False,False,0,False,False,,,,False,False,Review transaction and chargeback evidence
TXN00012979,2026-01-23 22:08:47,USR11301,MCH1981,,,4218.51,SUCCESS,45.0,HIGH,P2 - High Priority,"Fraud/Unauthorized Chargeback, Chargeback",True,True,0.0,0,0,False,False,0,False,False,VERIFIED,LOW,,True,False,Review transaction and chargeback evidence
TXN00005459,2026-01-31 19:19:26,USR14920,MCH8763,,,24411.65,SUCCESS,68.0,CRITICAL,P1 - Immediate Review,"Fraud/Unauthorized Chargeback, Chargeback, Repeated User Chargebacks, High-Chargeback Merchant, High-Value Transaction",True,True,0.0,1,1,False,False,0,True,False,,,,False,False,Immediate fraud investigation
TXN00009823,2026-03-25 12:18:04,USR16299,MCH3329,,,16966.14,SUCCESS,45.0,HIGH,P2 - High Priority,"Fraud/Unauthorized Chargeback, Chargeback",True,True,0.0,0,0,False,False,0,False,False,,,,False,False,Review transaction and chargeback evidence
TXN00017748,2026-02-02 09:40:09,USR61630,MCH9572,,,6599.82,SUCCESS,80.0,CRITICAL,P1 - Immediate Review,"Fraud/Unauthorized Chargeback, Chargeback, Identity Anomaly, Repeated User Chargebacks, High-Chargeback Merchant",True,True,1.0,1,1,False,False,0,False,False,VERIFIED,LOW,,True,False,Immediate fraud investigation
TXN00002337,2026-02-28 17:45:56,USR28927,MCH7757,"Uppal, Kota and Ramaswamy",PHONE SERVICE,11411.35,DECLINED,60.0,CRITICAL,P1 - Immediate Review,"Fraud/Unauthorized Chargeback, Chargeback, Identity Anomaly",True,True,1.0,0,0,False,False,0,False,False,VERIFIED,MEDIUM,Live,True,True,Immediate fraud investigation
TXN00018781,2026-01-30 15:02:47,USR35241,MCH9260,,,11828.17,SUCCESS,45.0,HIGH,P2 - High Priority,"Fraud/Unauthorized Chargeback, Chargeback",True,True,0.0,0,0,False,False,0,False,False,VERIFIED,MEDIUM,,True,False,Review transaction and chargeback evidence
TXN00018489,2026-01-08 14:05:17,USR45677,MCH8598,Chanda-Parekh,BOOKS,19351.28,SUCCESS,45.0,HIGH,P2 - High Priority,"Fraud/Unauthorized Chargeback, Chargeback",True,True,0.0,0,0,False,False,0,False,False,VERIFIED,MEDIUM,A,True,True,Review transaction and chargeback evidence
TXN00004673,2026-01-22 03:34:49,USR93634,MCH5953,"Sandhu, Srinivas and Thakur",APPAREL,18137.04,SUCCESS,75.0,CRITICAL,P1 - Immediate Review,"Fraud/Unauthorized Chargeback, Chargeback, Identity Anomaly, Repeated User Chargebacks, KYC Rejected/Failed",True,True,1.0,1,0,False,True,0,False,False,FAILED,LOW,Live,True,True,Immediate fraud investigation
TXN00017025,2026-01-21 08:47:00,USR82580,MCH6022,,,19735.18,SUCCESS,45.0,HIGH,P2 - High Priority,"Fraud/Unauthorized Chargeback, Chargeback",True,True,0.0,0,0,False,False,0,False,False,,,,False,False,Review transaction and chargeback evidence
TXN00015766,2026-01-11 09:42:37,USR35469,MCH8466,dani plc,MISC_RETAIL,4535.21,PENDING,65.0,CRITICAL,P1 - Immediate Review,"Fraud/Unauthorized Chargeback, Chargeback, Repeated User Chargebacks, High-Chargeback Merchant",True,True,0.0,1,1,False,False,0,False,False,,,ACTIVE,False,True,Immediate fraud investigation
TXN00002821,2026-01-25 05:38:14,USR84098,MCH3096,"Pradhan, Anne and Dhillon",FOOD_SERVICES,23155.59,SUCCESS,45.0,HIGH,P2 - High Priority,"Fraud/Unauthorized Chargeback, Chargeback",True,True,0.0,0,0,False,False,0,False,False,APPROVED,MEDIUM,A,True,True,Review transaction and chargeback evidence
TXN00010699,2026-01-29 19:06:17,USR68828,MCH8735,"Chhabra, Kunda and Sem",PHONE SERVICE,18187.66,SUCCESS,45.0,HIGH,P2 - High Priority,"Fraud/Unauthorized Chargeback, Chargeback",True,True,0.0,0,0,False,False,0,False,False,PENDING,MEDIUM,Enabled,True,True,Review transaction and chargeback evidence
TXN00005150,2026-01-23 23:43:05,USR46592,MCH5721,,,3290.89,SUCCESS,50.0,HIGH,P2 - High Priority,"Fraud/Unauthorized Chargeback, Chargeback, High-Risk User",True,True,0.0,0,0,True,False,0,False,False,APPROVED,HIGH,,True,False,Review transaction and chargeback evidence
TXN00008870,2026-07-03 19:50:33,USR86619,MCH4342,"bhavsar, mital and garde",TRANSPORT,8762.41,PENDING,47.0,HIGH,P2 - High Priority,"Fraud/Unauthorized Chargeback, Chargeback, Risky Merchant Status",True,True,0.0,0,0,False,False,0,False,True,,,Suspended,False,True,Review transaction and chargeback evidence
TXN00014225,2026-02-14 13:26:45,USR88575,MCH8513,,,,SUCCESS,45.0,HIGH,P2 - High Priority,"Fraud/Unauthorized Chargeback, Chargeback",True,True,0.0,0,0,False,False,0,False,False,,,,False,False,Review transaction and chargeback evidence
TXN00011455,2026-02-08 20:36:58,USR81301,MCH7682,,,,SUCCESS,55.0,HIGH,P2 - High Priority,"Fraud/Unauthorized Chargeback, Chargeback, Repeated User Chargebacks",True,True,0.0,1,0,False,False,0,False,False,,,,False,False,Review transaction and chargeback evidence
TXN00005144,2026-02-27 11:13:01,USR38257,MCH5459,Sachdev Ltd,APPAREL,19161.02,FAILED,45.0,HIGH,P2 - High Priority,"Fraud/Unauthorized Chargeback, Chargeback",True,True,0.0,0,0,False,False,0,False,False,,,Hold,False,True,Review transaction and chargeback evidence
TXN00003248,2026-02-06 14:03:55,USR55539,MCH4425,,,,SUCCESS,45.0,HIGH,P2 - High Priority,"Fraud/Unauthorized Chargeback, Chargeback",True,True,0.0,0,0,False,False,0,False,False,APPROVED,MEDIUM,,True,False,Review transaction and chargeback evidence
TXN00013039,2026-03-17 14:47:35,USR56437,MCH8786,,,15864.65,SUCCESS,45.0,HIGH,P2 - High Priority,"Fraud/Unauthorized Chargeback, Chargeback",True,True,0.0,0,0,False,False,0,False,False,PENDING,LOW,,True,False,Review transaction and chargeback evidence
TXN00016715,2026-03-02 18:34:32,USR77146,MCH2529,Sheth-Pal,BOOKS,23891.83,SUCCESS,48.0,HIGH,P2 - High Priority,"Fraud/Unauthorized Chargeback, Chargeback, High-Value Transaction",True,True,0.0,0,0,False,False,0,True,False,,,Enabled,False,True,Review transaction and chargeback evidence
TXN00009622,2026-01-03 00:00:00,USR71637,MCH7320,,,1796.86,SUCCESS,45.0,HIGH,P2 - High Priority,"Fraud/Unauthorized Chargeback, Chargeback",True,True,0.0,0,0,False,False,0,False,False,,,,False,False,Review transaction and chargeback evidence
TXN00009920,2026-03-31 14:25:48,USR12879,MCH3594,Khalsa Inc,MISC_RETAIL,10854.04,SUCCESS,45.0,HIGH,P2 - High Priority,"Fraud/Unauthorized Chargeback, Chargeback",True,True,0.0,0,0,False,False,0,False,False,VERIFIED,LOW,Enabled,True,True,Review transaction and chargeback evidence
TXN00017196,2026-03-19 18:51:57,USR28129,MCH1556,,,10130.88,SUCCESS,45.0,HIGH,P2 - High Priority,"Fraud/Unauthorized Chargeback, Chargeback",True,True,0.0,0,0,False,False,0,False,False,,,,False,False,Review transaction and chargeback evidence
TXN00009145,2026-01-30 21:50:13,USR79576,MCH4583,,,18350.67,SUCCESS,45.0,HIGH,P2 - High Priority,"Fraud/Unauthorized Chargeback, Chargeback",True,True,0.0,0,0,False,False,0,False,False,,,,False,False,Review transaction and chargeback evidence
TXN00011168,2026-02-01 07:43:42,USR85231,MCH3791,,,5226.56,SUCCESS,45.0,HIGH,P2 - High Priority,"Fraud/Unauthorized Chargeback, Chargeback",True,True,0.0,0,0,False,False,0,False,False,APPROVED,MEDIUM,,True,False,Review transaction and chargeback evidence
TXN00013395,2026-02-28 00:00:00,USR84875,MCH7140,,,1383.29,SUCCESS,45.0,HIGH,P2 - High Priority,"Fraud/Unauthorized Chargeback, Chargeback",True,True,0.0,0,0,False,False,0,False,False,,,,False,False,Review transaction and chargeback evidence
TXN00013006,2026-01-25 01:01:38,USR27208,MCH7061,Grover and Sons,HOTEL_LODGING,17232.04,PENDING,45.0,HIGH,P2 - High Priority,"Fraud/Unauthorized Chargeback, Chargeback",True,True,0.0,0,0,False,False,0,False,False,,,A,False,True,Review transaction and chargeback evidence
TXN00004610,2026-02-09 23:05:19,USR80098,MCH3767,,,9423.14,PENDING,45.0,HIGH,P2 - High Priority,"Fraud/Unauthorized Chargeback, Chargeback",True,True,0.0,0,0,False,False,0,False,False,APPROVED,LOW,,True,False,Review transaction and chargeback evidence
TXN00002466,2026-03-09 06:26:50,USR83647,MCH4407,,,5040.79,SUCCESS,45.0,HIGH,P2 - High Priority,"Fraud/Unauthorized Chargeback, Chargeback",True,True,0.0,0,0,False,False,0,False,False,,,,False,False,Review transaction and chargeback evidence
TXN00003498,2026-02-28 19:28:26,USR97123,MCH3745,,,22153.47,SUCCESS,45.0,HIGH,P2 - High Priority,"Fraud/Unauthorized Chargeback, Chargeback",True,True,0.0,0,0,False,False,0,False,False,,,,False,False,Review transaction and chargeback evidence
TXN00002901,2026-03-11 19:05:15,USR78616,MCH4802,Jain Inc,GROCERY,3205.39,SUCCESS,45.0,HIGH,P2 - High Priority,"Fraud/Unauthorized Chargeback, Chargeback",True,True,0.0,0,0,False,False,0,False,False,,,Hold,False,True,Review transaction and chargeback evidence
TXN00009226,2026-02-24 13:58:04,USR18613,MCH9798,Mann-Gera,TRANSPORT,23184.89,SUCCESS,50.0,HIGH,P2 - High Priority,"Fraud/Unauthorized Chargeback, Chargeback, High-Risk User",True,True,0.0,0,0,True,False,0,False,False,APPROVED,HIGH,Active,True,True,Review transaction and chargeback evidence
TXN00009054,2026-03-17 02:47:53,USR57250,MCH2420,,,7882.06,FAILED,45.0,HIGH,P2 - High Priority,"Fraud/Unauthorized Chargeback, Chargeback",True,True,0.0,0,0,False,False,0,False,False,,,,False,False,Review transaction and chargeback evidence
TXN00000823,2026-03-28 13:10:22,USR51195,MCH2334,,,8344.14,FAILED,55.0,HIGH,P2 - High Priority,"Fraud/Unauthorized Chargeback, Chargeback, Repeated User Chargebacks",True,True,0.0,1,0,False,False,0,False,False,,,,False,False,Review transaction and chargeback evidence
TXN00014062,2026-02-15 19:50:56,USR15284,MCH5423,"Chanda, Mallick and Butala",DEPARTMENT STORE,24149.1,SUCCESS,48.0,HIGH,P2 - High Priority,"Fraud/Unauthorized Chargeback, Chargeback, High-Value Transaction",True,True,0.0,0,0,False,False,0,True,False,,,A,False,True,Review transaction and chargeback evidence
TXN00005006,2026-03-12 04:11:44,USR23525,MCH1624,,,,SUCCESS,45.0,HIGH,P2 - High Priority,"Fraud/Unauthorized Chargeback, Chargeback",True,True,0.0,0,0,False,False,0,False,False,,,,False,False,Review transaction and chargeback evidence
TXN00014926,2026-02-28 16:17:16,USR53325,MCH1479,"Mandal, Barad and Srinivasan",BOOKS,6649.3,SUCCESS,45.0,HIGH,P2 - High Priority,"Fraud/Unauthorized Chargeback, Chargeback",True,True,0.0,0,0,False,False,0,False,False,,,Enabled,False,True,Review transaction and chargeback evidence
TXN00009831,2026-01-18 10:57:29,USR27790,MCH1015,Mannan-Subramaniam,HOTEL_LODGING,10239.53,SUCCESS,45.0,HIGH,P2 - High Priority,"Fraud/Unauthorized Chargeback, Chargeback",True,True,0.0,0,0,False,False,0,False,False,,,Active,False,True,Review transaction and chargeback evidence
TXN00007095,2026-03-12 10:44:43,USR61593,MCH6393,,,8924.51,SUCCESS,45.0,HIGH,P2 - High Priority,"Fraud/Unauthorized Chargeback, Chargeback",True,True,0.0,0,0,False,False,0,False,False,,,,False,False,Review transaction and chargeback evidence
TXN00007456,2026-02-27 04:34:53,USR43359,MCH1176,,,24972.63,SUCCESS,53.0,HIGH,P2 - High Priority,"Fraud/Unauthorized Chargeback, Chargeback, Velocity Anomaly, High-Value Transaction",True,True,0.0,0,0,False,False,1,True,False,,,,False,False,Review transaction and chargeback evidence
TXN00013623,2026-01-06 21:24:38,USR43108,MCH4749,Sane-Kota,HOTEL_LODGING,21129.23,SUCCESS,55.0,HIGH,P2 - High Priority,"Fraud/Unauthorized Chargeback, Chargeback, Repeated User Chargebacks",True,True,0.0,1,0,False,False,0,False,False,,,Active,False,True,Review transaction and chargeback evidence
TXN00014582,2026-03-14 20:54:37,USR34858,MCH3809,,,1071.35,SUCCESS,50.0,HIGH,P2 - High Priority,"Fraud/Unauthorized Chargeback, Chargeback, High-Risk User",True,True,0.0,0,0,True,False,0,False,False,VERIFIED,HIGH,,True,False,Review transaction and chargeback evidence
TXN00017437,2026-02-11 16:32:37,USR83423,MCH2974,,,10160.24,SUCCESS,55.0,HIGH,P2 - High Priority,"Fraud/Unauthorized Chargeback, Chargeback, Repeated User Chargebacks",True,True,0.0,1,0,False,False,0,False,False,VERIFIED,LOW,,True,False,Review transaction and chargeback evidence
TXN00011255,2026-03-08 00:00:00,USR95217,MCH9572,,,8219.44,SUCCESS,85.0,CRITICAL,P1 - Immediate Review,"Fraud/Unauthorized Chargeback, Chargeback, Identity Anomaly, Repeated User Chargebacks, High-Chargeback Merchant, KYC Rejected/Failed",True,True,1.0,1,1,False,True,0,False,False,REJECTED,LOW,,True,False,Immediate fraud investigation
TXN00017214,2026-10-01 01:17:54,USR98564,MCH1113,,,2017.27,SUCCESS,45.0,HIGH,P2 - High Priority,"Fraud/Unauthorized Chargeback, Chargeback",True,True,0.0,0,0,False,False,0,False,False,,,,False,False,Review transaction and chargeback evidence
TXN00002480,2026-02-13 03:03:28,USR46861,MCH4783,,,19857.32,SUCCESS,45.0,HIGH,P2 - High Priority,"Fraud/Unauthorized Chargeback, Chargeback",True,True,0.0,0,0,False,False,0,False,False,APPROVED,MEDIUM,,True,False,Review transaction and chargeback evidence
TXN00012661,2026-02-02 00:00:00,USR40499,MCH8232,,,,SUCCESS,45.0,HIGH,P2 - High Priority,"Fraud/Unauthorized Chargeback, Chargeback",True,True,0.0,0,0,False,False,0,False,False,VERIFIED,LOW,,True,False,Review transaction and chargeback evidence
TXN00010337,2026-01-17 17:22:09,USR68525,MCH5111,Ramachandran Group,DEPARTMENT STORE,6258.92,SUCCESS,45.0,HIGH,P2 - High Priority,"Fraud/Unauthorized Chargeback, Chargeback",True,True,0.0,0,0,False,False,0,False,False,,,Live,False,True,Review transaction and chargeback evidence
TXN00000284,2026-03-29 08:15:09,USR97613,MCH2400,,,2358.61,SUCCESS,45.0,HIGH,P2 - High Priority,"Fraud/Unauthorized Chargeback, Chargeback",True,True,0.0,0,0,False,False,0,False,False,,,,False,False,Review transaction and chargeback evidence
TXN00012480,2026-01-09 02:04:51,USR75541,MCH3696,"pandya, maharaj and sundaram",BOOKS,2216.93,SUCCESS,45.0,HIGH,P2 - High Priority,"Fraud/Unauthorized Chargeback, Chargeback",True,True,0.0,0,0,False,False,0,False,False,APPROVED,MEDIUM,Hold,True,True,Review transaction and chargeback evidence
TXN00018597,2026-03-24 12:15:20,USR97987,MCH8138,deol and sons,FOOD_SERVICES,1475.15,SUCCESS,45.0,HIGH,P2 - High Priority,"Fraud/Unauthorized Chargeback, Chargeback",True,True,0.0,0,0,False,False,0,False,False,,,Enabled,False,True,Review transaction and chargeback evidence
TXN00007069,2026-01-18 20:44:02,USR55735,MCH9663,,,3879.52,SUCCESS,45.0,HIGH,P2 - High Priority,"Fraud/Unauthorized Chargeback, Chargeback",True,True,0.0,0,0,False,False,0,False,False,VERIFIED,MEDIUM,,True,False,Review transaction and chargeback evidence
TXN00012832,2026-02-11 15:13:46,USR32716,MCH5009,arora-wagle,APPAREL,4346.69,SUCCESS,47.0,HIGH,P2 - High Priority,"Fraud/Unauthorized Chargeback, Chargeback, Risky Merchant Status",True,True,0.0,0,0,False,False,0,False,True,APPROVED,MEDIUM,INACTIVE,True,True,Review transaction and chargeback evidence
TXN00015350,2026-01-10 04:19:30,USR74334,MCH8501,Koshy-Mukherjee,HOTEL_LODGING,15558.72,SUCCESS,45.0,HIGH,P2 - High Priority,"Fraud/Unauthorized Chargeback, Chargeback",True,True,0.0,0,0,False,False,0,False,False,VERIFIED,LOW,Active,True,True,Review transaction and chargeback evidence
TXN00005802,2026-02-02 04:26:13,USR28672,MCH9648,,,,SUCCESS,45.0,HIGH,P2 - High Priority,"Fraud/Unauthorized Chargeback, Chargeback",True,True,0.0,0,0,False,False,0,False,False,,,,False,False,Review transaction and chargeback evidence
TXN00004594,2026-01-17 08:20:51,USR22062,MCH5879,"Sridhar, Sani and Ma11",MOBILE RECHARGE,7811.62,SUCCESS,55.0,HIGH,P2 - High Priority,"Fraud/Unauthorized Chargeback, Chargeback, Repeated User Chargebacks",True,True,0.0,1,0,False,False,0,False,False,,,Active,False,True,Review transaction and chargeback evidence
TXN00008657,2026-02-02 15:19:43,USR64264,MCH2004,,,13433.86,SUCCESS,45.0,HIGH,P2 - High Priority,"Fraud/Unauthorized Chargeback, Chargeback",True,True,0.0,0,0,False,False,0,False,False,,,,False,False,Review transaction and chargeback evidence
TXN00017361,2026-10-03 17:57:15,USR85909,MCH8351,,,14141.15,SUCCESS,45.0,HIGH,P2 - High Priority,"Fraud/Unauthorized Chargeback, Chargeback",True,True,0.0,0,0,False,False,0,False,False,,,,False,False,Review transaction and chargeback evidence
TXN00002207,2026-02-09 06:22:25,USR84725,MCH5963,Mukhopadhyay Ltd,OTHER,7008.13,SUCCESS,47.0,HIGH,P2 - High Priority,"Fraud/Unauthorized Chargeback, Chargeback, Risky Merchant Status",True,True,0.0,0,0,False,False,0,False,True,APPROVED,LOW,INACTIVE,True,True,Review transaction and chargeback evidence
TXN00016780,2026-07-01 14:49:42,USR88655,MCH9557,,,7867.11,SUCCESS,45.0,HIGH,P2 - High Priority,"Fraud/Unauthorized Chargeback, Chargeback",True,True,0.0,0,0,False,False,0,False,False,,,,False,False,Review transaction and chargeback evidence
TXN00002832,2026-01-26 00:00:00,USR50964,MCH6848,Dora LLC,DEPARTMENT STORE,16564.23,SUCCESS,45.0,HIGH,P2 - High Priority,"Fraud/Unauthorized Chargeback, Chargeback",True,True,0.0,0,0,False,False,0,False,False,,,Active,False,True,Review transaction and chargeback evidence
TXN00013258,2026-02-07 20:37:31,USR66173,MCH1289,,,8677.96,SUCCESS,45.0,HIGH,P2 - High Priority,"Fraud/Unauthorized Chargeback, Chargeback",True,True,0.0,0,0,False,False,0,False,False,,,,False,False,Review transaction and chargeback evidence
TXN00018344,2026-01-18 12:18:11,USR41135,MCH7517,"  Banik, Kamdar and Dada  ",APPAREL,,SUCCESS,60.0,CRITICAL,P1 - Immediate Review,"Fraud/Unauthorized Chargeback, Chargeback, Identity Anomaly",True,True,1.0,0,0,False,False,0,False,False,VERIFIED,LOW,ACTIVE,True,True,Immediate fraud investigation
TXN00017826,2026-03-24 18:37:04,USR97136,MCH9861,"Mukherjee, Murthy and Jani",TRANSPORT,17859.44,SUCCESS,55.0,HIGH,P2 - High Priority,"Fraud/Unauthorized Chargeback, Chargeback, High-Chargeback Merchant",True,True,0.0,0,1,False,False,0,False,False,,,A,False,True,Review transaction and chargeback evidence
TXN00015783,2026-01-15 00:00:00,USR22071,MCH3937,,,6328.38,PROCESSING,45.0,HIGH,P2 - High Priority,"Fraud/Unauthorized Chargeback, Chargeback",True,True,0.0,0,0,False,False,0,False,False,,,,False,False,Review transaction and chargeback evidence
TXN00012234,2026-03-19 11:59:16,USR25791,MCH9562,,,5311.01,SUCCESS,45.0,HIGH,P2 - High Priority,"Fraud/Unauthorized Chargeback, Chargeback",True,True,0.0,0,0,False,False,0,False,False,,,,False,False,Review transaction and chargeback evidence
TXN00016708,2026-01-29 04:01:37,USR34141,MCH4326,Morar-Jani,HOTEL_LODGING,24340.46,SUCCESS,48.0,HIGH,P2 - High Priority,"Fraud/Unauthorized Chargeback, Chargeback, High-Value Transaction",True,True,0.0,0,0,False,False,0,True,False,,,Live,False,True,Review transaction and chargeback evidence
TXN00005973,2026-01-10 22:24:16,USR98871,MCH6880,,,20129.93,SUCCESS,50.0,HIGH,P2 - High Priority,"Fraud/Unauthorized Chargeback, Chargeback, Velocity Anomaly",True,True,0.0,0,0,False,False,1,False,False,,,,False,False,Review transaction and chargeback evidence
TXN00018536,2026-01-26 12:57:29,USR81683,MCH7444,Lanka-Shukla,APPAREL,12783.9,FAILED,45.0,HIGH,P2 - High Priority,"Fraud/Unauthorized Chargeback, Chargeback",True,True,0.0,0,0,False,False,0,False,False,APPROVED,MEDIUM,Live,True,True,Review transaction and chargeback evidence
TXN00008323,2026-02-22 16:39:43,USR64018,MCH1407,,,,SUCCESS,50.0,HIGH,P2 - High Priority,"Fraud/Unauthorized Chargeback, Chargeback, High-Risk User",True,True,0.0,0,0,True,False,0,False,False,VERIFIED,HIGH,,True,False,Review transaction and chargeback evidence
TXN00011491,2026-02-03 09:17:15,USR60144,MCH5808,,,23508.5,SUCCESS,45.0,HIGH,P2 - High Priority,"Fraud/Unauthorized Chargeback, Chargeback",True,True,0.0,0,0,False,False,0,False,False,,,,False,False,Review transaction and chargeback evidence
TXN00014016,2026-03-31 23:08:53,USR43767,MCH8057,Kalla Group,MEDICAL_STORE,5226.48,SUCCESS,45.0,HIGH,P2 - High Priority,"Fraud/Unauthorized Chargeback, Chargeback",True,True,0.0,0,0,False,False,0,False,False,APPROVED,LOW,ACTIVE,True,True,Review transaction and chargeback evidence
TXN00015125,2026-01-07 00:12:08,USR78417,MCH9070,"buch, samra and tata",MEDICAL,4790.42,SUCCESS,45.0,HIGH,P2 - High Priority,"Fraud/Unauthorized Chargeback, Chargeback",True,True,0.0,0,0,False,False,0,False,False,VERIFIED,LOW,Enabled,True,True,Review transaction and chargeback evidence
TXN00011359,2026-01-21 19:17:40,USR82456,MCH1525,sant-bhavsar,BOOKS,18781.2,SUCCESS,45.0,HIGH,P2 - High Priority,"Fraud/Unauthorized Chargeback, Chargeback",True,True,0.0,0,0,False,False,0,False,False,,,A,False,True,Review transaction and chargeback evidence
TXN00008319,2026-03-10 14:33:28,USR87738,MCH9164,MITAL AND SONS,APPAREL,-21445.56,SUCCESS,55.0,HIGH,P2 - High Priority,"Fraud/Unauthorized Chargeback, Chargeback, High-Risk User, KYC Rejected/Failed",True,True,0.0,0,0,True,True,0,False,False,REJECTED,HIGH,Enabled,True,True,Review transaction and chargeback evidence
TXN00015777,2026-02-17 18:33:02,USR21242,MCH3132,,,22921.41,SUCCESS,45.0,HIGH,P2 - High Priority,"Fraud/Unauthorized Chargeback, Chargeback",True,True,0.0,0,0,False,False,0,False,False,,,,False,False,Review transaction and chargeback evidence
TXN00018991,2026-03-01 03:09:42,USR57495,MCH5350,,,9745.99,SUCCESS,45.0,HIGH,P2 - High Priority,"Fraud/Unauthorized Chargeback, Chargeback",True,True,0.0,0,0,False,False,0,False,False,,,,False,False,Review transaction and chargeback evidence
TXN00011236,2026-03-21 07:50:17,USR48034,MCH7588,,,,SUCCESS,60.0,CRITICAL,P1 - Immediate Review,"Fraud/Unauthorized Chargeback, Chargeback, Identity Anomaly",True,True,1.0,0,0,False,False,0,False,False,APPROVED,LOW,,True,False,Immediate fraud investigation
TXN00010704,2026-03-01 11:13:52,USR12556,MCH8624,Kannan-Mital,PHARMACY,24551.3,SUCCESS,48.0,HIGH,P2 - High Priority,"Fraud/Unauthorized Chargeback, Chargeback, High-Value Transaction",True,True,0.0,0,0,False,False,0,True,False,,,A,False,True,Review transaction and chargeback evidence
TXN00011968,2026-03-31 22:53:41,USR33039,MCH7459,"Gara, Agarwal and Anne",HOTEL_LODGING,2509.79,DECLINED,45.0,HIGH,P2 - High Priority,"Fraud/Unauthorized Chargeback, Chargeback",True,True,0.0,0,0,False,False,0,False,False,,,Live,False,True,Review transaction and chargeback evidence
TXN00016207,2026-01-22 10:07:34,USR45865,MCH8027,,,23411.8,SUCCESS,55.0,HIGH,P2 - High Priority,"Fraud/Unauthorized Chargeback, Chargeback, Repeated User Chargebacks",True,True,0.0,1,0,False,False,0,False,False,VERIFIED,MEDIUM,,True,False,Review transaction and chargeback evidence
TXN00002679,2026-03-09 12:22:27,USR76408,MCH7396,,,2796.69,SUCCESS,45.0,HIGH,P2 - High Priority,"Fraud/Unauthorized Chargeback, Chargeback",True,True,0.0,0,0,False,False,0,False,False,,,,False,False,Review transaction and chargeback evidence
TXN00003553,2026-01-06 09:38:26,USR97036,MCH1916,,,14521.67,SUCCESS,45.0,HIGH,P2 - High Priority,"Fraud/Unauthorized Chargeback, Chargeback",True,True,0.0,0,0,False,False,0,False,False,,,,False,False,Review transaction and chargeback evidence
TXN00004455,2026-01-18 18:31:28,USR99175,MCH4180,Dave-Oza,BOOKS,21661.92,SUCCESS,45.0,HIGH,P2 - High Priority,"Fraud/Unauthorized Chargeback, Chargeback",True,True,0.0,0,0,False,False,0,False,False,,,Active,False,True,Review transaction and chargeback evidence
TXN00001422,2026-01-28 23:09:23,USR44960,MCH4473,,,12685.8,SUCCESS,50.0,HIGH,P2 - High Priority,"Fraud/Unauthorized Chargeback, Chargeback, High-Risk User",True,True,0.0,0,0,True,False,0,False,False,APPROVED,HIGH,,True,False,Review transaction and chargeback evidence
TXN00001860,2026-01-19 10:17:09,USR94536,MCH8569,Tara Ltd,FOOD_SERVICES,18214.98,SUCCESS,45.0,HIGH,P2 - High Priority,"Fraud/Unauthorized Chargeback, Chargeback",True,True,0.0,0,0,False,False,0,False,False,,,Enabled,False,True,Review transaction and chargeback evidence
TXN00017510,2026-02-25 23:08:29,USR68593,MCH6584,,,21317.28,SUCCESS,45.0,HIGH,P2 - High Priority,"Fraud/Unauthorized Chargeback, Chargeback",True,True,0.0,0,0,False,False,0,False,False,,,,False,False,Review transaction and chargeback evidence
TXN00010858,2026-03-29 05:08:54,USR79349,MCH6214,,,,SUCCESS,45.0,HIGH,P2 - High Priority,"Fraud/Unauthorized Chargeback, Chargeback",True,True,0.0,0,0,False,False,0,False,False,,,,False,False,Review transaction and chargeback evidence
TXN00017402,2026-01-31 22:44:17,USR60842,MCH8420,,,18836.9,SUCCESS,55.0,HIGH,P2 - High Priority,"Fraud/Unauthorized Chargeback, Chargeback, Repeated User Chargebacks",True,True,0.0,1,0,False,False,0,False,False,,,,False,False,Review transaction and chargeback evidence
TXN00010803,2026-01-11 14:50:19,USR17386,MCH3722,Upadhyay-Issac,OTHER,1679.26,SUCCESS,47.0,HIGH,P2 - High Priority,"Fraud/Unauthorized Chargeback, Chargeback, Risky Merchant Status",True,True,0.0,0,0,False,False,0,False,True,,,SUSPENDED,False,True,Review transaction and chargeback evidence
TXN00000106,2026-07-01 22:22:47,USR93616,MCH6435,,,6239.81,SUCCESS,45.0,HIGH,P2 - High Priority,"Fraud/Unauthorized Chargeback, Chargeback",True,True,0.0,0,0,False,False,0,False,False,APPROVED,LOW,,True,False,Review transaction and chargeback evidence
TXN00014618,2026-01-14 00:00:00,USR95420,MCH2269,"dalal, samra and kala",HOTEL_LODGING,9534.88,SUCCESS,45.0,HIGH,P2 - High Priority,"Fraud/Unauthorized Chargeback, Chargeback",True,True,0.0,0,0,False,False,0,False,False,,,ACTIVE,False,True,Review transaction and chargeback evidence
TXN00000164,2026-05-02 03:30:46,USR77275,MCH8493,BUCH INC,MEDICAL_STORE,13399.01,SUCCESS,45.0,HIGH,P2 - High Priority,"Fraud/Unauthorized Chargeback, Chargeback",True,True,0.0,0,0,False,False,0,False,False,APPROVED,MEDIUM,Live,True,True,Review transaction and chargeback evidence
TXN00001443,2026-03-30 15:16:50,USR52274,MCH4411,"Kale, Issac and Sibal",MISC_RETAIL,16818.33,SUCCESS,55.0,HIGH,P2 - High Priority,"Fraud/Unauthorized Chargeback, Chargeback, Repeated User Chargebacks",True,True,0.0,1,0,False,False,0,False,False,,,A,False,True,Review transaction and chargeback evidence
TXN00016493,2026-03-24 11:04:49,USR82379,MCH1937,,,9884.17,FAILED,45.0,HIGH,P2 - High Priority,"Fraud/Unauthorized Chargeback, Chargeback",True,True,0.0,0,0,False,False,0,False,False,APPROVED,MEDIUM,,True,False,Review transaction and chargeback evidence
TXN00010731,2026-01-18 00:24:09,USR73432,MCH2843,,,9110.18,SUCCESS,45.0,HIGH,P2 - High Priority,"Fraud/Unauthorized Chargeback, Chargeback",True,True,0.0,0,0,False,False,0,False,False,PENDING,MEDIUM,,True,False,Review transaction and chargeback evidence
TXN00008166,2026-01-13 03:21:44,USR60475,MCH3096,"Pradhan, Anne and Dhillon",FOOD_SERVICES,9086.1,SUCCESS,45.0,HIGH,P2 - High Priority,"Fraud/Unauthorized Chargeback, Chargeback",True,True,0.0,0,0,False,False,0,False,False,,,A,False,True,Review transaction and chargeback evidence
TXN00010998,2026-02-05 01:20:31,USR88063,MCH3992,,,17469.44,SUCCESS,55.0,HIGH,P2 - High Priority,"Fraud/Unauthorized Chargeback, Chargeback, Repeated User Chargebacks",True,True,0.0,1,0,False,False,0,False,False,,,,False,False,Review transaction and chargeback evidence
TXN00010080,2026-01-02 00:38:54,USR33003,MCH3347,,,24462.58,SUCCESS,48.0,HIGH,P2 - High Priority,"Fraud/Unauthorized Chargeback, Chargeback, High-Value Transaction",True,True,0.0,0,0,False,False,0,True,False,APPROVED,LOW,,True,False,Review transaction and chargeback evidence
TXN00019786,2026-01-17 02:40:53,USR59386,MCH6257,"Parsa, Rana and Raja",FOOD_SERVICES,14465.41,SUCCESS,70.0,CRITICAL,P1 - Immediate Review,"Fraud/Unauthorized Chargeback, Chargeback, Identity Anomaly, High-Chargeback Merchant",True,True,1.0,0,1,False,False,0,False,False,VERIFIED,LOW,A,True,True,Immediate fraud investigation
TXN00008558,2026-04-01 15:55:55,USR54625,MCH9890,,,14846.71,SUCCESS,45.0,HIGH,P2 - High Priority,"Fraud/Unauthorized Chargeback, Chargeback",True,True,0.0,0,0,False,False,0,False,False,VERIFIED,MEDIUM,,True,False,Review transaction and chargeback evidence
TXN00000789,2026-01-15 07:51:58,USR49943,MCH8350,,,11555.53,SUCCESS,45.0,HIGH,P2 - High Priority,"Fraud/Unauthorized Chargeback, Chargeback",True,True,0.0,0,0,False,False,0,False,False,VERIFIED,MEDIUM,,True,False,Review transaction and chargeback evidence
TXN00008366,2026-01-24 04:24:46,USR29842,MCH9183,,,19092.63,SUCCESS,45.0,HIGH,P2 - High Priority,"Fraud/Unauthorized Chargeback, Chargeback",True,True,0.0,0,0,False,False,0,False,False,,,,False,False,Review transaction and chargeback evidence
TXN00008330,2026-02-03 18:07:02,USR25147,MCH5055,Aggarwal-Doctor,MEDICAL,11619.92,SUCCESS,45.0,HIGH,P2 - High Priority,"Fraud/Unauthorized Chargeback, Chargeback",True,True,0.0,0,0,False,False,0,False,False,,,Active,False,True,Review transaction and chargeback evidence
TXN00002471,2026-01-17 01:44:03,USR25524,MCH1175,,,5701.47,SUCCESS,45.0,HIGH,P2 - High Priority,"Fraud/Unauthorized Chargeback, Chargeback",True,True,0.0,0,0,False,False,0,False,False,,,,False,False,Review transaction and chargeback evidence
TXN00013144,2026-01-15 11:09:16,USR34262,MCH6678,,,2300.04,SUCCESS,55.0,HIGH,P2 - High Priority,"Fraud/Unauthorized Chargeback, Chargeback, High-Chargeback Merchant",True,True,0.0,0,1,False,False,0,False,False,,,,False,False,Review transaction and chargeback evidence
TXN00015576,2026-01-17 13:52:13,USR63093,MCH1968,Shroff-Mani,GROCERY,14393.67,SUCCESS,55.0,HIGH,P2 - High Priority,"Fraud/Unauthorized Chargeback, Chargeback, Repeated User Chargebacks",True,True,0.0,1,0,False,False,0,False,False,,,Enabled,False,True,Review transaction and chargeback evidence
TXN00000567,2026-01-13 08:58:10,USR58390,MCH3512,"  Bhatti, Khosla and Chhabra  ",PHONE SERVICE,9812.18,SUCCESS,45.0,HIGH,P2 - High Priority,"Fraud/Unauthorized Chargeback, Chargeback",True,True,0.0,0,0,False,False,0,False,False,,,Active,False,True,Review transaction and chargeback evidence
TXN00010250,2026-03-15 19:59:02,USR58773,MCH9533,,,507.34,SUCCESS,60.0,CRITICAL,P1 - Immediate Review,"Fraud/Unauthorized Chargeback, Chargeback, Identity Anomaly",True,True,1.0,0,0,False,False,0,False,False,VERIFIED,LOW,,True,False,Immediate fraud investigation
TXN00002141,2026-02-28 22:35:22,USR15928,MCH7366,"Shetty, Pa11 and Pi11ay",APPAREL,,SUCCESS,55.0,HIGH,P2 - High Priority,"Fraud/Unauthorized Chargeback, Chargeback, Repeated User Chargebacks",True,True,0.0,1,0,False,False,0,False,False,,,A,False,True,Review transaction and chargeback evidence
TXN00018559,2026-01-07 01:14:09,USR97499,MCH2090,Upadhyay PLC,FOOD_SERVICES,17045.22,SUCCESS,45.0,HIGH,P2 - High Priority,"Fraud/Unauthorized Chargeback, Chargeback",True,True,0.0,0,0,False,False,0,False,False,APPROVED,LOW,Enabled,True,True,Review transaction and chargeback evidence
TXN00014454,2026-01-21 02:37:22,USR65050,MCH8712,,,24282.69,SUCCESS,48.0,HIGH,P2 - High Priority,"Fraud/Unauthorized Chargeback, Chargeback, High-Value Transaction",True,True,0.0,0,0,False,False,0,True,False,,,,False,False,Review transaction and chargeback evidence
TXN00004346,2026-02-20 14:17:08,USR54388,MCH8323,,,8834.04,SUCCESS,45.0,HIGH,P2 - High Priority,"Fraud/Unauthorized Chargeback, Chargeback",True,True,0.0,0,0,False,False,0,False,False,,,,False,False,Review transaction and chargeback evidence
TXN00011368,2026-11-01 17:03:19,USR37297,MCH7308,,,24534.61,SUCCESS,48.0,HIGH,P2 - High Priority,"Fraud/Unauthorized Chargeback, Chargeback, High-Value Transaction",True,True,0.0,0,0,False,False,0,True,False,,,,False,False,Review transaction and chargeback evidence
TXN00007220,2026-01-17 02:26:36,USR77576,MCH9832,,,22807.24,PENDING,45.0,HIGH,P2 - High Priority,"Fraud/Unauthorized Chargeback, Chargeback",True,True,0.0,0,0,False,False,0,False,False,,,,False,False,Review transaction and chargeback evidence
TXN00005059,2026-03-26 02:00:04,USR53351,MCH9116,,,13958.7,SUCCESS,50.0,HIGH,P3 - Review,"Chargeback, Identity Anomaly, Repeated User Chargebacks, High-Chargeback Merchant",True,False,1.0,1,1,False,False,0,False,False,APPROVED,LOW,,True,False,Review KYC and identity records
TXN00011208,2026-02-24 05:45:39,USR10932,MCH7451,,,5715.99,SUCCESS,45.0,HIGH,P2 - High Priority,"Fraud/Unauthorized Chargeback, Chargeback",True,True,0.0,0,0,False,False,0,False,False,,,,False,False,Review transaction and chargeback evidence
TXN00008821,2026-01-20 07:24:46,USR57173,MCH7097,,,2106.0,SUCCESS,45.0,HIGH,P2 - High Priority,"Fraud/Unauthorized Chargeback, Chargeback",True,True,0.0,0,0,False,False,0,False,False,APPROVED,LOW,,True,False,Review transaction and chargeback evidence
TXN00007145,2026-02-14 22:30:53,USR97518,MCH9908,,,23340.49,SUCCESS,45.0,HIGH,P2 - High Priority,"Fraud/Unauthorized Chargeback, Chargeback",True,True,0.0,0,0,False,False,0,False,False,,,,False,False,Review transaction and chargeback evidence
TXN00014522,2026-01-02 17:07:28,USR86483,MCH7020,Dalal LLC,DEPARTMENT STORE,23548.34,SUCCESS,45.0,HIGH,P2 - High Priority,"Fraud/Unauthorized Chargeback, Chargeback",True,True,0.0,0,0,False,False,0,False,False,,,ACTIVE,False,True,Review transaction and chargeback evidence
TXN00011962,2026-03-21 22:11:23,USR78468,MCH4775,"DIVAN, BUCH AND KUNDA",PHONE SERVICE,21180.46,SUCCESS,45.0,HIGH,P2 - High Priority,"Fraud/Unauthorized Chargeback, Chargeback",True,True,0.0,0,0,False,False,0,False,False,,,Disabled,False,True,Review transaction and chargeback evidence
TXN00015011,2026-02-28 22:49:03,USR80080,MCH5705,MUKHOPADHYAY AND SONS,APPAREL,1698.2,SUCCESS,50.0,HIGH,P2 - High Priority,"Fraud/Unauthorized Chargeback, Chargeback, KYC Rejected/Failed",True,True,0.0,0,0,False,True,0,False,False,REJECTED,MEDIUM,A,True,True,Review transaction and chargeback evidence
TXN00018979,2026-01-29 13:12:59,USR88356,MCH6772,"Sarin,KaleandBava",GROCERY,6940.72,FAILED,47.0,HIGH,P2 - High Priority,"Fraud/Unauthorized Chargeback, Chargeback, Risky Merchant Status",True,True,0.0,0,0,False,False,0,False,True,,,INACTIVE,False,True,Review transaction and chargeback evidence
TXN00006280,2026-01-11 04:28:04,USR42325,MCH2446,,,4881.62,SUCCESS,45.0,HIGH,P2 - High Priority,"Fraud/Unauthorized Chargeback, Chargeback",True,True,0.0,0,0,False,False,0,False,False,PENDING,MEDIUM,,True,False,Review transaction and chargeback evidence
TXN00001789,2026-02-15 18:37:14,USR60494,MCH1912,Keer-Mitra,TRANSPORT,1675.63,SUCCESS,45.0,HIGH,P2 - High Priority,"Fraud/Unauthorized Chargeback, Chargeback",True,True,0.0,0,0,False,False,0,False,False,APPROVED,MEDIUM,ACTIVE,True,True,Review transaction and chargeback evidence
TXN00017581,2026-01-09 00:00:00,USR24980,MCH5725,,,12534.15,SUCCESS,55.0,HIGH,P2 - High Priority,"Fraud/Unauthorized Chargeback, Chargeback, Repeated User Chargebacks",True,True,0.0,1,0,False,False,0,False,False,,,,False,False,Review transaction and chargeback evidence
TXN00012872,2026-03-19 13:58:11,USR27335,MCH6706,,,22050.87,FAILED,45.0,HIGH,P2 - High Priority,"Fraud/Unauthorized Chargeback, Chargeback",True,True,0.0,0,0,False,False,0,False,False,,,,False,False,Review transaction and chargeback evidence
TXN00012671,2026-01-29 11:39:27,USR33484,MCH6662,Din-Gour,MISC_RETAIL,1804.47,SUCCESS,45.0,HIGH,P2 - High Priority,"Fraud/Unauthorized Chargeback, Chargeback",True,True,0.0,0,0,False,False,0,False,False,APPROVED,UNKNOWN,ACTIVE,True,True,Review transaction and chargeback evidence
TXN00013273,2026-03-15 00:35:55,USR34744,MCH9739,"Gupta, Bhatia and Dhillon",TRANSPORT,4319.57,SUCCESS,50.0,HIGH,P2 - High Priority,"Fraud/Unauthorized Chargeback, Chargeback, Velocity Anomaly",True,True,0.0,0,0,False,False,1,False,False,,,A,False,True,Review transaction and chargeback evidence
TXN00006681,2026-01-29 05:05:57,USR90112,MCH5222,"Char, Warrior and Cherian",APPAREL,16389.35,SUCCESS,45.0,HIGH,P2 - High Priority,"Fraud/Unauthorized Chargeback, Chargeback",True,True,0.0,0,0,False,False,0,False,False,VERIFIED,LOW,I,True,True,Review transaction and chargeback evidence
TXN00009292,2026-02-18 07:49:15,USR72086,MCH5818,,,13725.56,SUCCESS,45.0,HIGH,P2 - High Priority,"Fraud/Unauthorized Chargeback, Chargeback",True,True,0.0,0,0,False,False,0,False,False,,,,False,False,Review transaction and chargeback evidence
TXN00009074,2026-02-18 14:37:01,USR47427,MCH3215,,,12933.59,SUCCESS,45.0,HIGH,P2 - High Priority,"Fraud/Unauthorized Chargeback, Chargeback",True,True,0.0,0,0,False,False,0,False,False,,,,False,False,Review transaction and chargeback evidence
TXN00007949,2026-01-03 10:47:09,USR13943,MCH2900,,,23298.5,SUCCESS,45.0,HIGH,P2 - High Priority,"Fraud/Unauthorized Chargeback, Chargeback",True,True,0.0,0,0,False,False,0,False,False,,,,False,False,Review transaction and chargeback evidence
TXN00014977,2026-01-19 05:55:12,USR36439,MCH7155,,,13618.86,FAILED,60.0,CRITICAL,P1 - Immediate Review,"Fraud/Unauthorized Chargeback, Chargeback, Identity Anomaly",True,True,1.0,0,0,False,False,0,False,False,APPROVED,LOW,,True,False,Immediate fraud investigation
TXN00001620,2026-03-01 00:00:00,USR32079,MCH8999,"BORDE, REDDY AND MITAL",TRANSPORT,18268.96,SUCCESS,55.0,HIGH,P2 - High Priority,"Fraud/Unauthorized Chargeback, Chargeback, Repeated User Chargebacks",True,True,0.0,1,0,False,False,0,False,False,,,Live,False,True,Review transaction and chargeback evidence
TXN00018187,2026-01-16 00:39:10,USR96090,MCH1973,Sastry Ltd,APPAREL,1651.6,SUCCESS,45.0,HIGH,P2 - High Priority,"Fraud/Unauthorized Chargeback, Chargeback",True,True,0.0,0,0,False,False,0,False,False,VERIFIED,LOW,Live,True,True,Review transaction and chargeback evidence
TXN00017717,2026-01-15 00:00:00,USR24936,MCH5917,"TARA, BHASIN AND SINGH",PHARMACY,8578.8,SUCCESS,47.0,HIGH,P2 - High Priority,"Fraud/Unauthorized Chargeback, Chargeback, Risky Merchant Status",True,True,0.0,0,0,False,False,0,False,True,,,Suspended,False,True,Review transaction and chargeback evidence
TXN00011275,2026-01-11 11:13:57,USR70532,MCH4937,Mand and Sons,PHARMACY,3478.01,SUCCESS,47.0,HIGH,P2 - High Priority,"Fraud/Unauthorized Chargeback, Chargeback, Risky Merchant Status",True,True,0.0,0,0,False,False,0,False,True,,,INACTIVE,False,True,Review transaction and chargeback evidence
TXN00008048,2026-02-28 00:28:19,USR45215,MCH6917,"Deshmukh, Parmar and Lad",PHONE SERVICE,-789.06,SUCCESS,45.0,HIGH,P2 - High Priority,"Fraud/Unauthorized Chargeback, Chargeback",True,True,0.0,0,0,False,False,0,False,False,,,A,False,True,Review transaction and chargeback evidence
TXN00002013,2026-01-25 17:56:10,USR91537,MCH5761,,,22661.87,SUCCESS,45.0,HIGH,P2 - High Priority,"Fraud/Unauthorized Chargeback, Chargeback",True,True,0.0,0,0,False,False,0,False,False,,,,False,False,Review transaction and chargeback evidence
TXN00009432,2026-01-21 23:38:32,USR72066,MCH4115,"Bandi, Rau and Hayre",TRANSPORT,,PROCESSING,40.0,HIGH,P3 - Review,"Chargeback, Identity Anomaly, Repeated User Chargebacks",True,False,1.0,1,0,False,False,0,False,False,VERIFIED,LOW,S,True,True,Review KYC and identity records
TXN00018833,2026-02-15 08:57:48,USR37690,MCH5431,,,6939.5,SUCCESS,50.0,HIGH,P2 - High Priority,"Fraud/Unauthorized Chargeback, Chargeback, High-Risk User",True,True,0.0,0,0,True,False,0,False,False,VERIFIED,HIGH,,True,False,Review transaction and chargeback evidence
TXN00012615,2026-02-27 09:13:16,USR13620,MCH3562,,,22734.91,SUCCESS,45.0,HIGH,P2 - High Priority,"Fraud/Unauthorized Chargeback, Chargeback",True,True,0.0,0,0,False,False,0,False,False,,,,False,False,Review transaction and chargeback evidence
TXN00002603,2026-03-04 00:51:55,USR58940,MCH1325,,,18718.64,SUCCESS,45.0,HIGH,P2 - High Priority,"Fraud/Unauthorized Chargeback, Chargeback",True,True,0.0,0,0,False,False,0,False,False,APPROVED,LOW,,True,False,Review transaction and chargeback evidence
TXN00011553,2026-03-06 02:05:40,USR36764,MCH8657,,,20307.87,SUCCESS,45.0,HIGH,P2 - High Priority,"Fraud/Unauthorized Chargeback, Chargeback",True,True,0.0,0,0,False,False,0,False,False,,,,False,False,Review transaction and chargeback evidence
TXN00012704,2026-01-30 11:33:36,USR14312,MCH6973,,,18043.52,SUCCESS,55.0,HIGH,P2 - High Priority,"Fraud/Unauthorized Chargeback, Chargeback, High-Chargeback Merchant",True,True,0.0,0,1,False,False,0,False,False,VERIFIED,LOW,,True,False,Review transaction and chargeback evidence
TXN00019385,2026-01-21 19:05:48,USR92468,MCH3650,,,21717.0,SUCCESS,65.0,CRITICAL,P1 - Immediate Review,"Fraud/Unauthorized Chargeback, Chargeback, Identity Anomaly, KYC Rejected/Failed",True,True,1.0,0,0,False,True,0,False,False,REJECTED,LOW,,True,False,Immediate fraud investigation
TXN00019414,2026-03-26 22:59:19,USR21017,MCH7424,,,9205.94,SUCCESS,45.0,HIGH,P2 - High Priority,"Fraud/Unauthorized Chargeback, Chargeback",True,True,0.0,0,0,False,False,0,False,False,,,,False,False,Review transaction and chargeback evidence
TXN00016968,2026-03-18 00:41:27,USR26135,MCH6487,,,5931.54,SUCCESS,45.0,HIGH,P2 - High Priority,"Fraud/Unauthorized Chargeback, Chargeback",True,True,0.0,0,0,False,False,0,False,False,,,,False,False,Review transaction and chargeback evidence
TXN00003845,2026-02-23 00:00:00,USR67232,MCH1591,Ramaswamy-Babu,DEPARTMENT STORE,4038.86,SUCCESS,45.0,HIGH,P2 - High Priority,"Fraud/Unauthorized Chargeback, Chargeback",True,True,0.0,0,0,False,False,0,False,False,,,Enabled,False,True,Review transaction and chargeback evidence
TXN00004832,2026-03-17 15:07:51,USR40258,MCH7108,Krishnan Group,GROCERY,18489.34,SUCCESS,45.0,HIGH,P2 - High Priority,"Fraud/Unauthorized Chargeback, Chargeback",True,True,0.0,0,0,False,False,0,False,False,IN_PROGRESS,UNKNOWN,Live,True,True,Review transaction and chargeback evidence
TXN00019169,2026-02-09 16:44:49,USR46758,MCH9596,,,,SUCCESS,60.0,CRITICAL,P1 - Immediate Review,"Fraud/Unauthorized Chargeback, Chargeback, Identity Anomaly",True,True,1.0,0,0,False,False,0,False,False,VERIFIED,LOW,,True,False,Immediate fraud investigation
TXN00008946,2026-03-16 00:37:53,USR35735,MCH2424,PATIL LTD,PHARMACY,,SUCCESS,45.0,HIGH,P2 - High Priority,"Fraud/Unauthorized Chargeback, Chargeback",True,True,0.0,0,0,False,False,0,False,False,,,A,False,True,Review transaction and chargeback evidence
TXN00007662,2026-01-29 13:39:23,USR11200,MCH1256,Vala Inc,MEDICAL_STORE,15540.4,SUCCESS,45.0,HIGH,P2 - High Priority,"Fraud/Unauthorized Chargeback, Chargeback",True,True,0.0,0,0,False,False,0,False,False,,,Blocked,False,True,Review transaction and chargeback evidence
TXN00008797,2026-03-30 15:08:18,USR38016,MCH1122,Bakshi and Sons,DEPARTMENT STORE,,SUCCESS,45.0,HIGH,P2 - High Priority,"Fraud/Unauthorized Chargeback, Chargeback",True,True,0.0,0,0,False,False,0,False,False,VERIFIED,MEDIUM,Live,True,True,Review transaction and chargeback evidence
TXN00006632,2026-01-17 20:38:04,USR85582,MCH3403,,,3468.56,SUCCESS,50.0,HIGH,P2 - High Priority,"Fraud/Unauthorized Chargeback, Chargeback, High-Risk User",True,True,0.0,0,0,True,False,0,False,False,VERIFIED,HIGH,,True,False,Review transaction and chargeback evidence
TXN00000296,2026-02-27 03:09:53,USR98440,MCH2463,Yogi-Dhar,TRANSPORT,,SUCCESS,45.0,HIGH,P2 - High Priority,"Fraud/Unauthorized Chargeback, Chargeback",True,True,0.0,0,0,False,False,0,False,False,APPROVED,UNKNOWN,ACTIVE,True,True,Review transaction and chargeback evidence
TXN00003542,2026-12-01 06:51:31,USR44850,MCH7033,Mani and Sons,APPAREL,20227.5,SUCCESS,50.0,HIGH,P2 - High Priority,"Fraud/Unauthorized Chargeback, Chargeback, KYC Rejected/Failed",True,True,0.0,0,0,False,True,0,False,False,REJECTED,LOW,A,True,True,Review transaction and chargeback evidence
TXN00005518,2026-02-13 08:43:23,USR78743,MCH1212,,,,SUCCESS,60.0,CRITICAL,P1 - Immediate Review,"Fraud/Unauthorized Chargeback, Chargeback, Identity Anomaly",True,True,1.0,0,0,False,False,0,False,False,PENDING,LOW,,True,False,Immediate fraud investigation
TXN00003443,2026-02-08 22:00:32,USR48048,MCH1778,,,5298.78,INITIATED,45.0,HIGH,P2 - High Priority,"Fraud/Unauthorized Chargeback, Chargeback",True,True,0.0,0,0,False,False,0,False,False,APPROVED,LOW,,True,False,Review transaction and chargeback evidence
TXN00008686,2026-02-20 21:35:09,USR87780,MCH8933,Karpe Inc,MEDICAL_STORE,14641.29,SUCCESS,45.0,HIGH,P2 - High Priority,"Fraud/Unauthorized Chargeback, Chargeback",True,True,0.0,0,0,False,False,0,False,False,,,Live,False,True,Review transaction and chargeback evidence
TXN00008775,2026-03-06 10:07:59,USR89777,MCH7415,,,23693.84,SUCCESS,45.0,HIGH,P2 - High Priority,"Fraud/Unauthorized Chargeback, Chargeback",True,True,0.0,0,0,False,False,0,False,False,,,,False,False,Review transaction and chargeback evidence
TXN00008462,2026-01-19 18:00:03,USR33216,MCH3201,BAHL AND SONS,BOOKS,22538.13,SUCCESS,45.0,HIGH,P2 - High Priority,"Fraud/Unauthorized Chargeback, Chargeback",True,True,0.0,0,0,False,False,0,False,False,VERIFIED,LOW,A,True,True,Review transaction and chargeback evidence
TXN00000155,2026-02-24 12:04:57,USR94673,MCH8824,Mani PLC,OTHER,24641.4,SUCCESS,48.0,HIGH,P2 - High Priority,"Fraud/Unauthorized Chargeback, Chargeback, High-Value Transaction",True,True,0.0,0,0,False,False,0,True,False,,,A,False,True,Review transaction and chargeback evidence
TXN00014790,2026-08-02 14:37:51,USR11862,MCH1764,"K0h1i, Sa1vi and Ch0kshi",APPAREL,23152.77,SUCCESS,45.0,HIGH,P2 - High Priority,"Fraud/Unauthorized Chargeback, Chargeback",True,True,0.0,0,0,False,False,0,False,False,,,Enabled,False,True,Review transaction and chargeback evidence
TXN00002546,2026-03-02 22:35:32,USR50191,MCH7683,,,12195.82,DECLINED,45.0,HIGH,P2 - High Priority,"Fraud/Unauthorized Chargeback, Chargeback",True,True,0.0,0,0,False,False,0,False,False,,,,False,False,Review transaction and chargeback evidence
TXN00003828,2026-02-15 13:59:31,USR37969,MCH5751,,,,SUCCESS,45.0,HIGH,P2 - High Priority,"Fraud/Unauthorized Chargeback, Chargeback",True,True,0.0,0,0,False,False,0,False,False,,,,False,False,Review transaction and chargeback evidence
TXN00015049,2026-01-11 05:45:43,USR70822,MCH5307,"Balan, Varughese and Dave",FOOD_SERVICES,8883.82,SUCCESS,45.0,HIGH,P2 - High Priority,"Fraud/Unauthorized Chargeback, Chargeback",True,True,0.0,0,0,False,False,0,False,False,,,Active,False,True,Review transaction and chargeback evidence
TXN00014710,2026-03-12 10:10:38,USR53916,MCH6593,"Thakur, V0hra and Kar",GROCERY,1410.17,SUCCESS,45.0,HIGH,P2 - High Priority,"Fraud/Unauthorized Chargeback, Chargeback",True,True,0.0,0,0,False,False,0,False,False,,,Live,False,True,Review transaction and chargeback evidence
TXN00010864,2026-01-23 00:26:24,USR22156,MCH1058,"Vyas,VirkandDatta",DEPARTMENT STORE,12667.47,SUCCESS,45.0,HIGH,P2 - High Priority,"Fraud/Unauthorized Chargeback, Chargeback",True,True,0.0,0,0,False,False,0,False,False,,,A,False,True,Review transaction and chargeback evidence
TXN00003575,2026-01-08 02:10:16,USR84207,MCH3496,,,22239.09,FAILED,45.0,HIGH,P2 - High Priority,"Fraud/Unauthorized Chargeback, Chargeback",True,True,0.0,0,0,False,False,0,False,False,,,,False,False,Review transaction and chargeback evidence
TXN00017444,2026-03-05 18:48:54,USR58624,MCH7520,,,3680.33,SUCCESS,45.0,HIGH,P2 - High Priority,"Fraud/Unauthorized Chargeback, Chargeback",True,True,0.0,0,0,False,False,0,False,False,,,,False,False,Review transaction and chargeback evidence
TXN00006976,2026-02-07 16:10:53,USR93864,MCH3549,Khalsa and Sons,FOOD_SERVICES,10906.81,SUCCESS,55.0,HIGH,P2 - High Priority,"Fraud/Unauthorized Chargeback, Chargeback, High-Chargeback Merchant",True,True,0.0,0,1,False,False,0,False,False,,,Active,False,True,Review transaction and chargeback evidence
TXN00000954,2026-02-02 18:25:59,USR54714,MCH8255,Sastry Group,PHARMACY,22861.15,SUCCESS,45.0,HIGH,P2 - High Priority,"Fraud/Unauthorized Chargeback, Chargeback",True,True,0.0,0,0,False,False,0,False,False,APPROVED,MEDIUM,Enabled,True,True,Review transaction and chargeback evidence
TXN00000019,2026-01-03 21:25:57,USR71709,MCH2366,,,,SUCCESS,45.0,HIGH,P2 - High Priority,"Fraud/Unauthorized Chargeback, Chargeback",True,True,0.0,0,0,False,False,0,False,False,,,,False,False,Review transaction and chargeback evidence
TXN00013934,2026-02-01 05:54:08,USR77709,MCH5422,sawhney llc,APPAREL,24508.25,SUCCESS,68.0,CRITICAL,P1 - Immediate Review,"Fraud/Unauthorized Chargeback, Chargeback, Repeated User Chargebacks, High-Chargeback Merchant, High-Value Transaction",True,True,0.0,1,1,False,False,0,True,False,,,Live,False,True,Immediate fraud investigation
TXN00012698,2026-02-28 19:29:50,USR35430,MCH1117,,,20900.37,SUCCESS,45.0,HIGH,P2 - High Priority,"Fraud/Unauthorized Chargeback, Chargeback",True,True,0.0,0,0,False,False,0,False,False,,,,False,False,Review transaction and chargeback evidence
TXN00013175,2026-03-16 21:56:49,USR65033,MCH9749,Virk Ltd,TRANSPORT,5492.01,SUCCESS,45.0,HIGH,P2 - High Priority,"Fraud/Unauthorized Chargeback, Chargeback",True,True,0.0,0,0,False,False,0,False,False,IN_PROGRESS,LOW,Enabled,True,True,Review transaction and chargeback evidence
TXN00006989,2026-03-11 22:23:14,USR47361,MCH9183,,,3942.72,SUCCESS,45.0,HIGH,P2 - High Priority,"Fraud/Unauthorized Chargeback, Chargeback",True,True,0.0,0,0,False,False,0,False,False,PENDING,LOW,,True,False,Review transaction and chargeback evidence
TXN00012289,2026-10-02 10:19:35,USR64948,MCH8805,bose inc,APPAREL,,SUCCESS,45.0,HIGH,P2 - High Priority,"Fraud/Unauthorized Chargeback, Chargeback",True,True,0.0,0,0,False,False,0,False,False,VERIFIED,LOW,Enabled,True,True,Review transaction and chargeback evidence
TXN00008377,2026-02-18 07:22:24,USR35396,MCH2783,,,4277.3,INITIATED,45.0,HIGH,P2 - High Priority,"Fraud/Unauthorized Chargeback, Chargeback",True,True,0.0,0,0,False,False,0,False,False,,,,False,False,Review transaction and chargeback evidence
TXN00004932,2026-03-24 04:24:49,USR24394,MCH3151,,,8559.89,SUCCESS,45.0,HIGH,P2 - High Priority,"Fraud/Unauthorized Chargeback, Chargeback",True,True,0.0,0,0,False,False,0,False,False,IN_PROGRESS,MEDIUM,,True,False,Review transaction and chargeback evidence
TXN00009115,2026-09-01 06:46:43,USR44704,MCH9999,,,8153.99,SUCCESS,50.0,HIGH,P2 - High Priority,"Fraud/Unauthorized Chargeback, Chargeback, High-Risk User",True,True,0.0,0,0,True,False,0,False,False,VERIFIED,HIGH,,True,False,Review transaction and chargeback evidence
TXN00001244,2026-03-30 04:58:07,USR67624,MCH8663,Khalsa Group,BOOKS,21121.13,SUCCESS,55.0,HIGH,P2 - High Priority,"Fraud/Unauthorized Chargeback, Chargeback, Repeated User Chargebacks",True,True,0.0,1,0,False,False,0,False,False,,,Disabled,False,True,Review transaction and chargeback evidence
TXN00007016,2026-01-03 23:48:49,USR62250,MCH3779,aggarwal-hans,DEPARTMENT STORE,21642.47,SUCCESS,45.0,HIGH,P2 - High Priority,"Fraud/Unauthorized Chargeback, Chargeback",True,True,0.0,0,0,False,False,0,False,False,,,Live,False,True,Review transaction and chargeback evidence
TXN00010572,2026-01-06 18:59:54,USR56129,MCH6209,,,21137.03,SUCCESS,45.0,HIGH,P2 - High Priority,"Fraud/Unauthorized Chargeback, Chargeback",True,True,0.0,0,0,False,False,0,False,False,,,,False,False,Review transaction and chargeback evidence
TXN00012645,2026-03-09 17:19:35,USR23973,MCH9245,zachariah-suri,RETAIL,8641.46,SUCCESS,45.0,HIGH,P2 - High Priority,"Fraud/Unauthorized Chargeback, Chargeback",True,True,0.0,0,0,False,False,0,False,False,,,Enabled,False,True,Review transaction and chargeback evidence
TXN00011669,2026-01-28 21:35:13,USR82876,MCH8776,,,17205.97,SUCCESS,45.0,HIGH,P2 - High Priority,"Fraud/Unauthorized Chargeback, Chargeback",True,True,0.0,0,0,False,False,0,False,False,,,,False,False,Review transaction and chargeback evidence
TXN00007253,2026-02-15 14:25:12,USR68255,MCH3914,,,6639.47,SUCCESS,45.0,HIGH,P2 - High Priority,"Fraud/Unauthorized Chargeback, Chargeback",True,True,0.0,0,0,False,False,0,False,False,,,,False,False,Review transaction and chargeback evidence
TXN00007159,2026-03-25 08:56:52,USR75130,MCH5474,,,7867.71,INITIATED,45.0,HIGH,P2 - High Priority,"Fraud/Unauthorized Chargeback, Chargeback",True,True,0.0,0,0,False,False,0,False,False,,,,False,False,Review transaction and chargeback evidence
TXN00004780,2026-03-15 02:59:05,USR41272,MCH1527,,,5846.85,SUCCESS,45.0,HIGH,P2 - High Priority,"Fraud/Unauthorized Chargeback, Chargeback",True,True,0.0,0,0,False,False,0,False,False,,,,False,False,Review transaction and chargeback evidence
TXN00014364,2026-03-23 09:50:13,USR41097,MCH5623,,,,SUCCESS,45.0,HIGH,P2 - High Priority,"Fraud/Unauthorized Chargeback, Chargeback",True,True,0.0,0,0,False,False,0,False,False,,,,False,False,Review transaction and chargeback evidence
TXN00018666,2026-02-12 13:54:33,USR78780,MCH5135,kapoor ltd,APPAREL,13507.28,SUCCESS,45.0,HIGH,P2 - High Priority,"Fraud/Unauthorized Chargeback, Chargeback",True,True,0.0,0,0,False,False,0,False,False,,,Live,False,True,Review transaction and chargeback evidence
TXN00001284,2026-02-14 01:58:10,USR12116,MCH9495,,,254.17,SUCCESS,45.0,HIGH,P2 - High Priority,"Fraud/Unauthorized Chargeback, Chargeback",True,True,0.0,0,0,False,False,0,False,False,,,,False,False,Review transaction and chargeback evidence
TXN00002933,2026-01-06 09:07:16,USR46169,MCH1389,munshi-behl,GROCERY,1970.61,FAIL,50.0,HIGH,P2 - High Priority,"Fraud/Unauthorized Chargeback, Chargeback, High-Risk User",True,True,0.0,0,0,True,False,0,False,False,APPROVED,HIGH,A,True,True,Review transaction and chargeback evidence
TXN00016915,2026-08-03 09:04:11,USR65144,MCH8358,Sarna-Singh,APPAREL,1027.09,SUCCESS,47.0,HIGH,P2 - High Priority,"Fraud/Unauthorized Chargeback, Chargeback, Risky Merchant Status",True,True,0.0,0,0,False,False,0,False,True,,,SUSPENDED,False,True,Review transaction and chargeback evidence
TXN00011566,2026-01-26 13:44:43,USR25722,MCH7436,Mane-Trivedi,MEDICAL_STORE,6592.46,SUCCESS,55.0,HIGH,P2 - High Priority,"Fraud/Unauthorized Chargeback, Chargeback, High-Chargeback Merchant",True,True,0.0,0,1,False,False,0,False,False,,,ACTIVE,False,True,Review transaction and chargeback evidence
TXN00018891,2026-01-27 20:09:54,USR65258,MCH7441,,,7659.54,SUCCESS,45.0,HIGH,P2 - High Priority,"Fraud/Unauthorized Chargeback, Chargeback",True,True,0.0,0,0,False,False,0,False,False,,,,False,False,Review transaction and chargeback evidence
TXN00010422,2026-03-28 02:39:43,USR24948,MCH6679,,,11211.18,SUCCESS,45.0,HIGH,P2 - High Priority,"Fraud/Unauthorized Chargeback, Chargeback",True,True,0.0,0,0,False,False,0,False,False,APPROVED,MEDIUM,,True,False,Review transaction and chargeback evidence
TXN00009715,2026-01-14 11:41:58,USR32457,MCH8119,SubramanianandSons,TRANSPORT,12023.04,FAILED,65.0,CRITICAL,P1 - Immediate Review,"Fraud/Unauthorized Chargeback, Chargeback, Repeated User Chargebacks, High-Chargeback Merchant",True,True,0.0,1,1,False,False,0,False,False,VERIFIED,LOW,Active,True,True,Immediate fraud investigation
TXN00003133,2026-01-15 00:10:02,USR24058,MCH9977,Mohanty-Desai,TELECOM,23318.44,SUCCESS,45.0,HIGH,P2 - High Priority,"Fraud/Unauthorized Chargeback, Chargeback",True,True,0.0,0,0,False,False,0,False,False,,,A,False,True,Review transaction and chargeback evidence
TXN00015990,2026-01-02 07:50:01,USR64598,MCH6606,,,13304.23,SUCCESS,45.0,HIGH,P2 - High Priority,"Fraud/Unauthorized Chargeback, Chargeback",True,True,0.0,0,0,False,False,0,False,False,,,,False,False,Review transaction and chargeback evidence
TXN00003335,2026-01-23 14:32:54,USR35035,MCH5447,Chhabra-Bajaj,GROCERY,22261.33,INITIATED,50.0,HIGH,P2 - High Priority,"Fraud/Unauthorized Chargeback, Chargeback, High-Risk User",True,True,0.0,0,0,True,False,0,False,False,APPROVED,HIGH,A,True,True,Review transaction and chargeback evidence
TXN00010063,2026-02-14 18:27:39,USR39561,MCH5188,"Dube, Nair and Datta",TRANSPORT,,SUCCESS,65.0,CRITICAL,P1 - Immediate Review,"Fraud/Unauthorized Chargeback, Chargeback, Repeated User Chargebacks, High-Chargeback Merchant",True,True,0.0,1,1,False,False,0,False,False,,,ACTIVE,False,True,Immediate fraud investigation
TXN00007831,2026-01-18 20:32:59,USR40086,MCH1495,,,5019.72,SUCCESS,45.0,HIGH,P2 - High Priority,"Fraud/Unauthorized Chargeback, Chargeback",True,True,0.0,0,0,False,False,0,False,False,,,,False,False,Review transaction and chargeback evidence
TXN00015992,2026-02-23 13:42:47,USR49340,MCH7201,"patil, mahajan and issac",MISC_RETAIL,9843.08,FAILED,45.0,HIGH,P2 - High Priority,"Fraud/Unauthorized Chargeback, Chargeback",True,True,0.0,0,0,False,False,0,False,False,,,Active,False,True,Review transaction and chargeback evidence
TXN00012064,2026-01-20 05:59:37,USR93769,MCH6334,,,16173.67,SUCCESS,45.0,HIGH,P2 - High Priority,"Fraud/Unauthorized Chargeback, Chargeback",True,True,0.0,0,0,False,False,0,False,False,,,,False,False,Review transaction and chargeback evidence
TXN00014722,2026-04-03 05:45:06,USR93927,MCH2358,,,2401.2,SUCCESS,50.0,HIGH,P2 - High Priority,"Fraud/Unauthorized Chargeback, Chargeback, KYC Rejected/Failed",True,True,0.0,0,0,False,True,0,False,False,REJECTED,MEDIUM,,True,False,Review transaction and chargeback evidence
TXN00017471,2026-01-22 02:43:35,USR72274,MCH1248,,,19466.64,FAIL,60.0,CRITICAL,P1 - Immediate Review,"Fraud/Unauthorized Chargeback, Chargeback, Identity Anomaly",True,True,1.0,0,0,False,False,0,False,False,UNKNOWN,LOW,,True,False,Immediate fraud investigation
TXN00016135,2026-05-01 10:17:05,USR36884,MCH2083,Patla-Basak,MEDICAL_STORE,5150.55,SUCCESS,45.0,HIGH,P2 - High Priority,"Fraud/Unauthorized Chargeback, Chargeback",True,True,0.0,0,0,False,False,0,False,False,,,S,False,True,Review transaction and chargeback evidence
TXN00007437,2026-03-17 00:00:00,USR86873,MCH1388,"Kala, Kunda and Pandit",MEDICAL,5275.56,SUCCESS,55.0,HIGH,P2 - High Priority,"Fraud/Unauthorized Chargeback, Chargeback, Repeated User Chargebacks",True,True,0.0,1,0,False,False,0,False,False,,,Live,False,True,Review transaction and chargeback evidence
TXN00011466,2026-02-14 03:22:32,USR36828,MCH6285,Kumer-Mane,HOTEL_LODGING,812.67,SUCCESS,45.0,HIGH,P2 - High Priority,"Fraud/Unauthorized Chargeback, Chargeback",True,True,0.0,0,0,False,False,0,False,False,,,Active,False,True,Review transaction and chargeback evidence
TXN00015300,2026-02-09 05:22:27,USR81673,MCH9578,,,9809.45,SUCCESS,45.0,HIGH,P2 - High Priority,"Fraud/Unauthorized Chargeback, Chargeback",True,True,0.0,0,0,False,False,0,False,False,,,,False,False,Review transaction and chargeback evidence
TXN00004103,2026-01-31 17:54:49,USR11449,MCH5600,,,13708.15,SUCCESS,45.0,HIGH,P2 - High Priority,"Fraud/Unauthorized Chargeback, Chargeback",True,True,0.0,0,0,False,False,0,False,False,,,,False,False,Review transaction and chargeback evidence
TXN00008404,2026-02-25 10:33:17,USR16569,MCH9379,Nazareth and Sons,MISC_RETAIL,13464.22,SUCCESS,55.0,HIGH,P2 - High Priority,"Fraud/Unauthorized Chargeback, Chargeback, Repeated User Chargebacks",True,True,0.0,1,0,False,False,0,False,False,,,I,False,True,Review transaction and chargeback evidence
TXN00004164,2026-02-17 00:20:26,USR35383,MCH6418,  Doctor Ltd  ,HOTEL_LODGING,,SUCCESS,45.0,HIGH,P2 - High Priority,"Fraud/Unauthorized Chargeback, Chargeback",True,True,0.0,0,0,False,False,0,False,False,APPROVED,LOW,Active,True,True,Review transaction and chargeback evidence
TXN00007782,2026-02-19 15:01:39,USR35368,MCH4279,,,780.31,SUCCESS,45.0,HIGH,P2 - High Priority,"Fraud/Unauthorized Chargeback, Chargeback",True,True,0.0,0,0,False,False,0,False,False,,,,False,False,Review transaction and chargeback evidence
TXN00016199,2026-03-26 11:18:25,USR38238,MCH7978,K0rpa1-Bassi,TELECOM,15797.09,SUCCESS,45.0,HIGH,P2 - High Priority,"Fraud/Unauthorized Chargeback, Chargeback",True,True,0.0,0,0,False,False,0,False,False,,,Live,False,True,Review transaction and chargeback evidence
TXN00019908,2026-02-16 03:54:41,USR17716,MCH4921,,,17666.95,SUCCESS,45.0,HIGH,P2 - High Priority,"Fraud/Unauthorized Chargeback, Chargeback",True,True,0.0,0,0,False,False,0,False,False,VERIFIED,LOW,,True,False,Review transaction and chargeback evidence
TXN00009971,2026-01-26 08:45:45,USR21910,MCH9520,,,1675.03,SUCCESS,45.0,HIGH,P2 - High Priority,"Fraud/Unauthorized Chargeback, Chargeback",True,True,0.0,0,0,False,False,0,False,False,,,,False,False,Review transaction and chargeback evidence
TXN00017706,2026-01-19 05:57:48,USR14943,MCH5611,"Bawa, Grewal and Chakrabarti",DEPARTMENT STORE,24309.41,SUCCESS,48.0,HIGH,P2 - High Priority,"Fraud/Unauthorized Chargeback, Chargeback, High-Value Transaction",True,True,0.0,0,0,False,False,0,True,False,,,ACTIVE,False,True,Review transaction and chargeback evidence
TXN00001105,2026-01-28 03:39:05,USR85069,MCH9299,Pathak-Menon,FOOD_SERVICES,24872.75,SUCCESS,48.0,HIGH,P2 - High Priority,"Fraud/Unauthorized Chargeback, Chargeback, High-Value Transaction",True,True,0.0,0,0,False,False,0,True,False,VERIFIED,LOW,Live,True,True,Review transaction and chargeback evidence
TXN00011129,2026-02-25 20:27:41,USR38968,MCH8894,,,11204.08,SUCCESS,45.0,HIGH,P2 - High Priority,"Fraud/Unauthorized Chargeback, Chargeback",True,True,0.0,0,0,False,False,0,False,False,,,,False,False,Review transaction and chargeback evidence
TXN00019098,2026-01-31 11:18:37,USR91395,MCH6219,"Morar, Walla and Behl",MEDICAL_STORE,15205.68,SUCCESS,45.0,HIGH,P2 - High Priority,"Fraud/Unauthorized Chargeback, Chargeback",True,True,0.0,0,0,False,False,0,False,False,APPROVED,MEDIUM,ACTIVE,True,True,Review transaction and chargeback evidence
TXN00002381,2026-03-07 20:44:18,USR91117,MCH7438,,,20562.34,SUCCESS,45.0,HIGH,P2 - High Priority,"Fraud/Unauthorized Chargeback, Chargeback",True,True,0.0,0,0,False,False,0,False,False,,,,False,False,Review transaction and chargeback evidence
TXN00006114,2026-01-14 08:05:03,USR57977,MCH1341,,,13625.17,SUCCESS,45.0,HIGH,P2 - High Priority,"Fraud/Unauthorized Chargeback, Chargeback",True,True,0.0,0,0,False,False,0,False,False,,,,False,False,Review transaction and chargeback evidence
TXN00010428,2026-03-17 00:12:05,USR69621,MCH4412,,,20968.04,SUCCESS,45.0,HIGH,P2 - High Priority,"Fraud/Unauthorized Chargeback, Chargeback",True,True,0.0,0,0,False,False,0,False,False,APPROVED,LOW,,True,False,Review transaction and chargeback evidence
TXN00018065,2026-03-27 01:04:13,USR64590,MCH4060,,,14633.73,SUCCESS,45.0,HIGH,P2 - High Priority,"Fraud/Unauthorized Chargeback, Chargeback",True,True,0.0,0,0,False,False,0,False,False,,,,False,False,Review transaction and chargeback evidence
TXN00009369,2026-03-28 23:39:53,USR97864,MCH9539,,,19785.9,SUCCESS,45.0,HIGH,P2 - High Priority,"Fraud/Unauthorized Chargeback, Chargeback",True,True,0.0,0,0,False,False,0,False,False,APPROVED,LOW,,True,False,Review transaction and chargeback evidence
TXN00000843,2026-01-25 00:06:37,USR29672,MCH9861,"Mukherjee, Murthy and Jani",TRANSPORT,4459.12,SUCCESS,65.0,CRITICAL,P1 - Immediate Review,"Fraud/Unauthorized Chargeback, Chargeback, Repeated User Chargebacks, High-Chargeback Merchant",True,True,0.0,1,1,False,False,0,False,False,,,A,False,True,Immediate fraud investigation
TXN00000123,2026-02-01 11:38:00,USR84060,MCH7119,,,7956.91,PROCESSING,45.0,HIGH,P2 - High Priority,"Fraud/Unauthorized Chargeback, Chargeback",True,True,0.0,0,0,False,False,0,False,False,,,,False,False,Review transaction and chargeback evidence
TXN00008134,2026-03-04 23:00:51,USR56990,MCH3773,,,9346.41,PENDING,45.0,HIGH,P2 - High Priority,"Fraud/Unauthorized Chargeback, Chargeback",True,True,0.0,0,0,False,False,0,False,False,,,,False,False,Review transaction and chargeback evidence
TXN00014743,2026-03-10 00:00:00,USR10317,MCH6444,,,20149.58,SUCCESS,45.0,HIGH,P2 - High Priority,"Fraud/Unauthorized Chargeback, Chargeback",True,True,0.0,0,0,False,False,0,False,False,VERIFIED,LOW,,True,False,Review transaction and chargeback evidence
TXN00016908,2026-02-15 23:07:27,USR90514,MCH9057,Dayal Ltd,STATIONERY,1564.98,SUCCESS,45.0,HIGH,P2 - High Priority,"Fraud/Unauthorized Chargeback, Chargeback",True,True,0.0,0,0,False,False,0,False,False,,,Live,False,True,Review transaction and chargeback evidence
TXN00011489,2026-01-15 19:54:07,USR35220,MCH1964,,,19030.15,PROCESSING,45.0,HIGH,P2 - High Priority,"Fraud/Unauthorized Chargeback, Chargeback",True,True,0.0,0,0,False,False,0,False,False,,,,False,False,Review transaction and chargeback evidence
TXN00003733,2026-02-22 05:27:49,USR86491,MCH9051,"Gara, Keer and Padmanabhan",TELECOM,11173.4,SUCCESS,45.0,HIGH,P2 - High Priority,"Fraud/Unauthorized Chargeback, Chargeback",True,True,0.0,0,0,False,False,0,False,False,,,Active,False,True,Review transaction and chargeback evidence
TXN00016151,2026-03-21 22:41:05,USR97155,MCH1916,,,,SUCCESS,45.0,HIGH,P2 - High Priority,"Fraud/Unauthorized Chargeback, Chargeback",True,True,0.0,0,0,False,False,0,False,False,,,,False,False,Review transaction and chargeback evidence
TXN00008405,2026-03-04 07:23:23,USR61573,MCH5236,Basak-Madan,OTHER,11367.52,SUCCESS,55.0,HIGH,P2 - High Priority,"Fraud/Unauthorized Chargeback, Chargeback, Repeated User Chargebacks",True,True,0.0,1,0,False,False,0,False,False,,,Active,False,True,Review transaction and chargeback evidence
TXN00019212,2026-01-05 16:31:08,USR60294,MCH6994,,,18650.46,SUCCESS,70.0,CRITICAL,P1 - Immediate Review,"Fraud/Unauthorized Chargeback, Chargeback, Identity Anomaly, Repeated User Chargebacks",True,True,1.0,1,0,False,False,0,False,False,VERIFIED,MEDIUM,,True,False,Immediate fraud investigation
TXN00008299,2026-02-24 05:03:02,USR99192,MCH7672,,,718.15,SUCCESS,45.0,HIGH,P2 - High Priority,"Fraud/Unauthorized Chargeback, Chargeback",True,True,0.0,0,0,False,False,0,False,False,PENDING,LOW,,True,False,Review transaction and chargeback evidence
TXN00011228,2026-03-31 15:42:02,USR73877,MCH9740,Jain and Sons,FOOD_SERVICES,23569.87,SUCCESS,45.0,HIGH,P2 - High Priority,"Fraud/Unauthorized Chargeback, Chargeback",True,True,0.0,0,0,False,False,0,False,False,,,Live,False,True,Review transaction and chargeback evidence
TXN00009806,2026-01-14 00:53:20,USR19015,MCH1841,Kadakia-Rao,HOTEL_LODGING,19743.94,FAILED,45.0,HIGH,P2 - High Priority,"Fraud/Unauthorized Chargeback, Chargeback",True,True,0.0,0,0,False,False,0,False,False,,,ACTIVE,False,True,Review transaction and chargeback evidence
TXN00013866,2026-03-27 14:25:31,USR87068,MCH6253,,,,SUCCESS,45.0,HIGH,P2 - High Priority,"Fraud/Unauthorized Chargeback, Chargeback",True,True,0.0,0,0,False,False,0,False,False,,,,False,False,Review transaction and chargeback evidence
TXN00006688,2026-03-05 02:48:39,USR10352,MCH3445,"Madan, Naidu and Andra",HOTEL_LODGING,8799.23,SUCCESS,45.0,HIGH,P2 - High Priority,"Fraud/Unauthorized Chargeback, Chargeback",True,True,0.0,0,0,False,False,0,False,False,,,Enabled,False,True,Review transaction and chargeback evidence
TXN00010811,2026-03-26 22:52:54,USR18911,MCH7384,Seshadri-Rai,TELECOM,16112.7,SUCCESS,45.0,HIGH,P2 - High Priority,"Fraud/Unauthorized Chargeback, Chargeback",True,True,0.0,0,0,False,False,0,False,False,,,Live,False,True,Review transaction and chargeback evidence
TXN00013581,2026-01-16 23:16:11,USR34884,MCH3659,TANDON PLC,GROCERY,3852.09,SUCCESS,47.0,HIGH,P2 - High Priority,"Fraud/Unauthorized Chargeback, Chargeback, Risky Merchant Status",True,True,0.0,0,0,False,False,0,False,True,,,Suspended,False,True,Review transaction and chargeback evidence
TXN00014970,2026-03-08 00:00:00,USR77147,MCH7497,,,15075.09,DECLINED,45.0,HIGH,P2 - High Priority,"Fraud/Unauthorized Chargeback, Chargeback",True,True,0.0,0,0,False,False,0,False,False,VERIFIED,LOW,,True,False,Review transaction and chargeback evidence
TXN00017607,2026-03-20 21:13:42,USR82916,MCH2149,"Doctor, Varughese and Hans",STATIONERY,1880.32,SUCCESS,45.0,HIGH,P2 - High Priority,"Fraud/Unauthorized Chargeback, Chargeback",True,True,0.0,0,0,False,False,0,False,False,VERIFIED,LOW,A,True,True,Review transaction and chargeback evidence
TXN00002204,2026-02-25 21:36:57,USR80288,MCH3292,  Murthy PLC  ,STATIONERY,1060.2,SUCCESS,45.0,HIGH,P2 - High Priority,"Fraud/Unauthorized Chargeback, Chargeback",True,True,0.0,0,0,False,False,0,False,False,,,Closed,False,True,Review transaction and chargeback evidence
TXN00017315,2026-02-28 21:36:29,USR11575,MCH4980,Batra LLC,GROCERY,12739.95,SUCCESS,45.0,HIGH,P2 - High Priority,"Fraud/Unauthorized Chargeback, Chargeback",True,True,0.0,0,0,False,False,0,False,False,UNKNOWN,LOW,Live,True,True,Review transaction and chargeback evidence
TXN00003156,2026-01-31 22:13:43,USR64720,MCH1193,"Padmanabhan, Sekhon and Dhawan",FOOD_SERVICES,16236.56,FAILED,45.0,HIGH,P2 - High Priority,"Fraud/Unauthorized Chargeback, Chargeback",True,True,0.0,0,0,False,False,0,False,False,,,Active,False,True,Review transaction and chargeback evidence
TXN00019651,2026-02-08 05:15:35,USR54969,MCH9588,,,7435.76,FAILED,45.0,HIGH,P2 - High Priority,"Fraud/Unauthorized Chargeback, Chargeback",True,True,0.0,0,0,False,False,0,False,False,,,,False,False,Review transaction and chargeback evidence
TXN00000534,2026-03-03 13:59:23,USR88018,MCH6659,,,,SUCCESS,45.0,HIGH,P2 - High Priority,"Fraud/Unauthorized Chargeback, Chargeback",True,True,0.0,0,0,False,False,0,False,False,APPROVED,MEDIUM,,True,False,Review transaction and chargeback evidence
TXN00009416,2026-01-30 22:20:51,USR29463,MCH4106,Dey and Sons,GROCERY,1781.08,SUCCESS,45.0,HIGH,P2 - High Priority,"Fraud/Unauthorized Chargeback, Chargeback",True,True,0.0,0,0,False,False,0,False,False,,,Enabled,False,True,Review transaction and chargeback evidence
TXN00017047,2026-04-02 03:35:16,USR61500,MCH8566,Magar-Kota,TRANSPORT,14273.51,SUCCESS,45.0,HIGH,P2 - High Priority,"Fraud/Unauthorized Chargeback, Chargeback",True,True,0.0,0,0,False,False,0,False,False,,,Live,False,True,Review transaction and chargeback evidence
TXN00016822,2026-08-03 05:38:35,USR49592,MCH6560,"Pandit, Jayaraman and Chokshi",PHONE SERVICE,13190.75,SUCCESS,45.0,HIGH,P2 - High Priority,"Fraud/Unauthorized Chargeback, Chargeback",True,True,0.0,0,0,False,False,0,False,False,,,ACTIVE,False,True,Review transaction and chargeback evidence
TXN00010607,2026-03-23 06:19:32,USR51423,MCH5045,More-Doctor,DEPARTMENT STORE,16222.19,SUCCESS,57.0,HIGH,P2 - High Priority,"Fraud/Unauthorized Chargeback, Chargeback, Repeated User Chargebacks, Risky Merchant Status",True,True,0.0,1,0,False,False,0,False,True,,,Suspended,False,True,Review transaction and chargeback evidence
TXN00018203,2026-03-27 10:18:48,USR34009,MCH9040,  Sharma-Dubey  ,STATIONERY,24755.06,SUCCESS,53.0,HIGH,P2 - High Priority,"Fraud/Unauthorized Chargeback, Chargeback, High-Risk User, High-Value Transaction",True,True,0.0,0,0,True,False,0,True,False,VERIFIED,HIGH,Active,True,True,Review transaction and chargeback evidence
TXN00002775,2026-01-06 13:39:14,USR46394,MCH7355,"rastogi, ahluwalia and tata",DEPARTMENT STORE,13668.96,DECLINED,55.0,HIGH,P2 - High Priority,"Fraud/Unauthorized Chargeback, Chargeback, Repeated User Chargebacks",True,True,0.0,1,0,False,False,0,False,False,APPROVED,LOW,A,True,True,Review transaction and chargeback evidence
TXN00013147,2026-02-01 13:48:31,USR47360,MCH7607,"vyas, ramakrishnan and narayanan",BOOKS,23608.86,SUCCESS,45.0,HIGH,P2 - High Priority,"Fraud/Unauthorized Chargeback, Chargeback",True,True,0.0,0,0,False,False,0,False,False,,,A,False,True,Review transaction and chargeback evidence
TXN00000736,2026-02-28 21:37:26,USR77051,MCH6509,,,,SUCCESS,45.0,HIGH,P2 - High Priority,"Fraud/Unauthorized Chargeback, Chargeback",True,True,0.0,0,0,False,False,0,False,False,,,,False,False,Review transaction and chargeback evidence
TXN00001334,2026-02-11 22:41:59,USR33804,MCH8538,,,24908.38,SUCCESS,48.0,HIGH,P2 - High Priority,"Fraud/Unauthorized Chargeback, Chargeback, High-Value Transaction",True,True,0.0,0,0,False,False,0,True,False,,,,False,False,Review transaction and chargeback evidence
TXN00016754,2026-02-28 22:07:33,USR28926,MCH7411,"Bhasin, Soman and Savant",MOBILE RECHARGE,11839.12,FAIL,45.0,HIGH,P2 - High Priority,"Fraud/Unauthorized Chargeback, Chargeback",True,True,0.0,0,0,False,False,0,False,False,,,Active,False,True,Review transaction and chargeback evidence
TXN00018578,2026-08-01 19:47:47,USR15602,MCH5256,GhoshLLC,TRANSPORT,,SUCCESS,45.0,HIGH,P2 - High Priority,"Fraud/Unauthorized Chargeback, Chargeback",True,True,0.0,0,0,False,False,0,False,False,,,Active,False,True,Review transaction and chargeback evidence
TXN00014019,2026-01-12 12:19:47,USR51679,MCH6445,Shere and Sons,MEDICAL,24135.06,FAILED,58.0,HIGH,P2 - High Priority,"Fraud/Unauthorized Chargeback, Chargeback, Repeated User Chargebacks, High-Value Transaction",True,True,0.0,1,0,False,False,0,True,False,VERIFIED,LOW,A,True,True,Review transaction and chargeback evidence
TXN00008578,2026-03-13 06:57:49,USR19658,MCH7896,Samra LLC,HOTEL_LODGING,4328.77,SUCCESS,55.0,HIGH,P2 - High Priority,"Fraud/Unauthorized Chargeback, Chargeback, Repeated User Chargebacks",True,True,0.0,1,0,False,False,0,False,False,,,Hold,False,True,Review transaction and chargeback evidence
TXN00016978,2026-02-01 10:21:05,USR47287,MCH5032,,,22590.54,SUCCESS,45.0,HIGH,P2 - High Priority,"Fraud/Unauthorized Chargeback, Chargeback",True,True,0.0,0,0,False,False,0,False,False,VERIFIED,LOW,,True,False,Review transaction and chargeback evidence
TXN00013811,2026-12-01 04:24:37,USR29958,MCH6169,,,20146.04,SUCCESS,45.0,HIGH,P2 - High Priority,"Fraud/Unauthorized Chargeback, Chargeback",True,True,0.0,0,0,False,False,0,False,False,,,,False,False,Review transaction and chargeback evidence
TXN00003889,2026-01-04 06:48:54,USR59934,MCH2255,  Lal Ltd  ,DEPARTMENT STORE,15749.22,SUCCESS,45.0,HIGH,P2 - High Priority,"Fraud/Unauthorized Chargeback, Chargeback",True,True,0.0,0,0,False,False,0,False,False,,,Live,False,True,Review transaction and chargeback evidence
TXN00002015,2026-01-15 19:40:28,USR80462,MCH7553,,,13315.19,SUCCESS,45.0,HIGH,P2 - High Priority,"Fraud/Unauthorized Chargeback, Chargeback",True,True,0.0,0,0,False,False,0,False,False,APPROVED,MEDIUM,,True,False,Review transaction and chargeback evidence
TXN00007774,2026-03-29 02:09:39,USR95486,MCH2235,,,8117.71,SUCCESS,45.0,HIGH,P2 - High Priority,"Fraud/Unauthorized Chargeback, Chargeback",True,True,0.0,0,0,False,False,0,False,False,,,,False,False,Review transaction and chargeback evidence
TXN00001582,2026-03-08 00:00:00,USR98121,MCH9592,,,9778.74,SUCCESS,45.0,HIGH,P2 - High Priority,"Fraud/Unauthorized Chargeback, Chargeback",True,True,0.0,0,0,False,False,0,False,False,,,,False,False,Review transaction and chargeback evidence
TXN00016498,2026-01-29 14:41:40,USR30319,MCH6903,sanghvi-suresh,MEDICAL,,SUCCESS,45.0,HIGH,P2 - High Priority,"Fraud/Unauthorized Chargeback, Chargeback",True,True,0.0,0,0,False,False,0,False,False,,,A,False,True,Review transaction and chargeback evidence
TXN00008143,2026-01-18 17:02:22,USR49678,MCH7933,BaradInc,FOOD_SERVICES,16124.95,SUCCESS,47.0,HIGH,P2 - High Priority,"Fraud/Unauthorized Chargeback, Chargeback, Risky Merchant Status",True,True,0.0,0,0,False,False,0,False,True,,,INACTIVE,False,True,Review transaction and chargeback evidence
TXN00017041,2026-03-09 21:31:37,USR97464,MCH6200,"Sen, Walla and Bath",MISC_RETAIL,12749.14,SUCCESS,55.0,HIGH,P2 - High Priority,"Fraud/Unauthorized Chargeback, Chargeback, Repeated User Chargebacks",True,True,0.0,1,0,False,False,0,False,False,,,Active,False,True,Review transaction and chargeback evidence
TXN00011498,2026-02-20 11:34:07,USR72244,MCH8616,RATTI-JHA,APPAREL,9971.01,SUCCESS,50.0,HIGH,P2 - High Priority,"Fraud/Unauthorized Chargeback, Chargeback, KYC Rejected/Failed",True,True,0.0,0,0,False,True,0,False,False,REJECTED,MEDIUM,Active,True,True,Review transaction and chargeback evidence
TXN00000533,2026-01-09 23:04:15,USR93200,MCH4776,Bobal-Dutta,GROCERY,,SUCCESS,60.0,CRITICAL,P1 - Immediate Review,"Fraud/Unauthorized Chargeback, Chargeback, Identity Anomaly",True,True,1.0,0,0,False,False,0,False,False,APPROVED,LOW,Active,True,True,Immediate fraud investigation
TXN00005081,2026-02-17 21:36:49,USR35237,MCH7537,,,1881.65,INITIATED,45.0,HIGH,P2 - High Priority,"Fraud/Unauthorized Chargeback, Chargeback",True,True,0.0,0,0,False,False,0,False,False,,,,False,False,Review transaction and chargeback evidence
TXN00003160,2026-03-13 18:44:20,USR14586,MCH6701,,,7316.65,SUCCESS,40.0,HIGH,P3 - Review,"Chargeback, Repeated User Chargebacks, High-Chargeback Merchant, Velocity Anomaly",True,False,0.0,1,1,False,False,1,False,False,,,,False,False,Review supporting risk signals
TXN00012093,2026-03-11 06:43:26,USR54076,MCH8842,"Bala, Pillai and Kala",OTHER,3435.12,FAILED,45.0,HIGH,P2 - High Priority,"Fraud/Unauthorized Chargeback, Chargeback",True,True,0.0,0,0,False,False,0,False,False,,,S,False,True,Review transaction and chargeback evidence
TXN00002147,2026-02-19 17:51:12,USR41508,MCH7078,"Vasa, Gade and Viswanathan",APPAREL,11487.04,SUCCESS,45.0,HIGH,P2 - High Priority,"Fraud/Unauthorized Chargeback, Chargeback",True,True,0.0,0,0,False,False,0,False,False,APPROVED,MEDIUM,A,True,True,Review transaction and chargeback evidence
TXN00003721,2026-02-07 00:09:16,USR43100,MCH9676,,,8591.23,SUCCESS,45.0,HIGH,P2 - High Priority,"Fraud/Unauthorized Chargeback, Chargeback",True,True,0.0,0,0,False,False,0,False,False,,,,False,False,Review transaction and chargeback evidence
TXN00008566,2026-02-26 12:31:16,USR63419,MCH3307,,,13555.41,PENDING,45.0,HIGH,P2 - High Priority,"Fraud/Unauthorized Chargeback, Chargeback",True,True,0.0,0,0,False,False,0,False,False,APPROVED,MEDIUM,,True,False,Review transaction and chargeback evidence
TXN00017149,2026-01-01 09:41:16,USR25232,MCH9745,"Datta, Kibe and Barad",PHARMACY,9287.96,FAIL,47.0,HIGH,P2 - High Priority,"Fraud/Unauthorized Chargeback, Chargeback, Risky Merchant Status",True,True,0.0,0,0,False,False,0,False,True,VERIFIED,LOW,INACTIVE,True,True,Review transaction and chargeback evidence
TXN00015015,2026-03-26 10:55:03,USR46435,MCH1095,Mander Group,PHONE SERVICE,21684.96,SUCCESS,45.0,HIGH,P2 - High Priority,"Fraud/Unauthorized Chargeback, Chargeback",True,True,0.0,0,0,False,False,0,False,False,,,A,False,True,Review transaction and chargeback evidence
