complaint_id,txn_id,user_id,merchant_id,transaction_timestamp,reported_timestamp,disputed_amount,reason_code,complaint_text,resolution_status,bank_response_timestamp,severity,channel,reporting_delay_hours,bank_response_delay_hours,fraud_unauthorized_flag,report_date
CBK0002082,TXN00004325,USR97580,MCH1127,2026-01-28,2026-02-01,,Merchant Not Delivered,Customer says amount was debited twice.,CLOSED,2026-02-10 03:19:10,Critical,ivr,96.0,219.31944444444446,0,2026-02-01
CBK0001941,TXN00003720,USR54113,3835,,,414.69,login compromised,User reports money deducted but merchant denies receiving payment.,In Progress,,H,Call Center,,,0,
CBK0001799,TXN00012539,USR17980,MCH3700,2026-02-04,2026-02-05,,customer issue,merchant service was not delivered after payment.,OPEN,,P4,IVR,24.0,,0,2026-02-05
CBK0002465,TXN00017802,USR76148,MCH4534,,,1303.05,no service,Suspicious high-value payment disputed by customer. pls check asap,Rejected,,H,ivr,,,0,
CBK0001870,TXN00015944,USR24660,MCH1686,,,1459.42,merchant service issue,Merchant service was not delivered after payment.,In Progress,,Low,App,,,0,
CBK0002663,TXN00009741,USR40631,MCH9584,,2026-02-06,,service failed,Complaint received after multiple failed attempts. urgent,Closed,,LOW,Branch,,,0,2026-02-06
CBK0000782,TXN00015086,USR58789,MCH6008,,2026-02-10,,extra amount deducted,User says UPI PIN was not entered by them.,In Progress,,M,chatbot,,,0,2026-02-10
CBK0001838,TXN00014426,USR30157,MCH4526,,,4193.52,Service Not Provided,Merchant service was not delivered after payment. details missing,OPEN,,M,CHATBOT,,,0,
CBK0001095,TXN00015316,86750,MCH5980,2026-01-12,,930.83,dispute raised,Customer complaint text unclear due to poor call center notes.,Open,,P2,Branch,,,0,
CBK0002541,TXN00002822,USR11987,MCH3992,,,,UNAUTHORISED,User claims account was compromised before transaction.,OPEN,,P2,ivr,,,1,
CBK0001147,TXN00002456,USR89588,MCH2614,,,1805.23,double debit,customer says amount was debited twice.,IN_PROGRESS,,P4,chatbot,,,0,
CBK0001137,TXN00015627,USR35882,MCH8913,,,,dispute raised,Customer says amount was debited twice.,Resolved,2026-02-06 08:07:54,Medium,CHATBOT,,,0,
CBK0002213,TXN00009870,USR79046,8457,,2026-02-17,,Merchant Not Delivered,Merchant service was not delivered after payment.,WIP,,P3,IVR,,,0,2026-02-17
CBK0000946,TXN00013141,USR22644,MCH9193,,,,Fraud Suspected,MERCHANT SERVICE WAS NOT DELIVERED AFTER PAYMENT.,IN_PROGRESS,,CRITICAL,Email,,,1,
CBK0002366,TXN00012165,USR98915,MCH6399,2026-02-20,,,fraud,Customer says transaction was not authorized.,IN_PROGRESS,,P4,Call Center,,,1,
CBK0002026,TXN00019737,USR27262,MCH4852,,,174.11,charged twice,Merchant service was not delivered after payment.,RESOLVED,,MEDIUM,IVR,,,0,
CBK0001099,TXN00011289,USR94570,MCH4545,,2026-02-04,,Account Takeover,Payment made to unknown merchant as per customer statement.,Closed,,CRITICAL,IVR,,,0,2026-02-04
CBK0001197,TXN00006253,USR19220,MCH7286,2026-01-08,2026-01-10,,dispute raised,Complaint received after multiple failed attempts.,Rejected,,Medium,CHATBOT,48.0,,0,2026-01-10
CBK0002347,TXN00010961,USR55439,MCH7581,,,1126.18,Wrong Amount,Customer says transaction was not authorized.,Rejected,,LOW,Branch,,,0,
CBK0000289,TXN00005764,USR38028,MCH6758,,,513.84,Fraud Suspected,User claims account was compromised before transaction.,REJECTED,,Medium,chatbot,,,1,
CBK0002002,TXN00010298,USR97772,MCH5269,2026-01-03,2026-01-08,534.44,service failed,Merchant service was not delivered after payment. urgent,WIP,2026-02-03 23:32:04,P1,chatbot,120.0,647.5344444444445,0,2026-01-08
CBK0000512,TXN00014054,USR27947,MCH7667,,2026-01-26,,Unauthorized Transaction,Customer says amount was debited twice.,Closed,,P4,CHATBOT,,,1,2026-01-26
CBK0001155,TXN00010146,USR94690,MCH3957,,,,unauthorized_transaction,Payment made to unknown merchant as per customer statement.,In Progress,,MEDIUM,IVR,,,1,
CBK0001330,TXN00005940,USR67471,MCH8738,,,,DUP_DEBIT,Suspicious high-value payment disputed by customer.,Pending Bank,,MEDIUM,CHATBOT,,,0,
CBK0000259,TXN00017504,USR24872,MCH9291,,,12647.35,unauthorized_transaction,merchant service was not delivered after payment.,IN_PROGRESS,,P4,chatbot,,,1,
CBK0000164,TXN00010786,USR79443,MCH3729,,,,charged twice,Payment made to unknown merchant as per customer statement.,CLOSED,2026-01-23 04:00:24,MEDIUM,IVR,,,0,
CBK0000681,TXN00006290,USR89588,MCH9105,2026-01-28,,,extra amount deducted,Merchant service was not delivered after payment.,REJECTED,,LOW,IVR,,,0,
CBK0002683,TXN00004094,USR73891,MCH8154,,,2519.45,incorrect amount,suspicious high-value payment disputed by customer.,In Progress,,HIGH,ivr,,,0,
CBK0002792,TXN00005061,USR22154,MCH9022,,2026-03-02,,account hacked,Customer says amount was debited twice.,REJECTED,,High,chatbot,,,0,2026-03-02
CBK0000594,TXN65742,USR32980,MCH7020,2026-02-19,,,Merchant Not Delivered,suspicious high-value payment disputed by customer.,Closed,,MEDIUM,Email,,,0,
CBK0001247,TXN00003165,USR41524,MCH2342,,,,scam,Suspicious high-value payment disputed by customer.,Resolved,,Medium,Call Center,,,0,
CBK0000566,TXN00000086,USR11727,MCH4948,,,411.83,unauth txn,User says UPI PIN was not entered by them.,REJECTED,,H,CHATBOT,,,0,
CBK0002764,TXN00014418,USR71468,MCH6403,,,1393.43,Service Not Provided,customer complaint text unclear due to poor call center notes.,PENDING_BANK,,M,Email,,,0,
CBK0000023,TXN00001464,92751,MCH2757,,,,Merchant Not Delivered,MERCHANT SERVICE WAS NOT DELIVERED AFTER PAYMENT.,RESOLVED,,P3,ivr,,,0,
CBK0000361,TXN00012527,USR24926,MCH7438,,,,Duplicate Debit,User claims account was compromised before transaction.,CLOSED,,LOW,IVR,,,0,
CBK0002544,TXN00018727,USR27888,MCH5076,,,10161.06,delivery issue,merchant service was not delivered after payment.,Open,2026-04-24 20:26:11,HIGH,CHATBOT,,,0,
CBK0000430,TXN00018881,USR47299,MCH3382,,,2108.9,fraud,Merchant service was not delivered after payment. urgent,IN_PROGRESS,2026-03-23 06:20:31,P2,ivr,,,1,
CBK0001264,TXN00008143,USR92737,MCH4183,,,,unauth txn,Merchant service was not delivered after payment.,OPEN,,L,ivr,,,0,
CBK0001919,TXN00005826,USR72795,MCH2259,,,,login compromised,Merchant service was not delivered after payment.,Rejected,,P1,IVR,,,0,
CBK0000069,TXN00002744,USR21384,MCH4252,,,,delivery issue,USER CLAIMS ACCOUNT WAS COMPROMISED BEFORE TRANSACTION.,In Progress,,CRIT,Email,,,0,
CBK0001760,TXN00017025,USR79110,MCH1320,,,,FRAUD,user says upi pin was not entered by them.,Resolved,,Low,ivr,,,1,
CBK0002232,TXN00009269,USR99886,MCH1941,,,,Merchant Not Delivered,Payment made to unknown merchant as per customer statement.,CLOSED,,Medium,CHATBOT,,,0,
CBK0002798,TXN66039,USR24087,MCH6965,,,,Service Not Provided,User reports money deducted but merchant denies receiving payment.,RESOLVED,,P4,CHATBOT,,,0,
CBK0000080,TXN00007630,USR70905,MCH7833,,,963.14,Duplicate Debit,user claims account was compromised before transaction.,IN_PROGRESS,,P4,Branch,,,0,
CBK0000789,TXN00006632,USR56899,MCH7296,,,,fraud,Merchant service was not delivered after payment.,WIP,,L,Email,,,1,
CBK0002564,TXN00013473,USR78994,2383,,,2485.28,Customer Dispute,Customer says amount was debited twice.,Pending Bank,,MEDIUM,CHATBOT,,,0,
CBK0000359,TXN00014970,USR35935,3100,,2026-02-20,3336.7,Account Takeover,user reports money deducted but merchant denies receiving payment.,WIP,2026-03-12 18:19:47,MEDIUM,CHATBOT,,498.32972222222224,0,2026-02-20
CBK0002003,TXN00015085,USR71636,MCH4256,,,-956.46,Merchant Not Delivered,suspicious high-value payment disputed by customer.,In Progress,,P3,App,,,0,
CBK0002463,TXN00014364,USR87498,MCH4089,,,,suspicious transaction,Customer says amount was debited twice.,Resolved,,LOW,chatbot,,,0,
CBK0001171,TXN00006955,USR26685,MCH3901,,,1336.86,ATO,payment made to unknown merchant as per customer statement.,OPEN,,LOW,chatbot,,,0,
CBK0002716,TXN00003119,USR34955,MCH8691,,,,suspicious transaction,Payment made to unknown merchant as per customer statement.,CLOSED,,L,Email,,,0,
CBK0001839,TXN00004638,USR67862,MCH8953,,,,extra amount deducted,User reports money deducted but merchant denies receiving payment.,IN_PROGRESS,,High,Email,,,0,
CBK0002314,TXN00014145,USR21162,MCH2383,,,,suspicious transaction,Complaint received after multiple failed attempts.,CLOSED,,L,ivr,,,0,
CBK0000406,TXN00007974,USR33394,MCH3064,,,4101.89,Wrong Amount,user claims account was compromised before transaction.,Open,2026-03-20 06:27:39,Low,ivr,,,0,
CBK0002718,TXN00013934,USR84084,MCH7370,,,,Account Takeover,User claims account was compromised before transaction.,OPEN,,L,ivr,,,0,
CBK0002400,TXN00015733,USR87357,MCH9878,2026-01-22,2026-01-25,2313.86,UNAUTHORISED,customer complaint text unclear due to poor call center notes.,CLOSED,,P3,ivr,72.0,,1,2026-01-25
CBK0002758,,USR60667,MCH2383,,,1225.29,fraud,payment made to unknown merchant as per customer statement.,IN_PROGRESS,,Medium,Branch,,,1,
CBK0002250,TXN00008645,USR60783,MCH8613,,,5443.5,Unauthorized Transaction,PAYMENT MADE TO UNKNOWN MERCHANT AS PER CUSTOMER STATEMENT.,CLOSED,,HIGH,Call Center,,,1,
CBK0000661,TXN00012553,USR87727,MCH8876,,2026-01-23,901.62,no service,User claims account was compromised before transaction.,Resolved,2026-02-15 06:03:00,Low,IVR,,558.05,0,2026-01-23
CBK0001020,TXN84758,USR36590,MCH1368,,,,Service Not Provided,User says UPI PIN was not entered by them.,Open,,H,ivr,,,0,
CBK0002104,TXN00006293,USR48479,MCH8779,,,,DUP_DEBIT,Complaint received after multiple failed attempts.,REJECTED,,LOW,Branch,,,0,
CBK0002572,TXN00002760,USR49176,MCH2925,,,1345.79,unauth txn,User says UPI PIN was not entered by them.,RESOLVED,,L,ivr,,,0,
CBK0000929,TXN00014710,USR38547,MCH5541,,,,Unauthorized Transaction,Merchant service was not delivered after payment.,OPEN,,M,IVR,,,1,
CBK0002608,TXN00012654,USR13367,MCH8076,,,,account hacked,User claims account was compromised before transaction.,RESOLVED,,P4,App,,,0,
CBK0002430,TXN00019681,USR37650,MCH5655,2026-01-29,,,not delivered,Customer says amount was debited twice.,Resolved,,High,ivr,,,0,
CBK0002156,TXN00013206,USR11987,MCH6665,,,26477.69,Customer Dispute,Complaint received after multiple failed attempts.,In Progress,,High,Email,,,0,
CBK0000366,TXN00002078,USR73403,MCH5076,,,6907.46,extra amount deducted,Customer says transaction was not authorized.,Closed,,LOW,Call Center,,,0,
CBK0000432,TXN94213,USR96958,MCH7286,,,-1411.26,unauth txn,User reports money deducted but merchant denies receiving payment.,RESOLVED,,High,Email,,,0,
CBK0001972,TXN00001376,USR12133,MCH6555,,,,item not received,Merchant service was not delivered after payment.,Closed,,M,chatbot,,,0,
CBK0001250,TXN00015587,USR11697,MCH8741,2026-02-02,,11364.57,no service,Complaint received after multiple failed attempts.,PENDING_BANK,,Low,App,,,0,
CBK0001283,TXN00002013,USR31545,MCH5974,,,,unauth txn,Suspicious high-value payment disputed by customer.,REJECTED,,Medium,Call Center,,,0,
CBK0000973,TXN00016040,USR25345,MCH3851,,,,unauth txn,Complaint received after multiple failed attempts.,PENDING_BANK,,Low,IVR,,,0,
CBK0000578,TXN00006468,USR71457,MCH6810,,,7884.04,UNAUTHORISED,Suspicious high-value payment disputed by customer.,IN_PROGRESS,,Low,ivr,,,1,
CBK0001696,TXN00019601,USR19556,MCH5844,,,9956.85,ATO,Suspicious high-value payment disputed by customer.,Closed,,P2,CHATBOT,,,0,
CBK0002333,TXN00002832,USR10042,MCH1611,,,8214.17,Account Takeover,Merchant service was not delivered after payment.,Rejected,,P3,IVR,,,0,
CBK0001122,TXN00015275,USR61052,MCH8979,,,320.53,not delivered,Complaint received after multiple failed attempts.,REJECTED,,Medium,ivr,,,0,
CBK0000959,TXN00011129,USR50320,MCH6319,2026-02-07,,,unauth txn,User reports money deducted but merchant denies receiving payment.,Closed,,P3,Email,,,0,
CBK0001968,,USR46599,MCH1320,,,2799.09,dispute raised,Customer says amount was debited twice.,Pending Bank,,M,Email,,,0,
CBK0001828,TXN00016623,USR59679,MCH8755,2026-01-05,,818.66,account hacked,Customer says amount was debited twice. pls check asap,PENDING_BANK,2026-02-03 08:21:37,HIGH,Branch,,,0,
CBK0001654,TXN00012039,USR76792,MCH6492,,,,extra amount deducted,User reports money deducted but merchant denies receiving payment.,WIP,,P2,Call Center,,,0,
CBK0002440,TXN00014010,USR71922,MCH6703,,,,unauth txn,complaint received after multiple failed attempts.,WIP,,High,ivr,,,0,
CBK0001278,TXN00008385,USR17657,MCH3542,2026-02-20,2026-04-06,,dispute raised,PAYMENT MADE TO UNKNOWN MERCHANT AS PER CUSTOMER STATEMENT.,Resolved,,LOW,CHATBOT,1080.0,,0,2026-04-06
CBK0002370,TXN00001816,USR24664,MCH3992,,,,DUP_DEBIT,Payment made to unknown merchant as per customer statement.,PENDING_BANK,,Low,Call Center,,,0,
CBK0001105,TXN00019695,USR34180,MCH6310,,,1782.96,Duplicate Debit,User reports money deducted but merchant denies receiving payment.,OPEN,,M,chatbot,,,0,
CBK0000180,TXN00019503,USR70812,MCH3936,,,,not delivered,user claims account was compromised before transaction.,WIP,,L,Branch,,,0,
CBK0000369,TXN00008758,USR86274,MCH3418,,,,UNAUTHORISED,User says UPI PIN was not entered by them.,IN_PROGRESS,,M,ivr,,,1,
CBK0002303,TXN00016593,USR96415,MCH1320,,2026-01-13,6511.97,Unauthorized Transaction,Customer complaint text unclear due to poor call center notes.,Resolved,2026-01-22 01:23:48,MEDIUM,ivr,,217.39666666666668,1,2026-01-13
CBK0001525,TXN00004103,USR18453,MCH7793,,,4864.83,ATO,User claims account was compromised before transaction.,CLOSED,,Medium,Email,,,0,
CBK0000316,TXN00016400,USR40842,MCH3815,,,,Wrong Amount,COMPLAINT RECEIVED AFTER MULTIPLE FAILED ATTEMPTS.,Resolved,,P3,CHATBOT,,,0,
CBK0001238,TXN00006193,USR35817,7061,,,26207.56,FRAUD,Customer says amount was debited twice.,In Progress,,LOW,App,,,1,
CBK0002585,TXN00018187,USR23937,MCH4560,,,,ATO,Customer complaint text unclear due to poor call center notes.,RESOLVED,,M,chatbot,,,0,
CBK0001427,TXN00019824,USR76289,MCH5563,,,,no service,Suspicious high-value payment disputed by customer.,Rejected,,CRITICAL,Email,,,0,
CBK0002514,TXN00001801,USR99493,MCH3992,,,,not delivered,Customer says transaction was not authorized.,PENDING_BANK,,Low,Branch,,,0,
CBK0001680,TXN00009645,USR11085,MCH7073,,,3937.19,not delivered,Complaint received after multiple failed attempts.,OPEN,,MEDIUM,chatbot,,,0,
CBK0002041,TXN00015934,USR69637,MCH2240,,,1508.23,complaint,Customer complaint text unclear due to poor call center notes.,CLOSED,,P2,CHATBOT,,,0,
CBK0002780,TXN40959,USR75376,MCH4293,,,823.15,item not received,User says UPI PIN was not entered by them.,WIP,,H,chatbot,,,0,
CBK0000294,TXN00019876,USR55690,MCH6739,,,2134.32,Duplicate Debit,CUSTOMER COMPLAINT TEXT UNCLEAR DUE TO POOR CALL CENTER NOTES.,PENDING_BANK,,Low,ivr,,,0,
CBK0002617,TXN00016671,USR60544,MCH7838,2026-02-09,,1587.1,Customer Dispute,User claims account was compromised before transaction.,REJECTED,,LOW,Call Center,,,0,
CBK0001175,TXN61071,USR22543,MCH3116,,,,customer issue,customer says amount was debited twice.,In Progress,,P1,chatbot,,,0,
CBK0001087,TXN00014733,USR20889,MCH5264,,,,merchant service issue,Suspicious high-value payment disputed by customer.,In Progress,,P2,Call Center,,,0,
CBK0002077,TXN00005419,USR55970,MCH9128,,2026-01-30,,Fraud Suspected,Payment made to unknown merchant as per customer statement.,Rejected,,P4,Call Center,,,1,2026-01-30
CBK0001820,TXN00007866,USR51854,MCH1450,,,-2477.45,incorrect amount,complaint received after multiple failed attempts.,Rejected,,LOW,Email,,,0,
CBK0001018,TXN00018348,USR13510,1320,,,1207.49,Unauthorized Transaction,Complaint received after multiple failed attempts.,Resolved,,P4,App,,,1,
CBK0001949,TXN00000319,USR60096,MCH4998,2026-02-19,,,customer issue,Customer says amount was debited twice.,PENDING_BANK,,MEDIUM,Email,,,0,
CBK0000860,TXN00007296,USR97580,MCH3701,2026-02-04,,,delivery issue,Suspicious high-value payment disputed by customer.,Pending Bank,,M,CHATBOT,,,0,
CBK0000879,TXN00018041,USR59366,MCH6145,,,,scam,Customer complaint text unclear due to poor call center notes.,PENDING_BANK,,P4,ivr,,,0,
CBK0001383,TXN00005315,USR50648,MCH2822,,,819.89,Customer Dispute,User reports money deducted but merchant denies receiving payment.,OPEN,2026-03-27 05:23:46,L,chatbot,,,0,
CBK0001532,,USR52450,MCH6244,,,3174.58,complaint,User reports money deducted but merchant denies receiving payment.,Rejected,,L,IVR,,,0,
CBK0000448,TXN00013063,USR62513,MCH8391,,,395.16,merchant service issue,Suspicious high-value payment disputed by customer.,Rejected,,Medium,Email,,,0,
CBK0002336,TXN00014456,USR56287,MCH4473,,,,merchant service issue,Merchant service was not delivered after payment.,PENDING_BANK,,Low,Email,,,0,
CBK0001121,TXN00005396,USR14769,MCH8455,,,,scam,Customer says transaction was not authorized.,Open,,P3,Email,,,0,
CBK0001266,TXN00017098,USR19427,MCH5980,,,1358.37,DUP_DEBIT,Complaint received after multiple failed attempts.,Rejected,,P3,chatbot,,,0,
CBK0001732,TXN00007456,USR17657,MCH3806,2026-03-17,2026-03-17,,Fraud Suspected,User claims account was compromised before transaction.,CLOSED,,P1,Branch,0.0,,1,2026-03-17
CBK0000575,TXN00009966,USR40897,MCH9575,2026-02-23,,,item not received,merchant service was not delivered after payment.,REJECTED,,CRIT,Email,,,0,
CBK0002268,TXN00008063,USR89588,MCH1457,,,,complaint,User says UPI PIN was not entered by them.,Open,,P2,Branch,,,0,
CBK0001126,TXN00007982,USR35882,MCH4473,,,-3415.3,unauthorized_transaction,Merchant service was not delivered after payment.,Closed,,P2,Email,,,1,
CBK0002517,TXN00011567,USR30157,MCH1130,2026-01-26,,-7727.83,complaint,Customer says transaction was not authorized. urgent,Closed,2026-01-30 22:31:46,M,Call Center,,,0,
CBK0001815,TXN00017040,USR53591,MCH4590,,,,item not received,Payment made to unknown merchant as per customer statement.,WIP,,Medium,IVR,,,0,
CBK0000752,TXN00012584,USR47668,MCH3678,,,397.91,Customer Dispute,COMPLAINT RECEIVED AFTER MULTIPLE FAILED ATTEMPTS.,CLOSED,,P4,App,,,0,
CBK0000688,TXN00018235,USR63160,MCH6399,,,,Customer Dispute,User says UPI PIN was not entered by them.,Rejected,,HIGH,App,,,0,
CBK0001827,TXN00003656,USR60742,MCH3472,2026-03-26,2026-04-11,1011.36,dispute raised,complaint received after multiple failed attempts.,Rejected,,P4,Branch,384.0,,0,2026-04-11
CBK0001798,TXN00017706,USR24802,MCH9650,,2026-01-24,1159.44,Account Takeover,User says UPI PIN was not entered by them.,Closed,,Low,Branch,,,0,2026-01-24
CBK0001588,TXN00006200,USR71373,MCH4370,,,5233.09,not delivered,Customer says transaction was not authorized.,WIP,,P2,Email,,,0,
CBK0001960,TXN00008459,USR48339,MCH3765,,,,Account Takeover,Customer complaint text unclear due to poor call center notes.,WIP,,M,Call Center,,,0,
CBK0000227,TXN00013273,USR34180,MCH1485,,,465.76,login compromised,User claims account was compromised before transaction.,PENDING_BANK,,H,Email,,,0,
CBK0001487,TXN00015922,USR41135,MCH5982,,,-759.33,dispute raised,Complaint received after multiple failed attempts.,WIP,,P2,IVR,,,0,
CBK0002403,TXN00000926,USR32749,MCH6945,,,,no service,SUSPICIOUS HIGH-VALUE PAYMENT DISPUTED BY CUSTOMER.,IN_PROGRESS,2026-04-17 13:26:01,P3,CHATBOT,,,0,
CBK0001606,TXN00006400,USR91446,MCH8696,2026-01-29,2026-02-01,,UNAUTHORISED,Suspicious high-value payment disputed by customer. call dropped,In Progress,,High,Email,72.0,,1,2026-02-01
CBK0002158,TXN00015104,USR76750,MCH6228,,,2517.56,Customer Dispute,User claims account was compromised before transaction.,Rejected,,LOW,Branch,,,0,
CBK0000247,TXN00019340,USR75302,MCH7286,,,,service failed,Customer says transaction was not authorized.,RESOLVED,,P2,Call Center,,,0,
CBK0002588,TXN00008732,USR22039,MCH2374,,,3491.72,charged twice,User says UPI PIN was not entered by them.,CLOSED,,HIGH,chatbot,,,0,
CBK0001636,TXN00012003,USR66224,MCH3992,,,,extra amount deducted,SUSPICIOUS HIGH-VALUE PAYMENT DISPUTED BY CUSTOMER.,WIP,,P3,App,,,0,
CBK0001542,TXN00007849,68559,MCH4064,,,,Service Not Provided,Complaint received after multiple failed attempts.,PENDING_BANK,,MEDIUM,Branch,,,0,
CBK0000088,TXN00002716,USR62830,MCH4381,2026-01-22,,,incorrect amount,merchant service was not delivered after payment.,Rejected,,Medium,Call Center,,,0,
CBK0002664,TXN00008946,USR84093,MCH1298,,,,unauth txn,Suspicious high-value payment disputed by customer. details missing,REJECTED,,M,IVR,,,0,
CBK0001415,TXN00018932,USR90778,MCH1764,,,,not done by me,complaint received after multiple failed attempts.,Open,,High,ivr,,,0,
CBK0000390,TXN00006356,USR12919,MCH6810,,,-344.33,customer issue,User says UPI PIN was not entered by them.,RESOLVED,,P4,Call Center,,,0,
CBK0000693,TXN00018137,USR29306,MCH7744,,,,extra amount deducted,Customer says txn was not authorized.,IN_PROGRESS,,M,IVR,,,0,
CBK0002485,TXN00010063,USR21384,MCH6470,2026-03-03,2026-03-05,-1603.64,Service Not Provided,complaint received after multiple failed attempts.,IN_PROGRESS,,P3,Branch,48.0,,0,2026-03-05
CBK0002258,TXN00014019,USR41320,MCH3992,,,,ATO,User claims account was compromised before transaction.,Resolved,,L,Email,,,0,
CBK0002045,TXN00002711,USR57231,MCH4181,2026-01-23,,,Service Not Provided,Customer complaint text unclear due to poor call center notes.,CLOSED,,Low,chatbot,,,0,
CBK0000122,TXN00015011,USR79150,MCH7474,,,,UNAUTHORISED,User reports money deducted but merchant denies receiving payment.,IN_PROGRESS,,P4,Email,,,1,
CBK0002239,TXN00004673,USR82373,MCH4473,,,1272.25,Customer Dispute,Customer says amount was debited twice.,Resolved,2026-02-26 04:50:18,LOW,CHATBOT,,,0,
CBK0001382,,USR57424,MCH4684,,,678.56,unauth txn,Customer complaint text unclear due to poor call center notes.,Pending Bank,,Low,ivr,,,0,
CBK0002315,TXN00012331,USR91192,MCH2718,,,,FRAUD,Customer complaint text unclear due to poor call center notes.,PENDING_BANK,,M,Branch,,,1,
CBK0001978,TXN00012089,83284,MCH4334,,,1931.29,UNAUTHORISED,User reports money deducted but merchant denies receiving payment.,Open,,Low,ivr,,,1,
CBK0001151,TXN00002195,USR98362,MCH1468,,,,Unauthorized Transaction,Complaint received after multiple failed attempts.,Rejected,,L,App,,,1,
CBK0000424,TXN95161,USR40061,MCH1589,,,,Wrong Amount,Payment made to unknown merchant as per customer statement.,Open,,P4,ivr,,,0,
CBK0002543,TXN00001628,USR11727,MCH7286,2026-02-09,,,amount mismatch,Payment made to unknown merchant as per customer statement.,PENDING_BANK,,MEDIUM,IVR,,,0,
CBK0000371,TXN00002374,USR58639,MCH5954,,,,unauth txn,Customer complaint text unclear due to poor call center notes.,Resolved,,P2,App,,,0,
CBK0001586,TXN00001182,USR80241,MCH7734,,,261.51,service failed,User says UPI PIN was not entered by them. pls check asap,Pending Bank,,P3,Branch,,,0,
CBK0002553,TXN00012590,USR41260,MCH4089,2026-03-16,,,dispute raised,COMPLAINT RECEIVED AFTER MULTIPLE FAILED ATTEMPTS.,Closed,,P1,ivr,,,0,
CBK0002432,TXN00013381,USR11036,MCH9344,,,738.73,extra amount deducted,User claims account was compromised before transaction.,Pending Bank,,Medium,IVR,,,0,
CBK0001998,TXN00000406,USR93650,MCH2266,,2026-02-01,,Fraud Suspected,Customer says amount was debited twice.,IN_PROGRESS,,High,CHATBOT,,,1,2026-02-01
CBK0002566,TXN00000405,USR64878,MCH8953,,,3060.38,not delivered,suspicious high-value payment disputed by customer.,WIP,,LOW,App,,,0,
CBK0001756,TXN00005028,USR40684,MCH7978,,,1800.13,login compromised,User reports money deducted but merchant denies receiving payment.,Pending Bank,,HIGH,CHATBOT,,,0,
CBK0002645,TXN00004392,43033,3019,,,272.46,merchant service issue,User claims account was compromised before transaction.,Rejected,2026-03-09 12:13:05,LOW,CHATBOT,,,0,
CBK0002230,TXN00009287,USR50434,MCH1683,,,,fraud,Merchant service was not delivered after payment.,IN_PROGRESS,,Medium,chatbot,,,1,
CBK0000526,TXN00006600,USR65622,MCH3129,,,,item not received,Customer complaint text unclear due to poor call center notes.,OPEN,,P3,App,,,0,
CBK0001449,TXN00008116,USR21449,MCH7397,,,,login compromised,Customer says amount was debited twice.,Resolved,,P3,Email,,,0,
CBK0002686,TXN00017656,USR69648,MCH9430,,,-447.83,unauth txn,Customer complaint text unclear due to poor call center notes.,RESOLVED,,P3,chatbot,,,0,
CBK0000533,TXN00001047,USR30500,MCH9291,,,,item not received,suspicious high-value payment disputed by customer.,RESOLVED,,P4,chatbot,,,0,
CBK0001709,TXN00014343,USR26622,MCH8668,,,,Service Not Provided,User says UPI PIN was not entered by them.,OPEN,,P3,Branch,,,0,
CBK0001509,TXN00011866,USR37594,MCH9858,,,628.55,service failed,Customer says transaction was not authorized.,RESOLVED,,L,CHATBOT,,,0,
CBK0000303,TXN00015469,USR54853,MCH2556,,2026-02-26,,DUP_DEBIT,Customer complaint text unclear due to poor call center notes.,In Progress,,P3,chatbot,,,0,2026-02-26
CBK0001911,TXN00009220,USR30497,MCH8391,,2026-02-27,,no service,User says UPI PIN was not entered by them.,OPEN,,M,App,,,0,2026-02-27
CBK0000626,TXN00018979,USR61349,MCH5687,,,,scam,Customer says transaction was not authorized.,IN_PROGRESS,,MEDIUM,chatbot,,,0,
CBK0000415,TXN00009182,USR26627,MCH9291,,,-4153.73,incorrect amount,user claims account was compromised before transaction.,REJECTED,2026-04-16 12:42:25,Medium,ivr,,,0,
CBK0002793,TXN00005174,USR39885,MCH8673,,,,unauth txn,user reports money deducted but merchant denies receiving payment.,RESOLVED,,High,chatbot,,,0,
CBK0001629,TXN00012665,USR52097,MCH2757,2026-03-16,2026-03-19,,delivery issue,Complaint received after multiple failed attempts.,WIP,,P1,Email,72.0,,0,2026-03-19
CBK0001065,TXN00018250,USR21407,MCH5172,,,4835.58,not done by me,Customer complaint text unclear due to poor call center notes.,CLOSED,,L,ivr,,,0,
CBK0002087,TXN00011160,USR29051,MCH4590,,2026-03-18,1773.89,no service,Customer says amount was debited twice.,Rejected,,P4,Branch,,,0,2026-03-18
CBK0001063,TXN00000271,USR23350,MCH6258,,2026-03-18,,Account Takeover,Customer says amount was debited twice.,PENDING_BANK,,Medium,IVR,,,0,2026-03-18
CBK0002348,TXN00012938,USR62273,MCH3100,2026-03-09,,3749.0,account hacked,User claims account was compromised before transaction.,Open,,Low,App,,,0,
CBK0002447,TXN00012629,USR35956,MCH8605,2026-02-13,,3056.74,item not received,Customer says transaction was not authorized. NA,OPEN,,M,Call Center,,,0,
CBK0001531,TXN00018893,USR98962,MCH8250,,,3450.22,Duplicate Debit,User claims account was compromised before transaction. pls check asap,PENDING_BANK,,M,Email,,,0,
CBK0000921,TXN00009757,USR21384,6474,,,,incorrect amount,Merchant service was not delivered after payment.,REJECTED,,L,Branch,,,0,
CBK0002660,TXN00015268,USR84844,MCH9709,,,,delivery issue,Suspicious high-value payment disputed by customer.,Open,2026-04-20 10:49:25,P3,Email,,,0,
CBK0000513,TXN00003962,USR43455,MCH5580,,,12077.97,Wrong Amount,Complaint received after multiple failed attempts. urgent,Resolved,,P1,CHATBOT,,,0,
CBK0000969,TXN00014162,45011,MCH6383,,,,not delivered,payment made to unknown merchant as per customer statement.,In Progress,2026-03-19 11:52:22,Low,Branch,,,0,
CBK0000468,TXN00004108,USR22727,3160,,,,Fraud Suspected,User says UPI PIN was not entered by them.,RESOLVED,,HIGH,chatbot,,,1,
CBK0002014,TXN00016742,USR94725,MCH8212,,,,Fraud Suspected,Complaint received after multiple failed attempts.,Open,,LOW,Email,,,1,
CBK0000951,TXN00000025,USR43827,MCH5400,,,,delivery issue,Suspicious high-value payment disputed by customer. details missing,CLOSED,,L,App,,,0,
CBK0001507,TXN00014680,USR38336,MCH1475,,,,Wrong Amount,Payment made to unknown merchant as per customer statement.,REJECTED,,Low,chatbot,,,0,
CBK0000470,TXN00016736,USR95074,MCH2822,,,,Fraud Suspected,User claims account was compromised before transaction.,Rejected,,P3,CHATBOT,,,1,
CBK0000453,TXN00008829,USR76027,MCH5301,,,,Merchant Not Delivered,CUSTOMER COMPLAINT TEXT UNCLEAR DUE TO POOR CALL CENTER NOTES.,IN_PROGRESS,,P1,Branch,,,0,
CBK0000183,TXN00018275,USR61083,MCH2383,,,894.24,Wrong Amount,Suspicious high-value payment disputed by customer.,Rejected,,LOW,Call Center,,,0,
CBK0000309,TXN00008361,USR59660,MCH3485,,2026-02-23,5163.82,customer issue,User claims account was compromised before transaction.,OPEN,,P4,Email,,,0,2026-02-23
CBK0001243,TXN00018079,USR63150,MCH6850,2026-03-25,,,Duplicate Debit,Complaint received after multiple failed attempts.,Resolved,,P3,chatbot,,,0,
CBK0000692,TXN00005181,USR70317,MCH3740,,,1107.86,no service,Merchant service was not delivered after payment.,Open,,Low,chatbot,,,0,
CBK0000685,TXN00011648,USR24719,MCH5852,,2026-02-11,2218.94,charged twice,User claims account was compromised before transaction.,REJECTED,,Medium,Email,,,0,2026-02-11
CBK0000550,TXN00015783,USR50831,MCH8921,,,,account hacked,Customer complaint text unclear due to poor call center notes.,IN_PROGRESS,,P2,IVR,,,0,
CBK0000201,TXN00011466,USR99920,MCH9344,,,,UNAUTHORISED,User reports money deducted but merchant denies receiving payment.,IN_PROGRESS,,H,Email,,,1,
CBK0001657,TXN00002770,USR79332,MCH7033,,,,ATO,Customer says transaction was not authorized.,OPEN,,MEDIUM,Email,,,0,
CBK0002790,TXN00005364,USR44424,MCH3678,,,,not delivered,PAYMENT MADE TO UNKNOWN MERCHANT AS PER CUSTOMER STATEMENT.,Closed,,P1,Email,,,0,
CBK0001692,TXN54083,USR37452,MCH4658,,,664.5,unauth txn,customer says transaction was not authorized.,REJECTED,,M,Call Center,,,0,
CBK0000389,TXN00015997,USR38082,MCH5891,,,,not done by me,Customer says amount was debited twice.,PENDING_BANK,,Low,IVR,,,0,
CBK0001599,TXN00018048,45408,MCH4590,,,,Service Not Provided,Customer complaint text unclear due to poor call center notes.,PENDING_BANK,,H,CHATBOT,,,0,
CBK0000152,TXN56695,USR13925,MCH6810,,,-3475.46,UNAUTHORISED,Suspicious high-value payment disputed by customer.,Open,2026-04-13 11:00:46,P1,Email,,,1,
CBK0001688,TXN00015571,USR42338,MCH6498,,,722.56,login compromised,Merchant service was not delivered after payment.,CLOSED,,P3,Call Center,,,0,
CBK0002187,TXN00007012,USR73010,MCH4473,2026-01-01,,,customer issue,Payment made to unknown merchant as per customer statement.,Closed,,HIGH,App,,,0,
CBK0001704,TXN00005100,USR11419,MCH1320,,,-3671.61,account hacked,User reports money deducted but merchant denies receiving payment.,In Progress,,Low,chatbot,,,0,
CBK0002113,TXN00002480,USR12658,MCH3815,,,,fraud,Merchant service was not delivered after payment.,REJECTED,,High,CHATBOT,,,1,
CBK0001594,TXN00004839,USR23350,MCH9444,,,,Merchant Not Delivered,customer says amount was debited twice.,Closed,2026-04-24 21:10:57,H,chatbot,,,0,
CBK0000893,TXN00017214,USR89151,MCH7710,,,-1267.1,FRAUD,User reports money deducted but merchant denies receiving payment.,PENDING_BANK,,P3,Email,,,1,
CBK0002372,TXN37348,USR79864,MCH6026,,,2069.0,extra amount deducted,Customer says transaction was not authorized.,Open,,MEDIUM,chatbot,,,0,
CBK0002491,TXN00019091,USR41955,MCH3954,,,,no service,User reports money deducted but merchant denies receiving payment.,In Progress,,P3,Email,,,0,
CBK0000133,TXN00011403,USR18453,9291,2026-01-14,,3000.84,customer issue,Suspicious high-value payment disputed by customer.,Open,2026-02-17 16:25:35,High,Call Center,,,0,
CBK0002280,TXN00002173,USR47525,MCH1015,,,856.42,Wrong Amount,Merchant service was not delivered after payment.,PENDING_BANK,2026-03-15 22:02:04,Low,Branch,,,0,
CBK0002322,TXN00009493,USR71348,MCH1425,,,,no service,user claims account was compromised before transaction.,Resolved,,Medium,ivr,,,0,
CBK0002139,TXN00012172,USR85655,MCH2375,,,,Fraud Suspected,CUSTOMER SAYS TRANSACTION WAS NOT AUTHORIZED.,Rejected,,Low,App,,,1,
CBK0001864,,USR51310,MCH8220,,,,scam,Merchant service was not delivered after payment.,Closed,,P4,CHATBOT,,,0,
CBK0002285,TXN00005474,USR53527,MCH4473,,,271.69,customer issue,User claims account was compromised before transaction.,CLOSED,,MEDIUM,IVR,,,0,
CBK0000840,TXN00018717,USR16257,MCH3019,,,4563.14,Service Not Provided,User claims account was compromised before transaction.,PENDING_BANK,,P4,ivr,,,0,
CBK0000783,,USR96677,MCH2556,,,4726.95,Account Takeover,User says UPI PIN was not entered by them.,Closed,,MEDIUM,CHATBOT,,,0,
CBK0002629,TXN00010196,USR41172,MCH4588,,,,Fraud Suspected,User says UPI PIN was not entered by them.,Rejected,,P2,ivr,,,1,
CBK0001589,TXN88540,USR96555,MCH2757,,,221.01,scam,Merchant service was not delivered after payment.,Rejected,,High,ivr,,,0,
CBK0000809,TXN00013144,USR51720,MCH9790,,,688.92,unauth txn,CUSTOMER SAYS TRANSACTION WAS NOT AUTHORIZED.,Pending Bank,,H,Call Center,,,0,
CBK0000654,TXN00013810,USR50022,MCH5980,2026-03-07,,,ATO,complaint received after multiple failed attempts.,Closed,,P4,IVR,,,0,
CBK0001614,TXN00017424,USR36509,MCH1316,2026-02-18,,9374.52,merchant service issue,customer says transaction was not authorized.,PENDING_BANK,,M,CHATBOT,,,0,
CBK0000291,TXN00003485,USR79977,MCH3900,,,,item not received,User reports money deducted but merchant denies receiving payment.,OPEN,,P4,Branch,,,0,
CBK0002114,TXN00004014,USR25900,MCH4717,,,,item not received,Customer complaint text unclear due to poor call center notes. urgent,Resolved,2026-04-17 22:25:36,HIGH,CHATBOT,,,0,
CBK0000739,TXN00017315,USR29561,MCH5980,,,704.73,login compromised,User says UPI PIN was not entered by them.,In Progress,2026-01-24 06:45:30,High,ivr,,,0,
CBK0002251,TXN00017472,USR79175,MCH4488,,,,Customer Dispute,Suspicious high-value payment disputed by customer.,RESOLVED,,CRIT,IVR,,,0,
CBK0001438,TXN00008449,22964,MCH2194,,2026-03-26,,customer issue,Complaint received after multiple failed attempts. urgent,Resolved,,P3,App,,,0,2026-03-26
CBK0001884,TXN00019164,USR22644,MCH9648,,,,suspicious transaction,suspicious high-value payment disputed by customer.,WIP,,P4,CHATBOT,,,0,
CBK0001771,TXN00011619,USR17315,MCH2722,,,-893.52,service failed,Merchant service was not delivered after payment. call dropped,In Progress,,LOW,Email,,,0,
CBK0001406,TXN00010864,USR66856,MCH7459,,,2891.42,Unauthorized Transaction,Customer complaint text unclear due to poor call center notes. pls check asap,Open,2026-04-20 04:34:25,P1,CHATBOT,,,1,
CBK0001268,TXN00004622,USR97580,MCH1348,,,1330.95,item not received,Merchant service was not delivered after payment.,Rejected,,M,IVR,,,0,
CBK0001693,TXN00009578,USR55777,MCH8533,2026-02-01,,5287.35,incorrect amount,complaint received after multiple failed attempts.,CLOSED,,M,App,,,0,
CBK0002368,TXN00004923,USR50207,MCH8391,,,,extra amount deducted,Merchant service was not delivered after payment.,CLOSED,,P4,ivr,,,0,
CBK0000452,TXN00002107,USR52224,MCH4529,,,6251.19,service failed,MERCHANT SERVICE WAS NOT DELIVERED AFTER PAYMENT.,Rejected,,HIGH,IVR,,,0,
CBK0001628,TXN00008857,USR61151,MCH4796,,,5937.26,Duplicate Debit,Payment made to unknown merchant as per cust statement.,Rejected,2026-04-04 09:53:18,P4,Call Center,,,0,
CBK0000543,TXN00001593,USR30157,MCH9787,,,,not delivered,User claims account was compromised before transaction.,Pending Bank,,H,Call Center,,,0,
CBK0002740,TXN00013424,USR71939,MCH4819,,,3989.1,item not received,User reports money deducted but merchant denies receiving payment.,PENDING_BANK,,LOW,CHATBOT,,,0,
CBK0001471,TXN00003290,USR25087,MCH3815,,2026-03-09,991.51,not delivered,Customer complaint text unclear due to poor call center notes. NA,CLOSED,,H,Email,,,0,2026-03-09
CBK0001808,TXN00004140,USR30844,MCH8779,,,,complaint,User says UPI PIN was not entered by them.,WIP,,CRIT,Branch,,,0,
CBK0002225,TXN00011962,USR12961,MCH8953,,,,unauth txn,Payment made to unknown merchant as per customer statement.,CLOSED,,L,IVR,,,0,
CBK0000353,TXN00017372,USR56234,MCH7986,,,,not done by me,Customer complaint text unclear due to poor call center notes.,Rejected,,H,IVR,,,0,
CBK0002065,TXN00010646,USR10669,MCH3100,2026-01-27,,-5027.32,Wrong Amount,Customer says transaction was not authorized. NA,In Progress,,CRIT,ivr,,,0,
CBK0000833,TXN00007902,USR66726,MCH6087,2026-02-26,,,DUP_DEBIT,Merchant service was not delivered after payment. NA,IN_PROGRESS,,High,IVR,,,0,
CBK0002388,TXN00018528,USR77072,MCH5954,,,,account hacked,Complaint received after multiple failed attempts.,RESOLVED,,M,IVR,,,0,
CBK0001420,TXN00010436,USR26201,MCH9908,,,509.15,delivery issue,User says UPI PIN was not entered by them.,Rejected,,P3,ivr,,,0,
CBK0001795,TXN00017402,USR78513,MCH4226,,,,login compromised,Complaint received after multiple failed attempts.,REJECTED,2026-02-11 00:47:03,P4,ivr,,,0,
CBK0001315,TXN00005438,USR68023,MCH5877,2026-02-16,,1581.74,extra amount deducted,Merchant service was not delivered after payment. urgent,Open,,H,Branch,,,0,
CBK0000115,TXN00000541,USR20121,MCH8779,,,,complaint,Customer says amount was debited twice.,Resolved,,L,Email,,,0,
CBK0000627,TXN00003619,USR39542,MCH7650,,2026-03-22,-4189.62,amount mismatch,suspicious high-value payment disputed by customer.,OPEN,,P3,Call Center,,,0,2026-03-22
CBK0000510,TXN00007774,USR73010,MCH1407,2026-03-07,2026-03-09,1443.57,unauthorized_transaction,User claims account was compromised before txn.,Rejected,,P3,ivr,48.0,,1,2026-03-09
CBK0001979,TXN00007772,USR77274,MCH7833,,,1320.83,incorrect amount,Customer complaint text unclear due to poor call center notes.,Pending Bank,2026-04-17 10:47:26,CRIT,IVR,,,0,
CBK0001738,TXN00010457,USR59679,MCH9291,2026-03-05,2026-03-06,2161.39,fraud,Merchant service was not delivered after payment.,Open,2026-03-17 18:20:16,P1,Call Center,24.0,282.3377777777778,1,2026-03-06
CBK0002680,TXN00009041,USR82433,MCH4594,,,865.19,charged twice,User says UPI PIN was not entered by them.,Open,,P4,Email,,,0,
CBK0001521,TXN00010065,51069,MCH8953,,,,Merchant Not Delivered,user reports money deducted but merchant denies receiving payment.,Closed,,L,chatbot,,,0,
CBK0000013,TXN00019943,USR42818,MCH6838,,,,customer issue,User says UPI PIN was not entered by them. call dropped,In Progress,,P4,App,,,0,
CBK0002262,TXN88490,USR30627,MCH2594,,,4274.13,merchant service issue,User reports money deducted but merchant denies receiving payment. NA,WIP,,High,chatbot,,,0,
CBK0000718,TXN00011539,USR60803,MCH7874,,,,unauthorized_transaction,customer complaint text unclear due to poor call center notes.,In Progress,,HIGH,chatbot,,,1,
CBK0000446,TXN00010750,USR17864,MCH4002,,,,delivery issue,Payment made to unknown merchant as per customer statement.,Rejected,,P3,Call Center,,,0,
CBK0000258,TXN00017642,USR41056,MCH9394,,,,customer issue,Customer says amount was debited twice.,RESOLVED,,H,chatbot,,,0,
CBK0000449,TXN00007492,USR66286,MCH2383,,,,complaint,Merchant service was not delivered after payment.,Open,,L,App,,,0,
CBK0000486,TXN00002729,USR58335,MCH6810,,,1526.62,Wrong Amount,Payment made to unknown merchant as per customer statement.,In Progress,,L,Call Center,,,0,
CBK0000888,TXN00015372,USR10047,6850,2026-02-12,,,amount mismatch,PAYMENT MADE TO UNKNOWN MERCHANT AS PER CUSTOMER STATEMENT.,Pending Bank,,P1,chatbot,,,0,
CBK0000711,TXN00015632,USR47206,MCH3217,,,,complaint,User says UPI PIN was not entered by them.,IN_PROGRESS,2026-04-01 23:17:35,Low,Branch,,,0,
CBK0001690,TXN00011230,USR60327,MCH9976,,,-2395.8,complaint,Complaint received after multiple failed attempts.,IN_PROGRESS,,Low,chatbot,,,0,
CBK0001395,TXN00016017,USR47363,MCH9787,,,-849.31,dispute raised,User claims account was compromised before transaction.,OPEN,,P2,CHATBOT,,,0,
CBK0002728,TXN00014794,USR60133,MCH9291,,,975.44,Customer Dispute,Payment made to unknown merchant as per customer statement.,In Progress,,MEDIUM,CHATBOT,,,0,
CBK0001237,TXN00015341,USR87558,MCH4264,,,6901.63,item not received,Complaint received after multiple failed attempts.,PENDING_BANK,,CRITICAL,ivr,,,0,
CBK0002749,TXN00019208,USR22131,MCH6084,,,,Customer Dispute,Suspicious high-value payment disputed by customer.,REJECTED,,M,chatbot,,,0,
CBK0001101,TXN00002219,USR11618,MCH1518,2026-03-15,,,item not received,COMPLAINT RECEIVED AFTER MULTIPLE FAILED ATTEMPTS.,Open,,P2,chatbot,,,0,
CBK0000963,TXN00003306,USR42884,MCH8953,,,,Duplicate Debit,Payment made to unknown merchant as per customer statement.,IN_PROGRESS,,P3,Email,,,0,
CBK0000772,TXN00010034,USR25196,MCH1320,2026-01-06,,,dispute raised,Customer says amount was debited twice.,Open,,CRITICAL,CHATBOT,,,0,
CBK0002005,,USR66391,MCH8391,,,1171.4,no service,customer says amount was debited twice.,RESOLVED,,L,chatbot,,,0,
CBK0000345,TXN00007052,USR24877,MCH7863,,,,dispute raised,Payment made to unknown merchant as per customer statement.,PENDING_BANK,,L,CHATBOT,,,0,
CBK0000194,TXN00009105,USR80813,MCH3548,,,,delivery issue,Customer complaint text unclear due to poor call center notes.,Rejected,,Low,App,,,0,
CBK0002591,TXN00004763,USR40127,MCH4473,,,,double debit,Customer says transaction was not authorized.,Pending Bank,,M,chatbot,,,0,
CBK0001957,TXN00009699,64159,MCH2134,,,,Duplicate Debit,MERCHANT SERVICE WAS NOT DELIVERED AFTER PAYMENT.,In Progress,,H,CHATBOT,,,0,
CBK0000922,TXN00018185,USR61372,MCH8331,2026-02-27,,,Service Not Provided,user reports money deducted but merchant denies receiving payment.,Open,,P1,Email,,,0,
CBK0000118,TXN00008970,USR64312,MCH2858,,,450.63,suspicious transaction,Payment made to unknown merchant as per customer statement.,Closed,,Low,ivr,,,0,
CBK0002416,TXN00007831,USR38240,MCH6533,,,,account hacked,Suspicious high-value payment disputed by customer.,OPEN,2026-01-28 08:46:41,P4,Email,,,0,
CBK0000075,TXN00014086,USR84007,MCH8154,,2026-03-25,,scam,User reports money deducted but merchant denies receiving payment.,Resolved,,M,App,,,0,2026-03-25
CBK0001584,TXN00016151,USR53727,MCH3815,,,,login compromised,Merchant service was not delivered after payment.,WIP,,LOW,Call Center,,,0,
CBK0001958,TXN00018222,USR46902,MCH5561,,,,merchant service issue,Customer complaint text unclear due to poor call center notes.,Closed,,P4,Branch,,,0,
CBK0001192,,USR17450,MCH6659,,,,fraud,CUSTOMER SAYS AMOUNT WAS DEBITED TWICE.,Rejected,2026-04-30 20:19:34,LOW,IVR,,,1,
CBK0002096,TXN00008557,USR89656,MCH4345,,,,FRAUD,Payment made to unknown merchant as per customer statement.,Rejected,,H,chatbot,,,1,
CBK0000989,TXN00012972,USR33348,MCH5173,,,,unauth txn,Customer says amount was debited twice.,Resolved,,P1,ivr,,,0,
CBK0002306,TXN00008650,USR32641,MCH1565,2026-02-18,,1166.57,not delivered,user claims account was compromised before transaction.,OPEN,,P3,chatbot,,,0,
CBK0001387,TXN00008870,USR26871,MCH3687,,,,unauthorized_transaction,Suspicious high-value payment disputed by customer.,REJECTED,,Medium,chatbot,,,1,
CBK0000996,TXN00000021,USR22644,MCH4473,,,,dispute raised,Complaint received after multiple failed attempts. pls check asap,Rejected,,P4,chatbot,,,0,
CBK0001421,TXN00015594,USR50434,MCH6889,,,,Account Takeover,Customer complaint text unclear due to poor call center notes.,Open,,L,Email,,,0,
CBK0000238,TXN00008222,USR40061,MCH2274,,,4360.22,dispute raised,User reports money deducted but merchant denies receiving payment.,In Progress,,L,App,,,0,
CBK0001241,TXN00019245,USR99206,MCH4590,,,,suspicious transaction,Customer complaint text unclear due to poor call center notes.,Closed,,Medium,Branch,,,0,
CBK0000558,TXN00006037,USR26658,MCH7509,,2026-02-14,739.74,dispute raised,user reports money deducted but merchant denies receiving payment.,Closed,,P4,Email,,,0,2026-02-14
CBK0001977,TXN00000225,USR94159,MCH5655,2026-03-07,,666.0,complaint,Payment made to unknown merchant as per customer statement.,RESOLVED,,HIGH,Branch,,,0,
CBK0000076,TXN00001158,USR27355,MCH5963,,,,no service,CUSTOMER SAYS TRANSACTION WAS NOT AUTHORIZED.,REJECTED,,L,ivr,,,0,
CBK0002083,TXN00014640,USR17657,MCH2822,,,,no service,Suspicious high-value payment disputed by customer. NA,Closed,2026-04-03 14:05:27,P4,Email,,,0,
CBK0001948,TXN00014225,USR73728,MCH8953,,2026-02-18,,UNAUTHORISED,Payment made to unknown merchant as per customer statement.,OPEN,,MEDIUM,Call Center,,,1,2026-02-18
CBK0002583,TXN00016902,USR33856,MCH4131,,,1595.05,unauthorized_transaction,Customer says amount was debited twice.,Pending Bank,,LOW,Branch,,,1,
CBK0002069,TXN00019571,23992,MCH5315,,,,unauthorized_transaction,User claims account was compromised before transaction.,Open,,M,Branch,,,1,
CBK0000924,TXN00003076,USR28031,MCH8603,,,,customer issue,User says UPI PIN was not entered by them.,PENDING_BANK,,MEDIUM,App,,,0,
CBK0002449,TXN00010509,USR57946,MCH4966,,,,service failed,Suspicious high-value payment disputed by customer.,Open,,M,ivr,,,0,
CBK0000169,TXN84777,USR83541,MCH9196,,,-1091.87,FRAUD,Payment made to unknown merchant as per customer statement.,OPEN,,M,App,,,1,
CBK0001675,TXN00007698,USR30500,MCH1290,2026-03-25,,1746.55,DUP_DEBIT,Merchant service was not delivered after payment.,Resolved,,Medium,Branch,,,0,
CBK0002129,TXN00005777,USR99787,MCH8779,2026-03-05,,891.95,FRAUD,Customer says amount was debited twice.,OPEN,,P2,Call Center,,,1,
CBK0000286,TXN00017361,62049,MCH6810,,2026-02-11,1755.45,Unauthorized Transaction,user claims account was compromised before transaction.,IN_PROGRESS,,Low,IVR,,,1,2026-02-11
CBK0002438,TXN00006364,USR79500,MCH2963,2026-02-17,,2678.39,Merchant Not Delivered,Complaint received after multiple failed attempts.,Closed,,LOW,Email,,,0,
CBK0002365,TXN00000567,USR77716,MCH2387,,,,scam,suspicious high-value payment disputed by customer.,OPEN,,P4,CHATBOT,,,0,
CBK0002224,TXN00008421,USR39089,MCH2822,,,964.56,Unauthorized Transaction,User claims account was compromised before transaction.,CLOSED,,P4,Call Center,,,1,
CBK0000686,TXN00000850,USR54783,8420,2026-01-23,,,UNAUTHORISED,Customer says txn was not authorized.,PENDING_BANK,,P3,Branch,,,1,
CBK0002291,TXN00000916,USR59058,MCH4473,,,,unauthorized_transaction,Merchant service was not delivered after payment. details missing,Open,,HIGH,IVR,,,1,
CBK0000999,TXN00009812,USR25934,MCH4473,,,,dispute raised,User reports money deducted but merchant denies receiving payment. details missing,Open,,Low,Call Center,,,0,
CBK0002761,TXN00017387,USR73413,MCH2266,,,,not done by me,User says UPI PIN was not entered by them.,OPEN,,P3,App,,,0,
CBK0002125,TXN00011157,USR38625,MCH3327,,,-2138.06,Customer Dispute,Customer says transaction was not authorized. urgent,PENDING_BANK,,M,IVR,,,0,
CBK0002511,TXN00014471,USR91311,MCH8100,2026-02-21,,2509.27,Account Takeover,COMPLAINT RECEIVED AFTER MULTIPLE FAILED ATTEMPTS.,Open,,H,ivr,,,0,
CBK0002548,TXN00003431,USR51725,MCH1320,,,,merchant service issue,User reports money deducted but merchant denies receiving payment.,OPEN,,M,CHATBOT,,,0,
CBK0002220,TXN00018020,USR89284,MCH2757,,2026-03-18,,Service Not Provided,Payment made to unknown merchant as per customer statement.,CLOSED,,P4,Call Center,,,0,2026-03-18
CBK0000131,,USR16031,MCH4997,,,,Unauthorized Transaction,Customer complaint text unclear due to poor call center notes.,IN_PROGRESS,,H,Call Center,,,1,
CBK0001441,TXN00017441,USR80479,MCH2733,2026-01-12,,766.94,unauthorized_transaction,Customer says amount was debited twice.,IN_PROGRESS,,H,Call Center,,,1,
CBK0001641,TXN00012030,USR59679,MCH5954,,,,service failed,Customer complaint text unclear due to poor call center notes.,REJECTED,,P4,Call Center,,,0,
CBK0002766,TXN00011236,USR61715,MCH4062,,,,Fraud Suspected,Customer says amount was debited twice.,RESOLVED,,P4,IVR,,,1,
CBK0001084,TXN00017437,USR13933,MCH2265,,,,customer issue,Customer complaint text unclear due to poor call center notes.,PENDING_BANK,,P3,chatbot,,,0,
CBK0001109,TXN00008405,USR77137,MCH8779,,2026-02-20,-1327.89,DUP_DEBIT,Suspicious high-value payment disputed by customer.,CLOSED,,M,App,,,0,2026-02-20
CBK0001142,TXN00013418,USR55881,MCH1320,,2026-01-15,6925.85,Merchant Not Delivered,User claims account was compromised before transaction.,CLOSED,,MEDIUM,IVR,,,0,2026-01-15
CBK0000777,,USR41853,MCH3327,,,,Unauthorized Transaction,Customer says amount was debited twice.,In Progress,,L,CHATBOT,,,1,
CBK0002610,TXN00011255,USR62673,MCH3100,,,2068.22,account hacked,Merchant service was not delivered after payment.,OPEN,,P4,Call Center,,,0,
CBK0000938,TXN00011273,USR80424,MCH1874,,,1062.27,not delivered,Customer says amount was debited twice.,RESOLVED,,CRITICAL,Branch,,,0,
CBK0000720,TXN00009292,USR62461,MCH8044,,,2299.02,scam,Payment made to unknown merchant as per cust statement.,IN_PROGRESS,,P4,CHATBOT,,,0,
CBK0000534,TXN00009187,USR89514,MCH5319,2026-01-18,2026-01-19,3008.39,item not received,User says UPI PIN was not entered by them. details missing,CLOSED,,L,Email,24.0,,0,2026-01-19
CBK0001713,TXN00019900,USR24117,MCH3622,2026-01-19,2026-01-27,,no service,Complaint received after multiple failed attempts. call dropped,IN_PROGRESS,,MEDIUM,Branch,192.0,,0,2026-01-27
CBK0002694,TXN00017451,USR11727,MCH6810,2026-03-04,,1007.69,no service,Customer says transaction was not authorized.,PENDING_BANK,,P4,IVR,,,0,
CBK0002018,TXN00005542,USR80304,MCH8953,,,,DUP_DEBIT,Complaint received after multiple failed attempts.,IN_PROGRESS,,M,App,,,0,
CBK0002775,TXN00018203,USR60939,MCH9570,,,1403.54,Unauthorized Transaction,Complaint received after multiple failed attempts.,CLOSED,,Low,App,,,1,
CBK0002030,TXN00019111,USR11036,MCH5122,2026-01-15,,,UNAUTHORISED,Payment made to unknown merchant as per customer statement.,Rejected,,P2,Email,,,1,
CBK0002007,TXN00018681,USR53356,MCH5076,,,5525.44,amount mismatch,merchant service was not delivered after payment.,Pending Bank,,Medium,CHATBOT,,,0,
CBK0001825,TXN00000995,USR60939,MCH9788,,,,scam,customer says amount was debited twice.,In Progress,,MEDIUM,App,,,0,
CBK0000191,TXN00016165,22024,MCH5684,2026-02-10,,,merchant service issue,Merchant service was not delivered after payment. urgent,Closed,,H,Branch,,,0,
CBK0001412,TXN00007645,USR75440,MCH4862,2026-02-23,,-1667.95,not delivered,Customer says transaction was not authorized.,In Progress,,Critical,Email,,,0,
CBK0000015,TXN00003408,USR88037,MCH7845,,,895.1,no service,Suspicious high-value payment disputed by cust.,IN_PROGRESS,2026-04-01 14:30:26,P3,IVR,,,0,
CBK0001722,TXN00001041,USR72483,MCH9013,,,,extra amount deducted,customer says amount was debited twice.,PENDING_BANK,,L,Branch,,,0,
CBK0000826,TXN00002919,USR50535,MCH2014,,,,scam,customer says amount was debited twice.,Pending Bank,,HIGH,IVR,,,0,
CBK0001912,TXN00004776,USR25848,MCH1193,,,2319.55,not delivered,Complaint received after multiple failed attempts.,Rejected,,HIGH,chatbot,,,0,
CBK0002561,TXN00002204,USR14039,MCH6810,,2026-03-08,,Unauthorized Transaction,User says UPI PIN was not entered by them.,WIP,,P2,IVR,,,1,2026-03-08
CBK0000224,TXN00019488,USR33856,7833,,,6544.91,not done by me,User says UPI PIN was not entered by them. urgent,CLOSED,,MEDIUM,CHATBOT,,,0,
CBK0000554,TXN00016199,USR58457,MCH2818,,,4366.91,account hacked,Payment made to unknown merchant as per customer statement.,WIP,,High,chatbot,,,0,
CBK0001687,TXN00003168,USR79935,MCH8154,,,2132.64,Fraud Suspected,merchant service was not delivered after payment.,PENDING_BANK,,MEDIUM,CHATBOT,,,1,
CBK0001186,TXN00018221,USR54313,MCH9511,,2026-03-17,,Wrong Amount,User claims account was compromised before transaction. pls check asap,Open,,LOW,Branch,,,0,2026-03-17
CBK0000923,TXN94657,USR35229,MCH1505,,,,Wrong Amount,Merchant service was not delivered after payment.,CLOSED,,HIGH,Branch,,,0,
CBK0000322,TXN00019719,USR68594,MCH8391,2026-03-23,,,delivery issue,merchant service was not delivered after payment.,Closed,2026-04-18 20:20:18,HIGH,Branch,,,0,
CBK0000056,TXN00002715,USR49193,MCH9467,2026-01-23,,,service failed,Merchant service was not delivered after payment.,Rejected,,H,chatbot,,,0,
CBK0000778,TXN00004797,USR73637,MCH1026,,,3784.33,UNAUTHORISED,customer says transaction was not authorized.,RESOLVED,,MEDIUM,Call Center,,,1,
CBK0001904,TXN00006057,USR27947,MCH5098,,,378.18,amount mismatch,Merchant service was not delivered after payment.,PENDING_BANK,2026-02-15 09:43:00,P2,Call Center,,,0,
CBK0001858,TXN00019309,USR57601,MCH7194,,,,complaint,User claims account was compromised before transaction.,WIP,,High,App,,,0,
CBK0001327,TXN00010704,USR57352,MCH9854,,,,FRAUD,Complaint received after multiple failed attempts.,In Progress,,L,Branch,,,1,
CBK0000612,TXN00008353,USR59073,MCH2016,,,1208.71,fraud,customer says transaction was not authorized.,Rejected,,Medium,Branch,,,1,
CBK0001251,TXN00007334,USR34180,MCH8904,,,903.47,service failed,PAYMENT MADE TO UNKNOWN MERCHANT AS PER CUSTOMER STATEMENT.,Closed,,L,CHATBOT,,,0,
CBK0000036,TXN00007642,USR23143,MCH2032,,,,complaint,Customer says transaction was not authorized. NA,Rejected,,CRITICAL,Email,,,0,
CBK0001074,TXN00016035,USR30137,MCH4252,,,2162.74,charged twice,Customer complaint text unclear due to poor call center notes.,Open,,M,Branch,,,0,
CBK0000045,TXN00018877,USR30701,MCH8391,,,2653.61,service failed,Payment made to unknown merchant as per customer statement.,OPEN,,CRIT,chatbot,,,0,
CBK0002044,TXN00012234,USR38814,MCH2495,2026-02-25,,,UNAUTHORISED,Customer says amount was debited twice.,Pending Bank,,P1,IVR,,,1,
CBK0002390,TXN00008564,USR53527,MCH1450,,,7520.47,delivery issue,USER CLAIMS ACCOUNT WAS COMPROMISED BEFORE TRANSACTION.,Resolved,,MEDIUM,chatbot,,,0,
CBK0000991,TXN00016978,USR85967,MCH9642,,,,suspicious transaction,Customer says amount was debited twice.,Closed,,MEDIUM,IVR,,,0,
CBK0001740,TXN00009712,USR32707,4181,,2026-01-29,803.59,Customer Dispute,User reports money deducted but merchant denies receiving payment.,CLOSED,,M,App,,,0,2026-01-29
CBK0000182,TXN00013078,USR91108,MCH4931,,,3943.46,merchant service issue,Suspicious high-value payment disputed by customer.,OPEN,,CRITICAL,App,,,0,
CBK0002641,TXN00005655,USR10307,MCH4859,,,5976.8,incorrect amount,Merchant service was not delivered after payment.,Open,,HIGH,chatbot,,,0,
CBK0001106,TXN81951,USR84942,MCH2073,,,3816.43,login compromised,Customer says transaction was not authorized. call dropped,Pending Bank,,P3,Branch,,,0,
CBK0002466,TXN00013029,USR16995,MCH7040,,,,merchant service issue,Customer says transaction was not authorized.,Rejected,,MEDIUM,Email,,,0,
CBK0001305,TXN00017826,USR89617,MCH5076,,,,Account Takeover,Payment made to unknown merchant as per customer statement.,WIP,,LOW,ivr,,,0,
CBK0002675,TXN00007158,USR38065,MCH6195,2026-02-10,,-1520.53,delivery issue,User reports money deducted but merchant denies receiving payment.,IN_PROGRESS,,High,IVR,,,0,
CBK0002337,TXN00008947,USR74187,MCH2877,,,,dispute raised,Customer says amount was debited twice.,RESOLVED,,LOW,ivr,,,0,
CBK0000211,TXN00019098,USR76655,MCH2383,,,536.94,login compromised,Complaint received after multiple failed attempts.,PENDING_BANK,,Medium,Email,,,0,
CBK0000042,TXN00001246,USR48537,MCH2700,2026-02-08,,,complaint,customer says transaction was not authorized.,Closed,,HIGH,IVR,,,0,
CBK0002778,TXN34155,USR63286,MCH5795,,,736.99,delivery issue,Suspicious high-value payment disputed by customer.,Pending Bank,,M,CHATBOT,,,0,
CBK0002652,TXN00008454,USR79705,MCH2757,,,,login compromised,Suspicious high-value payment disputed by customer.,PENDING_BANK,,Medium,chatbot,,,0,
CBK0000226,TXN00015815,USR35149,MCH8971,,,,customer issue,Customer complaint text unclear due to poor call center notes.,IN_PROGRESS,,LOW,Email,,,0,
CBK0001226,TXN00014655,USR64776,MCH4837,,,,double debit,customer complaint text unclear due to poor call center notes.,PENDING_BANK,,High,CHATBOT,,,0,
CBK0001961,TXN00004780,USR62254,9817,,,-673.13,scam,Customer says transaction was not authorized.,PENDING_BANK,,H,ivr,,,0,
CBK0001650,TXN00007842,USR43371,MCH9291,,2026-03-27,,amount mismatch,Customer says amount was debited twice.,In Progress,,LOW,ivr,,,0,2026-03-27
CBK0002294,TXN00004771,USR12753,MCH9267,,,,Customer Dispute,Complaint received after multiple failed attempts.,Pending Bank,,CRITICAL,CHATBOT,,,0,
CBK0000256,TXN00001617,USR63778,MCH6614,,,,delivery issue,User reports money deducted but merchant denies receiving payment.,In Progress,,L,ivr,,,0,
CBK0000634,TXN00003160,USR20310,MCH5168,2026-03-14,,,amount mismatch,USER SAYS UPI PIN WAS NOT ENTERED BY THEM.,REJECTED,,P4,Email,,,0,
CBK0001898,TXN00012370,USR72048,MCH5535,2026-03-29,2026-04-02,-9690.23,DUP_DEBIT,User claims account was compromised before transaction.,OPEN,,M,Call Center,96.0,,0,2026-04-02
CBK0001953,TXN00002867,USR48061,8600,,,,dispute raised,Suspicious high-value payment disputed by customer.,Pending Bank,,Low,Email,,,0,
CBK0000414,TXN71282,51465,MCH8403,,,4105.21,ATO,USER CLAIMS ACCOUNT WAS COMPROMISED BEFORE TRANSACTION.,In Progress,,P1,Call Center,,,0,
CBK0000229,TXN00011498,USR25152,MCH5516,,,,Fraud Suspected,User says UPI PIN was not entered by them.,IN_PROGRESS,,Low,CHATBOT,,,1,
CBK0002621,TXN00013196,USR25302,MCH2285,,,,Merchant Not Delivered,Merchant service was not delivered after payment.,Pending Bank,,Medium,Branch,,,0,
CBK0002599,TXN00015427,USR46465,MCH3243,,,1089.6,fraud,Customer says transaction was not authorized. NA,Open,,P3,chatbot,,,1,
CBK0001385,TXN00015532,USR43241,MCH2822,,,90.26,Account Takeover,Customer says transaction was not authorized.,PENDING_BANK,,P1,App,,,0,
CBK0001645,TXN00004849,USR87914,MCH2065,,,,no service,Payment made to unknown merchant as per customer statement.,IN_PROGRESS,,Medium,Branch,,,0,
CBK0000995,TXN00005999,USR40639,MCH1381,,,-3530.1,not delivered,COMPLAINT RECEIVED AFTER MULTIPLE FAILED ATTEMPTS.,In Progress,,LOW,CHATBOT,,,0,
CBK0000553,TXN00001388,USR38124,MCH8462,,,-5809.0,merchant service issue,merchant service was not delivered after payment.,CLOSED,,High,Email,,,0,
CBK0000812,TXN00003721,USR76959,MCH8190,,,-3807.76,scam,User says UPI PIN was not entered by them.,Closed,,P2,Branch,,,0,
CBK0000841,TXN00007967,USR49028,MCH7643,,2026-04-11,,item not received,Customer says transaction was not authorized. call dropped,REJECTED,,HIGH,IVR,,,0,2026-04-11
CBK0000266,TXN00006755,USR13301,MCH5226,,,,amount mismatch,Customer complaint text unclear due to poor call center notes. call dropped,Closed,,MEDIUM,Call Center,,,0,
CBK0002431,TXN00015350,USR95800,4448,,,676.77,account hacked,Customer complaint text unclear due to poor call center notes.,WIP,,L,Call Center,,,0,
CBK0000907,TXN00018961,USR73332,MCH5096,,,,account hacked,Merchant service was not delivered after payment.,Resolved,,LOW,ivr,,,0,
CBK0000568,TXN00005915,USR19528,MCH9192,,2026-02-24,215.32,Fraud Suspected,Customer says transaction was not authorized. urgent,Pending Bank,,Medium,CHATBOT,,,1,2026-02-24
CBK0002248,TXN00018611,USR80560,MCH1043,,,,DUP_DEBIT,Customer says amount was debited twice.,OPEN,,MEDIUM,Branch,,,0,
CBK0001578,TXN00008775,USR61019,MCH8496,,,,ATO,Customer says amount was debited twice.,RESOLVED,,P4,Email,,,0,
CBK0001548,TXN00000463,USR79013,7615,,,,Service Not Provided,User says UPI PIN was not entered by them.,Resolved,,High,Branch,,,0,
CBK0002013,TXN00007063,USR45520,MCH1320,,,,login compromised,User says UPI PIN was not entered by them.,In Progress,,LOW,CHATBOT,,,0,
CBK0001094,TXN00017457,USR13306,MCH4473,,,,Duplicate Debit,Merchant service was not delivered after payment. NA,PENDING_BANK,,Low,Call Center,,,0,
CBK0001077,TXN00009149,88897,MCH5127,,,-2970.62,FRAUD,Payment made to unknown merchant as per cust statement.,REJECTED,,Critical,Email,,,1,
CBK0001003,TXN00006075,USR31466,MCH8516,,,,no service,User claims account was compromised before transaction.,IN_PROGRESS,,P1,Email,,,0,
CBK0002093,TXN00017223,95193,MCH2383,,,-711.68,ATO,CUSTOMER SAYS TRANSACTION WAS NOT AUTHORIZED.,Closed,,LOW,Call Center,,,0,
CBK0001520,TXN00005376,USR68623,MCH8701,,,6375.04,not delivered,User claims account was compromised before transaction.,Pending Bank,,P3,App,,,0,
CBK0002269,TXN00002609,USR70968,MCH6810,,,,extra amount deducted,MERCHANT SERVICE WAS NOT DELIVERED AFTER PAYMENT.,IN_PROGRESS,,P3,Email,,,0,
CBK0001060,TXN00004377,USR65291,MCH5076,,,6954.75,customer issue,Payment made to unknown merchant as per customer statement.,WIP,,Low,chatbot,,,0,
CBK0000878,TXN00017227,USR23617,MCH9290,,,,charged twice,User claims account was compromised before transaction. urgent,IN_PROGRESS,,HIGH,chatbot,,,0,
CBK0002419,TXN00008154,USR61213,MCH1320,,2026-04-12,,delivery issue,suspicious high-value payment disputed by customer.,OPEN,,M,App,,,0,2026-04-12
CBK0000142,TXN00017373,USR22644,MCH2266,,,,Fraud Suspected,Merchant service was not delivered after payment.,WIP,,MEDIUM,Email,,,1,
CBK0000028,TXN00005785,USR15008,MCH4604,,,222.95,charged twice,Payment made to unknown merchant as per cust statement.,CLOSED,,M,ivr,,,0,
CBK0000090,TXN00018546,USR70795,MCH3992,,,,item not received,MERCHANT SERVICE WAS NOT DELIVERED AFTER PAYMENT.,Closed,,HIGH,IVR,,,0,
CBK0000644,TXN00007288,USR97139,MCH2822,2026-02-03,,320.6,not done by me,Suspicious high-value payment disputed by customer.,Open,,Low,Branch,,,0,
CBK0000171,TXN00003032,USR85839,MCH4965,,,,not delivered,User says UPI PIN was not entered by them.,REJECTED,,HIGH,CHATBOT,,,0,
CBK0002288,TXN00001620,USR79613,MCH2822,,2026-03-07,650.47,Duplicate Debit,User reports money deducted but merchant denies receiving payment.,Closed,,H,CHATBOT,,,0,2026-03-07
CBK0000236,TXN00015982,USR78462,MCH5980,,,3445.69,dispute raised,Suspicious high-value payment disputed by customer.,OPEN,,L,ivr,,,0,
CBK0001256,TXN00012543,USR97472,MCH2266,2026-03-26,2026-03-29,-5621.9,Duplicate Debit,Payment made to unknown merchant as per customer statement. NA,Closed,,LOW,chatbot,72.0,,0,2026-03-29
CBK0002263,TXN00017565,USR25091,2757,2026-03-25,,,not delivered,User claims account was compromised before transaction.,OPEN,,M,App,,,0,
CBK0000491,TXN00012981,USR53356,MCH3100,,,,no service,MERCHANT SERVICE WAS NOT DELIVERED AFTER PAYMENT.,Pending Bank,,H,IVR,,,0,
CBK0000790,TXN00010376,31294,MCH2721,,2026-02-21,,Wrong Amount,suspicious high-value payment disputed by customer.,Pending Bank,,MEDIUM,App,,,0,2026-02-21
CBK0002734,TXN86247,USR30500,MCH9900,,,1425.14,Unauthorized Transaction,SUSPICIOUS HIGH-VALUE PAYMENT DISPUTED BY CUSTOMER.,OPEN,,High,chatbot,,,1,
CBK0000108,TXN00012720,USR63044,MCH3342,,,,UNAUTHORISED,User reports money deducted but merchant denies receiving payment.,RESOLVED,,LOW,CHATBOT,,,1,
CBK0000228,TXN00001207,USR43461,MCH2457,,,,ATO,Complaint received after multiple failed attempts.,REJECTED,,MEDIUM,IVR,,,0,
CBK0002532,TXN00014807,USR72152,MCH4189,,,,Fraud Suspected,Customer says amount was debited twice.,WIP,,Critical,CHATBOT,,,1,
CBK0000489,TXN00009790,USR14874,3965,,,,merchant service issue,Customer says txn was not authorized.,Resolved,,MEDIUM,CHATBOT,,,0,
CBK0001085,TXN00007125,USR27848,MCH8555,,,,no service,user reports money deducted but merchant denies receiving payment.,IN_PROGRESS,,P1,chatbot,,,0,
CBK0002462,TXN00017340,USR67399,MCH8154,,2026-03-28,,unauthorized_transaction,PAYMENT MADE TO UNKNOWN MERCHANT AS PER CUSTOMER STATEMENT.,Pending Bank,,LOW,IVR,,,1,2026-03-28
CBK0002197,TXN00006372,USR66647,MCH5779,,,5763.76,unauth txn,user reports money deducted but merchant denies receiving payment.,IN_PROGRESS,,MEDIUM,CHATBOT,,,0,
CBK0000814,TXN00017418,USR91623,MCH6810,,,,charged twice,Merchant service was not delivered after payment.,PENDING_BANK,,P4,Email,,,0,
CBK0001792,TXN00002522,USR78192,MCH5237,,,877.59,not delivered,User reports money deducted but merchant denies receiving payment. pls check asap,CLOSED,,MEDIUM,IVR,,,0,
CBK0001103,TXN00006537,USR64942,MCH8349,,,,customer issue,User says UPI PIN was not entered by them.,Pending Bank,,MEDIUM,ivr,,,0,
CBK0000208,TXN00011412,USR90908,MCH1460,,,,not delivered,User says UPI PIN was not entered by them.,REJECTED,,L,IVR,,,0,
CBK0002160,TXN00003789,USR91387,MCH3992,2026-03-09,,1061.09,complaint,COMPLAINT RECEIVED AFTER MULTIPLE FAILED ATTEMPTS.,Pending Bank,,MEDIUM,Call Center,,,0,
CBK0002355,TXN00010287,USR83793,MCH2036,,,852.14,item not received,USER SAYS UPI PIN WAS NOT ENTERED BY THEM.,RESOLVED,,P1,CHATBOT,,,0,
CBK0001555,TXN00010998,USR55626,MCH3270,,,,unauth txn,Merchant service was not delivered after payment. NA,Closed,,P1,Call Center,,,0,
CBK0000947,TXN00013726,USR83095,MCH5410,,,,double debit,suspicious high-value payment disputed by customer.,IN_PROGRESS,,HIGH,Branch,,,0,
CBK0002261,TXN00000527,USR82246,MCH6318,,,3784.42,charged twice,Customer complaint text unclear due to poor call center notes.,In Progress,2026-01-29 03:15:21,P4,Branch,,,0,
CBK0001921,TXN00018097,USR29054,MCH8796,,,2522.66,delivery issue,Complaint received after multiple failed attempts.,Closed,,High,IVR,,,0,
CBK0000150,TXN00004153,USR21449,MCH8072,,,3630.27,FRAUD,Suspicious high-value payment disputed by customer.,In Progress,,HIGH,App,,,1,
CBK0001255,,USR63146,MCH9614,2026-02-21,2026-02-27,1677.54,Merchant Not Delivered,Customer says transaction was not authorized.,WIP,,L,chatbot,144.0,,0,2026-02-27
CBK0002165,TXN00011788,USR69706,MCH3368,,2026-01-07,,Duplicate Debit,Customer says amount was debited twice. details missing,REJECTED,,P4,ivr,,,0,2026-01-07
CBK0001143,TXN00010812,USR29995,MCH2068,,,-752.91,Duplicate Debit,User says UPI PIN was not entered by them.,Pending Bank,,L,CHATBOT,,,0,
CBK0001369,TXN00016708,USR40818,MCH6534,,,2567.69,Fraud Suspected,Customer says amount was debited twice.,PENDING_BANK,,MEDIUM,ivr,,,1,
CBK0001216,TXN00002147,USR51748,MCH7793,2026-01-25,,1064.06,Unauthorized Transaction,Complaint received after multiple failed attempts.,Rejected,,HIGH,Branch,,,1,
CBK0000495,TXN00010199,USR31808,MCH4590,,,,no service,Customer says transaction was not authorized.,WIP,,HIGH,IVR,,,0,
CBK0002274,TXN00008466,USR84517,MCH6508,,2026-01-23,,suspicious transaction,user claims account was compromised before transaction.,PENDING_BANK,,M,ivr,,,0,2026-01-23
CBK0000001,TXN00000797,USR85565,MCH8779,,2026-02-03,1020.66,service failed,Suspicious high-value payment disputed by customer. details missing,RESOLVED,,LOW,Email,,,0,2026-02-03
CBK0000101,TXN00010812,USR81116,MCH4055,,2026-04-04,,double debit,payment made to unknown merchant as per customer statement.,WIP,,Low,chatbot,,,0,2026-04-04
CBK0001075,TXN00013358,USR12571,MCH7477,,,2097.39,item not received,Customer says transaction was not authorized.,REJECTED,,L,chatbot,,,0,
CBK0000412,TXN00007488,USR50260,MCH1591,,2026-02-13,,Wrong Amount,USER REPORTS MONEY DEDUCTED BUT MERCHANT DENIES RECEIVING PAYMENT.,Pending Bank,,High,ivr,,,0,2026-02-13
CBK0001587,TXN00016352,USR29556,MCH9289,,2026-01-18,6616.61,no service,Complaint received after multiple failed attempts.,OPEN,,P3,chatbot,,,0,2026-01-18
CBK0001232,TXN00009374,USR51626,MCH6929,,,,double debit,User says UPI PIN was not entered by them.,Rejected,,LOW,IVR,,,0,
CBK0000381,TXN00014178,USR27107,MCH3113,,,,charged twice,customer says transaction was not authorized.,REJECTED,,L,IVR,,,0,
CBK0002726,TXN00003733,USR34851,MCH8714,2026-01-10,,,fraud,Customer says amount was debited twice.,REJECTED,,P4,CHATBOT,,,1,
CBK0000805,TXN00009314,USR13620,MCH3239,,,,Customer Dispute,User says UPI PIN was not entered by them.,WIP,,LOW,Email,,,0,
CBK0000901,TXN00012155,USR12240,MCH4226,,,348.42,complaint,Customer says amount was debited twice.,WIP,2026-03-12 15:39:05,P3,App,,,0,
CBK0002226,TXN00005923,USR15487,MCH2547,2026-01-26,,,not done by me,Customer says transaction was not authorized.,Resolved,,M,Email,,,0,
CBK0000630,TXN00019233,USR41212,MCH3129,,,,FRAUD,User reports money deducted but merchant denies receiving payment.,Rejected,,Low,Email,,,1,
CBK0000965,TXN00009897,USR16439,MCH2212,,,,amount mismatch,User claims account was compromised before transaction.,REJECTED,,HIGH,Call Center,,,0,
CBK0001952,TXN00013367,USR59329,MCH3526,,2026-01-11,18514.67,FRAUD,User claims account was compromised before transaction.,IN_PROGRESS,2026-01-20 01:50:10,LOW,Email,,217.8361111111111,1,2026-01-11
CBK0001962,TXN00008141,USR88930,MCH5655,,,4306.86,FRAUD,Customer complaint text unclear due to poor call center notes.,Pending Bank,2026-02-06 06:00:00,M,App,,,1,
CBK0000785,TXN00012403,USR98061,MCH9923,,,,complaint,User claims account was compromised before transaction. details missing,PENDING_BANK,,P1,Branch,,,0,
CBK0000492,TXN00008504,USR51736,MCH8181,,,303.99,double debit,Customer complaint text unclear due to poor call center notes.,IN_PROGRESS,,P4,ivr,,,0,
CBK0001072,TXN00006554,20930,MCH7833,,,4172.97,Service Not Provided,merchant service was not delivered after payment.,WIP,2026-03-04 00:59:16,P3,Email,,,0,
CBK0002427,TXN00003973,USR79707,MCH2266,,,,amount mismatch,USER REPORTS MONEY DEDUCTED BUT MERCHANT DENIES RECEIVING PAYMENT.,PENDING_BANK,,L,Email,,,0,
CBK0000433,TXN46623,USR96958,MCH2105,,,,suspicious transaction,User claims account was compromised before transaction.,OPEN,,P2,CHATBOT,,,0,
CBK0001685,TXN00009635,USR26009,MCH8203,,,,double debit,USER REPORTS MONEY DEDUCTED BUT MERCHANT DENIES RECEIVING PAYMENT.,Pending Bank,,Low,CHATBOT,,,0,
CBK0001581,TXN96928,USR33856,MCH8779,,,2456.94,dispute raised,Payment made to unknown merchant as per customer statement.,IN_PROGRESS,,L,Call Center,,,0,
CBK0002730,TXN00004070,USR84719,MCH4590,,,,Account Takeover,Complaint received after multiple failed attempts.,PENDING_BANK,,P3,CHATBOT,,,0,
CBK0000523,TXN00014885,USR52281,MCH1833,,2026-01-26,,dispute raised,Complaint received after multiple failed attempts.,WIP,,H,CHATBOT,,,0,2026-01-26
CBK0000301,TXN00016908,USR68915,MCH4590,,2026-03-26,2938.45,Account Takeover,Payment made to unknown merchant as per customer statement.,IN_PROGRESS,2026-03-29 02:20:18,LOW,App,,74.33833333333334,0,2026-03-26
CBK0000742,TXN00007076,USR36630,MCH5264,,,,service failed,Customer complaint text unclear due to poor call center notes.,PENDING_BANK,2026-03-23 11:58:36,M,App,,,0,
CBK0002215,TXN00007143,USR62254,MCH6359,,,-2415.01,dispute raised,Customer complaint text unclear due to poor call center notes.,Pending Bank,,Medium,App,,,0,
CBK0000062,TXN00012210,USR39698,MCH5302,,2026-01-25,,extra amount deducted,Customer says amount was debited twice.,CLOSED,,P2,ivr,,,0,2026-01-25
CBK0002222,TXN00017740,USR92520,MCH5264,,,,service failed,User claims account was compromised before transaction.,IN_PROGRESS,,P3,CHATBOT,,,0,
CBK0001068,TXN00011141,USR85237,MCH9377,,,,Merchant Not Delivered,user says upi pin was not entered by them.,CLOSED,,P3,IVR,,,0,
CBK0000903,TXN00009145,USR87189,MCH8391,,,,Unauthorized Transaction,Customer says transaction was not authorized.,In Progress,2026-01-19 18:38:44,P4,ivr,,,1,
CBK0001360,TXN00018073,USR38459,MCH1267,,,171.37,Service Not Provided,User claims account was compromised before transaction.,PENDING_BANK,,L,Call Center,,,0,
CBK0002773,TXN00003172,USR63475,MCH3441,,,-3809.65,Wrong Amount,User reports money deducted but merchant denies receiving payment.,OPEN,,LOW,CHATBOT,,,0,
CBK0001595,TXN00019657,USR11057,MCH7114,,,,customer issue,Merchant service was not delivered after payment.,CLOSED,,P3,App,,,0,
CBK0001556,TXN00003293,USR34180,MCH4663,,,,Duplicate Debit,User reports money deducted but merchant denies receiving payment.,Resolved,,Medium,Email,,,0,
CBK0001298,TXN00007668,USR64776,MCH6492,,,872.83,account hacked,Complaint received after multiple failed attempts.,REJECTED,,L,IVR,,,0,
CBK0002671,TXN00018559,USR95364,MCH3979,,,,ATO,User says UPI PIN was not entered by them.,REJECTED,,L,Call Center,,,0,
CBK0000319,,USR75218,MCH7937,,,-659.11,Wrong Amount,USER REPORTS MONEY DEDUCTED BUT MERCHANT DENIES RECEIVING PAYMENT.,Rejected,,L,IVR,,,0,
CBK0000794,TXN00013962,USR28913,MCH9984,,,,not delivered,User claims account was compromised before transaction.,Closed,,P3,Email,,,0,
CBK0000484,TXN00005084,USR96003,MCH8682,,2026-03-08,12351.07,merchant service issue,Customer says amount was debited twice.,Pending Bank,2026-03-30 23:20:24,LOW,IVR,,551.34,0,2026-03-08
CBK0002284,TXN00019560,USR71503,MCH7874,,,,not delivered,Complaint received after multiple failed attempts.,WIP,,Critical,App,,,0,
CBK0001920,TXN00011275,USR18736,MCH4473,,2026-02-17,10469.69,ATO,User claims account was compromised before txn.,WIP,,P2,App,,,0,2026-02-17
CBK0000338,TXN00014545,USR52948,MCH4069,,2026-03-06,1623.27,customer issue,CUSTOMER SAYS AMOUNT WAS DEBITED TWICE.,Closed,,CRIT,chatbot,,,0,2026-03-06
CBK0002530,TXN00008558,USR71564,4848,,,1053.3,unauthorized_transaction,User says UPI PIN was not entered by them. call dropped,CLOSED,2026-02-17 06:28:44,P2,ivr,,,1,
CBK0002211,TXN00013107,USR37685,MCH8309,,,,DUP_DEBIT,Customer complaint text unclear due to poor call center notes.,In Progress,,High,IVR,,,0,
CBK0000646,TXN00018578,USR49324,MCH3174,,2026-03-02,,ATO,User says UPI PIN was not entered by them.,IN_PROGRESS,,MEDIUM,CHATBOT,,,0,2026-03-02
CBK0002328,TXN00016836,USR20310,MCH6341,,,,Duplicate Debit,Customer says transaction was not authorized.,In Progress,,MEDIUM,App,,,0,
CBK0001817,TXN00010816,USR54649,MCH5999,2026-01-20,,,dispute raised,Customer complaint text unclear due to poor call center notes.,WIP,,CRIT,CHATBOT,,,0,
CBK0000700,TXN00001244,USR88147,MCH2972,,,,service failed,User claims account was compromised before transaction.,WIP,,M,CHATBOT,,,0,
CBK0000223,TXN00005582,USR74418,MCH4130,,,,scam,User claims account was compromised before transaction.,RESOLVED,2026-02-25 03:03:20,P2,Call Center,,,0,
CBK0000775,TXN00004439,USR27107,MCH7732,,2026-01-24,,Merchant Not Delivered,Merchant service was not delivered after payment.,Rejected,,P2,IVR,,,0,2026-01-24
CBK0000625,TXN00000101,USR93581,MCH5578,,,703.07,Merchant Not Delivered,Customer says transaction was not authorized.,Resolved,,Critical,App,,,0,
CBK0001883,TXN00014046,USR51538,MCH5600,,,,merchant service issue,User says UPI PIN was not entered by them.,Pending Bank,,Low,App,,,0,
CBK0000292,,USR21921,MCH4375,,,,incorrect amount,Complaint received after multiple failed attempts. details missing,In Progress,,Low,Branch,,,0,
CBK0001167,TXN00007185,USR30821,MCH4473,2026-03-14,2026-03-15,,unauthorized_transaction,Customer says amount was debited twice.,CLOSED,2026-03-28 06:08:16,MEDIUM,ivr,24.0,318.1377777777778,1,2026-03-15
CBK0001821,TXN00015418,USR40538,MCH3027,,,-2520.29,extra amount deducted,Payment made to unknown merchant as per customer statement.,PENDING_BANK,,M,ivr,,,0,
CBK0001959,TXN00011213,USR97266,MCH6311,,,1071.93,Account Takeover,Customer complaint text unclear due to poor call center notes.,RESOLVED,,LOW,Email,,,0,
CBK0001011,TXN00016394,USR71985,MCH8514,,,,no service,User reports money deducted but merchant denies receiving payment.,OPEN,,High,CHATBOT,,,0,
CBK0001468,TXN00016367,USR57411,MCH5305,,,,Customer Dispute,Payment made to unknown merchant as per customer statement.,In Progress,,P3,Email,,,0,
CBK0002451,TXN00008228,USR86411,MCH8154,,,-443.81,unauth txn,customer complaint text unclear due to poor call center notes.,RESOLVED,,Low,Email,,,0,
CBK0000026,TXN00001919,USR39089,MCH5042,,2026-03-05,1859.77,no service,Complaint received after multiple failed attempts.,Rejected,,Low,IVR,,,0,2026-03-05
CBK0002558,TXN00011898,USR64312,MCH7218,,2026-01-18,2771.91,DUP_DEBIT,Customer complaint text unclear due to poor call center notes.,REJECTED,,Low,Branch,,,0,2026-01-18
CBK0001307,TXN00008095,USR42956,MCH9637,,,,customer issue,User claims account was compromised before transaction.,In Progress,,High,Branch,,,0,
CBK0001225,TXN00015094,USR34566,MCH5674,,2026-03-05,,double debit,Customer complaint text unclear due to poor call center notes.,PENDING_BANK,,LOW,App,,,0,2026-03-05
CBK0000822,TXN00005564,USR76792,MCH6388,2026-03-15,,1858.07,not delivered,Customer says amount was debited twice.,Pending Bank,,Medium,ivr,,,0,
CBK0000596,TXN00006654,USR37722,MCH4208,,,,UNAUTHORISED,User reports money deducted but merchant denies receiving payment.,CLOSED,,L,chatbot,,,1,
CBK0001259,TXN00012199,USR39404,MCH2849,2026-03-30,,,dispute raised,User claims account was compromised before transaction.,OPEN,,LOW,CHATBOT,,,0,
CBK0001764,TXN00007180,USR97480,MCH8142,2026-01-31,,671.37,service failed,User reports money deducted but merchant denies receiving payment.,PENDING_BANK,,P2,Email,,,0,
CBK0002513,TXN00003753,USR11110,MCH5076,,,691.4,Customer Dispute,Suspicious high-value payment disputed by customer.,Pending Bank,,MEDIUM,Call Center,,,0,
CBK0001370,TXN00017169,USR14813,MCH6201,,2026-03-12,696.63,amount mismatch,Complaint received after multiple failed attempts.,Rejected,,LOW,Branch,,,0,2026-03-12
CBK0002247,TXN00013006,USR65627,MCH4411,,,-1637.49,FRAUD,User says UPI PIN was not entered by them.,Resolved,,M,App,,,1,
CBK0000563,TXN00011206,USR97772,7503,2026-02-17,,,charged twice,complaint received after multiple failed attempts.,REJECTED,,L,CHATBOT,,,0,
CBK0000347,TXN00015951,USR35882,MCH6839,,,,suspicious transaction,CUSTOMER SAYS AMOUNT WAS DEBITED TWICE.,PENDING_BANK,,P3,Call Center,,,0,
CBK0002509,TXN00002022,USR85958,MCH7739,,,,not done by me,Merchant service was not delivered after payment.,RESOLVED,,High,Call Center,,,0,
CBK0002177,TXN00018087,USR50619,MCH1160,,,2152.04,Service Not Provided,CUSTOMER SAYS TRANSACTION WAS NOT AUTHORIZED.,REJECTED,,LOW,Call Center,,,0,
CBK0001158,TXN00016429,USR80809,MCH9349,,,,Service Not Provided,Payment made to unknown merchant as per customer statement.,RESOLVED,2026-01-17 05:11:04,MEDIUM,Branch,,,0,
CBK0000277,TXN00013423,USR88037,MCH4048,,,498.7,Service Not Provided,Customer says amount was debited twice.,Pending Bank,,Medium,App,,,0,
CBK0001620,TXN00013592,USR47384,MCH9347,,,1528.43,no service,User says UPI PIN was not entered by them.,CLOSED,,LOW,App,,,0,
CBK0000264,TXN00012389,USR77084,MCH4475,,,1247.52,DUP_DEBIT,Customer complaint text unclear due to poor call center notes. call dropped,WIP,,L,Email,,,0,
CBK0000105,TXN00004321,USR86889,MCH1166,,,,not delivered,Customer complaint text unclear due to poor call center notes.,OPEN,2026-04-01 06:28:32,P4,App,,,0,
CBK0001461,,USR21469,MCH3425,,,,Account Takeover,User reports money deducted but merchant denies receiving payment.,IN_PROGRESS,,L,Branch,,,0,
CBK0000459,TXN00018065,USR75856,6850,,,4568.57,FRAUD,merchant service was not delivered after payment.,OPEN,,Low,ivr,,,1,
CBK0001462,TXN00002045,USR58805,MCH2842,,2026-03-01,3144.27,UNAUTHORISED,Suspicious high-value payment disputed by customer.,WIP,,MEDIUM,Email,,,1,2026-03-01
CBK0002257,TXN41888,USR36095,MCH2102,,,,delivery issue,Customer says transaction was not authorized.,Rejected,,P2,Branch,,,0,
CBK0002657,TXN00017047,USR97927,MCH9426,,,,FRAUD,Complaint received after multiple failed attempts.,IN_PROGRESS,,LOW,Call Center,,,1,
CBK0000483,,USR36499,MCH5954,,,,item not received,User reports money deducted but merchant denies receiving payment.,PENDING_BANK,,L,App,,,0,
CBK0001914,TXN00009715,USR93782,MCH5614,,,,Fraud Suspected,Suspicious high-value payment disputed by customer.,OPEN,,CRIT,App,,,1,
CBK0002052,TXN00019589,USR55253,MCH4612,,,,customer issue,user says upi pin was not entered by them.,Resolved,,P2,Email,,,0,
CBK0002592,TXN00003766,USR79094,MCH8315,,,587.08,login compromised,Suspicious high-value payment disputed by customer.,PENDING_BANK,,MEDIUM,Email,,,0,
CBK0001281,TXN00018888,76747,MCH3704,,,,amount mismatch,User reports money deducted but merchant denies receiving payment.,REJECTED,,M,ivr,,,0,
CBK0001484,TXN00014252,USR18345,MCH7982,,2026-03-10,-5943.18,customer issue,Payment made to unknown merchant as per customer statement.,OPEN,,CRIT,App,,,0,2026-03-10
CBK0001969,TXN00002091,USR88037,MCH7819,2026-03-21,,497.48,login compromised,Payment made to unknown merchant as per customer statement.,REJECTED,,P2,ivr,,,0,
CBK0000333,TXN00009429,USR43447,MCH6659,,,,merchant service issue,Complaint received after multiple failed attempts.,IN_PROGRESS,,P4,App,,,0,
CBK0001285,TXN00011614,USR22620,MCH8730,,,459.43,double debit,Customer says amount was debited twice.,Resolved,,MEDIUM,CHATBOT,,,0,
CBK0001834,TXN00009538,93486,1097,,,,scam,Merchant service was not delivered after payment. call dropped,Closed,,M,Email,,,0,
CBK0000834,TXN00006801,USR60701,MCH8625,,,-1623.25,DUP_DEBIT,CUSTOMER SAYS AMOUNT WAS DEBITED TWICE.,Closed,,HIGH,ivr,,,0,
CBK0001644,TXN00015953,USR99110,MCH2723,,,,Merchant Not Delivered,Merchant service was not delivered after payment.,REJECTED,,P4,chatbot,,,0,
CBK0002357,TXN00009106,USR64172,MCH7722,,,,ATO,Merchant service was not delivered after payment.,REJECTED,2026-04-05 07:38:31,P3,CHATBOT,,,0,
CBK0001454,TXN00011270,USR25463,MCH7713,,,,account hacked,Complaint received after multiple failed attempts.,Pending Bank,,MEDIUM,IVR,,,0,
CBK0002467,TXN00018324,USR12011,MCH6969,,,,amount mismatch,Customer says amount was debited twice.,IN_PROGRESS,,LOW,Call Center,,,0,
CBK0001570,TXN00015345,USR50434,MCH4720,,,891.13,not done by me,Payment made to unknown merchant as per customer statement.,RESOLVED,,P4,Branch,,,0,
CBK0000899,TXN00019564,USR29187,MCH8779,,,17075.88,charged twice,user reports money deducted but merchant denies receiving payment.,In Progress,,P4,Email,,,0,
CBK0001181,TXN00009419,USR39500,MCH9291,,,,item not received,Complaint received after multiple failed attempts.,In Progress,,Low,ivr,,,0,
CBK0002788,TXN00007182,USR38163,MCH5980,2026-03-11,,7942.83,complaint,Customer says transaction was not authorized.,WIP,,LOW,Branch,,,0,
CBK0000419,TXN00018842,61484,MCH8719,,,,Wrong Amount,Payment made to unknown merchant as per customer statement.,CLOSED,,Medium,Email,,,0,
CBK0001389,TXN00013530,USR54156,MCH6601,,,11913.51,Duplicate Debit,Customer says transaction was not authorized.,In Progress,,L,IVR,,,0,
CBK0000747,TXN00015384,USR91399,MCH3815,,,452.46,dispute raised,user claims account was compromised before transaction.,CLOSED,,L,chatbot,,,0,
CBK0002757,TXN00002386,USR65855,MCH2446,,,4215.68,service failed,Customer says amount was debited twice.,PENDING_BANK,,P4,Call Center,,,0,
CBK0000332,TXN00005378,USR88270,MCH4590,,,1274.1,Service Not Provided,Complaint received after multiple failed attempts.,OPEN,2026-05-16 14:52:28,Medium,Call Center,,,0,
CBK0002051,TXN00008348,USR53527,MCH2721,,,7413.72,Duplicate Debit,User claims account was compromised before transaction.,REJECTED,,P1,Email,,,0,
CBK0002634,TXN00017469,USR67399,MCH4047,,,1016.01,amount mismatch,User reports money deducted but merchant denies receiving payment.,REJECTED,,Low,IVR,,,0,
CBK0000497,TXN00001489,USR78501,MCH8779,,,6345.72,not delivered,Merchant service was not delivered after payment.,RESOLVED,,HIGH,App,,,0,
CBK0001504,TXN58280,USR46847,MCH9988,,,,charged twice,User says UPI PIN was not entered by them.,OPEN,,MEDIUM,Branch,,,0,
CBK0000746,TXN00006761,USR27533,MCH9632,,,,DUP_DEBIT,CUSTOMER COMPLAINT TEXT UNCLEAR DUE TO POOR CALL CENTER NOTES.,Open,2026-01-25 23:15:33,Medium,CHATBOT,,,0,
CBK0000073,TXN00007186,USR55692,MCH9079,,,7193.48,incorrect amount,Customer says amount was debited twice.,REJECTED,,M,Email,,,0,
CBK0001239,,USR43165,MCH9882,,,,extra amount deducted,Customer says amount was debited twice.,REJECTED,,Medium,App,,,0,
CBK0000454,TXN00010362,USR13559,MCH3717,,,721.17,DUP_DEBIT,Payment made to unknown merchant as per customer statement.,OPEN,,P3,chatbot,,,0,
CBK0000202,TXN00003879,USR22628,MCH4977,,,-2999.94,double debit,CUSTOMER SAYS TRANSACTION WAS NOT AUTHORIZED.,PENDING_BANK,,L,IVR,,,0,
CBK0000384,TXN00007704,USR74500,MCH5267,2026-02-07,,,amount mismatch,Customer says amount was debited twice.,CLOSED,,Low,CHATBOT,,,0,
CBK0002015,TXN00003845,USR71348,MCH6074,,,,account hacked,Customer says amount was debited twice.,Resolved,2026-02-18 00:40:34,HIGH,CHATBOT,,,0,
CBK0002359,TXN00004169,USR59679,MCH4473,,,,fraud,Customer complaint text unclear due to poor call center notes.,Closed,2026-01-16 14:56:06,Critical,Email,,,1,
CBK0001364,TXN00018217,USR92659,MCH6674,,,1300.73,Customer Dispute,User claims account was compromised before transaction.,Pending Bank,,High,chatbot,,,0,
CBK0002379,TXN00008645,USR61509,MCH1914,,,-3501.28,account hacked,Complaint received after multiple failed attempts.,Rejected,,M,ivr,,,0,
CBK0000039,TXN00010340,USR89475,MCH2478,,2026-01-12,,not done by me,Payment made to unknown merchant as per customer statement.,In Progress,,M,chatbot,,,0,2026-01-12
CBK0002254,TXN00016982,USR48692,MCH4326,,2026-01-10,662.25,suspicious transaction,User says UPI PIN was not entered by them.,OPEN,2026-01-27 22:58:49,P3,App,,430.98027777777776,0,2026-01-10
CBK0000443,TXN00003234,USR48070,MCH7286,2026-02-25,,8014.91,scam,Suspicious high-value payment disputed by customer.,REJECTED,,P2,IVR,,,0,
CBK0001214,TXN84117,USR58335,MCH8999,,,3956.74,delivery issue,user reports money deducted but merchant denies receiving payment.,Closed,,High,Branch,,,0,
CBK0002038,TXN00005021,USR23918,MCH2822,,,7640.62,not delivered,Customer says transaction was not authorized.,RESOLVED,,LOW,Email,,,0,
CBK0000298,TXN00003788,USR83977,MCH4437,,,,merchant service issue,Merchant service was not delivered after payment.,Pending Bank,,L,CHATBOT,,,0,
CBK0001464,TXN32619,USR22277,MCH4473,,,2826.04,item not received,User claims account was compromised before transaction.,RESOLVED,,M,Email,,,0,
CBK0001736,TXN00006569,USR82594,MCH5200,,2026-03-09,,merchant service issue,Merchant service was not delivered after payment. details missing,RESOLVED,,High,App,,,0,2026-03-09
CBK0000761,TXN00001654,USR73010,MCH6154,,,11920.81,fraud,Suspicious high-value payment disputed by cust.,PENDING_BANK,,L,ivr,,,1,
CBK0002190,TXN74121,USR68897,MCH4316,,,1678.99,not done by me,Customer says transaction was not authorized.,Pending Bank,,M,chatbot,,,0,
CBK0001234,TXN00011425,USR22130,MCH7915,,,-3369.42,FRAUD,customer says transaction was not authorized.,OPEN,,MEDIUM,ivr,,,1,
CBK0000307,TXN00010177,USR34955,MCH8749,,,690.45,Wrong Amount,customer complaint text unclear due to poor call center notes.,Open,2026-03-23 16:33:27,High,ivr,,,0,
CBK0000368,TXN00005138,USR72854,MCH3135,,,,service failed,Customer says amount was debited twice.,Pending Bank,,P3,chatbot,,,0,
CBK0001276,TXN00003403,USR85655,MCH1234,,,,Customer Dispute,Merchant service was not delivered after payment.,Open,,P3,Call Center,,,0,
CBK0002659,TXN00003213,USR61306,MCH7286,,,1246.38,amount mismatch,Customer says transaction was not authorized.,Open,,H,ivr,,,0,
CBK0000061,TXN00010949,USR32546,MCH9169,,,,no service,User says UPI PIN was not entered by them. call dropped,CLOSED,,M,App,,,0,
CBK0000987,TXN00003201,USR35236,MCH3555,,,,Unauthorized Transaction,Suspicious high-value payment disputed by customer. pls check asap,Rejected,,L,CHATBOT,,,1,
CBK0001927,TXN00011359,USR71316,MCH5954,,,,ATO,Customer says amount was debited twice.,CLOSED,2026-04-09 14:50:33,M,chatbot,,,0,
CBK0001093,,USR43765,9369,,,,Wrong Amount,Customer says transaction was not authorized.,Open,,MEDIUM,ivr,,,0,
CBK0000217,TXN00010428,USR35582,MCH8391,,,,suspicious transaction,User claims account was compromised before transaction.,Pending Bank,,High,Email,,,0,
CBK0000902,TXN00019180,USR18416,MCH3100,,,,Service Not Provided,Complaint received after multiple failed attempts.,Pending Bank,,P2,Branch,,,0,
CBK0000652,TXN00015166,USR42412,MCH2811,,,,service failed,USER SAYS UPI PIN WAS NOT ENTERED BY THEM.,Open,,P2,ivr,,,0,
CBK0001358,TXN00013107,USR31479,MCH2757,,,,login compromised,Payment made to unknown merchant as per customer statement.,CLOSED,,Low,IVR,,,0,
CBK0001023,TXN00007154,USR60699,MCH6910,,,,DUP_DEBIT,User claims account was compromised before transaction.,REJECTED,,L,CHATBOT,,,0,
CBK0001630,TXN00011150,USR97781,MCH4684,,,,Duplicate Debit,Customer says transaction was not authorized.,RESOLVED,,M,Call Center,,,0,
CBK0002123,TXN00015926,USR65059,MCH5703,,,,Merchant Not Delivered,User claims account was compromised before transaction.,WIP,,MEDIUM,chatbot,,,0,
CBK0000421,TXN00010803,USR72422,MCH2757,,,7913.77,suspicious transaction,Payment made to unknown merchant as per customer statement.,In Progress,,Medium,Branch,,,0,
CBK0002771,TXN00003740,USR43341,4181,,,,Customer Dispute,user says upi pin was not entered by them.,IN_PROGRESS,,P4,Branch,,,0,
CBK0002424,TXN00002184,USR26661,MCH1213,,,,fraud,Payment made to unknown merchant as per customer statement.,CLOSED,,Medium,Email,,,1,
CBK0000631,TXN00004185,USR21843,MCH5007,,,,extra amount deducted,USER REPORTS MONEY DEDUCTED BUT MERCHANT DENIES RECEIVING PAYMENT.,Open,,Low,CHATBOT,,,0,
CBK0001390,TXN00017748,USR66250,MCH1711,,,,Account Takeover,User says UPI PIN was not entered by them.,Resolved,,L,App,,,0,
CBK0002141,TXN00009768,USR20378,MCH9291,,,,unauth txn,User says UPI PIN was not entered by them.,Open,,MEDIUM,App,,,0,
CBK0002126,TXN00010837,USR17697,MCH6219,,,3555.94,Wrong Amount,User reports money deducted but merchant denies receiving payment.,RESOLVED,,P4,CHATBOT,,,0,
CBK0000494,TXN00017891,USR29919,MCH9291,,2026-01-12,,Merchant Not Delivered,Merchant service was not delivered after payment.,Rejected,,CRIT,App,,,0,2026-01-12
CBK0000727,TXN00008469,USR71348,MCH9319,,,-604.81,DUP_DEBIT,User says UPI PIN was not entered by them.,Rejected,,MEDIUM,App,,,0,
CBK0000531,TXN00014058,USR49275,MCH9836,2026-01-24,,1009.36,incorrect amount,User claims account was compromised before transaction.,PENDING_BANK,,P1,ivr,,,0,
CBK0001139,TXN00009825,USR93426,MCH6856,,,-6446.22,Duplicate Debit,Customer says amount was debited twice. urgent,IN_PROGRESS,2026-03-23 14:42:18,P1,App,,,0,
CBK0001402,TXN00004276,USR93581,MCH2383,,,-3192.45,Fraud Suspected,User reports money deducted but merchant denies receiving payment.,OPEN,,P3,IVR,,,1,
CBK0002461,TXN00017240,USR28613,MCH1420,,,,no service,Merchant service was not delivered after payment.,Pending Bank,,LOW,App,,,0,
CBK0000246,TXN00019885,USR90720,MCH8625,,2026-02-23,,charged twice,Payment made to unknown merchant as per customer statement.,Pending Bank,,MEDIUM,ivr,,,0,2026-02-23
CBK0001110,TXN00013301,USR82155,MCH9291,,,,UNAUTHORISED,Complaint received after multiple failed attempts.,RESOLVED,,P2,CHATBOT,,,1,
CBK0000372,TXN00010170,USR38969,MCH7294,,2026-01-18,,Customer Dispute,Payment made to unknown merchant as per customer statement.,Resolved,,Medium,App,,,0,2026-01-18
CBK0002016,TXN00007362,USR90209,MCH9344,,,3269.55,Service Not Provided,Customer says transaction was not authorized.,WIP,,LOW,CHATBOT,,,0,
CBK0002498,TXN00009704,USR26525,MCH4212,,,,Service Not Provided,Customer says amount was debited twice.,Resolved,,Low,Call Center,,,0,
CBK0001481,TXN00001735,USR85139,3100,,,-3084.74,service failed,Merchant service was not delivered after payment.,Closed,,P3,IVR,,,0,
CBK0002392,TXN00006668,USR61084,MCH2875,,,,Customer Dispute,payment made to unknown merchant as per customer statement.,Resolved,2026-02-17 12:08:01,H,Email,,,0,
CBK0000614,TXN00000040,94585,MCH8779,2026-01-20,2026-01-25,-1389.07,ATO,Complaint received after multiple failed attempts. call dropped,Resolved,,L,App,120.0,,0,2026-01-25
CBK0002520,TXN00006276,USR55226,MCH7826,2026-01-21,,,DUP_DEBIT,Merchant service was not delivered after payment.,PENDING_BANK,,Critical,Branch,,,0,
CBK0000593,TXN00013111,USR25826,MCH9808,2026-02-26,,,ATO,Customer says transaction was not authorized.,Open,,High,ivr,,,0,
CBK0000551,TXN00012467,USR71976,MCH4344,,,,dispute raised,Suspicious high-value payment disputed by customer.,Pending Bank,,LOW,CHATBOT,,,0,
CBK0000138,TXN00003017,USR74855,MCH9944,,,707.43,login compromised,Customer complaint text unclear due to poor call center notes.,Rejected,,L,Email,,,0,
CBK0000100,TXN00017882,USR54020,MCH3381,,2026-01-20,,double debit,User reports money deducted but merchant denies receiving payment.,OPEN,,P2,App,,,0,2026-01-20
CBK0000620,TXN00014536,49473,MCH9291,,,-12058.7,double debit,Suspicious high-value payment disputed by customer.,In Progress,,MEDIUM,IVR,,,0,
CBK0000787,TXN00015064,USR33856,MCH8652,,,981.9,Duplicate Debit,User reports money deducted but merchant denies receiving payment.,In Progress,,MEDIUM,IVR,,,0,
CBK0002134,TXN00009374,USR27878,MCH5264,,,,Customer Dispute,Customer says amount was debited twice.,PENDING_BANK,,Medium,IVR,,,0,
CBK0001981,TXN00014392,USR72048,4590,2026-03-17,,4520.19,Duplicate Debit,user claims account was compromised before transaction.,REJECTED,,LOW,App,,,0,
CBK0001249,TXN00003498,USR73675,MCH3822,,,3661.3,suspicious transaction,user reports money deducted but merchant denies receiving payment.,Resolved,,Medium,Email,,,0,
CBK0002554,TXN00000914,USR21146,MCH2266,,,,item not received,User claims account was compromised before txn.,OPEN,,H,Branch,,,0,
CBK0002602,TXN00012801,USR20795,MCH5787,,,2374.29,Service Not Provided,Suspicious high-value payment disputed by customer.,Resolved,2026-03-09 12:23:30,MEDIUM,Call Center,,,0,
CBK0002797,TXN00013910,USR34880,MCH1320,,,877.44,unauthorized_transaction,USER REPORTS MONEY DEDUCTED BUT MERCHANT DENIES RECEIVING PAYMENT.,WIP,,H,chatbot,,,1,
CBK0000521,TXN00019385,USR20822,MCH6549,,,,unauthorized_transaction,Suspicious high-value payment disputed by customer.,In Progress,2026-04-11 11:31:42,H,Branch,,,1,
CBK0001422,TXN00013883,USR59251,MCH7833,,,,Unauthorized Transaction,Payment made to unknown merchant as per customer statement.,OPEN,,M,chatbot,,,1,
CBK0000458,TXN00016719,26895,4723,,,2956.42,complaint,User claims account was compromised before txn.,RESOLVED,,LOW,CHATBOT,,,0,
CBK0000085,TXN00004176,USR35280,MCH8030,2026-01-08,,,login compromised,Customer complaint text unclear due to poor call center notes.,CLOSED,,High,Branch,,,0,
CBK0000376,TXN00010928,USR62685,MCH9719,2026-02-26,,,DUP_DEBIT,Customer says transaction was not authorized. urgent,Closed,,High,CHATBOT,,,0,
CBK0002059,,USR69096,MCH6070,,,-599.01,Account Takeover,user says upi pin was not entered by them.,Resolved,,LOW,Branch,,,0,
CBK0002759,TXN00003778,USR65783,MCH3028,,,,amount mismatch,User claims account was compromised before transaction.,PENDING_BANK,,MEDIUM,Call Center,,,0,
CBK0000425,TXN00019652,USR51854,MCH4908,,,1289.49,FRAUD,Payment made to unknown merchant as per customer statement.,In Progress,2026-03-25 08:31:28,P1,App,,,1,
CBK0000473,TXN00006355,USR15888,MCH5561,,,,Merchant Not Delivered,Customer says transaction was not authorized.,RESOLVED,2026-01-18 13:37:06,P3,Branch,,,0,
CBK0002609,TXN00005872,USR71348,9291,,,,not done by me,Customer complaint text unclear due to poor call center notes.,RESOLVED,,LOW,CHATBOT,,,0,
CBK0002781,TXN00007463,USR88712,MCH4226,,,,merchant service issue,Merchant service was not delivered after payment.,IN_PROGRESS,,P3,IVR,,,0,
CBK0000437,TXN00008304,USR31182,MCH7390,,2026-03-19,6321.44,UNAUTHORISED,Merchant service was not delivered after payment. NA,Pending Bank,,MEDIUM,CHATBOT,,,1,2026-03-19
CBK0001434,TXN00014276,USR37196,MCH2407,,,637.61,charged twice,payment made to unknown merchant as per customer statement.,Pending Bank,,M,IVR,,,0,
CBK0002012,TXN00012346,USR40998,3992,,,1010.1,account hacked,Customer says amount was debited twice.,WIP,,P2,Call Center,,,0,
CBK0000297,TXN00019269,USR53731,MCH9458,,,2732.12,UNAUTHORISED,CUSTOMER SAYS TRANSACTION WAS NOT AUTHORIZED.,Closed,,P3,IVR,,,1,
CBK0002058,TXN00010832,USR29952,MCH6418,,,,ATO,User says UPI PIN was not entered by them. urgent,IN_PROGRESS,,LOW,CHATBOT,,,0,
CBK0000267,,13313,MCH9823,,,,login compromised,Complaint received after multiple failed attempts.,Closed,,P3,chatbot,,,0,
CBK0000035,TXN00004120,USR53171,MCH6920,2026-03-07,2026-03-05,5701.53,double debit,user reports money deducted but merchant denies receiving payment.,In Progress,,Low,IVR,-48.0,,0,2026-03-05
CBK0002020,TXN00019784,USR89588,MCH8760,2026-03-08,,,not done by me,Customer says amount was debited twice.,RESOLVED,,LOW,IVR,,,0,
CBK0001016,TXN00018653,USR39211,MCH1376,,,,ATO,User reports money deducted but merchant denies receiving payment.,REJECTED,,L,CHATBOT,,,0,
CBK0000905,TXN00003495,USR37693,MCH8091,,,2983.97,Merchant Not Delivered,Complaint received after multiple failed attempts.,Pending Bank,,LOW,Email,,,0,
CBK0000394,TXN00000779,USR64440,MCH8614,,,,DUP_DEBIT,User claims account was compromised before txn.,WIP,,M,CHATBOT,,,0,
CBK0000059,TXN00011102,USR87051,MCH4693,,,1825.45,ATO,COMPLAINT RECEIVED AFTER MULTIPLE FAILED ATTEMPTS.,Open,,P4,Call Center,,,0,
CBK0001956,TXN00004350,USR48482,MCH1641,,,2131.37,UNAUTHORISED,user claims account was compromised before transaction.,In Progress,,L,chatbot,,,1,
CBK0002439,TXN00009347,USR87914,MCH6751,,,1704.94,Wrong Amount,Suspicious high-value payment disputed by customer.,In Progress,,LOW,ivr,,,0,
CBK0002733,TXN00015766,USR87074,MCH6810,,,198.26,ATO,User reports money deducted but merchant denies receiving payment.,OPEN,,P4,CHATBOT,,,0,
CBK0000344,TXN00018344,USR11559,MCH4841,,,,Fraud Suspected,Merchant service was not delivered after payment.,CLOSED,,High,IVR,,,1,
CBK0000704,TXN00015091,USR45203,MCH9864,,,20286.73,Service Not Provided,Suspicious high-value payment disputed by customer. NA,Open,,High,chatbot,,,0,
CBK0001841,TXN00005953,USR96307,MCH1423,,,,Merchant Not Delivered,Payment made to unknown merchant as per customer statement.,REJECTED,,LOW,IVR,,,0,
CBK0000305,TXN00002303,21074,MCH1320,2026-02-04,,1712.22,no service,Customer says amount was debited twice.,WIP,,LOW,App,,,0,
CBK0002157,TXN00010666,USR74780,MCH6850,2026-02-07,,,extra amount deducted,Payment made to unknown merchant as per customer statement.,Closed,,P4,Branch,,,0,
CBK0000219,TXN76688,USR63208,MCH6288,,,,Merchant Not Delivered,User claims account was compromised before transaction.,RESOLVED,,Low,Branch,,,0,
CBK0000503,TXN00009139,USR87033,MCH8779,2026-03-05,,,not done by me,Payment made to unknown merchant as per customer statement.,Closed,2026-03-29 10:48:07,Critical,Email,,,0,
CBK0002098,TXN00012193,USR22644,MCH5980,,,1913.11,fraud,Merchant service was not delivered after payment.,CLOSED,,HIGH,Call Center,,,1,
CBK0002395,TXN00010795,USR24347,MCH3677,,,-933.13,Duplicate Debit,User reports money deducted but merchant denies receiving payment.,WIP,,LOW,chatbot,,,0,
CBK0001580,TXN00004779,USR38912,MCH6908,,,,scam,customer says amount was debited twice.,Open,,P3,Email,,,0,
CBK0000388,TXN00000433,USR50784,MCH6968,,,,amount mismatch,User says UPI PIN was not entered by them.,OPEN,,LOW,Branch,,,0,
CBK0000891,TXN00017408,USR10307,7766,,,836.19,delivery issue,user reports money deducted but merchant denies receiving payment.,WIP,,P4,Email,,,0,
CBK0000501,TXN00019009,USR96611,MCH3763,,,1552.99,amount mismatch,Customer complaint text unclear due to poor call center notes.,Pending Bank,,HIGH,App,,,0,
CBK0002227,TXN97124,USR21632,MCH9291,,,1596.33,Duplicate Debit,User reports money deducted but merchant denies receiving payment.,Resolved,,HIGH,App,,,0,
CBK0000060,TXN00004672,USR95647,MCH3815,,,,merchant service issue,Suspicious high-value payment disputed by customer.,RESOLVED,,H,ivr,,,0,
CBK0002174,,USR75213,MCH2779,,,484.07,ATO,User reports money deducted but merchant denies receiving payment.,CLOSED,,P3,Branch,,,0,
CBK0000869,TXN00011061,USR71557,MCH8342,2026-03-03,,-211.84,complaint,Merchant service was not delivered after payment.,CLOSED,,P4,Call Center,,,0,
CBK0001381,TXN00011623,USR99837,MCH8765,,,3487.78,no service,Customer says amount was debited twice. NA,CLOSED,,P2,ivr,,,0,
CBK0002396,TXN00000711,USR70575,MCH1910,,,,customer issue,User says UPI PIN was not entered by them. NA,RESOLVED,,H,IVR,,,0,
CBK0000723,TXN00001222,USR96458,MCH9291,,,,merchant service issue,PAYMENT MADE TO UNKNOWN MERCHANT AS PER CUSTOMER STATEMENT.,RESOLVED,,LOW,Email,,,0,
CBK0000504,TXN00008435,USR93535,MCH7466,,,755.82,not delivered,Customer says amount was debited twice.,Rejected,,MEDIUM,Email,,,0,
CBK0002746,TXN00015136,USR57117,MCH5167,,,661.74,Merchant Not Delivered,Customer complaint text unclear due to poor call center notes.,Open,,P4,Call Center,,,0,
CBK0002737,TXN00005881,USR91565,MCH2757,,,2284.0,Wrong Amount,Merchant service was not delivered after payment.,Rejected,,M,Email,,,0,
CBK0002270,TXN00000045,USR73010,MCH6294,,,1101.8,ATO,Customer says transaction was not authorized.,CLOSED,,MEDIUM,Call Center,,,0,
CBK0001994,TXN00000296,USR71624,MCH4650,,,,login compromised,Complaint received after multiple failed attempts.,RESOLVED,,H,App,,,0,
CBK0002612,TXN00010607,USR32830,MCH9346,,,,Account Takeover,CUSTOMER SAYS AMOUNT WAS DEBITED TWICE.,RESOLVED,,HIGH,Branch,,,0,
CBK0001950,TXN00002053,33960,5223,,,2130.67,charged twice,Customer complaint text unclear due to poor call center notes.,Pending Bank,,M,Email,,,0,
CBK0000757,TXN00010601,USR53404,MCH4311,,,,item not received,User says UPI PIN was not entered by them.,Closed,,P3,ivr,,,0,
CBK0000159,TXN00001671,USR51888,MCH8727,,,,Wrong Amount,User says UPI PIN was not entered by them.,PENDING_BANK,,P2,IVR,,,0,
CBK0001270,TXN00015781,USR60184,MCH5412,,,,amount mismatch,Customer says transaction was not authorized.,OPEN,2026-02-25 18:53:25,P2,CHATBOT,,,0,
CBK0001833,TXN00009923,USR24660,MCH3434,,,,complaint,Merchant service was not delivered after payment.,Open,,Medium,Call Center,,,0,
CBK0000148,,USR37395,MCH3992,2026-02-25,,,customer issue,Suspicious high-value payment disputed by customer.,Closed,,Critical,ivr,,,0,
CBK0002188,TXN00011115,USR83988,MCH3113,,,,Customer Dispute,User reports money deducted but merchant denies receiving payment.,PENDING_BANK,2026-01-14 02:37:33,LOW,CHATBOT,,,0,
CBK0000906,TXN00009979,USR59679,MCH6645,,,876.91,account hacked,User claims account was compromised before transaction.,Rejected,,Medium,App,,,0,
CBK0001190,TXN00017091,USR51699,MCH7327,,,2254.1,account hacked,User says UPI PIN was not entered by them.,OPEN,2026-03-11 02:20:08,HIGH,App,,,0,
CBK0000325,TXN00011027,51987,MCH6810,,,,unauth txn,Customer says txn was not authorized.,IN_PROGRESS,,Medium,App,,,0,
CBK0002358,TXN00012958,USR45319,MCH4022,,,1142.21,Duplicate Debit,Customer complaint text unclear due to poor call center notes. call dropped,PENDING_BANK,2026-03-20 03:54:56,L,ivr,,,0,
CBK0001443,TXN00003853,USR70317,MCH6921,,2026-02-22,,item not received,PAYMENT MADE TO UNKNOWN MERCHANT AS PER CUSTOMER STATEMENT.,Closed,,P3,IVR,,,0,2026-02-22
CBK0001944,TXN00005059,USR14388,MCH5076,,2026-04-25,4128.34,amount mismatch,CUSTOMER SAYS AMOUNT WAS DEBITED TWICE.,OPEN,2026-04-26 05:25:51,Critical,ivr,,29.430833333333332,0,2026-04-25
CBK0000097,TXN00014288,USR75999,MCH4226,,,4255.52,dispute raised,Payment made to unknown merchant as per customer statement.,Pending Bank,,M,IVR,,,0,
CBK0000609,TXN00001796,USR77277,MCH2970,,,,delivery issue,User reports money deducted but merchant denies receiving payment.,Closed,,L,Branch,,,0,
CBK0000920,TXN00000546,USR20076,MCH2383,,,,amount mismatch,Complaint received after multiple failed attempts.,PENDING_BANK,,Low,App,,,0,
CBK0001945,TXN00015576,USR59679,MCH5013,,2026-03-03,2182.01,charged twice,MERCHANT SERVICE WAS NOT DELIVERED AFTER PAYMENT.,OPEN,,P2,ivr,,,0,2026-03-03
CBK0002769,TXN00003447,USR76233,MCH8735,2026-02-19,,,Wrong Amount,Payment made to unknown merchant as per cust statement.,REJECTED,,M,chatbot,,,0,
CBK0002138,TXN00000295,USR86497,MCH2786,,,731.69,FRAUD,Customer says amount was debited twice.,WIP,,Low,chatbot,,,1,
CBK0001973,TXN00013275,USR71371,MCH9810,,,,delivery issue,Complaint received after multiple failed attempts.,PENDING_BANK,,Medium,CHATBOT,,,0,
CBK0000440,TXN00019212,USR83469,MCH7067,,,2786.25,login compromised,customer says transaction was not authorized.,Open,,LOW,Call Center,,,0,
CBK0001313,TXN00002015,USR70926,MCH8374,,,2615.98,ATO,Merchant service was not delivered after payment.,OPEN,,CRIT,CHATBOT,,,0,
CBK0001519,TXN00000459,USR36461,MCH6850,,,,customer issue,Customer says amount was debited twice.,PENDING_BANK,,HIGH,Call Center,,,0,
CBK0001153,TXN00007272,USR23407,MCH9088,,,,Account Takeover,Merchant service was not delivered after payment.,Pending Bank,2026-03-19 23:40:22,HIGH,chatbot,,,0,
CBK0000490,TXN00019708,USR89588,MCH9291,,,,Customer Dispute,customer says amount was debited twice.,Open,,LOW,Call Center,,,0,
CBK0000306,TXN00000680,USR62254,MCH5980,,,,scam,User says UPI PIN was not entered by them.,IN_PROGRESS,,H,CHATBOT,,,0,
CBK0001088,TXN00012038,USR14244,MCH5655,,,,double debit,Customer complaint text unclear due to poor call center notes.,CLOSED,,LOW,Email,,,0,
CBK0002181,TXN00014627,USR41247,MCH7342,,,,Customer Dispute,Customer says amount was debited twice.,PENDING_BANK,,MEDIUM,CHATBOT,,,0,
CBK0000863,TXN00016767,USR90880,MCH2841,2026-03-06,,,Merchant Not Delivered,customer says transaction was not authorized.,CLOSED,,H,Email,,,0,
CBK0000178,TXN00004134,USR75133,MCH1949,,,794.23,suspicious transaction,Customer complaint text unclear due to poor call center notes.,OPEN,2026-03-06 06:12:04,P2,IVR,,,0,
CBK0000340,TXN00006753,USR93690,MCH7199,,,-6262.28,merchant service issue,Suspicious high-value payment disputed by customer.,In Progress,,Low,App,,,0,
CBK0001772,TXN00010231,USR49951,MCH4775,,,,unauthorized_transaction,payment made to unknown merchant as per customer statement.,REJECTED,,MEDIUM,App,,,1,
CBK0002100,TXN00012645,USR65267,MCH1601,,,-1273.59,suspicious transaction,Customer says transaction was not authorized.,Closed,,Low,ivr,,,0,
CBK0001757,TXN00018643,USR46650,MCH2383,,,,not delivered,User reports money deducted but merchant denies receiving payment.,Open,,L,CHATBOT,,,0,
CBK0000314,TXN00017581,USR74438,MCH2757,,,,suspicious transaction,Customer says transaction was not authorized.,CLOSED,,Critical,chatbot,,,0,
CBK0002107,TXN00013202,USR27107,MCH9715,,,,ATO,Customer says amount was debited twice.,In Progress,,CRITICAL,ivr,,,0,
CBK0001444,TXN00003678,USR50434,MCH5076,,2026-01-04,8722.75,item not received,User claims account was compromised before transaction.,Closed,,High,CHATBOT,,,0,2026-01-04
CBK0001899,TXN00000835,USR11194,MCH1631,,2026-03-29,,dispute raised,Suspicious high-value payment disputed by customer.,Rejected,,P4,IVR,,,0,2026-03-29
CBK0001951,TXN00007053,USR17824,MCH8057,,,3545.44,amount mismatch,User claims account was compromised before transaction.,CLOSED,,H,Branch,,,0,
CBK0000193,TXN00011628,USR15884,MCH9002,,,,dispute raised,Customer complaint text unclear due to poor call center notes.,IN_PROGRESS,2026-01-30 11:20:14,CRITICAL,ivr,,,0,
CBK0001867,TXN00017191,USR13167,MCH3106,,,-13889.45,merchant service issue,CUSTOMER COMPLAINT TEXT UNCLEAR DUE TO POOR CALL CENTER NOTES.,Resolved,,Medium,Email,,,0,
CBK0001712,TXN00007450,USR20950,MCH4523,,,-1985.25,delivery issue,Merchant service was not delivered after payment.,PENDING_BANK,,HIGH,chatbot,,,0,
CBK0000165,TXN00013500,USR82240,MCH3046,,2026-03-09,-3214.54,charged twice,User reports money deducted but merchant denies receiving payment.,OPEN,,P4,IVR,,,0,2026-03-09
CBK0002719,TXN00016715,USR73639,MCH6051,2026-01-09,,1128.27,suspicious transaction,payment made to unknown merchant as per customer statement.,REJECTED,,Medium,ivr,,,0,
CBK0001706,TXN00012764,USR22644,MCH1401,,,9737.34,service failed,Complaint received after multiple failed attempts.,Closed,,P3,chatbot,,,0,
CBK0000945,TXN00003565,USR46365,MCH4473,,,1723.81,ATO,merchant service was not delivered after payment.,REJECTED,2026-04-08 03:51:15,P2,Branch,,,0,
CBK0001335,TXN00016756,USR44060,MCH7471,2026-03-14,,455.72,incorrect amount,Customer complaint text unclear due to poor call center notes.,REJECTED,,Medium,Call Center,,,0,
CBK0000852,TXN00010668,USR81745,MCH4420,,,1305.45,not done by me,Customer says amount was debited twice. NA,PENDING_BANK,,P3,App,,,0,
CBK0002796,TXN00001679,USR97772,MCH2029,,,-705.52,ATO,Complaint received after multiple failed attempts.,WIP,,M,IVR,,,0,
CBK0000318,TXN00001878,USR10693,MCH5303,2026-03-08,,,not delivered,Suspicious high-value payment disputed by customer.,IN_PROGRESS,,High,ivr,,,0,
CBK0001790,TXN00000533,USR46536,MCH5535,,,6055.78,fraud,CUSTOMER SAYS TRANSACTION WAS NOT AUTHORIZED.,OPEN,,MEDIUM,Email,,,1,
CBK0000283,TXN00017871,USR39576,MCH3354,,,,fraud,Payment made to unknown merchant as per cust statement.,Rejected,,HIGH,ivr,,,1,
CBK0001613,TXN00012902,USR20076,MCH8345,2026-02-18,2026-02-20,586.88,Merchant Not Delivered,Customer says transaction was not authorized.,PENDING_BANK,2026-03-21 05:15:27,LOW,Email,48.0,701.2575,0,2026-02-20
CBK0002598,TXN00012208,USR54794,MCH2336,2026-01-06,,5802.45,Fraud Suspected,Payment made to unknown merchant as per cust statement.,Closed,,Medium,Branch,,,1,
CBK0001754,TXN00006873,USR95486,MCH1520,,,,item not received,Customer says amount was debited twice. call dropped,REJECTED,,CRIT,Branch,,,0,
CBK0000642,TXN00009627,USR88037,MCH4516,2026-02-04,,10535.8,customer issue,Merchant service was not delivered after payment.,IN_PROGRESS,,L,Call Center,,,0,
CBK0000637,TXN00005214,USR91453,MCH6014,,,,delivery issue,Suspicious high-value payment disputed by customer.,IN_PROGRESS,,Medium,chatbot,,,0,
CBK0001718,TXN33788,USR58639,MCH2757,,,-664.74,Wrong Amount,User reports money deducted but merchant denies receiving payment.,OPEN,2026-01-26 16:14:30,LOW,Branch,,,0,
CBK0002437,TXN00007105,USR45914,MCH3247,,,,Wrong Amount,Payment made to unknown merchant as per customer statement. details missing,Pending Bank,,Medium,Call Center,,,0,
CBK0000245,TXN00010561,USR45218,MCH8515,,2026-02-06,,incorrect amount,Customer says amount was debited twice.,RESOLVED,,P4,CHATBOT,,,0,2026-02-06
CBK0001410,TXN00012186,USR14130,MCH6048,,,4466.44,scam,User says UPI PIN was not entered by them.,WIP,,L,ivr,,,0,
CBK0001558,TXN00018011,USR70587,MCH9995,,2026-02-12,550.29,amount mismatch,User claims account was compromised before transaction. NA,PENDING_BANK,,L,Email,,,0,2026-02-12
CBK0000610,TXN00014090,USR65211,MCH6850,,,848.3,Account Takeover,User says UPI PIN was not entered by them.,Open,,M,ivr,,,0,
CBK0002304,TXN00005004,USR24536,MCH6507,,,,Unauthorized Transaction,Customer says transaction was not authorized.,Resolved,,Medium,Branch,,,1,
CBK0000205,TXN00009947,USR49302,MCH7335,,,,UNAUTHORISED,Complaint received after multiple failed attempts.,WIP,,CRIT,App,,,1,
CBK0002199,TXN83913,USR69345,MCH1289,,,,charged twice,Payment made to unknown merchant as per customer statement.,PENDING_BANK,,P2,Branch,,,0,
CBK0000096,TXN00015289,USR24926,MCH9472,,,,service failed,Payment made to unknown merchant as per customer statement.,Closed,,Low,ivr,,,0,
CBK0001480,TXN00010969,40561,MCH9717,2026-02-17,,1918.05,merchant service issue,Customer says amount was debited twice. call dropped,Open,,LOW,Call Center,,,0,
CBK0001125,TXN00011934,USR25357,8928,,,,service failed,User claims account was compromised before transaction.,CLOSED,2026-03-06 11:31:18,P3,Call Center,,,0,
CBK0000842,TXN00002437,58147,MCH1299,,,,Fraud Suspected,Suspicious high-value payment disputed by customer.,PENDING_BANK,,HIGH,Call Center,,,1,
CBK0002364,TXN00001342,USR61151,MCH5245,,,,incorrect amount,Customer complaint text unclear due to poor call center notes.,IN_PROGRESS,,HIGH,ivr,,,0,
CBK0000474,TXN00009795,USR24690,MCH8976,,,,double debit,Suspicious high-value payment disputed by customer.,RESOLVED,,P4,IVR,,,0,
CBK0001677,TXN00005417,USR53957,MCH2848,,,,delivery issue,Payment made to unknown merchant as per customer statement.,Closed,,Medium,App,,,0,
CBK0002352,TXN00009981,USR92382,MCH2075,,2026-03-12,1850.41,FRAUD,Customer says transaction was not authorized.,CLOSED,,H,Call Center,,,1,2026-03-12
CBK0000055,TXN00017357,USR15485,MCH3992,,,,complaint,User claims account was compromised before txn.,IN_PROGRESS,,P1,chatbot,,,0,
CBK0002441,TXN00007492,USR71182,MCH9948,,2026-03-12,1969.45,Duplicate Debit,Customer says transaction was not authorized.,OPEN,,P4,chatbot,,,0,2026-03-12
CBK0001193,TXN00014849,USR27328,MCH4912,,,,double debit,merchant service was not delivered after payment.,REJECTED,2026-02-09 00:04:06,P2,Branch,,,0,
CBK0002705,TXN00005717,USR91772,MCH2757,,,2449.38,Wrong Amount,Customer complaint text unclear due to poor call center notes.,PENDING_BANK,,P4,IVR,,,0,
CBK0001851,TXN00006293,USR95875,MCH2065,,,,delivery issue,Merchant service was not delivered after payment.,Pending Bank,,P3,IVR,,,0,
CBK0002384,TXN00005874,USR26867,MCH5264,,,,DUP_DEBIT,User says UPI PIN was not entered by them.,Resolved,,MEDIUM,Email,,,0,
CBK0001729,TXN00002228,USR56148,MCH6141,,,,Wrong Amount,User claims account was compromised before transaction.,Pending Bank,,H,chatbot,,,0,
CBK0001485,TXN00000921,USR25087,MCH2266,,2026-03-08,,service failed,user claims account was compromised before transaction.,CLOSED,,Low,Email,,,0,2026-03-08
CBK0002550,TXN00001381,USR44152,MCH1993,,2026-03-09,,incorrect amount,User claims account was compromised before transaction.,IN_PROGRESS,,P4,ivr,,,0,2026-03-09
CBK0001475,TXN00017932,USR30591,MCH4204,,,,no service,Suspicious high-value payment disputed by customer. details missing,OPEN,,P1,Branch,,,0,
CBK0000033,TXN00009708,USR97772,MCH5076,,,3007.22,amount mismatch,merchant service was not delivered after payment.,Rejected,,High,ivr,,,0,
CBK0001804,TXN00008462,USR37261,MCH2030,,,-884.33,Unauthorized Transaction,Customer says amount was debited twice.,Rejected,2026-03-11 01:34:51,LOW,Email,,,1,
CBK0000724,TXN00001310,USR27947,MCH2065,,,,unauth txn,Merchant service was not delivered after payment.,Open,,L,Branch,,,0,
CBK0002240,TXN00000019,USR40246,MCH4062,,,377.11,suspicious transaction,Customer says amount was debited twice.,In Progress,2026-03-08 01:49:15,High,chatbot,,,0,
CBK0001379,TXN00010182,USR52335,MCH5954,,2026-04-02,,ATO,User says UPI PIN was not entered by them.,CLOSED,,LOW,Branch,,,0,2026-04-02
CBK0000668,TXN00011231,USR61576,7063,,2026-03-15,4533.6,not done by me,User reports money deducted but merchant denies receiving payment. details missing,PENDING_BANK,,M,IVR,,,0,2026-03-15
CBK0000799,TXN00012446,USR75853,2771,,,,unauthorized_transaction,Customer says transaction was not authorized.,Rejected,,M,ivr,,,1,
CBK0000762,TXN00003810,USR65062,MCH5911,,,,Merchant Not Delivered,User reports money deducted but merchant denies receiving payment.,IN_PROGRESS,,Medium,IVR,,,0,
CBK0002241,TXN00009947,USR75572,MCH3262,,2026-01-03,,Account Takeover,Merchant service was not delivered after payment. pls check asap,Open,,High,Branch,,,0,2026-01-03
CBK0000120,TXN00005470,USR35882,MCH5805,,,,complaint,COMPLAINT RECEIVED AFTER MULTIPLE FAILED ATTEMPTS.,OPEN,,M,chatbot,,,0,
CBK0001486,TXN00012555,USR32962,MCH5076,,,2740.59,customer issue,USER SAYS UPI PIN WAS NOT ENTERED BY THEM.,Pending Bank,,Low,IVR,,,0,
CBK0000278,TXN00018188,USR33934,MCH1639,,,609.57,customer issue,Payment made to unknown merchant as per customer statement.,In Progress,,P1,Branch,,,0,
CBK0001433,TXN00011103,USR93242,MCH9047,,,,double debit,Suspicious high-value payment disputed by cust.,Resolved,,P4,Branch,,,0,
CBK0000423,TXN00012405,USR33721,MCH8247,,,,charged twice,User claims account was compromised before transaction.,Rejected,,Medium,Branch,,,0,
CBK0001435,TXN00004594,USR40538,MCH1070,2026-01-16,,262.38,fraud,MERCHANT SERVICE WAS NOT DELIVERED AFTER PAYMENT.,WIP,,P4,IVR,,,1,
CBK0001616,TXN00009207,USR49823,MCH8953,,,,Wrong Amount,Suspicious high-value payment disputed by customer.,Open,,HIGH,chatbot,,,0,
CBK0001552,TXN00014793,USR10598,MCH1855,,,,item not received,USER CLAIMS ACCOUNT WAS COMPROMISED BEFORE TRANSACTION.,IN_PROGRESS,,P2,chatbot,,,0,
CBK0002116,TXN00018024,USR18423,MCH9655,,,,Merchant Not Delivered,user says upi pin was not entered by them.,CLOSED,,MEDIUM,chatbot,,,0,
CBK0001293,TXN00010530,USR99535,MCH4181,,,7652.76,DUP_DEBIT,User claims account was compromised before transaction.,Pending Bank,,P2,App,,,0,
CBK0000110,TXN00005150,USR19275,MCH7578,,,,account hacked,Customer complaint text unclear due to poor call center notes.,Rejected,,MEDIUM,Call Center,,,0,
CBK0000851,TXN00015265,USR52830,MCH1188,,,,scam,User says UPI PIN was not entered by them.,CLOSED,,M,IVR,,,0,
CBK0000664,TXN00014659,USR74769,MCH9010,,,1093.6,Unauthorized Transaction,suspicious high-value payment disputed by customer.,Open,,CRIT,App,,,1,
CBK0000737,TXN00008826,85122,MCH9786,,2026-01-24,1347.43,login compromised,Complaint received after multiple failed attempts.,Open,,Low,Email,,,0,2026-01-24
CBK0001284,TXN00000281,USR46321,MCH9422,2026-01-10,,-1426.33,item not received,User claims account was compromised before transaction.,REJECTED,,HIGH,Call Center,,,0,
CBK0002010,TXN00008590,USR58106,MCH9878,,,,incorrect amount,User claims account was compromised before transaction.,OPEN,,M,Email,,,0,
CBK0002245,,USR77262,MCH9007,,,,double debit,Payment made to unknown merchant as per cust statement.,In Progress,,M,chatbot,,,0,
CBK0002235,TXN00009348,USR81487,MCH6056,,,2309.36,double debit,CUSTOMER SAYS AMOUNT WAS DEBITED TWICE.,In Progress,,Low,CHATBOT,,,0,
CBK0001762,TXN00011289,USR14871,MCH4080,2026-02-19,,1035.0,item not received,User reports money deducted but merchant denies receiving payment.,WIP,2026-03-22 04:25:49,High,Branch,,,0,
CBK0001604,TXN00019626,USR38245,MCH7973,,,,fraud,Suspicious high-value payment disputed by customer.,REJECTED,,MEDIUM,Email,,,1,
CBK0002182,TXN00015499,USR22939,MCH5631,,,1792.1,delivery issue,Customer says transaction was not authorized.,In Progress,,LOW,IVR,,,0,
CBK0000904,,USR46902,MCH9120,,,,Wrong Amount,Suspicious high-value payment disputed by customer.,IN_PROGRESS,,L,CHATBOT,,,0,
CBK0002381,TXN00011829,USR54103,MCH7837,,2026-01-19,,suspicious transaction,Customer says transaction was not authorized.,Open,,High,Call Center,,,0,2026-01-19
CBK0000835,TXN00016557,USR82094,MCH3363,2026-03-20,,,account hacked,User claims account was compromised before transaction. pls check asap,Pending Bank,,P3,Call Center,,,0,
CBK0000403,TXN00014814,USR43455,MCH2055,,,7081.78,charged twice,Payment made to unknown merchant as per customer statement.,IN_PROGRESS,,Low,Call Center,,,0,
CBK0000426,TXN00001222,USR40061,MCH7377,2026-01-13,,10359.87,service failed,User reports money deducted but merchant denies receiving payment.,Open,,P3,Email,,,0,
CBK0002539,TXN00001614,USR85040,MCH7599,,,,merchant service issue,customer says amount was debited twice.,Pending Bank,,Low,ivr,,,0,
CBK0000672,TXN94670,USR23466,MCH2383,,,,charged twice,MERCHANT SERVICE WAS NOT DELIVERED AFTER PAYMENT.,WIP,,L,Email,,,0,
CBK0000170,TXN00016286,USR62841,MCH6175,,,800.41,unauthorized_transaction,customer says transaction was not authorized.,WIP,,Medium,ivr,,,1,
CBK0000632,TXN00016316,USR44482,MCH7297,,,,dispute raised,User says UPI PIN was not entered by them.,RESOLVED,,Low,Call Center,,,0,
CBK0002133,TXN00010760,USR68349,MCH2383,,,1471.98,complaint,Customer complaint text unclear due to poor call center notes.,WIP,,M,Branch,,,0,
CBK0001183,TXN00017897,USR88749,MCH7263,2026-01-25,,,dispute raised,Customer complaint text unclear due to poor call center notes.,Resolved,,MEDIUM,Branch,,,0,
CBK0000342,TXN00004782,USR30157,MCH5825,,,779.81,customer issue,Customer complaint text unclear due to poor call center notes.,Rejected,,MEDIUM,Call Center,,,0,
CBK0001451,TXN00003075,USR13134,MCH6033,,2026-02-03,,extra amount deducted,User claims account was compromised before transaction.,OPEN,,LOW,Email,,,0,2026-02-03
CBK0002072,TXN00004967,USR42423,MCH8097,,,-952.74,charged twice,Suspicious high-value payment disputed by customer.,RESOLVED,,LOW,Call Center,,,0,
CBK0002486,TXN00007604,USR66432,MCH6076,,,440.35,delivery issue,Merchant service was not delivered after payment.,Open,2026-03-22 18:40:38,Medium,CHATBOT,,,0,
CBK0001104,TXN00007230,USR60004,MCH8097,,,,scam,Suspicious high-value payment disputed by customer.,Resolved,,CRITICAL,App,,,0,
CBK0000824,TXN78658,USR57147,MCH4226,2026-02-18,,2283.69,extra amount deducted,User says UPI PIN was not entered by them.,Closed,,Critical,IVR,,,0,
CBK0000049,TXN00009231,USR41135,MCH3165,2026-03-11,,,scam,Customer complaint text unclear due to poor call center notes.,WIP,,Low,Branch,,,0,
CBK0000576,TXN00019045,USR84127,MCH4763,,,4841.06,unauthorized_transaction,customer complaint text unclear due to poor call center notes.,PENDING_BANK,,Medium,Branch,,,1,
CBK0001936,TXN00016714,USR63167,MCH9457,,,,complaint,suspicious high-value payment disputed by customer.,Pending Bank,,P3,IVR,,,0,
CBK0000103,TXN00008797,USR69455,MCH2902,,,,account hacked,User says UPI PIN was not entered by them.,Pending Bank,,Medium,IVR,,,0,
CBK0001724,TXN00001257,USR18577,MCH5237,,,,Fraud Suspected,customer says transaction was not authorized.,Closed,,L,ivr,,,1,
CBK0000243,TXN00006922,USR46902,MCH2461,2026-02-13,,-1272.25,suspicious transaction,User claims account was compromised before transaction.,Closed,,P4,App,,,0,
CBK0000515,TXN00005131,USR30157,MCH8694,,,9968.68,customer issue,Payment made to unknown merchant as per customer statement.,Open,,Medium,CHATBOT,,,0,
CBK0002691,TXN00002791,USR22598,MCH2822,,,,service failed,Customer says transaction was not authorized.,Open,2026-02-23 20:56:14,CRIT,IVR,,,0,
CBK0001254,TXN00015085,USR72505,MCH4244,,,3569.92,charged twice,COMPLAINT RECEIVED AFTER MULTIPLE FAILED ATTEMPTS.,Open,,LOW,Branch,,,0,
CBK0002569,TXN00012026,USR10288,MCH8779,2026-01-12,,,Account Takeover,Payment made to unknown merchant as per customer statement.,REJECTED,,P4,App,,,0,
CBK0000912,TXN00017717,USR72474,MCH8508,,,24414.54,suspicious transaction,Complaint received after multiple failed attempts.,Open,,Low,Email,,,0,
CBK0000379,TXN00005013,USR11871,MCH1785,,,1946.17,Wrong Amount,User claims account was compromised before transaction.,OPEN,,L,App,,,0,
CBK0000529,TXN00016687,USR79572,MCH6500,,,15660.34,Merchant Not Delivered,User reports money deducted but merchant denies receiving payment.,CLOSED,,P3,ivr,,,0,
CBK0001805,TXN00007244,USR76141,MCH3777,,,3040.89,Account Takeover,User claims account was compromised before transaction.,IN_PROGRESS,,H,CHATBOT,,,0,
CBK0000881,TXN00009647,USR95891,MCH5076,,,,merchant service issue,User reports money deducted but merchant denies receiving payment.,In Progress,,Medium,ivr,,,0,
CBK0001009,TXN00016326,USR34963,MCH9568,2026-03-13,,905.23,incorrect amount,user claims account was compromised before transaction.,IN_PROGRESS,,P4,CHATBOT,,,0,
CBK0002707,TXN00010218,USR11076,MCH7833,,,,delivery issue,user reports money deducted but merchant denies receiving payment.,Closed,,MEDIUM,Branch,,,0,
CBK0001445,TXN00003088,USR27045,MCH4407,,,,Fraud Suspected,User says UPI PIN was not entered by them.,OPEN,,M,App,,,1,
CBK0001702,TXN00003610,USR66677,MCH8953,2026-01-30,2026-02-03,,DUP_DEBIT,MERCHANT SERVICE WAS NOT DELIVERED AFTER PAYMENT.,Closed,,P4,IVR,96.0,,0,2026-02-03
CBK0002518,TXN00001703,USR36969,MCH3491,2026-03-13,,,not delivered,User reports money deducted but merchant denies receiving payment.,WIP,,Medium,Email,,,0,
CBK0001694,TXN51122,USR46938,MCH9841,2026-03-02,,,Wrong Amount,Customer says amount was debited twice.,REJECTED,,Low,Email,,,0,
CBK0000043,TXN00015200,USR15181,MCH4051,,,,incorrect amount,complaint received after multiple failed attempts.,Resolved,,L,ivr,,,0,
CBK0002493,TXN00014670,USR79511,MCH9179,2026-03-13,2026-03-19,1969.23,unauth txn,Merchant service was not delivered after payment.,In Progress,,M,IVR,144.0,,0,2026-03-19
CBK0002402,TXN00015883,USR71704,MCH9745,2026-01-08,2026-01-19,2183.47,no service,Suspicious high-value payment disputed by customer.,CLOSED,,P3,Call Center,264.0,,0,2026-01-19
CBK0000530,TXN00013623,USR83977,7491,,,5881.5,Duplicate Debit,Customer complaint text unclear due to poor call center notes.,Rejected,,H,CHATBOT,,,0,
CBK0001362,TXN00003264,USR32927,MCH3566,,,,not delivered,User says UPI PIN was not entered by them.,IN_PROGRESS,,High,Email,,,0,
CBK0000844,TXN00012434,USR60718,MCH5451,,,,merchant service issue,Customer says transaction was not authorized.,REJECTED,,M,chatbot,,,0,
CBK0000560,,USR33142,MCH4991,,,3235.8,account hacked,Payment made to unknown merchant as per customer statement.,RESOLVED,,High,CHATBOT,,,0,
CBK0001906,TXN00005849,USR68355,MCH6716,,,-2213.96,Duplicate Debit,customer says amount was debited twice.,RESOLVED,,P3,Call Center,,,0,
CBK0001073,TXN00004089,USR33934,MCH1529,,,493.48,dispute raised,Merchant service was not delivered after payment.,RESOLVED,,LOW,Call Center,,,0,
CBK0000917,TXN00010215,USR71348,MCH2938,,,,delivery issue,User says UPI PIN was not entered by them.,PENDING_BANK,,P3,chatbot,,,0,
CBK0001579,TXN00013935,USR67399,MCH5294,,,1513.85,incorrect amount,User reports money deducted but merchant denies receiving payment.,PENDING_BANK,,L,App,,,0,
CBK0001324,TXN00002901,USR43702,MCH2167,,,,FRAUD,Suspicious high-value payment disputed by customer.,Open,,P3,CHATBOT,,,1,
CBK0001788,TXN00016160,USR74134,MCH4181,2026-01-25,,,DUP_DEBIT,User says UPI PIN was not entered by them.,CLOSED,,MEDIUM,ivr,,,0,
CBK0000717,TXN00011204,USR82688,MCH4181,,,,item not received,Customer says transaction was not authorized.,Rejected,,High,App,,,0,
CBK0002271,TXN00012860,USR27755,MCH6850,,,,account hacked,User reports money deducted but merchant denies receiving payment.,Pending Bank,,P4,App,,,0,
CBK0002524,TXN00010461,USR72734,MCH2390,,,,extra amount deducted,Suspicious high-value payment disputed by customer.,Open,,LOW,IVR,,,0,
CBK0000268,TXN00000069,16371,MCH5588,,,985.19,extra amount deducted,Merchant service was not delivered after payment.,PENDING_BANK,,CRIT,Email,,,0,
CBK0000025,TXN00018011,USR73468,MCH3488,,,376.33,Customer Dispute,COMPLAINT RECEIVED AFTER MULTIPLE FAILED ATTEMPTS.,Rejected,,HIGH,ivr,,,0,
CBK0002252,TXN00018705,USR30837,MCH4857,,,325.69,dispute raised,Customer says amount was debited twice.,PENDING_BANK,,L,Email,,,0,
CBK0001230,TXN00015088,USR49696,MCH6914,,,590.13,item not received,user reports money deducted but merchant denies receiving payment.,RESOLVED,,Low,Call Center,,,0,
CBK0000725,TXN00001816,77595,MCH4624,,,506.82,fraud,Customer says transaction was not authorized.,Resolved,,H,CHATBOT,,,1,
CBK0000871,TXN00014130,USR50013,MCH3815,,,,suspicious transaction,Customer says transaction was not authorized.,Pending Bank,,M,chatbot,,,0,
CBK0001638,TXN00016806,USR90476,MCH2266,,,754.9,no service,Suspicious high-value payment disputed by customer.,CLOSED,,P3,Call Center,,,0,
CBK0001862,TXN00015119,USR29393,MCH2677,2026-01-29,,,not delivered,Customer says transaction was not authorized.,Rejected,,Low,chatbot,,,0,
CBK0000953,TXN00011579,USR13025,MCH7570,,,,merchant service issue,User claims account was compromised before transaction.,CLOSED,,Critical,chatbot,,,0,
CBK0001597,TXN00014374,USR80134,MCH4854,,,,unauth txn,Complaint received after multiple failed attempts.,RESOLVED,,P4,Branch,,,0,
CBK0000870,TXN00013994,USR44954,MCH7833,,2026-02-11,522.4,DUP_DEBIT,User says UPI PIN was not entered by them.,REJECTED,2026-02-25 02:46:35,M,ivr,,338.7763888888889,0,2026-02-11
CBK0000954,TXN00009961,USR59679,MCH7079,,,983.39,Customer Dispute,Merchant service was not delivered after payment.,Pending Bank,,P4,IVR,,,0,
CBK0001048,TXN00006989,USR32480,MCH4181,,2026-04-02,,FRAUD,Suspicious high-value payment disputed by customer.,PENDING_BANK,,M,ivr,,,1,2026-04-02
CBK0001910,TXN00015728,USR83310,MCH3536,,2026-01-28,791.9,Fraud Suspected,Customer complaint text unclear due to poor call center notes.,Rejected,,P4,Email,,,1,2026-01-28
CBK0000098,TXN00003777,USR36855,MCH7866,,,177.16,item not received,Customer complaint text unclear due to poor call center notes.,PENDING_BANK,,Medium,App,,,0,
CBK0002471,TXN00004346,67181,MCH1914,,,,fraud,Suspicious high-value payment disputed by customer.,Rejected,,P4,Call Center,,,1,
CBK0002636,TXN00019539,USR51854,MCH1037,,,671.14,dispute raised,Complaint received after multiple failed attempts.,PENDING_BANK,,L,Branch,,,0,
CBK0001913,TXN00010478,USR46902,MCH9912,2026-03-16,,2872.74,account hacked,suspicious high-value payment disputed by customer.,In Progress,,MEDIUM,Email,,,0,
CBK0001514,TXN00017992,USR36766,MCH3815,2026-02-12,,,incorrect amount,Customer says amount was debited twice.,REJECTED,,Low,CHATBOT,,,0,
CBK0000255,TXN00008054,USR91954,MCH2417,,,472.22,Duplicate Debit,suspicious high-value payment disputed by customer.,Rejected,,P2,Branch,,,0,
CBK0000802,TXN00019956,USR41434,MCH1767,,,,no service,User claims account was compromised before transaction.,Pending Bank,,L,ivr,,,0,
CBK0001917,TXN00019782,USR15741,MCH5222,,2026-01-28,2150.18,delivery issue,Customer says amount was debited twice.,Rejected,2026-02-19 00:43:29,P2,ivr,,528.7247222222222,0,2026-01-28
CBK0002006,TXN00008821,USR51720,MCH8701,,2026-03-24,,Fraud Suspected,complaint received after multiple failed attempts.,WIP,,Low,Branch,,,1,2026-03-24
CBK0002151,TXN00009818,97580,MCH2800,,,2614.31,not done by me,User claims account was compromised before transaction. NA,WIP,,P3,chatbot,,,0,
CBK0002043,TXN00009451,USR14683,MCH5344,,,,Customer Dispute,CUSTOMER SAYS TRANSACTION WAS NOT AUTHORIZED.,PENDING_BANK,,Medium,CHATBOT,,,0,
CBK0001861,TXN00008377,USR29849,MCH5427,,,,Unauthorized Transaction,Payment made to unknown merchant as per customer statement.,IN_PROGRESS,,MEDIUM,IVR,,,1,
CBK0002295,TXN00011080,USR86500,MCH1485,,,3444.75,no service,Merchant service was not delivered after payment.,RESOLVED,,MEDIUM,chatbot,,,0,
CBK0001901,TXN00014122,USR98061,MCH7055,,,,customer issue,CUSTOMER SAYS TRANSACTION WAS NOT AUTHORIZED.,Resolved,2026-04-11 16:03:17,MEDIUM,Call Center,,,0,
CBK0000699,TXN35789,USR17657,MCH1670,,,1813.99,double debit,Suspicious high-value payment disputed by customer.,RESOLVED,,Low,chatbot,,,0,
CBK0000405,TXN00010731,USR66391,MCH4181,,,,scam,User reports money deducted but merchant denies receiving payment.,Resolved,,LOW,CHATBOT,,,0,
CBK0001374,TXN85698,USR29467,MCH4473,,,551.1,dispute raised,complaint received after multiple failed attempts.,Pending Bank,,High,IVR,,,0,
CBK0000143,TXN59408,USR34207,MCH9423,2026-03-20,,,not done by me,Suspicious high-value payment disputed by cust.,Pending Bank,,HIGH,App,,,0,
CBK0002488,TXN00002926,USR83342,MCH8398,,,407.36,Account Takeover,Payment made to unknown merchant as per customer statement.,Closed,,Critical,Branch,,,0,
CBK0002319,TXN00011383,USR79596,MCH3966,,,1933.11,extra amount deducted,USER REPORTS MONEY DEDUCTED BUT MERCHANT DENIES RECEIVING PAYMENT.,Closed,2026-04-13 09:22:44,P3,Branch,,,0,
CBK0002720,TXN00010672,USR87829,MCH9344,,2026-02-14,,item not received,Customer complaint text unclear due to poor call center notes.,CLOSED,,M,chatbot,,,0,2026-02-14
CBK0000144,TXN00006125,USR91671,MCH4943,,,,no service,Merchant service was not delivered after payment. pls check asap,CLOSED,,High,chatbot,,,0,
CBK0002039,TXN00005346,USR68277,MCH2065,,,-5067.95,not done by me,Complaint received after multiple failed attempts.,IN_PROGRESS,,P3,CHATBOT,,,0,
CBK0002476,TXN56546,USR63172,MCH4667,,,,extra amount deducted,User says UPI PIN was not entered by them.,In Progress,,M,ivr,,,0,
CBK0000649,TXN00019659,USR74992,MCH8779,,,2545.52,no service,Payment made to unknown merchant as per cust statement.,CLOSED,,MEDIUM,IVR,,,0,
CBK0001419,TXN00003304,USR91108,MCH2574,,2026-01-11,,login compromised,Payment made to unknown merchant as per cust statement.,Closed,,Medium,Branch,,,0,2026-01-11
CBK0000680,TXN00006440,USR32302,MCH2383,,,,amount mismatch,Payment made to unknown merchant as per customer statement.,OPEN,,Low,App,,,0,
CBK0001400,TXN00013909,USR85655,MCH5170,,,836.05,ATO,Merchant service was not delivered after payment.,Rejected,,P1,Call Center,,,0,
CBK0002631,TXN00010422,USR63280,MCH9480,,2026-03-16,2144.03,FRAUD,Payment made to unknown merchant as per customer statement.,Rejected,,Medium,ivr,,,1,2026-03-16
CBK0000134,TXN00007757,USR87362,MCH3332,,,-2328.13,Merchant Not Delivered,Suspicious high-value payment disputed by customer.,OPEN,2026-04-15 22:34:56,HIGH,Branch,,,0,
CBK0002742,TXN00015781,USR70003,MCH5954,,2026-02-20,,Account Takeover,User says UPI PIN was not entered by them.,WIP,,Medium,App,,,0,2026-02-20
CBK0001184,TXN00010902,USR62254,MCH4226,2026-03-03,,,dispute raised,Complaint received after multiple failed attempts.,REJECTED,,MEDIUM,App,,,0,
CBK0002704,TXN00013438,USR19231,MCH9625,,,532.41,ATO,Customer complaint text unclear due to poor call center notes.,Closed,,MEDIUM,CHATBOT,,,0,
CBK0001780,TXN00012392,USR78095,MCH8798,,2026-03-22,,scam,Customer says amount was debited twice.,In Progress,,MEDIUM,Email,,,0,2026-03-22
CBK0001081,TXN00019947,USR35882,MCH7833,,,,UNAUTHORISED,Customer says transaction was not authorized.,WIP,,M,Email,,,1,
CBK0001043,TXN00017300,USR36485,MCH4326,,,2554.87,Duplicate Debit,User says UPI PIN was not entered by them.,Pending Bank,,HIGH,Branch,,,0,
CBK0001417,TXN00014359,USR93454,6178,,2026-03-02,,Account Takeover,Payment made to unknown merchant as per customer statement.,Closed,,Low,chatbot,,,0,2026-03-02
CBK0001565,TXN00019006,USR76917,MCH2053,,2026-03-17,,merchant service issue,customer says transaction was not authorized.,REJECTED,,MEDIUM,IVR,,,0,2026-03-17
CBK0000830,TXN00007939,USR55355,MCH2375,,,976.66,not delivered,Customer says amount was debited twice.,Open,,MEDIUM,Branch,,,0,
CBK0002595,TXN00006136,USR28582,MCH5118,,,,not delivered,Merchant service was not delivered after payment.,WIP,,L,ivr,,,0,
CBK0000253,TXN00009329,USR58076,MCH4388,,,648.33,DUP_DEBIT,payment made to unknown merchant as per customer statement.,Closed,,CRIT,App,,,0,
CBK0001279,TXN42287,USR83181,MCH2757,2026-02-24,,,not done by me,User reports money deducted but merchant denies receiving payment.,REJECTED,,M,App,,,0,
CBK0001955,TXN00018686,USR46407,MCH5510,,,530.01,unauthorized_transaction,Customer says transaction was not authorized.,PENDING_BANK,,M,chatbot,,,1,
CBK0000119,TXN79001,USR68410,1820,,2026-03-15,,Service Not Provided,User reports money deducted but merchant denies receiving payment.,Resolved,,P4,CHATBOT,,,0,2026-03-15
CBK0002049,TXN47225,USR73797,MCH2065,,,,incorrect amount,User says UPI PIN was not entered by them.,WIP,,P4,chatbot,,,0,
CBK0001489,TXN00014835,USR25333,MCH5151,2026-02-25,,2565.94,unauthorized_transaction,Customer says amount was debited twice.,Pending Bank,,M,IVR,,,1,
CBK0002698,TXN00019768,USR65106,MCH2472,2026-03-29,,537.48,UNAUTHORISED,User claims account was compromised before transaction.,Resolved,,H,Branch,,,1,
CBK0002529,TXN00012156,USR45756,MCH6446,2026-02-04,,-1477.28,customer issue,Complaint received after multiple failed attempts.,REJECTED,,M,CHATBOT,,,0,
CBK0001652,TXN00018423,USR89267,MCH7879,,,,merchant service issue,User reports money deducted but merchant denies receiving payment.,IN_PROGRESS,,H,IVR,,,0,
CBK0001924,TXN00005199,USR42019,MCH3162,,,2351.11,unauthorized_transaction,payment made to unknown merchant as per customer statement.,Resolved,,Low,ivr,,,1,
CBK0001178,TXN00014094,USR27804,MCH3932,,,-2999.91,incorrect amount,merchant service was not delivered after payment.,OPEN,2026-03-20 12:30:01,M,CHATBOT,,,0,
CBK0002203,TXN00005966,USR98685,MCH9257,,,,ATO,Customer says transaction was not authorized. details missing,RESOLVED,,MEDIUM,Email,,,0,
CBK0001473,TXN00001160,USR20984,MCH6953,,,2273.54,charged twice,customer complaint text unclear due to poor call center notes.,PENDING_BANK,,P4,Email,,,0,
CBK0001769,TXN00001679,USR43379,MCH9176,,,,customer issue,Suspicious high-value payment disputed by customer.,RESOLVED,,Medium,CHATBOT,,,0,
CBK0001563,TXN00004035,USR38725,MCH4473,,,,charged twice,User claims account was compromised before transaction.,Closed,,M,IVR,,,0,
CBK0000763,TXN00005691,USR98061,MCH6850,,,,extra amount deducted,Suspicious high-value payment disputed by customer.,Pending Bank,,High,Email,,,0,
CBK0001306,TXN00000143,USR63816,MCH4399,,,,extra amount deducted,User says UPI PIN was not entered by them.,PENDING_BANK,,Medium,Call Center,,,0,
CBK0002421,TXN00008235,USR71538,MCH4564,,,,Customer Dispute,Customer complaint text unclear due to poor call center notes. call dropped,REJECTED,,P3,Branch,,,0,
CBK0001918,TXN00006549,USR90740,MCH2943,,,,complaint,User says UPI PIN was not entered by them.,REJECTED,,L,IVR,,,0,
CBK0001928,TXN00018064,USR85507,MCH2857,,,,complaint,Customer says transaction was not authorized.,RESOLVED,,P3,Email,,,0,
CBK0001721,TXN00013741,USR65211,MCH5954,2026-02-08,,1756.23,Merchant Not Delivered,Complaint received after multiple failed attempts.,Closed,,High,Branch,,,0,
CBK0001619,TXN00007989,USR21845,MCH1998,,,1245.09,amount mismatch,Customer complaint text unclear due to poor call center notes.,Closed,,Medium,CHATBOT,,,0,
CBK0000139,TXN34566,USR29306,MCH4355,,,,DUP_DEBIT,User says UPI PIN was not entered by them.,REJECTED,,L,ivr,,,0,
CBK0001893,TXN00018872,USR67363,MCH2594,2026-01-31,,,unauth txn,User reports money deducted but merchant denies receiving payment.,REJECTED,,P3,IVR,,,0,
CBK0001686,TXN00003833,21384,MCH4729,,2026-03-22,,Customer Dispute,Customer says transaction was not authorized.,Open,,Medium,ivr,,,0,2026-03-22
CBK0000868,TXN00017012,USR26098,MCH2383,,,990.42,service failed,customer says amount was debited twice.,RESOLVED,,Medium,ivr,,,0,
CBK0002309,TXN00012387,USR18453,MCH5452,,,-2462.0,DUP_DEBIT,Customer complaint text unclear due to poor call center notes. NA,Rejected,,Medium,CHATBOT,,,0,
CBK0000116,TXN00008116,USR77356,MCH8789,,,841.93,UNAUTHORISED,Suspicious high-value payment disputed by customer.,CLOSED,,Low,IVR,,,1,
CBK0000093,TXN00009196,USR28608,MCH7127,,,,Service Not Provided,Suspicious high-value payment disputed by customer.,Pending Bank,,MEDIUM,Email,,,0,
CBK0000064,TXN00019898,USR48525,MCH5257,,,,amount mismatch,Suspicious high-value payment disputed by customer.,CLOSED,2026-04-03 20:30:01,MEDIUM,Email,,,0,
CBK0002119,TXN00005222,USR53942,MCH6399,,,,Account Takeover,COMPLAINT RECEIVED AFTER MULTIPLE FAILED ATTEMPTS.,Rejected,,P4,IVR,,,0,
CBK0002412,TXN00003020,USR96958,MCH8779,,,2521.22,DUP_DEBIT,User claims account was compromised before transaction.,CLOSED,2026-03-18 20:13:34,LOW,Email,,,0,
CBK0000149,TXN00015300,USR25559,MCH8125,,,,account hacked,Merchant service was not delivered after payment.,In Progress,,Medium,App,,,0,
CBK0002702,TXN00010278,USR59665,MCH8977,,,-1779.15,Unauthorized Transaction,COMPLAINT RECEIVED AFTER MULTIPLE FAILED ATTEMPTS.,CLOSED,,High,IVR,,,1,
CBK0002747,TXN00010095,USR18347,MCH9442,2026-03-24,,,Duplicate Debit,Merchant service was not delivered after payment.,Resolved,,Low,Email,,,0,
CBK0002394,TXN00001169,USR60198,MCH6518,2026-02-27,2026-03-03,10453.78,extra amount deducted,Customer says transaction was not authorized.,WIP,,M,CHATBOT,96.0,,0,2026-03-03
CBK0001574,TXN00019043,USR90528,MCH6885,,,,FRAUD,user reports money deducted but merchant denies receiving payment.,PENDING_BANK,,H,Branch,,,1,
CBK0002307,TXN36574,USR15565,MCH4590,,,,Fraud Suspected,USER REPORTS MONEY DEDUCTED BUT MERCHANT DENIES RECEIVING PAYMENT.,Resolved,,P3,Call Center,,,1,
CBK0000816,TXN00014266,USR92332,MCH2146,,,,Customer Dispute,Customer complaint text unclear due to poor call center notes. details missing,Pending Bank,,Medium,Branch,,,0,
CBK0001321,TXN00019939,USR87558,MCH3588,2026-02-19,,,Merchant Not Delivered,User claims account was compromised before transaction. call dropped,RESOLVED,,P3,Email,,,0,
CBK0000821,TXN00001860,USR54089,MCH8467,,,,ATO,User reports money deducted but merchant denies receiving payment.,Open,,L,IVR,,,0,
CBK0002326,TXN00005168,USR42079,MCH6628,,,5074.67,FRAUD,Customer complaint text unclear due to poor call center notes.,Resolved,,HIGH,Call Center,,,1,
CBK0002415,TXN00007375,USR25624,MCH3252,,,,complaint,Payment made to unknown merchant as per customer statement.,Resolved,,High,Call Center,,,0,
CBK0001513,TXN00000653,USR70889,MCH8076,,2026-03-19,,not delivered,Customer says transaction was not authorized.,Pending Bank,,P4,App,,,0,2026-03-19
CBK0002048,TXN00015397,USR65030,MCH4270,,,460.42,Account Takeover,User reports money deducted but merchant denies receiving payment. call dropped,Rejected,,CRITICAL,Branch,,,0,
CBK0002293,TXN00004932,USR18205,MCH1981,,,,Fraud Suspected,User reports money deducted but merchant denies receiving payment.,REJECTED,,LOW,Branch,,,1,
CBK0000520,TXN00002770,USR60151,MCH8249,,,-908.2,incorrect amount,Customer says amount was debited twice.,WIP,,L,chatbot,,,0,
CBK0001708,TXN00009350,USR60818,MCH2906,,,,amount mismatch,Customer says transaction was not authorized.,RESOLVED,,P3,Call Center,,,0,
CBK0001097,,USR34204,MCH5980,,,2968.29,amount mismatch,Merchant service was not delivered after payment.,Rejected,,P3,IVR,,,0,
CBK0000477,TXN00001582,USR30157,MCH7030,,,6740.29,account hacked,User says UPI PIN was not entered by them.,CLOSED,,MEDIUM,ivr,,,0,
CBK0000740,TXN00019738,USR22040,MCH1234,,,584.74,Account Takeover,Merchant service was not delivered after payment.,RESOLVED,2026-04-07 03:59:33,P4,Email,,,0,
CBK0001907,TXN00014905,USR24536,MCH2714,,,797.17,complaint,Merchant service was not delivered after payment.,Open,,P3,App,,,0,
CBK0001098,TXN00006667,USR54912,4734,,,4240.52,delivery issue,User reports money deducted but merchant denies receiving payment. call dropped,In Progress,,L,CHATBOT,,,0,
CBK0002034,TXN00014295,USR46599,MCH7669,2026-02-22,,3265.64,DUP_DEBIT,customer complaint text unclear due to poor call center notes.,Resolved,,LOW,Call Center,,,0,
CBK0000328,TXN00011489,USR62345,MCH8996,,,,account hacked,Customer says transaction was not authorized.,Closed,,P4,chatbot,,,0,
CBK0002510,TXN49297,USR99880,1439,,,,dispute raised,User says UPI PIN was not entered by them. NA,PENDING_BANK,,P3,Email,,,0,
CBK0000819,TXN00008276,USR66046,MCH3941,,,,not done by me,Suspicious high-value payment disputed by customer.,OPEN,,P2,chatbot,,,0,
CBK0001301,TXN00005559,USR98939,MCH5403,,,597.81,Customer Dispute,merchant service was not delivered after payment.,REJECTED,,MEDIUM,chatbot,,,0,
CBK0000547,TXN00003173,USR42144,MCH9330,,,,charged twice,Customer complaint text unclear due to poor call center notes.,REJECTED,,L,Email,,,0,
CBK0001625,TXN00006214,USR39132,MCH3495,,,,customer issue,User reports money deducted but merchant denies receiving payment.,Closed,2026-04-12 23:46:08,MEDIUM,Email,,,0,
CBK0001515,TXN00000062,USR11366,MCH2992,,,330.73,merchant service issue,User says UPI PIN was not entered by them.,CLOSED,,P4,Branch,,,0,
CBK0000788,TXN00003574,USR22284,MCH4473,2026-03-28,,3933.58,Unauthorized Transaction,User says UPI PIN was not entered by them.,RESOLVED,,L,Branch,,,1,
CBK0000089,TXN00017797,USR85655,MCH8344,,,1590.47,not delivered,Complaint received after multiple failed attempts.,OPEN,,High,ivr,,,0,
CBK0002218,TXN00018418,USR35410,MCH7622,,2026-03-16,671.84,Customer Dispute,Customer says transaction was not authorized.,WIP,,H,Branch,,,0,2026-03-16
CBK0001356,TXN00018996,USR61151,MCH3100,,,1863.8,incorrect amount,Customer says amount was debited twice.,Closed,,L,ivr,,,0,
CBK0001028,TXN00007136,USR67087,MCH5446,,,6758.4,DUP_DEBIT,Customer complaint text unclear due to poor call center notes.,In Progress,,LOW,Call Center,,,0,
CBK0000407,TXN00008429,USR90727,MCH2989,,,,Customer Dispute,User claims account was compromised before transaction.,In Progress,,MEDIUM,App,,,0,
CBK0000386,TXN00017080,USR66286,MCH2441,,,687.73,DUP_DEBIT,Merchant service was not delivered after payment.,Rejected,,L,CHATBOT,,,0,
CBK0002369,TXN00000843,USR72135,MCH4517,,,947.54,login compromised,SUSPICIOUS HIGH-VALUE PAYMENT DISPUTED BY CUSTOMER.,Rejected,,Low,Call Center,,,0,
CBK0001194,TXN00010450,USR85606,MCH3304,,,,account hacked,Suspicious high-value payment disputed by cust.,PENDING_BANK,,P3,IVR,,,0,
CBK0000299,TXN00010454,USR21651,MCH1397,,,2554.86,account hacked,Merchant service was not delivered after payment.,In Progress,,L,Branch,,,0,
CBK0000125,TXN00006063,USR72570,MCH3943,2026-02-14,,,ATO,User claims account was compromised before transaction.,IN_PROGRESS,,High,ivr,,,0,
CBK0000754,TXN00001826,USR35882,MCH3115,,,895.55,customer issue,User claims account was compromised before transaction. urgent,Pending Bank,,Medium,chatbot,,,0,
CBK0001655,TXN00016496,USR31906,MCH4225,,,5996.21,customer issue,Customer complaint text unclear due to poor call center notes.,RESOLVED,,CRITICAL,IVR,,,0,
CBK0002024,TXN00016207,USR91246,MCH7726,,,,not delivered,Suspicious high-value payment disputed by customer.,CLOSED,,P3,Email,,,0,
CBK0001470,TXN30234,USR24750,MCH6880,,,,fraud,Customer complaint text unclear due to poor call center notes.,CLOSED,,M,Branch,,,1,
CBK0001499,TXN00016211,USR84128,MCH7738,2026-03-02,,-6191.97,Duplicate Debit,Payment made to unknown merchant as per customer statement.,REJECTED,,H,chatbot,,,0,
CBK0002580,TXN00004925,USR73573,MCH6810,,,,no service,User reports money deducted but merchant denies receiving payment.,REJECTED,,M,App,,,0,
CBK0001399,TXN00015053,USR20076,5050,,,-3746.75,double debit,merchant service was not delivered after payment.,RESOLVED,,Medium,Email,,,0,
CBK0002120,TXN00008067,USR62703,MCH7593,,,14279.05,item not received,customer complaint text unclear due to poor call center notes.,IN_PROGRESS,,CRIT,chatbot,,,0,
CBK0000349,TXN00015766,USR88643,MCH2541,2026-02-12,,2585.25,not done by me,Suspicious high-value payment disputed by customer.,Rejected,,HIGH,ivr,,,0,
CBK0000160,TXN00015230,38364,MCH5454,,,2419.56,customer issue,Merchant service was not delivered after payment.,PENDING_BANK,,P2,Call Center,,,0,
CBK0001199,TXN00005512,USR76915,MCH3815,,,,DUP_DEBIT,suspicious high-value payment disputed by customer.,WIP,,P4,chatbot,,,0,
CBK0001976,TXN00004835,USR37357,MCH5772,,,,account hacked,user reports money deducted but merchant denies receiving payment.,In Progress,,Medium,IVR,,,0,
CBK0001819,TXN00014412,USR27393,9291,,,,extra amount deducted,suspicious high-value payment disputed by customer.,REJECTED,,M,ivr,,,0,
CBK0001463,TXN00018916,USR92463,MCH4008,,,,extra amount deducted,User reports money deducted but merchant denies receiving payment. NA,Pending Bank,,Medium,ivr,,,0,
CBK0002435,TXN00015767,USR33671,MCH2699,,,1904.98,item not received,Merchant service was not delivered after payment.,Rejected,,P3,CHATBOT,,,0,
CBK0001554,TXN00012362,USR87967,MCH3177,2026-02-01,,,login compromised,Merchant service was not delivered after payment.,Resolved,,P4,Email,,,0,
CBK0002443,TXN00017471,44213,MCH3992,,2026-02-04,,Unauthorized Transaction,User claims account was compromised before transaction.,REJECTED,,H,Email,,,1,2026-02-04
CBK0000204,TXN00014673,USR21209,MCH8154,,,749.06,customer issue,Customer says amount was debited twice.,Closed,,MEDIUM,Call Center,,,0,
CBK0002056,TXN00003732,USR18442,MCH1606,,,5678.98,not done by me,Customer says transaction was not authorized.,RESOLVED,,Critical,ivr,,,0,
CBK0002192,TXN00002316,USR77746,MCH1674,,2026-01-14,20754.36,scam,Customer says amount was debited twice.,In Progress,,H,IVR,,,0,2026-01-14
CBK0002590,TXN00001121,USR43833,MCH4575,,,,delivery issue,user says upi pin was not entered by them.,Closed,,Medium,Email,,,0,
CBK0001086,TXN00019525,USR21162,MCH3992,,,5874.15,dispute raised,customer complaint text unclear due to poor call center notes.,In Progress,,Low,Call Center,,,0,
CBK0002137,TXN00008657,USR34250,MCH6955,,,4252.24,fraud,Suspicious high-value payment disputed by customer. urgent,Open,,P4,ivr,,,1,
CBK0002492,TXN00001518,USR20737,5541,,,9039.58,dispute raised,Complaint received after multiple failed attempts. urgent,IN_PROGRESS,,P2,Email,,,0,
CBK0001965,TXN00008205,USR62398,MCH6714,2026-02-12,2026-02-12,,ATO,Customer says amount was debited twice. pls check asap,Resolved,2026-03-01 22:26:43,P2,CHATBOT,0.0,430.4452777777778,0,2026-02-12
CBK0001409,TXN00014019,USR20076,MCH4751,,2026-01-16,,service failed,User reports money deducted but merchant denies receiving payment.,IN_PROGRESS,,Medium,CHATBOT,,,0,2026-01-16
CBK0000738,TXN00018812,USR98980,MCH2757,2026-01-05,,,FRAUD,User says UPI PIN was not entered by them.,Pending Bank,,High,Call Center,,,1,
CBK0000293,TXN00016470,USR50092,MCH1879,,,1947.05,Customer Dispute,Suspicious high-value payment disputed by customer.,Pending Bank,,P2,IVR,,,0,
CBK0001585,TXN82330,USR14591,MCH3928,,,,Merchant Not Delivered,Customer complaint text unclear due to poor call center notes.,Pending Bank,,P1,ivr,,,0,
CBK0000019,TXN00008321,USR27583,MCH4590,,,699.14,DUP_DEBIT,User says UPI PIN was not entered by them.,WIP,,H,chatbot,,,0,
CBK0001180,TXN00012133,USR84844,MCH6202,,2026-02-06,7361.16,dispute raised,customer says transaction was not authorized.,Pending Bank,,Medium,chatbot,,,0,2026-02-06
CBK0000324,TXN00014492,USR34540,MCH4590,,,,Fraud Suspected,user says upi pin was not entered by them.,Resolved,,H,CHATBOT,,,1,
CBK0001005,TXN00006695,USR65902,MCH5655,,,,Account Takeover,Merchant service was not delivered after payment.,PENDING_BANK,,MEDIUM,App,,,0,
CBK0001149,TXN00013355,USR52988,MCH1182,,,6746.58,customer issue,User says UPI PIN was not entered by them.,RESOLVED,,Low,CHATBOT,,,0,
CBK0002743,TXN53543,USR85742,MCH4473,,,299.18,not delivered,User says UPI PIN was not entered by them.,Rejected,,Low,Email,,,0,
CBK0002526,TXN00014583,USR53424,MCH7006,,2026-03-24,6768.55,Wrong Amount,Customer says amount was debited twice.,In Progress,,LOW,CHATBOT,,,0,2026-03-24
CBK0000792,TXN00017591,USR59752,MCH2176,,2026-02-09,6180.12,dispute raised,CUSTOMER SAYS AMOUNT WAS DEBITED TWICE.,CLOSED,,MEDIUM,Email,,,0,2026-02-09
CBK0000971,TXN00019356,USR80212,MCH2335,,,6782.66,unauth txn,merchant service was not delivered after payment.,CLOSED,,High,IVR,,,0,
CBK0002752,TXN00009074,USR58639,MCH4181,,2026-01-05,,account hacked,Complaint received after multiple failed attempts.,OPEN,,P3,Branch,,,0,2026-01-05
CBK0002406,TXN00019470,USR71704,MCH3759,2026-03-02,,3505.15,delivery issue,Merchant service was not delivered after payment. urgent,CLOSED,,LOW,Branch,,,0,
CBK0000896,TXN00014731,USR29803,MCH7761,,,,delivery issue,Suspicious high-value payment disputed by cust.,Rejected,,MEDIUM,App,,,0,
CBK0000874,TXN00008435,USR43450,MCH8870,,2026-02-06,,complaint,User reports money deducted but merchant denies receiving payment.,RESOLVED,,MEDIUM,Email,,,0,2026-02-06
CBK0002644,TXN00006588,USR72024,MCH7102,2026-03-27,,-1971.85,complaint,Complaint received after multiple failed attempts.,REJECTED,,Critical,chatbot,,,0,
CBK0000057,TXN00005197,USR33934,MCH6452,,,,account hacked,Customer says transaction was not authorized.,PENDING_BANK,,P3,Email,,,0,
CBK0002367,TXN00000803,USR40928,MCH2574,,,,customer issue,Suspicious high-value payment disputed by customer.,Pending Bank,,Medium,Call Center,,,0,
CBK0001703,TXN00014396,USR62221,MCH7833,,2026-04-14,1107.61,unauth txn,MERCHANT SERVICE WAS NOT DELIVERED AFTER PAYMENT.,Closed,,H,App,,,0,2026-04-14
CBK0001314,TXN00015397,USR25021,MCH8657,2026-02-10,,7499.76,not delivered,Customer says transaction was not authorized.,REJECTED,,P4,IVR,,,0,
CBK0001319,,USR87558,MCH8935,2026-03-28,2026-04-13,,Customer Dispute,User says UPI PIN was not entered by them.,Closed,,MEDIUM,Call Center,384.0,,0,2026-04-13
CBK0002004,TXN00016498,USR71282,MCH5954,,,3489.66,scam,Customer complaint text unclear due to poor call center notes.,REJECTED,,P2,chatbot,,,0,
CBK0000030,TXN00002461,44431,MCH2413,,,,not done by me,Customer says transaction was not authorized.,RESOLVED,2026-02-05 16:52:30,LOW,Branch,,,0,
CBK0001890,,USR70787,MCH9165,,,594.52,login compromised,Complaint received after multiple failed attempts.,Closed,,P3,IVR,,,0,
CBK0001601,TXN00014556,51157,MCH7360,,,,FRAUD,CUSTOMER SAYS AMOUNT WAS DEBITED TWICE.,PENDING_BANK,,P3,chatbot,,,1,
CBK0002519,TXN00002544,USR91069,MCH4788,,,-3839.34,service failed,User reports money deducted but merchant denies receiving payment.,Resolved,,LOW,IVR,,,0,
CBK0002316,TXN00018781,USR80429,MCH4070,2026-03-14,,428.55,suspicious transaction,User reports money deducted but merchant denies receiving payment.,Resolved,,L,CHATBOT,,,0,
CBK0000050,TXN00004935,USR75712,MCH2076,,,,complaint,Suspicious high-value payment disputed by customer.,Resolved,,L,Call Center,,,0,
CBK0002086,TXN00004716,USR14045,MCH9271,,,169.35,DUP_DEBIT,Customer says amount was debited twice. NA,REJECTED,,Medium,Call Center,,,0,
CBK0002244,,USR64363,MCH2948,2026-01-03,2026-01-04,4378.8,Duplicate Debit,USER REPORTS MONEY DEDUCTED BUT MERCHANT DENIES RECEIVING PAYMENT.,Rejected,,Medium,Call Center,24.0,,0,2026-01-04
CBK0000467,TXN00009035,USR66080,MCH9242,,,,Fraud Suspected,Customer says amount was debited twice.,Resolved,,Low,Branch,,,1,
CBK0002168,TXN00002821,USR83150,MCH5655,,,4707.47,unauth txn,Customer says amount was debited twice.,RESOLVED,,L,ivr,,,0,
CBK0000988,TXN00007940,USR74004,MCH2383,,,,login compromised,User claims account was compromised before transaction. NA,Closed,,High,chatbot,,,0,
CBK0001035,TXN00012639,USR38128,MCH9737,,2026-01-20,,amount mismatch,payment made to unknown merchant as per customer statement.,WIP,,HIGH,Call Center,,,0,2026-01-20
CBK0002784,TXN00003041,USR21253,MCH2118,,,,Service Not Provided,User reports money deducted but merchant denies receiving payment.,RESOLVED,,P3,Email,,,0,
CBK0001119,TXN00013564,USR13165,MCH8547,2026-01-04,,-4295.67,delivery issue,Complaint received after multiple failed attempts. NA,WIP,,M,Call Center,,,0,
CBK0002692,TXN00011494,USR52887,MCH1757,,,-1084.65,Account Takeover,PAYMENT MADE TO UNKNOWN MERCHANT AS PER CUSTOMER STATEMENT.,REJECTED,,Low,IVR,,,0,
CBK0001902,TXN00008905,USR53056,5119,,,,extra amount deducted,User claims account was compromised before transaction.,PENDING_BANK,,CRITICAL,ivr,,,0,
CBK0002606,TXN00018342,USR69706,MCH8779,2026-03-23,2026-03-25,,fraud,payment made to unknown merchant as per customer statement.,WIP,,Critical,IVR,48.0,,1,2026-03-25
CBK0001896,TXN00005799,USR97580,MCH8791,,,674.67,amount mismatch,Customer complaint text unclear due to poor call center notes.,CLOSED,2026-01-14 01:14:34,CRIT,CHATBOT,,,0,
CBK0002555,TXN00003972,76553,MCH1320,,,4309.44,no service,User reports money deducted but merchant denies receiving payment.,Open,,LOW,Email,,,0,
CBK0002064,,USR68861,MCH3516,,2026-04-14,-1531.2,complaint,customer says transaction was not authorized.,PENDING_BANK,,L,chatbot,,,0,2026-04-14
CBK0002521,TXN00013602,USR98636,MCH1574,,,,fraud,Merchant service was not delivered after payment.,In Progress,,Critical,CHATBOT,,,1,
CBK0000615,TXN00002775,USR83032,MCH3402,,,,fraud,customer says amount was debited twice.,Open,,High,Email,,,1,
CBK0002405,TXN00017196,USR45251,MCH2538,,,9937.63,fraud,COMPLAINT RECEIVED AFTER MULTIPLE FAILED ATTEMPTS.,In Progress,2026-03-09 02:28:07,MEDIUM,chatbot,,,1,
CBK0002453,TXN00013396,USR24527,MCH2822,,,,Service Not Provided,User claims account was compromised before transaction.,Open,,P4,ivr,,,0,
CBK0001288,TXN38794,USR82920,MCH5755,,,,incorrect amount,User says UPI PIN was not entered by them.,Open,,P2,chatbot,,,0,
CBK0000696,TXN00007676,USR33564,MCH3259,,2026-02-28,,dispute raised,CUSTOMER SAYS TRANSACTION WAS NOT AUTHORIZED.,IN_PROGRESS,2026-03-01 09:11:30,P1,IVR,,33.19166666666667,0,2026-02-28
CBK0002448,TXN00004698,USR56276,MCH3396,,,,dispute raised,Suspicious high-value payment disputed by customer.,CLOSED,,L,IVR,,,0,
CBK0000897,,USR78326,MCH2266,,,,charged twice,User claims account was compromised before transaction.,Closed,,L,Branch,,,0,
CBK0000464,TXN00001948,USR72135,MCH8274,,,,Service Not Provided,Complaint received after multiple failed attempts.,Resolved,,LOW,chatbot,,,0,
CBK0002482,TXN00018844,39808,MCH5330,,,6620.7,Merchant Not Delivered,Payment made to unknown merchant as per customer statement.,Pending Bank,,Medium,chatbot,,,0,
CBK0000411,TXN00003133,USR48609,MCH3992,,2026-03-20,3287.47,unauthorized_transaction,complaint received after multiple failed attempts.,Pending Bank,,Medium,Email,,,1,2026-03-20
CBK0000722,TXN00014532,USR42970,MCH9937,2026-02-28,2026-03-04,4825.86,Wrong Amount,Customer says transaction was not authorized.,Rejected,,H,ivr,96.0,,0,2026-03-04
CBK0001545,TXN00005459,USR26201,MCH9867,,2026-02-15,,Account Takeover,user claims account was compromised before transaction.,Rejected,,LOW,App,,,0,2026-02-15
CBK0000145,TXN00009456,USR21384,MCH8779,,,3537.13,dispute raised,Complaint received after multiple failed attempts.,IN_PROGRESS,,MEDIUM,chatbot,,,0,
CBK0001154,TXN00007949,USR61761,MCH5076,,,2276.53,account hacked,complaint received after multiple failed attempts.,RESOLVED,,L,IVR,,,0,
CBK0002135,TXN00017607,USR62613,MCH1320,,,,Unauthorized Transaction,Suspicious high-value payment disputed by customer. details missing,OPEN,2026-03-21 09:52:20,LOW,Email,,,1,
CBK0000048,TXN00003553,USR11419,MCH5833,,,,account hacked,Customer says transaction was not authorized.,Pending Bank,,Medium,Email,,,0,
CBK0000719,TXN00008362,USR51141,MCH4473,,,,item not received,payment made to unknown merchant as per customer statement.,In Progress,,P4,App,,,0,
CBK0001188,,USR99905,MCH7881,,2026-02-20,,Unauthorized Transaction,User reports money deducted but merchant denies receiving payment.,CLOSED,,High,IVR,,,1,2026-02-20
CBK0001540,TXN00018190,USR83597,MCH5264,,,,UNAUTHORISED,Customer complaint text unclear due to poor call center notes.,REJECTED,,MEDIUM,ivr,,,1,
CBK0002666,TXN00005307,USR63160,MCH3992,,,,Customer Dispute,Complaint received after multiple failed attempts.,CLOSED,,P4,App,,,0,
CBK0000111,TXN00019912,USR43416,MCH5748,2026-02-28,,,Service Not Provided,User says UPI PIN was not entered by them.,Open,,L,Email,,,0,
CBK0000561,TXN00011891,USR27107,MCH8154,,,146.7,UNAUTHORISED,Customer complaint text unclear due to poor call center notes.,Open,,High,chatbot,,,1,
CBK0001938,TXN00010250,USR52258,MCH7697,,,,Unauthorized Transaction,Complaint received after multiple failed attempts.,Open,,LOW,App,,,1,
CBK0001070,TXN00006138,USR72463,MCH7131,,,486.96,unauthorized_transaction,Merchant service was not delivered after payment.,Closed,,LOW,ivr,,,1,
CBK0001240,TXN00005144,USR87558,MCH2223,,,,unauth txn,merchant service was not delivered after payment.,Resolved,,P4,IVR,,,0,
CBK0001172,TXN00000950,USR35692,MCH2757,,,1749.52,double debit,Customer says amount was debited twice.,Rejected,,Low,Email,,,0,
CBK0002786,TXN00001975,USR44809,MCH9291,,,1823.8,unauth txn,Customer says transaction was not authorized.,Resolved,2026-03-16 06:59:19,High,IVR,,,0,
CBK0001609,TXN00011210,USR50352,MCH2706,,,1853.91,not done by me,User claims account was compromised before transaction.,Open,,P3,ivr,,,0,
CBK0000209,TXN59223,USR24507,MCH4782,,,,double debit,Payment made to unknown merchant as per cust statement.,Open,,H,App,,,0,
CBK0002101,TXN00010055,USR53903,MCH2065,2026-01-22,,,extra amount deducted,User reports money deducted but merchant denies receiving payment.,REJECTED,,M,ivr,,,0,
CBK0002166,TXN00005750,USR64580,MCH5980,,,1459.51,Service Not Provided,Customer says transaction was not authorized.,IN_PROGRESS,,P3,IVR,,,0,
CBK0001971,TXN00001893,USR40538,MCH4473,,2026-03-26,1059.97,DUP_DEBIT,Customer complaint text unclear due to poor call center notes.,Resolved,,LOW,Call Center,,,0,2026-03-26
CBK0000872,TXN00015686,USR41987,MCH4226,,,4354.56,charged twice,Complaint received after multiple failed attempts.,RESOLVED,,Medium,App,,,0,
CBK0002618,TXN00011168,USR44759,MCH5594,,,5239.53,Account Takeover,Customer complaint text unclear due to poor call center notes. call dropped,Rejected,,MEDIUM,CHATBOT,,,0,
CBK0000176,TXN00001405,USR91859,MCH2900,,,,item not received,Merchant service was not delivered after payment. call dropped,CLOSED,,Medium,chatbot,,,0,
CBK0001836,TXN00002935,USR58979,MCH4535,,,318.65,Merchant Not Delivered,Customer says transaction was not authorized.,RESOLVED,,LOW,ivr,,,0,
CBK0000130,TXN00002672,USR96637,MCH4181,,,,incorrect amount,User reports money deducted but merchant denies receiving payment.,Pending Bank,,L,Email,,,0,
CBK0001271,TXN00015189,USR33650,MCH4181,,,638.59,unauthorized_transaction,User claims account was compromised before transaction.,Rejected,,HIGH,ivr,,,1,
CBK0001593,TXN00015434,USR18724,MCH7728,,,,suspicious transaction,customer says transaction was not authorized.,Pending Bank,,MEDIUM,Email,,,0,
CBK0001879,TXN00007654,USR60131,MCH8887,,,552.24,extra amount deducted,Complaint received after multiple failed attempts.,RESOLVED,,P4,ivr,,,0,
CBK0001717,TXN00005246,USR87318,MCH2104,,,-99.96,charged twice,User says UPI PIN was not entered by them.,Rejected,,Low,IVR,,,0,
CBK0000702,TXN00017072,USR56312,MCH5133,,2026-01-23,,Wrong Amount,Customer says amount was debited twice.,WIP,,H,IVR,,,0,2026-01-23
CBK0002647,TXN99966,USR24761,MCH4392,,,-841.29,amount mismatch,User reports money deducted but merchant denies receiving payment.,OPEN,,M,Branch,,,0,
CBK0001723,TXN00000941,USR58335,MCH7616,,,,not done by me,Complaint received after multiple failed attempts.,Closed,,LOW,Branch,,,0,
CBK0002770,TXN00013498,USR24608,MCH3992,,,469.12,Unauthorized Transaction,Customer says transaction was not authorized.,Pending Bank,,L,IVR,,,1,
CBK0002346,TXN00001292,USR25528,MCH6328,,,33975.77,service failed,Customer says transaction was not authorized.,OPEN,,P4,Email,,,0,
CBK0002487,TXN00009313,USR32981,MCH1201,,2026-02-10,1561.28,complaint,Payment made to unknown merchant as per customer statement.,REJECTED,,P4,IVR,,,0,2026-02-10
CBK0001909,TXN00015341,USR51939,MCH4348,,,,charged twice,Merchant service was not delivered after payment.,In Progress,,M,CHATBOT,,,0,
CBK0002234,TXN00016207,USR61715,MCH6850,,,,Account Takeover,merchant service was not delivered after payment.,PENDING_BANK,2026-01-29 15:38:41,High,Branch,,,0,
CBK0000854,TXN00000164,17326,MCH7017,,,,account hacked,Complaint received after multiple failed attempts.,Open,,P1,Email,,,0,
CBK0002376,TXN00004589,USR76792,MCH5515,,,1100.37,not done by me,suspicious high-value payment disputed by customer.,WIP,,Medium,IVR,,,0,
CBK0002540,TXN00010104,USR46321,MCH2065,2026-03-04,,1912.26,double debit,Merchant service was not delivered after payment.,OPEN,,HIGH,ivr,,,0,
CBK0001666,TXN00018160,USR11659,MCH6810,,,,item not received,Complaint received after multiple failed attempts.,Pending Bank,,Medium,chatbot,,,0,
CBK0001340,TXN00001898,USR41763,MCH4190,,,,not done by me,Complaint received after multiple failed attempts.,Resolved,2026-03-06 06:15:11,P3,IVR,,,0,
CBK0002616,TXN00000806,USR30612,MCH2757,2026-02-10,,,Merchant Not Delivered,Customer says transaction was not authorized.,RESOLVED,,Low,CHATBOT,,,0,
CBK0000813,TXN00008478,USR72576,MCH2072,,,,charged twice,user claims account was compromised before transaction.,Closed,,CRIT,App,,,0,
CBK0000244,TXN00005487,USR31599,MCH6810,,2026-03-01,,DUP_DEBIT,User claims account was compromised before transaction.,Closed,,P2,Branch,,,0,2026-03-01
CBK0002653,TXN00000675,USR49080,MCH5147,,,3743.54,delivery issue,Payment made to unknown merchant as per cust statement.,WIP,,Low,IVR,,,0,
CBK0001966,TXN00005813,USR30602,MCH6570,,,,Customer Dispute,Payment made to unknown merchant as per customer statement.,CLOSED,,HIGH,Call Center,,,0,
CBK0000687,TXN00005195,USR53215,MCH8519,,,4251.73,complaint,Customer complaint text unclear due to poor call center notes.,In Progress,,LOW,Call Center,,,0,
CBK0000836,TXN00003340,USR69581,MCH5218,,,1823.47,Fraud Suspected,customer complaint text unclear due to poor call center notes.,Resolved,,MEDIUM,Email,,,1,
CBK0001498,TXN00017926,USR98061,MCH5655,,,5338.83,customer issue,Customer complaint text unclear due to poor call center notes.,IN_PROGRESS,,L,ivr,,,0,
CBK0000710,TXN00012306,USR86472,MCH2032,,,-1076.54,item not received,Customer says amount was debited twice.,Pending Bank,,LOW,ivr,,,0,
CBK0000444,TXN00014743,USR56564,MCH2369,,2026-02-26,-1382.96,account hacked,Customer says transaction was not authorized.,Pending Bank,,MEDIUM,chatbot,,,0,2026-02-26
CBK0002153,TXN34179,USR47114,MCH8849,,,,extra amount deducted,SUSPICIOUS HIGH-VALUE PAYMENT DISPUTED BY CUSTOMER.,PENDING_BANK,,CRIT,Call Center,,,0,
CBK0000839,TXN00014620,USR55888,MCH8779,,,,ATO,Customer says amount was debited twice.,RESOLVED,,M,CHATBOT,,,0,
CBK0002121,TXN00013687,USR26337,MCH2065,,,506.18,Merchant Not Delivered,USER SAYS UPI PIN WAS NOT ENTERED BY THEM.,OPEN,,P2,ivr,,,0,
CBK0002600,TXN95920,USR42158,MCH8602,,,45384.61,Unauthorized Transaction,Merchant service was not delivered after payment.,Closed,,H,chatbot,,,1,
CBK0001527,TXN44508,USR35882,MCH5076,2026-03-24,,,login compromised,Customer says transaction was not authorized. details missing,Resolved,,P2,App,,,0,
CBK0000399,TXN00003924,USR85504,MCH7005,,,2479.92,not done by me,Complaint received after multiple failed attempts.,RESOLVED,,M,Email,,,0,
CBK0000708,TXN00014452,USR24775,MCH2757,,,-798.72,delivery issue,Suspicious high-value payment disputed by customer.,REJECTED,,L,IVR,,,0,
CBK0000485,TXN00016648,USR27340,MCH3100,,,,Customer Dispute,Complaint received after multiple failed attempts.,PENDING_BANK,,MEDIUM,Call Center,,,0,
CBK0001355,TXN00002926,USR49477,MCH5714,,2026-03-19,6014.84,item not received,User reports money deducted but merchant denies receiving payment.,Rejected,,H,IVR,,,0,2026-03-19
CBK0002468,TXN00004673,USR45477,MCH4469,,,,suspicious transaction,Payment made to unknown merchant as per customer statement.,Closed,,LOW,Email,,,0,
CBK0002672,TXN00014672,USR51854,MCH2993,2026-02-20,,1817.11,FRAUD,Customer says transaction was not authorized.,OPEN,,High,Email,,,1,
CBK0001013,TXN96416,33841,MCH9291,,,,customer issue,User reports money deducted but merchant denies receiving payment.,PENDING_BANK,,MEDIUM,Call Center,,,0,
CBK0002150,TXN00013524,USR74666,MCH8154,,,2142.84,Fraud Suspected,Customer says transaction was not authorized.,Open,,Low,IVR,,,1,
CBK0001411,TXN00011455,USR24660,MCH3964,,2026-03-05,3012.1,FRAUD,PAYMENT MADE TO UNKNOWN MERCHANT AS PER CUSTOMER STATEMENT.,OPEN,,Low,Call Center,,,1,2026-03-05
CBK0002646,TXN00007962,USR17493,MCH3415,,,875.42,Duplicate Debit,user says upi pin was not entered by them.,CLOSED,,P1,ivr,,,0,
CBK0001852,TXN00017893,USR27328,MCH3100,,,4556.84,double debit,User claims account was compromised before transaction.,WIP,,P4,ivr,,,0,
CBK0001453,TXN00012893,USR52532,MCH2931,,,-1558.33,amount mismatch,Complaint received after multiple failed attempts. details missing,Rejected,,LOW,IVR,,,0,
CBK0002693,,USR66470,MCH7690,,,,login compromised,customer complaint text unclear due to poor call center notes.,Open,2026-02-28 15:38:40,MEDIUM,chatbot,,,0,
CBK0001695,TXN00007159,USR91996,MCH6645,,,,Fraud Suspected,Customer says transaction was not authorized. call dropped,Pending Bank,,P4,App,,,1,
CBK0001743,TXN00005081,USR55177,MCH3198,,,782.28,login compromised,User says UPI PIN was not entered by them. NA,RESOLVED,,P4,CHATBOT,,,0,
CBK0002656,TXN00003111,USR97954,MCH1274,2026-01-02,,,account hacked,Customer says transaction was not authorized.,Closed,,L,App,,,0,
CBK0001196,TXN00016378,USR64980,MCH2065,,,,FRAUD,Complaint received after multiple failed attempts.,OPEN,,HIGH,CHATBOT,,,1,
CBK0000269,TXN00016915,USR75856,MCH1213,2026-03-25,2026-03-28,886.36,account hacked,Payment made to unknown merchant as per customer statement.,CLOSED,,M,IVR,72.0,,0,2026-03-28
CBK0000701,TXN00002775,USR31842,MCH7869,,,,not delivered,Merchant service was not delivered after payment.,Pending Bank,,LOW,CHATBOT,,,0,
CBK0001127,TXN00017229,USR16037,MCH3572,,2026-02-28,,delivery issue,Customer says amount was debited twice.,IN_PROGRESS,,MEDIUM,Email,,,0,2026-02-28
CBK0000665,TXN00012726,USR82229,MCH6230,,,,delivery issue,Complaint received after multiple failed attempts.,OPEN,,Low,Branch,,,0,
CBK0000569,TXN00016196,USR24538,MCH2336,,,-2141.56,customer issue,Suspicious high-value payment disputed by customer.,WIP,,P3,Email,,,0,
CBK0000913,TXN00004115,USR85406,MCH2832,,,,not done by me,Merchant service was not delivered after payment.,Rejected,,P3,IVR,,,0,
CBK0000380,TXN00000414,USR57745,MCH6126,2026-02-10,,,login compromised,user reports money deducted but merchant denies receiving payment.,Rejected,,Low,Call Center,,,0,
CBK0002497,TXN00019914,USR48451,MCH6538,,,,no service,User claims account was compromised before transaction.,PENDING_BANK,,P3,ivr,,,0,
CBK0002799,TXN00003221,USR38263,MCH3031,,2026-01-30,,item not received,Merchant service was not delivered after payment.,RESOLVED,,Medium,Email,,,0,2026-01-30
CBK0000317,TXN00005496,USR91453,MCH1988,2026-02-22,,,delivery issue,Complaint received after multiple failed attempts.,RESOLVED,,MEDIUM,IVR,,,0,
CBK0000582,TXN00006728,USR32162,MCH1074,,,1002.59,Merchant Not Delivered,Customer says transaction was not authorized.,PENDING_BANK,,CRIT,Email,,,0,
CBK0002571,TXN00011546,USR24926,MCH2822,,,3305.27,DUP_DEBIT,Complaint received after multiple failed attempts.,REJECTED,,L,ivr,,,0,
CBK0001943,TXN00000649,USR47711,MCH1196,,2026-04-13,1174.17,item not received,user says upi pin was not entered by them.,IN_PROGRESS,,MEDIUM,IVR,,,0,2026-04-13
CBK0001177,TXN00004028,USR95524,MCH7017,,,,amount mismatch,Customer says amount was debited twice.,In Progress,,HIGH,IVR,,,0,
CBK0002055,TXN00004686,USR87013,MCH3011,,,,customer issue,USER CLAIMS ACCOUNT WAS COMPROMISED BEFORE TRANSACTION.,CLOSED,,P3,Call Center,,,0,
CBK0000104,TXN00010908,USR70176,MCH5980,,,608.69,double debit,CUSTOMER SAYS TRANSACTION WAS NOT AUTHORIZED.,Rejected,,Low,Branch,,,0,
CBK0002489,,USR88037,MCH4590,,,1315.92,DUP_DEBIT,Suspicious high-value payment disputed by customer.,Resolved,,P3,CHATBOT,,,0,
CBK0000154,TXN00011689,USR92364,MCH2569,,,473.27,not delivered,User reports money deducted but merchant denies receiving payment.,REJECTED,,Low,ivr,,,0,
CBK0001635,TXN00008467,USR70836,MCH6914,,,-1016.94,scam,Customer says amount was debited twice.,Closed,,MEDIUM,Call Center,,,0,
CBK0002756,TXN00003850,USR52907,1919,,,,charged twice,Suspicious high-value payment disputed by customer.,REJECTED,,Low,IVR,,,0,
CBK0000892,TXN00019345,USR99727,MCH8400,,2026-03-06,-393.4,Account Takeover,Merchant service was not delivered after payment.,PENDING_BANK,,MEDIUM,Branch,,,0,2026-03-06
CBK0000445,TXN00013230,USR28772,MCH3727,,,,item not received,customer complaint text unclear due to poor call center notes.,In Progress,,Low,CHATBOT,,,0,
CBK0000845,TXN00009880,USR90298,MCH5574,,,731.59,suspicious transaction,User says UPI PIN was not entered by them.,CLOSED,,CRITICAL,IVR,,,0,
CBK0001262,TXN00010454,USR21439,MCH7751,,,470.39,unauthorized_transaction,Customer complaint text unclear due to poor call center notes.,RESOLVED,,LOW,Call Center,,,1,
CBK0000862,TXN00002240,USR25056,MCH6810,2026-03-23,2026-03-26,401.02,Wrong Amount,User claims account was compromised before transaction.,CLOSED,,P3,Call Center,72.0,,0,2026-03-26
CBK0000981,TXN00009791,USR68023,MCH2433,2026-01-11,2026-01-14,,DUP_DEBIT,Payment made to unknown merchant as per customer statement.,Closed,,Low,ivr,72.0,,0,2026-01-14
CBK0001975,TXN00019834,USR32424,MCH5954,,,41457.94,FRAUD,Customer says amount was debited twice.,RESOLVED,,P4,Branch,,,1,
CBK0001523,TXN00010463,USR76129,MCH3006,,,,not done by me,Customer says amount was debited twice.,IN_PROGRESS,,Medium,Call Center,,,0,
CBK0000671,TXN00004668,USR54740,MCH4646,,,,complaint,Customer says amount was debited twice.,CLOSED,,Medium,ivr,,,0,
CBK0001669,TXN00017590,USR41522,MCH4473,,,,Duplicate Debit,Complaint received after multiple failed attempts.,WIP,,P3,Call Center,,,0,
CBK0001823,,USR32406,MCH8595,,,,extra amount deducted,Customer complaint text unclear due to poor call center notes.,Pending Bank,,LOW,Email,,,0,
CBK0001608,TXN00019683,USR20968,MCH4899,2026-02-14,,-363.03,complaint,USER REPORTS MONEY DEDUCTED BUT MERCHANT DENIES RECEIVING PAYMENT.,WIP,,MEDIUM,Email,,,0,
CBK0000198,TXN00019042,USR16744,MCH8391,,,,Fraud Suspected,User says UPI PIN was not entered by them.,Closed,,MEDIUM,IVR,,,1,
CBK0000573,TXN00005006,USR65253,MCH5655,,,,FRAUD,Suspicious high-value payment disputed by customer.,Pending Bank,,P4,CHATBOT,,,1,
CBK0000621,TXN59284,USR96201,MCH6056,,,,suspicious transaction,Customer says transaction was not authorized.,REJECTED,,P3,Branch,,,0,
CBK0002266,TXN00009068,USR70505,MCH8037,,,,unauthorized_transaction,complaint received after multiple failed attempts.,RESOLVED,,P2,IVR,,,1,
CBK0000786,TXN00000679,USR22762,MCH2342,2026-03-14,,4474.08,unauth txn,payment made to unknown merchant as per customer statement.,OPEN,,H,ivr,,,0,
CBK0002074,TXN00000823,USR21224,MCH2266,,,4418.82,customer issue,CUSTOMER SAYS AMOUNT WAS DEBITED TWICE.,OPEN,,M,App,,,0,
CBK0000463,TXN00017663,USR67399,MCH7286,,,,delivery issue,Customer says amount was debited twice.,WIP,,H,ivr,,,0,
CBK0001768,,USR27328,MCH9291,,,7478.21,amount mismatch,Suspicious high-value payment disputed by customer.,Resolved,,MEDIUM,IVR,,,0,
CBK0002458,TXN00016001,USR25348,MCH7859,,,992.78,ATO,Payment made to unknown merchant as per customer statement.,Resolved,2026-03-06 15:36:38,P3,chatbot,,,0,
CBK0002584,TXN00014405,USR78603,MCH8391,,,,complaint,Customer says amount was debited twice.,Closed,2026-02-03 03:04:42,LOW,IVR,,,0,
CBK0000885,TXN00005367,USR25239,2903,,,,complaint,Complaint received after multiple failed attempts.,Resolved,,P4,IVR,,,0,
CBK0000395,TXN00019343,USR25559,MCH6850,,,4178.65,Duplicate Debit,Customer says amount was debited twice.,Pending Bank,,P1,Call Center,,,0,
CBK0002791,TXN00015597,USR82439,MCH6037,,2026-01-24,5141.83,account hacked,complaint received after multiple failed attempts.,CLOSED,,L,Call Center,,,0,2026-01-24
CBK0002669,TXN00019872,USR24991,MCH4473,,,,incorrect amount,User says UPI PIN was not entered by them.,IN_PROGRESS,,P3,chatbot,,,0,
CBK0001044,TXN00017041,USR46644,2822,,,-768.89,ATO,PAYMENT MADE TO UNKNOWN MERCHANT AS PER CUSTOMER STATEMENT.,IN_PROGRESS,,P2,chatbot,,,0,
CBK0000014,TXN00006433,USR59260,MCH7254,,,,suspicious transaction,User says UPI PIN was not entered by them.,Resolved,,HIGH,Branch,,,0,
CBK0000546,TXN00015015,USR64208,MCH3613,,,1247.41,Fraud Suspected,User reports money deducted but merchant denies receiving payment.,CLOSED,2026-04-12 07:37:17,MEDIUM,CHATBOT,,,1,
CBK0000365,TXN50079,USR19852,MCH7962,,,,FRAUD,Customer complaint text unclear due to poor call center notes.,WIP,,P4,IVR,,,1,
CBK0000052,TXN00002289,USR12120,MCH6097,,,,charged twice,Customer complaint text unclear due to poor call center notes.,Closed,,LOW,Branch,,,0,
CBK0002106,TXN00000751,USR78076,MCH4328,,,,UNAUTHORISED,Complaint received after multiple failed attempts.,Pending Bank,,M,App,,,1,
CBK0001518,TXN00015930,USR24159,MCH7364,,,,no service,User says UPI PIN was not entered by them.,RESOLVED,,LOW,App,,,0,
CBK0001873,TXN00015156,USR14556,MCH4153,2026-03-30,,,Merchant Not Delivered,Customer complaint text unclear due to poor call center notes.,OPEN,,LOW,chatbot,,,0,
CBK0002145,TXN00013507,USR12300,1320,,,384.66,extra amount deducted,user reports money deducted but merchant denies receiving payment.,Pending Bank,,P3,ivr,,,0,
CBK0000346,TXN00019000,USR70482,MCH9834,,,595.88,service failed,Complaint received after multiple failed attempts.,REJECTED,,P4,IVR,,,0,
CBK0000518,TXN00019651,USR43011,MCH8391,,2026-02-13,7485.82,fraud,USER SAYS UPI PIN WAS NOT ENTERED BY THEM.,REJECTED,,H,IVR,,,1,2026-02-13
CBK0001990,TXN00013175,USR40088,MCH2076,,,,account hacked,User says UPI PIN was not entered by them.,IN_PROGRESS,,H,Email,,,0,
CBK0000392,TXN00012439,USR38698,MCH3682,,,,Merchant Not Delivered,Suspicious high-value payment disputed by customer.,Rejected,,P3,IVR,,,0,
CBK0001163,TXN00015098,USR22550,MCH3992,,,862.23,Wrong Amount,User reports money deducted but merchant denies receiving payment.,PENDING_BANK,2026-01-28 08:07:35,Low,Email,,,0,
CBK0000271,TXN00002677,USR94094,MCH6810,,,-12852.7,dispute raised,Payment made to unknown merchant as per customer statement.,PENDING_BANK,,M,Email,,,0,
CBK0001550,TXN00019667,USR69706,MCH1489,2026-03-16,,,complaint,Complaint received after multiple failed attempts.,IN_PROGRESS,,MEDIUM,CHATBOT,,,0,
CBK0001538,TXN00007658,USR99769,MCH5655,,,-2100.66,complaint,Payment made to unknown merchant as per customer statement.,PENDING_BANK,,MEDIUM,App,,,0,
CBK0002298,TXN00017266,USR66122,MCH2822,,,,FRAUD,User says UPI PIN was not entered by them.,Pending Bank,,High,App,,,1,
CBK0001034,TXN00017915,USR65211,MCH7357,,,,service failed,Customer complaint text unclear due to poor call center notes. urgent,REJECTED,,MEDIUM,ivr,,,0,
CBK0001526,TXN00000871,45479,MCH8259,,,589.34,Customer Dispute,customer says transaction was not authorized.,RESOLVED,,P1,Email,,,0,
CBK0002297,TXN00013147,USR10842,MCH2327,,,,ATO,Complaint received after multiple failed attempts.,WIP,,LOW,Call Center,,,0,
CBK0001810,TXN00004960,USR99526,MCH3990,,,1327.87,merchant service issue,User says UPI PIN was not entered by them.,CLOSED,,P4,App,,,0,
CBK0000684,TXN00017791,USR21714,MCH2319,,,,unauthorized_transaction,user claims account was compromised before transaction.,PENDING_BANK,,Medium,Email,,,1,
CBK0002500,TXN00001461,USR25808,MCH6058,,,,extra amount deducted,Merchant service was not delivered after payment. details missing,PENDING_BANK,,M,CHATBOT,,,0,
CBK0000962,,USR21384,MCH8160,,,6282.15,not done by me,Customer says amount was debited twice. pls check asap,Closed,,MEDIUM,CHATBOT,,,0,
CBK0001781,TXN00007749,USR87914,MCH9316,2026-03-31,,1287.86,double debit,User reports money deducted but merchant denies receiving payment.,WIP,,HIGH,Email,,,0,
CBK0001231,TXN00001392,USR68023,MCH4246,,,508.21,delivery issue,Merchant service was not delivered after payment.,WIP,,MEDIUM,App,,,0,
CBK0001832,TXN95203,USR76886,MCH4590,,2026-02-13,,double debit,Complaint received after multiple failed attempts.,Open,2026-03-02 06:18:49,HIGH,ivr,,414.31361111111113,0,2026-02-13
CBK0001393,TXN00004549,USR66391,MCH2802,,,,amount mismatch,Customer complaint text unclear due to poor call center notes.,Open,,HIGH,CHATBOT,,,0,
CBK0001633,,USR69513,MCH6502,,,,not done by me,Payment made to unknown merchant as per customer statement.,PENDING_BANK,,HIGH,App,,,0,
CBK0000555,TXN00010709,61652,MCH3388,2026-03-01,2026-03-04,,Service Not Provided,customer complaint text unclear due to poor call center notes.,CLOSED,,Medium,Call Center,72.0,,0,2026-03-04
CBK0002452,TXN00016739,USR87040,8521,,,,suspicious transaction,User reports money deducted but merchant denies receiving payment.,Pending Bank,,L,Call Center,,,0,
CBK0002410,TXN00010646,USR89422,7235,,,,no service,Customer complaint text unclear due to poor call center notes.,In Progress,,Low,CHATBOT,,,0,
CBK0001429,TXN00002466,USR67833,MCH9464,,2026-04-03,,Unauthorized Transaction,User says UPI PIN was not entered by them.,Resolved,,CRITICAL,Branch,,,1,2026-04-03
CBK0001612,TXN00014722,USR65193,MCH2065,2026-01-19,,336.91,FRAUD,Complaint received after multiple failed attempts.,WIP,,M,CHATBOT,,,1,
CBK0001102,TXN00011957,USR73976,MCH5980,,,3402.48,ATO,Customer says amount was debited twice.,Open,,L,IVR,,,0,
CBK0001642,TXN00010479,USR22574,MCH9738,,,,UNAUTHORISED,Customer says transaction was not authorized.,CLOSED,2026-02-17 02:57:54,P3,Email,,,1,
CBK0002208,TXN00006710,USR27567,MCH1708,,,12811.39,DUP_DEBIT,Customer says transaction was not authorized.,Rejected,,HIGH,ivr,,,0,
CBK0002081,TXN00007014,USR43464,MCH9155,,,1748.13,dispute raised,User reports money deducted but merchant denies receiving payment.,In Progress,,LOW,ivr,,,0,
CBK0002643,TXN00011560,USR74311,MCH9291,,,,Merchant Not Delivered,Complaint received after multiple failed attempts.,REJECTED,,H,CHATBOT,,,0,
CBK0001100,TXN58495,USR57427,MCH5101,,,543.72,charged twice,Merchant service was not delivered after payment.,Rejected,,P2,chatbot,,,0,
CBK0000016,TXN00013636,USR71660,MCH4806,,,,Customer Dispute,payment made to unknown merchant as per customer statement.,RESOLVED,,MEDIUM,Branch,,,0,
CBK0002228,TXN00018314,USR71704,MCH3815,,,,Merchant Not Delivered,Merchant service was not delivered after payment.,Pending Bank,,MEDIUM,Branch,,,0,
CBK0001211,,USR53527,MCH4848,,,988.08,scam,Complaint received after multiple failed attempts.,Open,,H,App,,,0,
CBK0001447,TXN00015239,USR59920,MCH4650,,,10770.37,charged twice,User says UPI PIN was not entered by them.,IN_PROGRESS,,P4,Branch,,,0,
CBK0001476,TXN00009355,USR74753,MCH9250,,,,Wrong Amount,User reports money deducted but merchant denies receiving payment.,Resolved,,P3,ivr,,,0,
CBK0002292,TXN00014118,USR56014,MCH1692,,,,extra amount deducted,Merchant service was not delivered after payment.,Rejected,,MEDIUM,CHATBOT,,,0,
CBK0001345,TXN00016061,USR71319,MCH7074,,,-3106.54,service failed,USER SAYS UPI PIN WAS NOT ENTERED BY THEM.,REJECTED,,Medium,ivr,,,0,
CBK0001200,TXN00008369,USR34652,MCH1854,,,,fraud,Payment made to unknown merchant as per cust statement.,Open,,P3,Call Center,,,1,
CBK0000280,TXN00006257,USR14813,5918,,,350.52,no service,User says UPI PIN was not entered by them.,CLOSED,,MEDIUM,Email,,,0,
CBK0001354,TXN00014155,USR29864,MCH9709,,2026-02-06,2193.93,DUP_DEBIT,Customer says amount was debited twice.,Resolved,,MEDIUM,Email,,,0,2026-02-06
CBK0001015,TXN00016813,USR32994,MCH3718,,,,charged twice,User reports money deducted but merchant denies receiving payment.,OPEN,,P2,Branch,,,0,
CBK0002601,TXN00008048,USR47942,3036,,,,Fraud Suspected,Payment made to unknown merchant as per customer statement.,IN_PROGRESS,,H,ivr,,,1,
CBK0001159,TXN00004247,USR78862,MCH9098,2026-01-30,,,no service,Merchant service was not delivered after payment. NA,WIP,,P3,chatbot,,,0,
CBK0000535,TXN00013922,USR57069,MCH3346,,,,login compromised,Customer complaint text unclear due to poor call center notes.,IN_PROGRESS,,P3,App,,,0,
CBK0000581,TXN00007551,USR73632,MCH8435,,,,Duplicate Debit,merchant service was not delivered after payment.,Resolved,,P3,chatbot,,,0,
CBK0002148,TXN00006250,USR11419,MCH4680,,,,customer issue,Payment made to unknown merchant as per customer statement.,WIP,,P4,chatbot,,,0,
CBK0001882,TXN00001309,USR58639,MCH2755,,,,account hacked,suspicious high-value payment disputed by customer.,Pending Bank,,H,Email,,,0,
CBK0000659,TXN00017737,USR53527,MCH3861,,,1419.1,customer issue,Payment made to unknown merchant as per customer statement.,CLOSED,,CRIT,chatbot,,,0,
CBK0001128,TXN00007988,USR69706,MCH2973,,,,Unauthorized Transaction,Merchant service was not delivered after payment.,Resolved,,L,IVR,,,1,
CBK0001019,TXN00010667,25121,MCH5175,,,,customer issue,Complaint received after multiple failed attempts.,Open,,LOW,Email,,,0,
CBK0002025,TXN00011048,USR73065,MCH3751,,,,dispute raised,Suspicious high-value payment disputed by customer.,CLOSED,,Low,App,,,0,
CBK0000548,TXN00010219,USR53771,MCH4421,,2026-03-06,,unauthorized_transaction,customer says transaction was not authorized.,In Progress,,H,chatbot,,,1,2026-03-06
CBK0001720,TXN00009955,USR71375,MCH7982,,,,Merchant Not Delivered,user claims account was compromised before transaction.,PENDING_BANK,,MEDIUM,chatbot,,,0,
CBK0002283,TXN00010523,USR84010,MCH6886,,,907.87,amount mismatch,Customer complaint text unclear due to poor call center notes.,WIP,,P2,App,,,0,
CBK0000008,TXN00010497,USR15241,MCH2822,,2026-02-15,1549.8,ATO,Merchant service was not delivered after payment.,Pending Bank,,Medium,chatbot,,,0,2026-02-15
CBK0000850,TXN00013581,USR49649,MCH8251,,,162.44,FRAUD,Payment made to unknown merchant as per customer statement.,CLOSED,,L,chatbot,,,1,
CBK0002122,TXN00015416,USR51198,MCH5655,2026-02-07,,,incorrect amount,Merchant service was not delivered after payment.,REJECTED,,Low,Email,,,0,
CBK0002649,TXN00007227,USR18102,MCH8436,,,3120.43,no service,Payment made to unknown merchant as per customer statement.,Rejected,,MEDIUM,Email,,,0,
CBK0002301,TXN00016200,USR35882,MCH8547,,,,Merchant Not Delivered,Suspicious high-value payment disputed by customer.,Closed,,H,Email,,,0,
CBK0001793,TXN00004370,USR75457,MCH8779,,,,UNAUTHORISED,user claims account was compromised before transaction.,Pending Bank,,P3,ivr,,,1,
CBK0002022,TXN00011522,USR85266,MCH4641,,,,item not received,User claims account was compromised before transaction.,Pending Bank,,P2,App,,,0,
CBK0001053,TXN00012989,USR53359,MCH4181,2026-02-22,,2439.31,dispute raised,Customer says transaction was not authorized.,In Progress,,Low,Branch,,,0,
CBK0000766,TXN00012205,USR25990,4590,,,,item not received,Customer complaint text unclear due to poor call center notes.,PENDING_BANK,,M,Branch,,,0,
CBK0002308,TXN00006966,USR87795,MCH4912,,,645.29,no service,Customer says transaction was not authorized.,In Progress,,MEDIUM,Email,,,0,
CBK0001472,TXN00015404,USR62254,MCH1722,2026-03-29,,1356.41,dispute raised,user says upi pin was not entered by them.,Open,2026-03-31 17:46:38,Low,App,,,0,
CBK0001737,TXN35157,USR51742,MCH3992,,,4673.28,Account Takeover,Customer says transaction was not authorized.,Closed,,Critical,App,,,0,
CBK0000416,TXN00011455,USR31649,MCH3367,,,-5856.29,fraud,User claims account was compromised before transaction.,RESOLVED,,MEDIUM,Branch,,,1,
CBK0001659,TXN00013503,USR75281,MCH8953,2026-03-29,,2276.34,no service,Customer says transaction was not authorized.,Rejected,,P3,Call Center,,,0,
CBK0001784,TXN00013078,USR21865,MCH5686,,,,Customer Dispute,Complaint received after multiple failed attempts.,IN_PROGRESS,,P2,Call Center,,,0,
CBK0001450,TXN00009783,USR83126,MCH9291,,,,Duplicate Debit,User says UPI PIN was not entered by them.,CLOSED,,P3,chatbot,,,0,
CBK0002715,TXN00004748,USR44569,MCH3100,,,,item not received,Payment made to unknown merchant as per cust statement.,Closed,,L,Email,,,0,
CBK0001083,TXN00012710,USR93300,MCH8278,,,,delivery issue,Customer says transaction was not authorized. NA,IN_PROGRESS,,P4,Call Center,,,0,
CBK0001401,TXN00005811,USR43185,MCH1236,,,636.43,incorrect amount,user says upi pin was not entered by them.,Closed,,Medium,chatbot,,,0,
CBK0002028,TXN00013363,USR79366,MCH1123,,,,dispute raised,User claims account was compromised before transaction.,REJECTED,,LOW,CHATBOT,,,0,
CBK0001705,TXN00019762,USR21831,MCH4473,,,978.26,fraud,User claims account was compromised before transaction.,RESOLVED,,HIGH,Email,,,1,
CBK0002651,TXN00011973,USR27533,MCH7670,,,50.0,item not received,Payment made to unknown merchant as per customer statement.,OPEN,2026-02-26 15:01:15,P2,Branch,,,0,
CBK0000233,TXN00018991,USR98336,MCH7031,2026-02-17,2026-02-23,5661.32,unauth txn,Customer complaint text unclear due to poor call center notes.,Open,,MEDIUM,IVR,144.0,,0,2026-02-23
CBK0002624,TXN00001580,USR72987,MCH6380,,,,Unauthorized Transaction,Customer complaint text unclear due to poor call center notes.,Pending Bank,2026-01-25 01:58:32,CRIT,App,,,1,
CBK0000713,TXN00015731,USR42970,MCH8779,,,,customer issue,user says upi pin was not entered by them.,Open,2026-03-03 18:11:53,H,Email,,,0,
CBK0002349,TXN00003229,USR86279,MCH1006,2026-02-21,,12194.3,double debit,User reports money deducted but merchant denies receiving payment.,WIP,,MEDIUM,chatbot,,,0,
CBK0001368,TXN00017555,USR49364,MCH8953,,,2069.43,Unauthorized Transaction,user reports money deducted but merchant denies receiving payment.,Open,,P4,chatbot,,,1,
CBK0002527,TXN00014880,USR22078,MCH5647,2026-01-13,,3936.04,unauth txn,Payment made to unknown merchant as per customer statement.,Resolved,,Medium,Email,,,0,
CBK0000355,TXN00010372,USR64774,MCH3196,,,307.0,UNAUTHORISED,CUSTOMER SAYS TRANSACTION WAS NOT AUTHORIZED.,IN_PROGRESS,,Critical,IVR,,,1,
CBK0000500,TXN00002450,USR53546,7357,,,896.7,amount mismatch,User claims account was compromised before transaction.,Pending Bank,,P3,CHATBOT,,,0,
CBK0000213,TXN00019537,USR55133,MCH1458,,,613.06,customer issue,User reports money deducted but merchant denies receiving payment. NA,Rejected,,P3,Call Center,,,0,
CBK0000214,TXN00000769,USR93581,MCH6844,,,,extra amount deducted,User claims account was compromised before transaction.,OPEN,,Medium,IVR,,,0,
CBK0000577,,USR81643,MCH3563,,,,Service Not Provided,Customer says transaction was not authorized.,OPEN,,Low,Branch,,,0,
CBK0001437,TXN00009735,USR48653,MCH3671,,,,item not received,Customer complaint text unclear due to poor call center notes.,Pending Bank,,HIGH,chatbot,,,0,
CBK0000992,TXN00000272,USR31026,MCH2646,,,,account hacked,User claims account was compromised before transaction.,Pending Bank,,MEDIUM,Branch,,,0,
CBK0000628,TXN00004074,USR56605,MCH8953,,2026-03-02,3617.74,merchant service issue,Payment made to unknown merchant as per customer statement.,Rejected,,Low,Email,,,0,2026-03-02
CBK0001050,TXN00010429,USR33397,MCH2522,,,,DUP_DEBIT,Customer complaint text unclear due to poor call center notes.,WIP,,LOW,IVR,,,0,
CBK0000364,TXN00017377,USR55664,MCH9309,,,9493.15,charged twice,Customer complaint text unclear due to poor call center notes. call dropped,OPEN,,Medium,Branch,,,0,
CBK0002272,TXN00008542,USR97580,MCH5904,,,,service failed,Customer says amount was debited twice.,Pending Bank,,M,CHATBOT,,,0,
CBK0000106,TXN00016875,USR34270,MCH7335,,,-570.66,Unauthorized Transaction,Payment made to unknown merchant as per customer statement.,Pending Bank,,LOW,CHATBOT,,,1,
CBK0000848,TXN00000823,USR23460,MCH5954,,,,scam,Customer says transaction was not authorized.,RESOLVED,,P4,ivr,,,0,
CBK0000506,TXN00018031,USR67892,MCH2770,2026-01-19,,-700.6,extra amount deducted,User reports money deducted but merchant denies receiving payment.,REJECTED,,Medium,Call Center,,,0,
CBK0000714,TXN00000238,USR50454,MCH5655,2026-02-06,,,unauthorized_transaction,Suspicious high-value payment disputed by customer.,Pending Bank,,P3,Email,,,1,
CBK0002318,TXN00011955,USR35555,MCH3810,,2026-03-26,-918.61,dispute raised,Suspicious high-value payment disputed by customer. call dropped,Pending Bank,,L,App,,,0,2026-03-26
CBK0000557,TXN00012212,USR36059,MCH7684,,,,DUP_DEBIT,User reports money deducted but merchant denies receiving payment.,Pending Bank,,L,Branch,,,0,
CBK0001877,TXN98339,15575,MCH5651,,2026-01-28,194.24,FRAUD,User says UPI PIN was not entered by them.,WIP,,L,CHATBOT,,,1,2026-01-28
CBK0000601,TXN00017368,USR21789,MCH8779,2026-02-07,,,merchant service issue,Customer complaint text unclear due to poor call center notes.,WIP,,Medium,Branch,,,0,
CBK0001786,TXN91289,USR77896,8389,,,,no service,Complaint received after multiple failed attempts.,RESOLVED,,CRIT,Branch,,,0,
CBK0000102,TXN00013948,USR79115,MCH3570,,,,complaint,Payment made to unknown merchant as per customer statement.,In Progress,2026-02-16 19:15:57,LOW,App,,,0,
CBK0000745,TXN00010462,USR47272,MCH8805,,,,account hacked,User reports money deducted but merchant denies receiving payment.,CLOSED,,LOW,CHATBOT,,,0,
CBK0000748,TXN00009850,USR16745,MCH7753,,,,FRAUD,Customer complaint text unclear due to poor call center notes.,OPEN,,LOW,Email,,,1,
CBK0002478,TXN00016308,USR74358,MCH6401,,,3857.22,fraud,Suspicious high-value payment disputed by customer.,Open,2026-01-23 21:14:01,L,chatbot,,,1,
CBK0002800,TXN00003664,USR55718,MCH3777,,,,Merchant Not Delivered,Customer says amount was debited twice.,Closed,,M,IVR,,,0,
CBK0002115,TXN00015780,USR98420,MCH7025,,,1404.29,Customer Dispute,User says UPI PIN was not entered by them.,OPEN,,P3,ivr,,,0,
CBK0000948,TXN00019010,USR39487,MCH7891,2026-02-18,,,ATO,Payment made to unknown merchant as per customer statement.,PENDING_BANK,,LOW,Email,,,0,
CBK0002763,TXN00010243,USR96392,MCH8516,,,,incorrect amount,merchant service was not delivered after payment.,RESOLVED,,L,Call Center,,,0,
CBK0001826,TXN00012615,USR61997,MCH4353,,,,unauthorized_transaction,Suspicious high-value payment disputed by customer.,PENDING_BANK,2026-03-03 14:10:36,P3,App,,,1,
CBK0000378,TXN00018467,USR80805,MCH5264,,,,Duplicate Debit,customer says transaction was not authorized.,WIP,,Medium,Branch,,,0,
CBK0001134,TXN00017548,USR13243,MCH9359,,,,Duplicate Debit,User reports money deducted but merchant denies receiving payment.,Resolved,,MEDIUM,ivr,,,0,
CBK0001731,TXN00004984,USR87558,MCH9299,2026-03-31,2026-04-05,,ATO,User reports money deducted but merchant denies receiving payment.,RESOLVED,,High,chatbot,120.0,,0,2026-04-05
CBK0002574,TXN00017235,USR62800,MCH8945,,,18567.74,no service,User says UPI PIN was not entered by them.,PENDING_BANK,,M,IVR,,,0,
CBK0001494,TXN00012935,USR97835,MCH9262,,,,dispute raised,User reports money deducted but merchant denies receiving payment.,Open,,P4,CHATBOT,,,0,
CBK0001678,TXN00013912,USR44975,MCH7114,2026-01-18,2026-01-19,-1478.88,Merchant Not Delivered,Customer says amount was debited twice.,OPEN,,P2,ivr,24.0,,0,2026-01-19
CBK0001643,TXN00000106,USR58071,MCH5954,,,7755.19,unauthorized_transaction,Complaint received after multiple failed attempts.,Pending Bank,,CRIT,CHATBOT,,,1,
CBK0000190,TXN00009749,USR32223,MCH5076,,,193.15,amount mismatch,Customer says transaction was not authorized.,RESOLVED,,Low,IVR,,,0,
CBK0000556,TXN00013406,USR49847,MCH4590,,,6052.19,suspicious transaction,Customer complaint text unclear due to poor call center notes.,Open,,HIGH,IVR,,,0,
CBK0000222,TXN00003640,USR39837,MCH5980,,2026-01-09,,Account Takeover,Suspicious high-value payment disputed by customer.,Pending Bank,2026-01-24 12:53:46,P3,Call Center,,372.8961111111111,0,2026-01-09
CBK0002310,TXN00008525,USR62313,MCH8146,,2026-03-05,,Wrong Amount,Suspicious high-value payment disputed by customer.,CLOSED,,High,Branch,,,0,2026-03-05
CBK0001236,TXN00016325,50779,1320,,,,not done by me,Suspicious high-value payment disputed by customer.,REJECTED,,M,Email,,,0,
CBK0001039,TXN00010686,USR79207,MCH7408,,,,extra amount deducted,User says UPI PIN was not entered by them.,Rejected,,P1,App,,,0,
CBK0002425,TXN00014868,USR39427,MCH2383,,,,Merchant Not Delivered,Suspicious high-value payment disputed by customer.,PENDING_BANK,,M,ivr,,,0,
CBK0001745,TXN00007273,USR17798,MCH6810,,,673.49,Duplicate Debit,Payment made to unknown merchant as per customer statement.,Open,,Medium,Call Center,,,0,
CBK0000764,TXN00017113,USR98093,MCH8779,,,580.57,Customer Dispute,Merchant service was not delivered after payment.,PENDING_BANK,,M,Branch,,,0,
CBK0001814,TXN00002883,USR42970,MCH2296,,,-19036.69,charged twice,USER SAYS UPI PIN WAS NOT ENTERED BY THEM.,OPEN,,P1,Call Center,,,0,
CBK0002536,TXN00009622,USR33596,MCH3032,,,,ATO,User reports money deducted but merchant denies receiving payment.,Open,2026-03-17 00:16:23,P1,App,,,0,
CBK0000231,TXN00017060,USR94815,MCH5980,,,575.09,Customer Dispute,User reports money deducted but merchant denies receiving payment.,CLOSED,,P4,ivr,,,0,
CBK0000462,TXN00018761,USR24660,MCH9291,2026-01-23,,,unauthorized_transaction,Customer says amount was debited twice.,IN_PROGRESS,,L,Email,,,1,
CBK0000469,TXN00002630,USR94595,MCH7286,,,-7890.76,unauthorized_transaction,Complaint received after multiple failed attempts. call dropped,Pending Bank,,L,CHATBOT,,,1,
CBK0000889,TXN00015963,USR97266,MCH6752,,2026-01-22,,FRAUD,CUSTOMER SAYS AMOUNT WAS DEBITED TWICE.,In Progress,,Medium,IVR,,,1,2026-01-22
CBK0000604,TXN00008566,USR17861,MCH3597,,,2673.74,unauth txn,User claims account was compromised before transaction.,PENDING_BANK,,LOW,CHATBOT,,,0,
CBK0000611,TXN00014367,USR58639,MCH4078,2026-02-17,2026-03-05,996.14,service failed,User says UPI PIN was not entered by them.,Open,,L,CHATBOT,384.0,,0,2026-03-05
CBK0001017,TXN85757,USR56228,MCH8964,,,585.8,charged twice,Payment made to unknown merchant as per customer statement.,Rejected,,Critical,CHATBOT,,,0,
CBK0002108,TXN00013246,USR62233,MCH8714,2026-02-12,,,charged twice,Customer says amount was debited twice.,REJECTED,,Low,App,,,0,
CBK0001742,TXN00000794,USR25428,MCH4105,2026-02-19,2026-02-22,6042.03,Merchant Not Delivered,Complaint received after multiple failed attempts.,OPEN,,H,IVR,72.0,,0,2026-02-22
CBK0000082,TXN00013051,USR86387,MCH8735,2026-02-26,,,item not received,Suspicious high-value payment disputed by customer.,IN_PROGRESS,,LOW,App,,,0,
CBK0000597,TXN00012105,USR80223,MCH3594,,,,Duplicate Debit,User reports money deducted but merchant denies receiving payment.,IN_PROGRESS,,L,chatbot,,,0,
CBK0001220,TXN00001198,21945,MCH7467,,,,not done by me,User says UPI PIN was not entered by them.,RESOLVED,,H,App,,,0,
CBK0001207,TXN00007505,USR33427,MCH5300,,,13713.48,Duplicate Debit,Customer complaint text unclear due to poor call center notes.,WIP,,L,CHATBOT,,,0,
CBK0000177,TXN00001663,USR24926,7681,,,,service failed,Complaint received after multiple failed attempts.,Resolved,,P4,ivr,,,0,
CBK0001332,TXN00009814,USR65176,MCH2398,,,,not delivered,Customer says transaction was not authorized.,IN_PROGRESS,,M,Branch,,,0,
CBK0000021,TXN00013452,USR44435,MCH8391,,,-2480.91,Fraud Suspected,User reports money deducted but merchant denies receiving payment.,In Progress,,Medium,IVR,,,1,
CBK0001202,TXN00005621,USR59000,MCH3815,,,,customer issue,Customer says transaction was not authorized.,Resolved,,P4,chatbot,,,0,
CBK0002171,TXN00015034,USR73039,MCH1572,,,,DUP_DEBIT,Payment made to unknown merchant as per cust statement.,RESOLVED,,P2,Call Center,,,0,
CBK0001878,TXN00014566,USR75314,MCH2363,,,,charged twice,customer says transaction was not authorized.,PENDING_BANK,2026-04-09 07:04:16,HIGH,App,,,0,
CBK0002648,TXN00015715,USR23388,7559,2026-02-10,,,amount mismatch,Customer complaint text unclear due to poor call center notes.,In Progress,,Low,Email,,,0,
CBK0000078,TXN00019392,USR55898,MCH8405,2026-01-21,,,customer issue,User claims account was compromised before transaction.,Closed,,H,ivr,,,0,
CBK0001469,TXN00008274,USR45724,MCH3032,,2026-02-28,1114.45,not delivered,Suspicious high-value payment disputed by customer.,RESOLVED,2026-03-18 11:31:43,High,Call Center,,443.5286111111111,0,2026-02-28
CBK0001428,TXN00001443,USR74417,MCH7286,,,,UNAUTHORISED,User claims account was compromised before transaction.,OPEN,,LOW,App,,,1,
CBK0001501,TXN00010823,USR14938,MCH1880,,,-2588.02,DUP_DEBIT,Complaint received after multiple failed attempts.,OPEN,,MEDIUM,App,,,0,
CBK0001566,TXN00004832,USR79325,MCH4041,,,,Unauthorized Transaction,Customer says amount was debited twice.,IN_PROGRESS,,M,Email,,,1,
CBK0001806,TXN00003889,USR73653,MCH4226,,,,scam,User says UPI PIN was not entered by them.,Rejected,,H,IVR,,,0,
CBK0001668,TXN00013060,USR11531,MCH8697,,,,incorrect amount,Customer says txn was not authorized.,In Progress,,M,Email,,,0,
CBK0000755,TXN00002595,USR34052,MCH5808,,,-1658.43,not done by me,Suspicious high-value payment disputed by customer.,Pending Bank,2026-04-27 22:33:32,H,chatbot,,,0,
CBK0001037,TXN98409,USR20076,MCH8779,,,645.47,extra amount deducted,Suspicious high-value payment disputed by customer.,OPEN,,HIGH,Branch,,,0,
CBK0001813,TXN00002689,USR68461,MCH8451,,,2158.72,delivery issue,Merchant service was not delivered after payment.,OPEN,,HIGH,Call Center,,,0,
CBK0000382,TXN00000312,USR42726,MCH6175,,,-545.34,no service,User claims account was compromised before transaction.,PENDING_BANK,,MEDIUM,CHATBOT,,,0,
CBK0000706,TXN00005543,USR82059,MCH4181,,,1362.67,extra amount deducted,complaint received after multiple failed attempts.,OPEN,,P3,Call Center,,,0,
CBK0002633,TXN00018827,USR76516,MCH2530,,,2231.59,merchant service issue,Payment made to unknown merchant as per customer statement.,REJECTED,,P3,IVR,,,0,
CBK0000549,TXN00011700,USR72892,MCH1046,,,,dispute raised,Suspicious high-value payment disputed by customer.,OPEN,,LOW,Branch,,,0,
CBK0000192,TXN00001285,USR71300,MCH9402,,,,complaint,USER SAYS UPI PIN WAS NOT ENTERED BY THEM.,Open,,P4,App,,,0,
CBK0001672,TXN00010193,USR30239,MCH9948,,,-1194.2,Customer Dispute,Customer complaint text unclear due to poor call center notes.,CLOSED,,Medium,Email,,,0,
CBK0002502,TXN00001155,USR59679,MCH6426,,,335.78,incorrect amount,Payment made to unknown merchant as per customer statement.,IN_PROGRESS,,Medium,Branch,,,0,
CBK0000308,TXN00017336,USR23149,MCH8953,2026-03-23,,,Merchant Not Delivered,User says UPI PIN was not entered by them.,RESOLVED,,CRITICAL,Call Center,,,0,
CBK0001002,TXN00015644,USR20239,MCH3815,2026-03-27,,4307.19,scam,User claims account was compromised before transaction.,Pending Bank,,MEDIUM,chatbot,,,0,
CBK0001066,TXN00015023,USR41036,MCH5655,,2026-02-02,,no service,merchant service was not delivered after payment.,In Progress,,P2,ivr,,,0,2026-02-02
CBK0000617,TXN00014515,USR11419,MCH7833,2026-02-09,,,item not received,USER SAYS UPI PIN WAS NOT ENTERED BY THEM.,OPEN,,L,CHATBOT,,,0,
CBK0002721,TXN00017658,USR43499,MCH9765,,,845.38,complaint,Customer says transaction was not authorized.,Pending Bank,,Medium,Email,,,0,
CBK0001758,TXN00014222,USR16922,MCH6546,,,,extra amount deducted,Customer says amount was debited twice.,Rejected,,P4,chatbot,,,0,
CBK0002630,TXN00019209,USR61436,9582,,2026-03-28,,login compromised,COMPLAINT RECEIVED AFTER MULTIPLE FAILED ATTEMPTS.,Open,,LOW,chatbot,,,0,2026-03-28
CBK0000265,TXN00016348,USR10307,MCH4590,,,,no service,User claims account was compromised before transaction.,Rejected,2026-02-18 13:58:34,Low,ivr,,,0,
CBK0000795,TXN00010007,USR13134,MCH3292,,,2021.11,amount mismatch,Customer says transaction was not authorized. details missing,In Progress,,L,IVR,,,0,
CBK0000274,TXN00005429,USR12958,MCH5946,,2026-01-18,1860.96,not delivered,Customer complaint text unclear due to poor call center notes.,OPEN,2026-02-07 14:33:08,Low,ivr,,494.5522222222222,0,2026-01-18
CBK0000779,TXN00000534,USR89996,MCH4842,,,,unauth txn,User reports money deducted but merchant denies receiving payment.,OPEN,,L,Call Center,,,0,
CBK0001116,TXN80108,USR56399,MCH3406,,,1189.65,Merchant Not Delivered,User claims account was compromised before transaction.,WIP,,P2,ivr,,,0,
CBK0000162,TXN00001838,USR56312,MCH5172,,,,fraud,Customer says transaction was not authorized.,REJECTED,,LOW,IVR,,,1,
CBK0000758,TXN00015649,USR79175,MCH9344,,,2175.05,ATO,Complaint received after multiple failed attempts.,REJECTED,,H,ivr,,,0,
CBK0000235,TXN00006623,USR14727,MCH4226,,,1154.99,no service,USER CLAIMS ACCOUNT WAS COMPROMISED BEFORE TRANSACTION.,IN_PROGRESS,,L,CHATBOT,,,0,
CBK0001865,TXN00006954,USR17902,MCH6053,2026-03-21,,186.51,not delivered,Customer says transaction was not authorized.,Closed,2026-04-20 07:07:09,Medium,IVR,,,0,
CBK0001534,TXN00017134,USR12661,MCH2383,,,-2108.75,Unauthorized Transaction,Customer says transaction was not authorized.,Resolved,,P4,Branch,,,1,
CBK0001809,TXN00010916,USR20534,MCH8241,,,2538.37,Customer Dispute,Customer complaint text unclear due to poor call center notes.,Rejected,,P4,CHATBOT,,,0,
CBK0001765,TXN00013993,USR29854,MCH6810,,,2111.63,login compromised,User claims account was compromised before txn.,IN_PROGRESS,,Low,ivr,,,0,
CBK0001287,TXN00011889,USR22939,MCH9579,,,1592.55,unauth txn,User reports money deducted but merchant denies receiving payment.,Rejected,,Low,IVR,,,0,
CBK0002594,TXN00005908,USR24024,MCH1329,,,1603.01,DUP_DEBIT,CUSTOMER SAYS AMOUNT WAS DEBITED TWICE.,Closed,2026-02-04 22:51:08,L,ivr,,,0,
CBK0002782,TXN00004814,USR53828,MCH2822,,,,fraud,Payment made to unknown merchant as per cust statement.,Rejected,,LOW,Branch,,,1,
CBK0000678,TXN00006912,USR67333,MCH9291,,,,account hacked,User reports money deducted but merchant denies receiving payment.,WIP,,MEDIUM,Branch,,,0,
CBK0002017,TXN00009156,USR53547,MCH6913,,,,charged twice,Customer says transaction was not authorized.,IN_PROGRESS,,Low,Branch,,,0,
CBK0001396,TXN00008851,USR34889,MCH8779,,,1383.51,Duplicate Debit,User reports money deducted but merchant denies receiving payment.,Rejected,,MEDIUM,Branch,,,0,
CBK0000750,TXN00010355,USR45600,MCH5980,,2026-03-03,-1284.43,item not received,Complaint received after multiple failed attempts.,CLOSED,,P2,Email,,,0,2026-03-03
CBK0002021,TXN00012401,USR36322,MCH8425,,,13235.72,delivery issue,Customer says amount was debited twice.,CLOSED,,LOW,chatbot,,,0,
CBK0000977,TXN00003072,USR68775,MCH5569,,,,item not received,Customer complaint text unclear due to poor call center notes.,Open,,P4,Branch,,,0,
CBK0000640,TXN00012946,USR57297,MCH2401,,,,Service Not Provided,Suspicious high-value payment disputed by customer.,Closed,,P4,Email,,,0,
CBK0001144,TXN00018387,USR76178,MCH1024,,,741.15,FRAUD,USER REPORTS MONEY DEDUCTED BUT MERCHANT DENIES RECEIVING PAYMENT.,Open,,M,CHATBOT,,,1,
CBK0002611,TXN00001244,USR27732,MCH4473,,,722.73,suspicious transaction,Customer says txn was not authorized.,Rejected,,M,IVR,,,0,
CBK0002124,TXN00002782,USR13215,MCH4702,,,,merchant service issue,Suspicious high-value payment disputed by cust.,Rejected,,P2,App,,,0,
CBK0001212,TXN00010220,USR14892,MCH2296,,,4146.24,double debit,merchant service was not delivered after payment.,Resolved,,P4,ivr,,,0,
CBK0000027,TXN00014669,USR36534,MCH6898,2026-02-10,,,fraud,Customer says amount was debited twice.,RESOLVED,,P4,Email,,,1,
CBK0002385,TXN00016200,USR19881,MCH2065,,,,item not received,customer says amount was debited twice.,IN_PROGRESS,,M,Email,,,0,
CBK0001267,TXN00003341,USR56149,MCH6968,,,,Wrong Amount,CUSTOMER SAYS TRANSACTION WAS NOT AUTHORIZED.,Rejected,,P4,Email,,,0,
CBK0002560,TXN00010384,USR77352,MCH2786,,,,complaint,Merchant service was not delivered after payment.,In Progress,,M,Branch,,,0,
CBK0001386,TXN00012491,USR83236,4552,,,-3187.1,Service Not Provided,User reports money deducted but merchant denies receiving payment.,CLOSED,2026-02-06 17:32:51,P2,Branch,,,0,
CBK0000397,TXN00011692,USR71635,MCH2757,,,,Duplicate Debit,Merchant service was not delivered after payment.,OPEN,,MEDIUM,ivr,,,0,
CBK0002613,TXN00008727,USR47519,MCH3071,,,253.89,complaint,Merchant service was not delivered after payment.,IN_PROGRESS,,Low,IVR,,,0,
CBK0001869,TXN00000074,USR49567,MCH3266,,,-1503.93,Wrong Amount,Customer says transaction was not authorized. urgent,Resolved,,P3,ivr,,,0,
CBK0002654,TXN00013866,USR55262,MCH4226,,,-3952.26,Account Takeover,Payment made to unknown merchant as per customer statement.,Rejected,2026-04-13 21:53:19,L,CHATBOT,,,0,
CBK0002714,TXN00001631,USR87649,3989,,,,not done by me,Suspicious high-value payment disputed by customer.,RESOLVED,2026-03-25 19:43:59,P4,ivr,,,0,
CBK0001562,TXN00018017,USR24710,MCH6971,,,1017.08,customer issue,User claims account was compromised before transaction.,Open,,M,chatbot,,,0,
CBK0001934,TXN00000863,USR78884,MCH9125,,,,merchant service issue,User says UPI PIN was not entered by them.,OPEN,,HIGH,chatbot,,,0,
CBK0000041,TXN00001568,USR27328,MCH3518,,,,Duplicate Debit,merchant service was not delivered after payment.,In Progress,2026-02-01 02:46:29,L,App,,,0,
CBK0001885,,USR59329,MCH5331,,,,fraud,user says upi pin was not entered by them.,REJECTED,,High,IVR,,,1,
CBK0001719,TXN00009609,USR13864,MCH7474,,,,login compromised,Customer says amount was debited twice.,CLOSED,,P2,ivr,,,0,
CBK0000006,TXN00007711,USR96033,MCH8372,2026-02-06,,842.88,incorrect amount,User reports money deducted but merchant denies receiving payment.,WIP,,High,Call Center,,,0,
CBK0001575,TXN00003257,USR24459,MCH6850,,,198.46,item not received,Merchant service was not delivered after payment.,Resolved,,P4,ivr,,,0,
CBK0002321,TXN00014977,USR11586,MCH2103,,2026-01-19,683.69,fraud,User claims account was compromised before transaction.,REJECTED,,HIGH,App,,,1,2026-01-19
CBK0000487,TXN00004712,USR85655,MCH1072,,,2950.32,account hacked,User says UPI PIN was not entered by them.,REJECTED,,CRITICAL,ivr,,,0,
CBK0002725,TXN00008319,USR50664,MCH9581,,,,Unauthorized Transaction,User reports money deducted but merchant denies receiving payment.,Closed,,P4,chatbot,,,1,
CBK0002628,TXN00016840,USR73920,MCH4401,,,276.74,dispute raised,customer says amount was debited twice.,OPEN,,P2,Branch,,,0,
CBK0002130,TXN00010659,USR82224,MCH4086,,2026-03-20,,charged twice,payment made to unknown merchant as per customer statement.,CLOSED,,L,ivr,,,0,2026-03-20
CBK0000935,TXN00017209,USR91820,MCH5221,,,1552.09,charged twice,Customer complaint text unclear due to poor call center notes.,CLOSED,,Medium,Email,,,0,
CBK0002163,TXN00012741,USR47358,MCH2822,,,,unauth txn,Customer complaint text unclear due to poor call center notes.,In Progress,,M,CHATBOT,,,0,
CBK0000210,TXN00001539,USR60489,MCH7607,,,,dispute raised,customer says transaction was not authorized.,WIP,,Medium,chatbot,,,0,
CBK0000972,TXN00017157,USR27216,MCH1366,,,,amount mismatch,Customer says transaction was not authorized. call dropped,Pending Bank,,M,Branch,,,0,
CBK0001378,TXN00013740,53440,MCH5264,,,-7287.56,amount mismatch,Suspicious high-value payment disputed by customer.,IN_PROGRESS,,LOW,Email,,,0,
CBK0000498,TXN00013816,USR55662,MCH9760,,,-734.96,UNAUTHORISED,Customer complaint text unclear due to poor call center notes.,RESOLVED,,P4,ivr,,,1,
CBK0002011,TXN00005230,USR24993,MCH5993,,2026-01-18,,no service,User says UPI PIN was not entered by them.,REJECTED,,Medium,App,,,0,2026-01-18
CBK0002475,TXN00015216,USR46902,MCH4919,,2026-02-19,,not done by me,Suspicious high-value payment disputed by customer.,WIP,,P1,Call Center,,,0,2026-02-19
CBK0000024,TXN00007464,USR69440,MCH7458,,,,extra amount deducted,Complaint received after multiple failed attempts.,REJECTED,,P3,chatbot,,,0,
CBK0002300,TXN00009857,USR61606,6632,,,,item not received,Suspicious high-value payment disputed by customer.,REJECTED,,M,Branch,,,0,
CBK0002143,TXN78938,USR24536,MCH9291,,,2889.21,incorrect amount,user claims account was compromised before transaction.,CLOSED,,P3,Call Center,,,0,
CBK0000161,TXN00017149,USR60681,MCH8391,,,,suspicious transaction,suspicious high-value payment disputed by customer.,IN_PROGRESS,,HIGH,IVR,,,0,
CBK0001670,TXN00018666,USR83277,MCH7513,,,,unauth txn,Suspicious high-value payment disputed by customer.,Open,,P3,Branch,,,0,
CBK0000931,TXN00005802,USR60098,MCH6474,,,964.98,Fraud Suspected,user claims account was compromised before transaction.,Open,,M,ivr,,,1,
CBK0001176,TXN00012064,USR50427,MCH3651,,2026-03-29,,unauthorized_transaction,Suspicious high-value payment disputed by customer.,IN_PROGRESS,,MEDIUM,Email,,,1,2026-03-29
CBK0001027,TXN00002451,USR57852,MCH2510,,,-224.97,not done by me,Customer complaint text unclear due to poor call center notes.,RESOLVED,,M,Call Center,,,0,
CBK0001490,TXN00003514,USR77962,MCH9344,,,1510.93,service failed,USER SAYS UPI PIN WAS NOT ENTERED BY THEM.,Pending Bank,,Medium,CHATBOT,,,0,
CBK0000732,TXN00004610,USR32036,MCH3057,,,5879.13,scam,Suspicious high-value payment disputed by customer.,RESOLVED,,Medium,Email,,,0,
CBK0000216,TXN00011136,USR94832,MCH2451,,,,merchant service issue,user reports money deducted but merchant denies receiving payment.,Rejected,,P3,IVR,,,0,
CBK0002070,TXN00002337,USR40538,MCH4812,,,,scam,Merchant service was not delivered after payment.,Closed,,CRIT,Branch,,,0,
CBK0001887,TXN00011174,USR84917,MCH4909,,2026-03-01,2412.7,Customer Dispute,User reports money deducted but merchant denies receiving payment.,Pending Bank,,P3,IVR,,,0,2026-03-01
CBK0001789,TXN00007455,USR44134,MCH3520,2026-01-02,,1002.8,not delivered,merchant service was not delivered after payment.,Open,,High,IVR,,,0,
CBK0000641,TXN00007177,USR11036,3177,2026-01-17,,,unauth txn,Customer says amount was debited twice.,CLOSED,,Medium,Branch,,,0,
CBK0001964,TXN00002766,USR97332,MCH6356,2026-02-08,,,customer issue,User claims account was compromised before transaction.,Open,,M,ivr,,,0,
CBK0001842,TXN00012727,USR63387,MCH2945,,,,extra amount deducted,Customer says amount was debited twice.,Closed,,CRIT,ivr,,,0,
CBK0000974,TXN00010092,USR70647,MCH6974,2026-03-16,,1533.39,fraud,Merchant service was not delivered after payment.,OPEN,,P4,IVR,,,1,
CBK0001292,TXN00018296,USR56334,MCH1320,2026-03-11,,,DUP_DEBIT,USER CLAIMS ACCOUNT WAS COMPROMISED BEFORE TRANSACTION.,Closed,,M,ivr,,,0,
CBK0002754,TXN00014491,40425,MCH1768,,,,login compromised,Complaint received after multiple failed attempts.,WIP,,P4,IVR,,,0,
CBK0002287,TXN00004573,USR40925,MCH4181,,,495.68,extra amount deducted,Customer says amount was debited twice.,Closed,,Medium,IVR,,,0,
CBK0000037,TXN00005659,USR96672,MCH9397,2026-03-07,,-2505.44,customer issue,User reports money deducted but merchant denies receiving payment.,WIP,,M,ivr,,,0,
CBK0000726,TXN00016050,USR43040,MCH4578,,2026-01-26,,amount mismatch,User says UPI PIN was not entered by them.,Resolved,,P3,IVR,,,0,2026-01-26
CBK0002577,TXN00004121,USR90720,MCH8154,,,,charged twice,Complaint received after multiple failed attempts.,In Progress,,HIGH,CHATBOT,,,0,
CBK0001624,TXN00012795,USR83035,MCH3452,,,,item not received,CUSTOMER SAYS AMOUNT WAS DEBITED TWICE.,CLOSED,2026-02-10 16:03:46,Medium,IVR,,,0,
CBK0002259,TXN00013350,USR98061,MCH8037,,,,not delivered,Complaint received after multiple failed attempts.,Pending Bank,,P3,CHATBOT,,,0,
CBK0002144,TXN00008909,USR70631,MCH6347,,,,Unauthorized Transaction,Customer complaint text unclear due to poor call center notes.,RESOLVED,,LOW,Call Center,,,1,
CBK0001300,TXN00009464,USR85148,MCH7648,2026-02-09,,,account hacked,Merchant service was not delivered after payment.,PENDING_BANK,,HIGH,ivr,,,0,
CBK0002037,TXN00000736,USR80842,MCH3769,2026-03-15,,,account hacked,User reports money deducted but merchant denies receiving payment.,WIP,,Low,CHATBOT,,,0,
CBK0001277,TXN00010511,USR79673,MCH3992,,,12071.05,complaint,User says UPI PIN was not entered by them.,Closed,,P4,Email,,,0,
CBK0001875,TXN00017156,USR39926,MCH4882,,,-1059.67,login compromised,user reports money deducted but merchant denies receiving payment.,Rejected,,Medium,App,,,0,
CBK0002724,TXN00007282,USR52296,MCH8854,,,9729.28,extra amount deducted,Payment made to unknown merchant as per customer statement.,PENDING_BANK,,MEDIUM,Branch,,,0,
CBK0002354,TXN00009248,72500,MCH5264,,,-728.36,incorrect amount,user claims account was compromised before transaction.,Resolved,,Critical,Email,,,0,
CBK0002027,TXN00002894,USR72952,MCH7286,,,,customer issue,Customer says amount was debited twice. pls check asap,WIP,,P3,CHATBOT,,,0,
CBK0001440,TXN00009124,USR51720,MCH1539,,,,service failed,Customer says transaction was not authorized.,IN_PROGRESS,,M,IVR,,,0,
CBK0001493,TXN00006595,USR31543,MCH5575,,,,extra amount deducted,USER SAYS UPI PIN WAS NOT ENTERED BY THEM.,Pending Bank,,Low,Call Center,,,0,
CBK0002689,TXN00011270,USR88203,MCH3731,,,,not done by me,Payment made to unknown merchant as per customer statement.,Open,2026-03-23 08:07:52,P4,CHATBOT,,,0,
CBK0001217,TXN00010449,USR44544,MCH3100,,,,service failed,User claims account was compromised before transaction.,Resolved,,L,Call Center,,,0,
CBK0001517,TXN00016968,USR40843,MCH2266,,,1768.72,ATO,Merchant service was not delivered after payment.,Rejected,,Medium,App,,,0,
CBK0001187,TXN00012133,USR31699,MCH5290,,,,login compromised,Complaint received after multiple failed attempts.,PENDING_BANK,,L,App,,,0,
CBK0001516,TXN00013162,USR27947,MCH4181,,,221.35,service failed,Customer says transaction was not authorized.,Closed,,High,App,,,0,
CBK0000320,TXN00014355,USR27329,MCH4446,,,-493.43,DUP_DEBIT,Merchant service was not delivered after payment.,Pending Bank,2026-04-02 07:51:22,M,chatbot,,,0,
CBK0001107,TXN44609,USR77130,MCH2757,,,771.44,customer issue,Customer complaint text unclear due to poor call center notes.,RESOLVED,,P3,App,,,0,
CBK0002375,TXN00011957,USR43004,MCH4590,,2026-03-09,,ATO,User reports money deducted but merchant denies receiving payment.,WIP,,M,Email,,,0,2026-03-09
CBK0000151,TXN00005861,USR31659,MCH5954,,,10091.73,amount mismatch,User reports money deducted but merchant denies receiving payment.,REJECTED,,P4,Email,,,0,
CBK0001351,TXN00015779,USR29306,MCH1450,2026-01-06,,,ATO,customer complaint text unclear due to poor call center notes.,Open,,L,CHATBOT,,,0,
CBK0001111,TXN00009206,USR23400,MCH6695,,,,delivery issue,Merchant service was not delivered after payment.,OPEN,,P2,Call Center,,,0,
CBK0000545,TXN00011868,USR25128,MCH3714,2026-02-02,,1080.46,account hacked,Payment made to unknown merchant as per customer statement.,Pending Bank,,Low,CHATBOT,,,0,
CBK0002717,TXN00010611,USR62341,MCH6810,,,1248.48,Customer Dispute,User says UPI PIN was not entered by them.,REJECTED,,HIGH,CHATBOT,,,0,
CBK0001384,TXN00016135,USR75723,MCH7246,,,,Unauthorized Transaction,Merchant service was not delivered after payment.,Open,,MEDIUM,chatbot,,,1,
CBK0002625,TXN00004157,USR67803,MCH8154,,2026-02-04,,dispute raised,Customer says transaction was not authorized.,Open,,Low,Call Center,,,0,2026-02-04
CBK0002253,TXN00003501,USR85258,MCH4018,,,,dispute raised,Payment made to unknown merchant as per customer statement.,Resolved,,M,Call Center,,,0,
CBK0002128,TXN00007497,USR22535,MCH7048,,,-5331.95,scam,User claims account was compromised before transaction. urgent,In Progress,,High,App,,,0,
CBK0000184,TXN00001095,USR35485,MCH7351,,,,dispute raised,User claims account was compromised before transaction.,REJECTED,,MEDIUM,IVR,,,0,
CBK0001646,TXN00008404,USR50087,MCH8857,,,,unauth txn,Customer complaint text unclear due to poor call center notes.,In Progress,,LOW,IVR,,,0,
CBK0002445,TXN87166,USR20310,MCH3100,,,2084.49,login compromised,User says UPI PIN was not entered by them.,Resolved,2026-03-11 01:21:40,MEDIUM,Call Center,,,0,
CBK0001479,TXN00008854,USR96222,MCH8391,,,2299.14,extra amount deducted,Suspicious high-value payment disputed by customer.,REJECTED,2026-04-15 13:27:49,MEDIUM,CHATBOT,,,0,
CBK0002009,TXN00007679,USR85277,MCH4226,,,504.58,service failed,USER REPORTS MONEY DEDUCTED BUT MERCHANT DENIES RECEIVING PAYMENT.,Open,,H,Branch,,,0,
CBK0002490,,USR43455,MCH9521,,,,merchant service issue,USER CLAIMS ACCOUNT WAS COMPROMISED BEFORE TRANSACTION.,RESOLVED,,High,CHATBOT,,,0,
CBK0001380,TXN00009008,USR35697,MCH7809,2026-03-23,,,customer issue,USER SAYS UPI PIN WAS NOT ENTERED BY THEM.,REJECTED,,L,IVR,,,0,
CBK0002216,TXN00007764,USR83977,MCH3026,2026-03-19,,,complaint,User claims account was compromised before transaction.,OPEN,,Medium,chatbot,,,0,
CBK0001727,TXN00016545,USR45053,MCH5655,,,,not done by me,Customer complaint text unclear due to poor call center notes.,In Progress,,M,App,,,0,
CBK0000270,TXN00010202,USR15203,5264,,2026-01-25,1328.22,suspicious transaction,Payment made to unknown merchant as per customer statement.,PENDING_BANK,,P4,Branch,,,0,2026-01-25
CBK0000511,TXN00018141,USR72986,MCH8779,,,,merchant service issue,Customer complaint text unclear due to poor call center notes.,RESOLVED,,MEDIUM,App,,,0,
CBK0002731,TXN00000182,USR78938,MCH8953,,,,customer issue,user claims account was compromised before transaction.,CLOSED,,P2,App,,,0,
CBK0001334,TXN00013020,USR94669,6850,,,2027.64,amount mismatch,User reports money deducted but merchant denies receiving payment.,WIP,,M,ivr,,,0,
CBK0000009,TXN00007204,USR51727,MCH4175,2026-03-15,,-4713.91,Account Takeover,Suspicious high-value payment disputed by customer.,REJECTED,,High,Branch,,,0,
CBK0000733,TXN00012362,USR55838,MCH4181,,,4043.04,ATO,User says UPI PIN was not entered by them.,OPEN,,P1,Branch,,,0,
CBK0001152,TXN00008504,USR31293,1317,,,,scam,User reports money deducted but merchant denies receiving payment.,PENDING_BANK,,P3,Branch,,,0,
CBK0000886,TXN00012882,USR83501,MCH3412,,,,suspicious transaction,Payment made to unknown merchant as per customer statement.,Resolved,,M,CHATBOT,,,0,
CBK0002753,TXN00006756,USR69271,MCH1635,,,,Service Not Provided,Payment made to unknown merchant as per customer statement.,PENDING_BANK,,P3,Branch,,,0,
CBK0001224,TXN00008299,USR61715,MCH1151,,,,FRAUD,SUSPICIOUS HIGH-VALUE PAYMENT DISPUTED BY CUSTOMER.,Open,2026-02-03 03:47:20,Medium,Email,,,1,
CBK0000155,TXN00010068,USR53527,MCH9030,,,,Unauthorized Transaction,Merchant service was not delivered after payment.,PENDING_BANK,,LOW,chatbot,,,1,
CBK0001466,TXN00015318,USR91423,MCH3984,,,,not delivered,Suspicious high-value payment disputed by customer.,Closed,,Medium,CHATBOT,,,0,
CBK0001664,TXN00018525,USR61151,MCH2048,,,263.29,fraud,User reports money deducted but merchant denies receiving payment.,PENDING_BANK,,LOW,CHATBOT,,,1,
CBK0001452,TXN00008175,USR21384,MCH2062,2026-02-22,,7668.14,complaint,Customer says amount was debited twice.,Open,,Low,App,,,0,
CBK0002640,TXN00005546,USR34195,MCH2365,,,,charged twice,User claims account was compromised before transaction.,Open,,P4,Call Center,,,0,
CBK0000867,TXN00019528,USR25296,MCH5076,2026-01-31,,2653.08,item not received,User claims account was compromised before transaction.,Closed,,Medium,CHATBOT,,,0,
CBK0002768,TXN68399,USR40977,MCH2404,,,,UNAUTHORISED,User claims account was compromised before transaction.,Open,,High,chatbot,,,1,
CBK0001778,TXN00019856,USR11814,MCH9334,,,,Account Takeover,Complaint received after multiple failed attempts. call dropped,PENDING_BANK,,HIGH,CHATBOT,,,0,
CBK0002238,TXN00002006,USR76792,MCH3459,,,637.05,no service,Payment made to unknown merchant as per customer statement. details missing,OPEN,,MEDIUM,Email,,,0,
CBK0001923,TXN00016966,USR62899,MCH8181,,,1081.02,charged twice,customer complaint text unclear due to poor call center notes.,Resolved,,LOW,Email,,,0,
CBK0000471,TXN00007267,USR46455,MCH8953,,,890.07,Duplicate Debit,Merchant service was not delivered after payment.,REJECTED,,LOW,CHATBOT,,,0,
CBK0001626,TXN49458,USR11987,MCH8783,,,12414.63,Customer Dispute,User claims account was compromised before transaction.,Open,,CRIT,Branch,,,0,
CBK0002210,TXN00005430,USR83180,MCH5840,,,,unauth txn,Complaint received after multiple failed attempts.,Pending Bank,,M,ivr,,,0,
CBK0000127,TXN00007654,USR54113,MCH3992,,,,charged twice,Customer complaint text unclear due to poor call center notes.,PENDING_BANK,,P3,CHATBOT,,,0,
CBK0000705,TXN00001152,USR35882,MCH9206,,,,double debit,customer complaint text unclear due to poor call center notes.,REJECTED,,P3,chatbot,,,0,
CBK0000507,TXN00012054,USR64199,MCH5589,,,666.76,Fraud Suspected,Complaint received after multiple failed attempts.,In Progress,2026-03-30 13:39:09,H,Call Center,,,1,
CBK0002408,TXN00013519,21313,MCH4396,,,4980.8,merchant service issue,Merchant service was not delivered after payment.,WIP,,High,CHATBOT,,,0,
CBK0002332,TXN00002710,USR70317,MCH5459,2026-02-12,,2072.0,not delivered,User claims account was compromised before transaction.,RESOLVED,,L,chatbot,,,0,
CBK0000698,TXN00005431,USR66398,MCH1320,,,1631.64,double debit,customer says transaction was not authorized.,Rejected,,HIGH,Email,,,0,
CBK0000383,TXN00013042,USR84199,9709,,,5855.28,ATO,complaint received after multiple failed attempts.,Closed,,M,Branch,,,0,
CBK0001198,TXN00016001,USR34436,MCH2936,,,812.93,suspicious transaction,Payment made to unknown merchant as per customer statement.,OPEN,,High,CHATBOT,,,0,
CBK0002194,,USR21052,MCH3797,,,,unauthorized_transaction,User reports money deducted but merchant denies receiving payment.,Open,,CRIT,App,,,1,
CBK0001129,TXN00019231,USR32448,MCH5534,,,,complaint,User reports money deducted but merchant denies receiving payment.,Pending Bank,,P4,CHATBOT,,,0,
CBK0002586,TXN00016107,USR77915,MCH8391,,,800.72,complaint,Payment made to unknown merchant as per customer statement.,Open,,Low,Branch,,,0,
CBK0001794,TXN00009546,USR84804,MCH3045,,,,customer issue,Customer says transaction was not authorized.,Open,,MEDIUM,App,,,0,
CBK0000707,TXN00009174,USR25529,MCH1041,2026-03-28,,,no service,Complaint received after multiple failed attempts.,WIP,,L,App,,,0,
CBK0000675,TXN00002371,USR78353,MCH5277,,,-7577.71,Service Not Provided,customer says amount was debited twice.,REJECTED,,P3,Email,,,0,
CBK0000461,TXN00013811,98133,MCH3815,,,2059.37,Account Takeover,User says UPI PIN was not entered by them. details missing,Pending Bank,,Medium,App,,,0,
CBK0000077,TXN00016365,USR65949,MCH5705,,,287.37,charged twice,User reports money deducted but merchant denies receiving payment.,RESOLVED,,P4,App,,,0,
CBK0000606,TXN00009406,USR72675,MCH2266,,,,no service,Merchant service was not delivered after payment.,Rejected,,P3,ivr,,,0,
CBK0000880,TXN00018703,USR63444,MCH2434,2026-01-31,,,no service,suspicious high-value payment disputed by customer.,In Progress,2026-02-21 16:50:46,Critical,Branch,,,0,
CBK0001536,TXN00003677,USR67399,MCH1566,,,1364.35,not delivered,Customer says transaction was not authorized. pls check asap,RESOLVED,,L,Email,,,0,
CBK0002472,TXN00013665,USR72656,MCH2756,,,-616.17,Wrong Amount,Suspicious high-value payment disputed by customer. pls check asap,Resolved,2026-04-06 10:52:38,HIGH,chatbot,,,0,
CBK0002484,TXN00005205,USR19551,MCH5064,,,,Customer Dispute,Complaint received after multiple failed attempts.,Resolved,,H,ivr,,,0,
CBK0002036,TXN00014884,50473,MCH6069,,,,Duplicate Debit,Customer says amount was debited twice.,In Progress,,P3,ivr,,,0,
CBK0000666,,USR33350,MCH6639,,,8521.71,complaint,User says UPI PIN was not entered by them. call dropped,Resolved,,Medium,chatbot,,,0,
CBK0002496,TXN00016961,USR12384,MCH4196,,,433.87,not delivered,CUSTOMER SAYS TRANSACTION WAS NOT AUTHORIZED.,Open,,P3,Branch,,,0,
CBK0002579,TXN00002668,USR57244,MCH3590,,,551.59,unauthorized_transaction,User claims account was compromised before transaction.,Rejected,,H,CHATBOT,,,1,
CBK0001621,TXN00006638,USR85507,MCH6644,2026-01-03,,2742.66,amount mismatch,User reports money deducted but merchant denies receiving payment.,Open,,CRIT,chatbot,,,0,
CBK0002033,TXN00018868,USR88284,2152,,,180.66,account hacked,Merchant service was not delivered after payment.,CLOSED,,HIGH,chatbot,,,0,
CBK0000887,TXN00005845,USR53491,MCH4767,,,,Customer Dispute,Customer says amount was debited twice.,Pending Bank,,CRIT,chatbot,,,0,
CBK0002341,TXN00012704,USR27290,MCH3954,,,2025.76,Fraud Suspected,User reports money deducted but merchant denies receiving payment.,CLOSED,,H,Branch,,,1,
CBK0002499,TXN00012098,USR40113,MCH9719,,,,service failed,merchant service was not delivered after payment.,Rejected,,LOW,Email,,,0,
CBK0002356,TXN00014945,USR84844,MCH5076,,,,dispute raised,Suspicious high-value payment disputed by customer.,REJECTED,,Medium,App,,,0,
CBK0000488,TXN00008670,USR17815,MCH6810,,,992.85,Customer Dispute,User claims account was compromised before transaction.,IN_PROGRESS,,Low,chatbot,,,0,
CBK0001653,TXN00008030,USR83418,MCH6033,,,1200.17,no service,Customer says amount was debited twice.,Resolved,2026-03-28 11:43:48,M,ivr,,,0,
CBK0002360,TXN00016689,USR22630,6419,,,,unauthorized_transaction,User claims account was compromised before transaction.,Pending Bank,,Low,Call Center,,,1,
CBK0002567,TXN00016286,USR90993,MCH5462,,,1887.01,delivery issue,Payment made to unknown merchant as per customer statement.,CLOSED,,P3,chatbot,,,0,
CBK0002701,TXN00015262,USR47926,MCH5959,,,2260.38,Customer Dispute,Customer says amount was debited twice. NA,Open,,L,IVR,,,0,
CBK0001076,TXN00014751,USR40036,MCH9461,,2026-01-16,-1337.67,double debit,Customer says amount was debited twice.,Pending Bank,,MEDIUM,chatbot,,,0,2026-01-16
CBK0001229,TXN00014638,USR33934,MCH4422,,,,item not received,suspicious high-value payment disputed by customer.,CLOSED,,P4,ivr,,,0,
CBK0001253,TXN48192,USR32413,MCH7724,2026-03-07,2026-03-09,,customer issue,User claims account was compromised before transaction.,Pending Bank,,L,ivr,48.0,,0,2026-03-09
CBK0001863,TXN00004455,USR92111,MCH2672,,2026-02-01,559.19,Fraud Suspected,payment made to unknown merchant as per customer statement.,Resolved,,Medium,Email,,,1,2026-02-01
CBK0000864,TXN58515,USR41631,MCH1320,,,216.17,merchant service issue,Customer complaint text unclear due to poor call center notes.,PENDING_BANK,,High,CHATBOT,,,0,
CBK0001853,TXN00008375,USR11036,MCH7833,,,372.08,double debit,Complaint received after multiple failed attempts.,RESOLVED,,LOW,Branch,,,0,
CBK0001308,TXN00016774,USR71704,MCH4590,,,9878.08,merchant service issue,Customer says amount was debited twice.,Pending Bank,,CRIT,Branch,,,0,
CBK0001006,TXN00005755,USR95625,MCH4181,,2026-04-28,740.85,fraud,Suspicious high-value payment disputed by customer.,WIP,,P3,App,,,1,2026-04-28
CBK0001269,TXN00007095,USR24536,MCH8953,,,,unauth txn,User says UPI PIN was not entered by them.,IN_PROGRESS,,M,ivr,,,0,
CBK0000607,TXN00007941,USR62254,MCH1419,,,-15519.36,suspicious transaction,User reports money deducted but merchant denies receiving payment.,REJECTED,,P4,CHATBOT,,,0,
CBK0001541,TXN00011858,USR73594,MCH4651,,2026-04-07,7857.66,Duplicate Debit,Payment made to unknown merchant as per customer statement. call dropped,Open,,P3,Email,,,0,2026-04-07
CBK0000990,TXN00010883,USR94792,MCH2338,,,2301.28,suspicious transaction,Merchant service was not delivered after payment.,Closed,,CRIT,IVR,,,0,
CBK0002713,TXN00016837,USR36321,MCH2065,,,,dispute raised,Customer complaint text unclear due to poor call center notes.,Rejected,,HIGH,CHATBOT,,,0,
CBK0001590,TXN00014261,USR66321,MCH8391,,,-750.7,merchant service issue,Complaint received after multiple failed attempts.,PENDING_BANK,,P3,ivr,,,0,
CBK0002311,TXN00011525,USR73683,MCH3681,,,3875.84,Customer Dispute,Customer complaint text unclear due to poor call center notes.,Pending Bank,,P3,chatbot,,,0,
CBK0001892,TXN00019135,USR46902,MCH3656,,,-690.96,unauthorized_transaction,Complaint received after multiple failed attempts.,OPEN,,Medium,chatbot,,,1,
CBK0002635,TXN00012235,USR39811,MCH4990,,,-10021.84,double debit,Customer complaint text unclear due to poor call center notes.,Open,,M,Call Center,,,0,
CBK0000537,TXN00006837,USR35532,MCH7922,,,,Customer Dispute,Suspicious high-value payment disputed by customer.,RESOLVED,,P3,chatbot,,,0,
CBK0000081,TXN00016937,USR98012,MCH5770,,,-6269.03,amount mismatch,merchant service was not delivered after payment.,RESOLVED,,M,Email,,,0,
CBK0000117,TXN00008534,USR46501,MCH8277,,2026-03-08,,customer issue,Customer says amount was debited twice.,Pending Bank,,High,Email,,,0,2026-03-08
CBK0001244,TXN59954,USR15501,MCH3432,,,1289.25,charged twice,Customer complaint text unclear due to poor call center notes.,REJECTED,,Medium,App,,,0,
CBK0001057,TXN00013162,USR95375,MCH1477,2026-03-28,,,dispute raised,Customer says transaction was not authorized.,In Progress,,M,App,,,0,
CBK0002085,TXN99329,USR70175,MCH8953,2026-03-07,,,FRAUD,Suspicious high-value payment disputed by customer.,In Progress,,P4,CHATBOT,,,1,
CBK0000847,TXN00010448,USR75789,MCH4429,2026-03-26,,-387.13,not done by me,User reports money deducted but merchant denies receiving payment.,REJECTED,,HIGH,Call Center,,,0,
CBK0001388,TXN00008970,USR73474,MCH8142,,,,Duplicate Debit,CUSTOMER SAYS TRANSACTION WAS NOT AUTHORIZED.,OPEN,,LOW,IVR,,,0,
CBK0002155,TXN00016461,USR71348,MCH4824,,,-734.05,Merchant Not Delivered,Complaint received after multiple failed attempts.,Pending Bank,,HIGH,IVR,,,0,
CBK0002217,TXN00017718,USR99570,MCH5980,,,1451.78,complaint,Customer says txn was not authorized.,REJECTED,,P4,Branch,,,0,
CBK0001218,TXN74714,USR28268,MCH1154,,,,not delivered,Merchant service was not delivered after payment.,Pending Bank,,HIGH,Email,,,0,
CBK0001265,TXN00004057,USR26009,MCH6381,,,,Duplicate Debit,User reports money deducted but merchant denies receiving payment.,In Progress,2026-02-15 15:59:11,P3,App,,,0,
CBK0000087,TXN00008323,USR70375,MCH3815,,,,account hacked,merchant service was not delivered after payment.,Pending Bank,2026-03-29 08:50:42,P3,IVR,,,0,
CBK0001572,TXN00014973,USR69706,MCH9344,,,,dispute raised,User says UPI PIN was not entered by them.,Closed,,L,CHATBOT,,,0,
CBK0002221,TXN00016939,USR56378,MCH2383,,,,Customer Dispute,Customer says transaction was not authorized.,Rejected,,Critical,ivr,,,0,
CBK0001983,TXN00012545,USR12475,MCH1320,,,,charged twice,User says UPI PIN was not entered by them.,Rejected,,H,Call Center,,,0,
CBK0001310,TXN00006669,USR64847,MCH4786,,,-2766.56,double debit,Customer complaint text unclear due to poor call center notes.,Closed,,P4,Call Center,,,0,
CBK0002495,TXN00002679,USR24536,8280,,,1214.71,Account Takeover,User reports money deducted but merchant denies receiving payment.,Closed,,L,Branch,,,0,
CBK0002000,TXN00006334,USR56042,MCH4130,,,-1206.9,double debit,Customer says amount was debited twice. pls check asap,IN_PROGRESS,,P3,App,,,0,
CBK0000401,TXN00001653,33650,MCH5294,,,,Unauthorized Transaction,Customer complaint text unclear due to poor call center notes.,IN_PROGRESS,2026-02-07 12:47:14,P3,ivr,,,1,
CBK0001880,TXN00013813,USR85610,MCH6626,,,,scam,Customer says transaction was not authorized.,REJECTED,,P3,chatbot,,,0,
CBK0000884,TXN00014060,USR97772,MCH9069,,,613.53,no service,User reports money deducted but merchant denies receiving payment.,REJECTED,,CRITICAL,chatbot,,,0,
CBK0001963,TXN00002490,USR56287,MCH9228,,,,ATO,Customer says amount was debited twice.,CLOSED,,Low,Branch,,,0,
CBK0000203,TXN00002521,USR11015,MCH5051,,2026-01-06,,no service,User claims account was compromised before transaction.,CLOSED,,H,Call Center,,,0,2026-01-06
CBK0002334,TXN00013909,61147,MCH6628,,2026-01-12,,Customer Dispute,merchant service was not delivered after payment.,Rejected,,H,IVR,,,0,2026-01-12
CBK0002556,TXN00014016,USR85655,MCH2065,2026-03-01,,,Unauthorized Transaction,Customer complaint text unclear due to poor call center notes.,WIP,2026-03-07 09:29:57,P4,Email,,,1,
CBK0000337,TXN00013045,USR42531,MCH1288,2026-01-19,,546.9,Service Not Provided,Customer complaint text unclear due to poor call center notes.,Rejected,,Low,CHATBOT,,,0,
CBK0002542,TXN00004045,USR54255,MCH7383,,,,account hacked,Merchant service was not delivered after payment.,PENDING_BANK,,P4,Call Center,,,0,
CBK0002678,TXN74852,USR64694,MCH3676,2026-02-11,,1652.05,double debit,Payment made to unknown merchant as per customer statement.,IN_PROGRESS,2026-03-11 16:25:29,MEDIUM,Call Center,,,0,
CBK0001617,TXN00001553,USR68522,MCH7372,2026-01-08,,,merchant service issue,Payment made to unknown merchant as per customer statement. pls check asap,PENDING_BANK,,Critical,Call Center,,,0,
CBK0002109,TXN00005274,USR70317,MCH7833,,,4290.41,incorrect amount,Customer says amount was debited twice.,Resolved,,H,chatbot,,,0,
CBK0000136,TXN00000724,USR55205,MCH4226,,,,dispute raised,User says UPI PIN was not entered by them.,CLOSED,,HIGH,Email,,,0,
CBK0002243,TXN00019786,USR27947,MCH1674,2026-03-15,,1377.81,unauth txn,Customer complaint text unclear due to poor call center notes.,Pending Bank,,CRIT,Email,,,0,
CBK0000579,TXN00006902,USR30658,MCH8779,,,,Wrong Amount,Customer says amount was debited twice.,CLOSED,,Critical,Call Center,,,0,
CBK0002191,TXN00005500,USR99576,MCH4473,,,1721.07,account hacked,SUSPICIOUS HIGH-VALUE PAYMENT DISPUTED BY CUSTOMER.,CLOSED,,P2,Call Center,,,0,
CBK0002147,TXN00010700,USR22862,MCH3741,,,393.01,item not received,Payment made to unknown merchant as per customer statement.,WIP,,M,chatbot,,,0,
CBK0002214,,USR72691,MCH3098,2026-02-03,,,delivery issue,Payment made to unknown merchant as per customer statement.,Closed,,MEDIUM,ivr,,,0,
CBK0002699,TXN00004968,USR63160,MCH2867,,,-686.93,ATO,Customer says transaction was not authorized.,IN_PROGRESS,,HIGH,IVR,,,0,
CBK0000910,TXN00010888,USR26595,MCH8921,,,,amount mismatch,User reports money deducted but merchant denies receiving payment.,Closed,2026-02-08 19:55:18,LOW,chatbot,,,0,
CBK0002050,TXN00003990,USR78005,MCH8100,,,-5710.85,extra amount deducted,Customer says amount was debited twice.,CLOSED,,Medium,CHATBOT,,,0,
CBK0002501,TXN74548,USR43280,MCH3768,,,-4626.55,no service,MERCHANT SERVICE WAS NOT DELIVERED AFTER PAYMENT.,WIP,,P2,Call Center,,,0,
CBK0002442,TXN00003496,USR17908,MCH1236,,,1706.49,service failed,Complaint received after multiple failed attempts.,Rejected,,H,IVR,,,0,
CBK0002201,TXN00011553,USR33934,MCH1101,,,1996.81,account hacked,User says UPI PIN was not entered by them.,OPEN,2026-02-26 06:14:25,LOW,App,,,0,
CBK0001113,TXN00011228,47724,3600,,,9827.0,login compromised,Customer complaint text unclear due to poor call center notes.,PENDING_BANK,,Low,IVR,,,0,
CBK0001373,TXN00007769,24681,MCH6081,,,813.25,item not received,Suspicious high-value payment disputed by customer.,Resolved,,High,chatbot,,,0,
CBK0001206,TXN00014973,USR48430,MCH4479,,,746.85,no service,Suspicious high-value payment disputed by customer.,Resolved,,HIGH,Call Center,,,0,
CBK0000759,TXN00018597,USR54822,MCH1382,,,2898.66,login compromised,Merchant service was not delivered after payment.,Open,,M,ivr,,,0,
CBK0002772,TXN00008116,USR80305,MCH3781,,,,charged twice,User reports money deducted but merchant denies receiving payment.,Rejected,,P4,IVR,,,0,
CBK0000517,TXN00001323,USR53151,MCH9341,,,,no service,suspicious high-value payment disputed by customer.,REJECTED,,Low,Branch,,,0,
CBK0001632,TXN00015576,USR12683,MCH9869,,,,Fraud Suspected,Payment made to unknown merchant as per customer statement.,PENDING_BANK,,P3,App,,,1,
CBK0000927,TXN00014638,USR14035,MCH9573,,,10765.79,Merchant Not Delivered,Customer complaint text unclear due to poor call center notes.,Open,,P2,CHATBOT,,,0,
CBK0002008,TXN00014274,USR40602,MCH5954,,,,delivery issue,Complaint received after multiple failed attempts.,Closed,2026-03-08 10:09:37,MEDIUM,ivr,,,0,
CBK0000572,,USR58062,MCH2065,,,,UNAUTHORISED,Customer says amount was debited twice.,CLOSED,,P3,chatbot,,,1,
CBK0002708,TXN00018113,USR17556,MCH8377,,,,login compromised,Complaint received after multiple failed attempts.,Rejected,2026-03-10 17:45:31,LOW,chatbot,,,0,
CBK0002534,TXN00004493,USR76170,MCH3036,,,380.69,not delivered,merchant service was not delivered after payment.,WIP,,P4,Email,,,0,
CBK0001209,TXN00009348,USR59740,4686,,,,delivery issue,customer says transaction was not authorized.,IN_PROGRESS,,H,Email,,,0,
CBK0000339,TXN00013884,USR60939,MCH3878,,,,Account Takeover,Payment made to unknown merchant as per customer statement.,IN_PROGRESS,,H,ivr,,,0,
CBK0002282,TXN00008893,USR74390,MCH7259,2026-01-05,,,DUP_DEBIT,customer says transaction was not authorized.,Open,2026-01-13 13:43:40,P4,IVR,,,0,
CBK0000767,TXN00010641,USR98061,MCH3815,,,,not done by me,Customer complaint text unclear due to poor call center notes. call dropped,In Progress,,Critical,IVR,,,0,
CBK0000327,TXN00011503,USR76772,MCH5900,,,1191.08,item not received,CUSTOMER SAYS AMOUNT WAS DEBITED TWICE.,In Progress,2026-03-14 02:10:08,HIGH,Email,,,0,
CBK0001061,TXN00007622,USR22939,MCH5921,,,,Fraud Suspected,Suspicious high-value payment disputed by customer.,Closed,,LOW,ivr,,,1,
CBK0002712,TXN00006919,USR19070,MCH8672,,,,UNAUTHORISED,Complaint received after multiple failed attempts.,IN_PROGRESS,,L,CHATBOT,,,1,
CBK0000480,TXN86757,USR73796,MCH8391,,,1161.24,Service Not Provided,Customer complaint text unclear due to poor call center notes.,WIP,,P1,App,,,0,
CBK0002420,TXN00008321,USR20361,MCH3420,,,535.96,delivery issue,User claims account was compromised before transaction.,Open,,Low,Call Center,,,0,
CBK0000958,TXN00001617,30500,MCH8058,,,4597.83,complaint,suspicious high-value payment disputed by customer.,CLOSED,,High,App,,,0,
CBK0001047,TXN00016988,USR13912,MCH5655,2026-02-25,,,extra amount deducted,User claims account was compromised before transaction.,Rejected,,Medium,Call Center,,,0,
CBK0001922,TXN00008651,USR68820,MCH5076,,,,extra amount deducted,User claims account was compromised before transaction. call dropped,WIP,,MEDIUM,App,,,0,
CBK0000900,TXN00012289,71316,MCH8769,,,,unauth txn,User reports money deducted but merchant denies receiving payment.,RESOLVED,,LOW,CHATBOT,,,0,
CBK0000694,TXN00013258,USR41874,MCH7151,,,,login compromised,Customer says amount was debited twice.,RESOLVED,,P3,Call Center,,,0,
CBK0002470,TXN00016541,USR51854,MCH2925,2026-03-05,,,Account Takeover,complaint received after multiple failed attempts.,PENDING_BANK,,Medium,ivr,,,0,
CBK0002477,TXN00002165,USR81636,MCH5914,,,,Duplicate Debit,Customer complaint text unclear due to poor call center notes. call dropped,Rejected,,P3,IVR,,,0,
CBK0000197,TXN00003861,USR66175,MCH7332,,2026-01-21,,item not received,Customer says amount was debited twice.,PENDING_BANK,,CRIT,IVR,,,0,2026-01-21
CBK0002637,TXN00001839,USR69852,MCH4722,,,1071.92,extra amount deducted,User reports money deducted but merchant denies receiving payment.,Rejected,,P3,ivr,,,0,
CBK0000189,TXN00016753,USR71099,MCH5189,2026-03-11,,390.5,unauthorized_transaction,Merchant service was not delivered after payment.,In Progress,,L,ivr,,,1,
CBK0002413,TXN00012907,USR20360,MCH3281,,,,Fraud Suspected,user claims account was compromised before transaction.,REJECTED,,LOW,ivr,,,1,
CBK0002078,TXN00013096,USR13449,MCH5614,2026-03-25,,8307.14,delivery issue,User says UPI PIN was not entered by them. details missing,Rejected,2026-04-25 21:45:47,Critical,CHATBOT,,,0,
CBK0001303,TXN00010018,USR33354,MCH2266,,,,Account Takeover,USER SAYS UPI PIN WAS NOT ENTERED BY THEM.,Pending Bank,,L,Email,,,0,
CBK0000502,TXN00008686,USR99756,7813,,,-969.45,Unauthorized Transaction,Complaint received after multiple failed attempts. details missing,WIP,,Low,CHATBOT,,,1,
CBK0001312,TXN00000939,USR61151,2302,,,3776.84,item not received,User reports money deducted but merchant denies receiving payment.,Pending Bank,,MEDIUM,App,,,0,
CBK0002722,TXN00008498,USR48374,MCH8230,2026-02-01,2026-02-16,,unauthorized_transaction,Payment made to unknown merchant as per customer statement.,PENDING_BANK,,P4,IVR,360.0,,1,2026-02-16
CBK0002180,TXN00006743,USR42798,MCH5884,,,,service failed,Customer complaint text unclear due to poor call center notes.,Open,,P3,chatbot,,,0,
CBK0001816,TXN00015001,USR18056,MCH5439,,,,merchant service issue,USER REPORTS MONEY DEDUCTED BUT MERCHANT DENIES RECEIVING PAYMENT.,WIP,,P1,Branch,,,0,
CBK0002481,TXN00007235,USR46308,MCH7175,,,,account hacked,Customer complaint text unclear due to poor call center notes. details missing,Closed,,L,Branch,,,0,
CBK0002505,TXN00001789,USR80522,MCH9097,2026-01-29,,,Unauthorized Transaction,User reports money deducted but merchant denies receiving payment.,Closed,,LOW,IVR,,,1,
CBK0002053,TXN00001807,USR20076,MCH6717,,,,not done by me,Complaint received after multiple failed attempts.,In Progress,,P4,chatbot,,,0,
CBK0001042,TXN00008638,USR63231,MCH1737,,,,not delivered,Payment made to unknown merchant as per customer statement.,OPEN,,Low,Branch,,,0,
CBK0002382,TXN00016574,USR34643,MCH1066,,,2828.9,Customer Dispute,Customer says amount was debited twice.,Resolved,2026-02-07 11:12:20,MEDIUM,Email,,,0,
CBK0001733,TXN00011566,USR90212,MCH4811,2026-02-22,2026-02-25,248.1,suspicious transaction,Merchant service was not delivered after payment.,Pending Bank,,CRITICAL,chatbot,72.0,,0,2026-02-25
CBK0000660,TXN00008654,USR14580,MCH7394,2026-01-20,,,unauthorized_transaction,user claims account was compromised before transaction.,Open,,P2,Branch,,,1,
CBK0000218,TXN00002930,USR27533,MCH9381,,,1968.12,Customer Dispute,SUSPICIOUS HIGH-VALUE PAYMENT DISPUTED BY CUSTOMER.,PENDING_BANK,,L,ivr,,,0,
CBK0002688,TXN00016086,USR48363,MCH5076,,,756.07,not done by me,Merchant service was not delivered after payment.,Open,,H,chatbot,,,0,
CBK0000079,TXN00000789,USR54133,MCH8683,,2026-02-26,,account hacked,Payment made to unknown merchant as per customer statement.,Open,,High,IVR,,,0,2026-02-26
CBK0001734,TXN00004267,USR92771,5698,2026-02-01,,3750.2,service failed,Customer says amount was debited twice.,Pending Bank,,P4,IVR,,,0,
CBK0000420,TXN00012872,USR39569,MCH7219,,2026-01-19,4857.19,account hacked,merchant service was not delivered after payment.,IN_PROGRESS,,H,App,,,0,2026-01-19
CBK0001750,TXN00009063,USR58335,MCH4473,,2026-01-15,91.6,scam,USER CLAIMS ACCOUNT WAS COMPROMISED BEFORE TRANSACTION.,In Progress,,LOW,CHATBOT,,,0,2026-01-15
CBK0001185,TXN00000818,USR41564,MCH5530,,,1592.73,Service Not Provided,complaint received after multiple failed attempts.,Resolved,,L,Branch,,,0,
CBK0002457,TXN00014853,USR16306,MCH6850,,,,FRAUD,user reports money deducted but merchant denies receiving payment.,IN_PROGRESS,,P3,CHATBOT,,,1,
CBK0001775,TXN00001597,USR33934,MCH8773,,,13348.89,service failed,Complaint received after multiple failed attempts.,PENDING_BANK,,CRITICAL,chatbot,,,0,
CBK0001338,TXN00008410,USR54797,MCH3300,,,,complaint,Customer says amount was debited twice. NA,Closed,2026-02-14 10:42:27,Medium,Branch,,,0,
CBK0000599,TXN00007573,USR52697,MCH5655,,,10313.56,Wrong Amount,User says UPI PIN was not entered by them. details missing,Resolved,,LOW,chatbot,,,0,
CBK0000865,TXN00005760,USR36182,MCH2554,2026-03-28,,,incorrect amount,merchant service was not delivered after payment.,Rejected,,Medium,Email,,,0,
CBK0000914,TXN00001042,USR12183,MCH7351,2026-03-02,,,fraud,Payment made to unknown merchant as per customer statement. call dropped,Pending Bank,,P2,Branch,,,1,
CBK0001726,TXN00001821,USR85403,MCH4473,,,12679.09,customer issue,Suspicious high-value payment disputed by customer.,Resolved,2026-04-07 15:22:15,M,chatbot,,,0,
CBK0001477,TXN00009790,USR72887,MCH3200,,,996.46,item not received,User says UPI PIN was not entered by them. details missing,Open,,Critical,ivr,,,0,
CBK0001295,TXN00016726,USR89004,MCH8117,,,,DUP_DEBIT,Customer says amount was debited twice.,RESOLVED,,H,Email,,,0,
CBK0002703,TXN00019588,USR14075,MCH4041,,,,complaint,PAYMENT MADE TO UNKNOWN MERCHANT AS PER CUSTOMER STATEMENT.,Closed,2026-02-10 14:39:02,MEDIUM,CHATBOT,,,0,
CBK0002473,TXN00000154,USR28902,MCH1260,,,,FRAUD,User says UPI PIN was not entered by them.,CLOSED,,Low,ivr,,,1,
CBK0001392,,USR33175,MCH7321,,,5482.08,customer issue,Customer says transaction was not authorized.,REJECTED,,L,CHATBOT,,,0,
CBK0002117,TXN00006808,74813,MCH2757,2026-02-25,2026-02-26,8430.86,Merchant Not Delivered,Complaint received after multiple failed attempts.,WIP,,H,Call Center,24.0,,0,2026-02-26
CBK0001739,TXN00013116,USR38088,MCH8068,,,1464.53,Service Not Provided,Customer complaint text unclear due to poor call center notes.,Closed,,MEDIUM,App,,,0,
CBK0002665,TXN00001173,USR21421,MCH3004,,,-1898.31,Unauthorized Transaction,Customer says amount was debited twice.,CLOSED,,Medium,App,,,1,
CBK0002276,TXN00012334,USR12381,MCH9291,,,,delivery issue,Suspicious high-value payment disputed by customer.,PENDING_BANK,2026-03-25 18:05:30,P2,Call Center,,,0,
CBK0002063,,USR49752,MCH9689,,,2009.64,incorrect amount,User says UPI PIN was not entered by them.,In Progress,,M,chatbot,,,0,
CBK0002620,TXN00011524,USR26051,MCH4344,,2026-02-14,,incorrect amount,Payment made to unknown merchant as per customer statement.,Resolved,,LOW,App,,,0,2026-02-14
CBK0001539,TXN60420,USR95104,MCH5264,,,,double debit,PAYMENT MADE TO UNKNOWN MERCHANT AS PER CUSTOMER STATEMENT.,IN_PROGRESS,,M,IVR,,,0,
CBK0001846,TXN00008496,USR13261,MCH8062,,2026-03-14,-2662.81,delivery issue,Customer says amount was debited twice.,CLOSED,,L,chatbot,,,0,2026-03-14
CBK0000072,TXN00004747,USR48250,MCH3100,,,,extra amount deducted,SUSPICIOUS HIGH-VALUE PAYMENT DISPUTED BY CUSTOMER.,Pending Bank,,MEDIUM,Call Center,,,0,
CBK0001511,TXN00013557,USR53356,MCH4473,,,5693.78,delivery issue,Customer says transaction was not authorized.,Open,,P4,ivr,,,0,
CBK0001413,TXN00017513,USR39726,MCH5273,,,24586.31,UNAUTHORISED,Customer complaint text unclear due to poor call center notes.,Closed,,L,App,,,1,
CBK0000508,TXN00001829,USR40362,MCH3161,,,,ATO,User claims account was compromised before txn.,PENDING_BANK,,HIGH,Call Center,,,0,
CBK0001328,TXN00010089,USR22644,MCH2208,,,,extra amount deducted,Customer says amount was debited twice.,WIP,,LOW,chatbot,,,0,
CBK0001995,TXN00000490,USR75856,9865,2026-01-11,,,Wrong Amount,Customer complaint text unclear due to poor call center notes.,RESOLVED,,LOW,Call Center,,,0,
CBK0001170,TXN00012807,USR97772,MCH1838,,,,Merchant Not Delivered,Customer says amount was debited twice.,OPEN,,Low,ivr,,,0,
CBK0002275,TXN00002106,USR75120,MCH3728,,,-3875.59,UNAUTHORISED,Complaint received after multiple failed attempts.,Pending Bank,,MEDIUM,App,,,1,
CBK0002706,TXN00012918,USR27107,MCH6044,,,2316.9,unauthorized_transaction,merchant service was not delivered after payment.,Closed,,MEDIUM,CHATBOT,,,1,
CBK0001935,TXN00012027,USR97416,MCH5463,,2026-01-15,-1274.02,Unauthorized Transaction,Payment made to unknown merchant as per customer statement.,RESOLVED,,Low,Branch,,,1,2026-01-15
CBK0001749,TXN00000318,USR51808,MCH7982,,,,Customer Dispute,Payment made to unknown merchant as per customer statement.,OPEN,,L,App,,,0,
CBK0001333,TXN00003302,USR97772,MCH2026,,,1169.68,Duplicate Debit,Payment made to unknown merchant as per cust statement.,Closed,,M,IVR,,,0,
CBK0002118,TXN00008403,USR17197,MCH4473,,,,unauth txn,MERCHANT SERVICE WAS NOT DELIVERED AFTER PAYMENT.,PENDING_BANK,2026-01-29 11:54:07,Medium,Email,,,0,
CBK0002353,TXN00017005,USR93920,MCH5156,,,10880.54,Merchant Not Delivered,Customer says amount was debited twice.,OPEN,,Medium,CHATBOT,,,0,
CBK0001855,TXN00003379,USR73010,MCH6457,,,5587.77,charged twice,Customer says transaction was not authorized.,Pending Bank,2026-04-20 11:09:24,P1,App,,,0,
CBK0001165,TXN00010766,USR24002,MCH2065,,,2510.0,DUP_DEBIT,suspicious high-value payment disputed by customer.,WIP,,Low,Branch,,,0,
CBK0001055,TXN00016717,USR80656,MCH8828,,,,delivery issue,suspicious high-value payment disputed by customer.,OPEN,,MEDIUM,Call Center,,,0,
CBK0001352,TXN00010946,USR94542,MCH6061,,,,DUP_DEBIT,user claims account was compromised before transaction.,Closed,,HIGH,ivr,,,0,
CBK0002596,TXN00013632,USR34733,MCH8154,,,1178.89,scam,Payment made to unknown merchant as per customer statement.,PENDING_BANK,2026-01-18 15:45:36,M,CHATBOT,,,0,
CBK0000781,TXN00004717,USR34703,MCH2065,,,,service failed,Complaint received after multiple failed attempts.,Pending Bank,,H,Email,,,0,
CBK0000961,TXN00012729,USR13686,MCH2588,,,1232.87,service failed,Complaint received after multiple failed attempts.,Pending Bank,,Low,Call Center,,,0,
CBK0002281,TXN00016639,USR51332,MCH6850,,,,merchant service issue,User says UPI PIN was not entered by them.,PENDING_BANK,2026-03-25 21:38:11,High,App,,,0,
CBK0002131,TXN00005025,USR12936,MCH9937,,,,extra amount deducted,User claims account was compromised before transaction. NA,RESOLVED,,P4,ivr,,,0,
CBK0001802,TXN00015492,USR31275,MCH4473,2026-01-22,,,incorrect amount,Customer says transaction was not authorized.,IN_PROGRESS,2026-02-04 02:09:52,P2,chatbot,,,0,
CBK0002066,TXN00014413,USR86472,MCH3992,,,,amount mismatch,User reports money deducted but merchant denies receiving payment.,WIP,,LOW,ivr,,,0,
CBK0002774,TXN00007924,USR36664,MCH6959,,2026-01-02,2197.57,login compromised,User reports money deducted but merchant denies receiving payment.,RESOLVED,,MEDIUM,App,,,0,2026-01-02
CBK0000916,TXN00017437,USR25761,9926,2026-01-11,,,login compromised,CUSTOMER SAYS TRANSACTION WAS NOT AUTHORIZED.,In Progress,,M,App,,,0,
CBK0001366,TXN00005968,USR64733,MCH3045,,,,customer issue,customer says transaction was not authorized.,Pending Bank,,Critical,Call Center,,,0,
CBK0001872,TXN00008853,USR43455,MCH8391,2026-02-15,,6353.75,merchant service issue,COMPLAINT RECEIVED AFTER MULTIPLE FAILED ATTEMPTS.,RESOLVED,,P3,Call Center,,,0,
CBK0001716,TXN00008167,USR60833,MCH6947,,,,double debit,Merchant service was not delivered after payment.,PENDING_BANK,,Medium,Branch,,,0,
CBK0002223,TXN00017647,USR58113,MCH3117,,,3677.06,Merchant Not Delivered,customer complaint text unclear due to poor call center notes.,In Progress,,Medium,chatbot,,,0,
CBK0001478,TXN00017175,USR46590,MCH7833,,,-2616.12,no service,Customer says amount was debited twice. pls check asap,OPEN,,P2,App,,,0,
CBK0002587,TXN00001705,USR32842,MCH3100,,2026-03-26,2583.16,DUP_DEBIT,Customer complaint text unclear due to poor call center notes.,PENDING_BANK,,LOW,IVR,,,0,2026-03-26
CBK0002581,TXN00015481,USR62660,MCH4181,,,2917.55,Service Not Provided,MERCHANT SERVICE WAS NOT DELIVERED AFTER PAYMENT.,RESOLVED,2026-02-01 09:49:51,LOW,ivr,,,0,
CBK0000937,TXN00009444,USR22327,MCH5615,,,855.85,dispute raised,Merchant service was not delivered after payment.,OPEN,,P3,App,,,0,
CBK0000679,TXN00019297,USR35700,MCH4758,,,1314.28,Account Takeover,Customer complaint text unclear due to poor call center notes.,Pending Bank,,Low,IVR,,,0,
CBK0000493,TXN00001975,USR66286,MCH7546,,,943.72,extra amount deducted,Merchant service was not delivered after payment. details missing,Open,,HIGH,IVR,,,0,
CBK0000647,TXN00019004,USR46725,MCH2065,,,-3381.39,suspicious transaction,Suspicious high-value payment disputed by customer.,In Progress,,M,CHATBOT,,,0,
CBK0000855,TXN00013194,USR66001,MCH2030,,,,account hacked,User says UPI PIN was not entered by them.,Pending Bank,,Medium,Branch,,,0,
CBK0001233,TXN34198,USR98515,MCH3927,,,,login compromised,Customer complaint text unclear due to poor call center notes.,Pending Bank,,P2,chatbot,,,0,
CBK0000542,TXN00003675,USR92063,MCH3454,,,1047.52,double debit,Customer complaint text unclear due to poor call center notes.,Pending Bank,,M,IVR,,,0,
CBK0000623,TXN00012588,USR78593,MCH9191,,,,Customer Dispute,merchant service was not delivered after payment.,PENDING_BANK,,Critical,Call Center,,,0,
CBK0001033,TXN00004562,USR35882,MCH9511,,,-2226.56,amount mismatch,Merchant service was not delivered after payment.,Pending Bank,,High,chatbot,,,0,
CBK0000731,TXN00009087,USR31359,MCH1258,,,,FRAUD,Complaint received after multiple failed attempts.,Pending Bank,,M,App,,,1,
CBK0001331,,USR92614,MCH9178,,,4117.99,double debit,Payment made to unknown merchant as per cust statement.,Resolved,,Critical,Call Center,,,0,
CBK0002755,TXN00002471,USR90893,MCH8779,,,,scam,User says UPI PIN was not entered by them.,CLOSED,,HIGH,ivr,,,0,
CBK0000770,TXN51555,USR56287,MCH8779,,,2417.43,item not received,User reports money deducted but merchant denies receiving payment.,CLOSED,,P2,CHATBOT,,,0,
CBK0001857,TXN00008788,USR99849,MCH3643,,,8276.16,fraud,Customer complaint text unclear due to poor call center notes.,IN_PROGRESS,2026-04-02 15:35:47,M,CHATBOT,,,1,
CBK0000335,TXN00001134,USR18760,MCH9451,,,,Customer Dispute,User reports money deducted but merchant denies receiving payment.,PENDING_BANK,,HIGH,ivr,,,0,
CBK0000791,TXN00007791,USR24536,MCH6890,,,,FRAUD,Suspicious high-value payment disputed by customer.,IN_PROGRESS,,P4,ivr,,,1,
CBK0000047,TXN74133,USR46927,MCH2711,2026-03-27,2026-04-26,,Wrong Amount,User reports money deducted but merchant denies receiving payment.,Open,,P3,Branch,720.0,,0,2026-04-26
CBK0000311,TXN00003364,USR18722,MCH6415,,,2940.2,Service Not Provided,Customer complaint text unclear due to poor call center notes.,Closed,,Low,chatbot,,,0,
CBK0001689,TXN00012952,USR63160,MCH8078,,,,Duplicate Debit,user says upi pin was not entered by them.,PENDING_BANK,,L,CHATBOT,,,0,
CBK0000132,TXN00016038,USR11624,MCH5300,,,,merchant service issue,Complaint received after multiple failed attempts.,CLOSED,,HIGH,App,,,0,
CBK0002525,TXN00009115,USR60789,3104,,,1575.8,scam,customer says amount was debited twice.,OPEN,,LOW,CHATBOT,,,0,
CBK0001640,TXN00009672,USR72121,MCH4035,2026-01-31,,478.93,Merchant Not Delivered,Complaint received after multiple failed attempts.,Closed,,L,Branch,,,0,
CBK0000083,TXN00019136,USR46902,4705,,,,suspicious transaction,Suspicious high-value payment disputed by customer.,OPEN,,P2,Email,,,0,
CBK0001329,TXN00009229,USR61206,MCH8097,2026-03-06,,,dispute raised,User says UPI PIN was not entered by them.,CLOSED,,HIGH,ivr,,,0,
CBK0001763,TXN00006338,USR58810,MCH7667,,,1656.18,service failed,User reports money deducted but merchant denies receiving payment.,Open,,L,CHATBOT,,,0,
CBK0000167,TXN00012360,USR86156,MCH2438,,,-5341.0,dispute raised,User reports money deducted but merchant denies receiving payment.,CLOSED,,L,Branch,,,0,
CBK0000505,TXN00000437,USR87914,MCH3324,,,,double debit,User reports money deducted but merchant denies receiving payment.,In Progress,,P4,IVR,,,0,
CBK0001168,TXN00005941,USR56021,MCH1185,,,,extra amount deducted,Suspicious high-value payment disputed by customer.,In Progress,,H,Email,,,0,
CBK0000796,TXN00007069,USR87558,MCH3466,,,,FRAUD,MERCHANT SERVICE WAS NOT DELIVERED AFTER PAYMENT.,RESOLVED,,P3,CHATBOT,,,1,
CBK0001930,TXN00000462,USR44849,MCH6811,,,9759.54,complaint,SUSPICIOUS HIGH-VALUE PAYMENT DISPUTED BY CUSTOMER.,IN_PROGRESS,,P4,IVR,,,0,
CBK0001622,TXN00003616,USR88037,MCH2915,,,,ATO,Customer says amount was debited twice.,Resolved,,P4,Call Center,,,0,
CBK0000943,TXN00005379,USR79175,MCH8672,,,318.82,unauthorized_transaction,Customer says amount was debited twice. NA,Resolved,,H,Branch,,,1,
CBK0000107,TXN00017349,USR51854,MCH2065,2026-03-14,,1441.68,merchant service issue,CUSTOMER COMPLAINT TEXT UNCLEAR DUE TO POOR CALL CENTER NOTES.,CLOSED,,MEDIUM,App,,,0,
CBK0001418,TXN00017042,USR71503,MCH7873,2026-01-14,,,not delivered,User claims account was compromised before transaction.,RESOLVED,,P4,chatbot,,,0,
CBK0002054,TXN00014488,USR98293,MCH4980,,,7101.31,delivery issue,Complaint received after multiple failed attempts.,Closed,,P3,Email,,,0,
CBK0000827,TXN00014268,USR35403,MCH2320,,,,merchant service issue,User says UPI PIN was not entered by them. pls check asap,Open,,P3,chatbot,,,0,
CBK0000915,TXN00012512,USR69408,MCH6683,,,,DUP_DEBIT,Merchant service was not delivered after payment.,Rejected,,M,Email,,,0,
CBK0000780,TXN00003784,USR91599,MCH2065,,,,suspicious transaction,Customer says transaction was not authorized.,WIP,,H,CHATBOT,,,0,
CBK0000261,TXN00003908,USR92765,MCH6368,,,6597.26,not done by me,Customer says amount was debited twice.,IN_PROGRESS,,Critical,ivr,,,0,
CBK0000831,TXN00013412,USR57382,MCH1320,,,90.88,not delivered,User says UPI PIN was not entered by them.,Rejected,,P4,chatbot,,,0,
CBK0001025,TXN00015661,USR47242,1664,2026-01-20,,,double debit,user reports money deducted but merchant denies receiving payment.,Open,,High,CHATBOT,,,0,
CBK0002512,,USR17699,MCH1556,,,,not delivered,Payment made to unknown merchant as per cust statement.,RESOLVED,,H,Branch,,,0,
CBK0000112,TXN00002800,USR33650,MCH4226,,,9291.46,item not received,User claims account was compromised before transaction. urgent,Rejected,,Low,Email,,,0,
CBK0002603,TXN00009920,USR72778,MCH3738,2026-02-25,,,Fraud Suspected,Customer complaint text unclear due to poor call center notes.,Pending Bank,,Low,IVR,,,1,
CBK0000516,TXN00018193,USR63557,MCH3988,,,-1923.55,Merchant Not Delivered,customer says transaction was not authorized.,Rejected,,LOW,App,,,0,
CBK0000005,TXN00018300,USR55340,MCH6657,,,,FRAUD,Customer complaint text unclear due to poor call center notes.,In Progress,,L,Branch,,,1,
CBK0001054,TXN00003450,USR95613,MCH4039,,,-4925.7,no service,Payment made to unknown merchant as per customer statement. details missing,PENDING_BANK,,H,ivr,,,0,
CBK0001344,TXN00018359,USR13263,MCH6933,2026-03-20,,,DUP_DEBIT,Customer says transaction was not authorized.,WIP,2026-04-14 15:20:52,LOW,CHATBOT,,,0,
CBK0002380,TXN00007622,USR55947,7385,,2026-04-02,475.05,scam,Payment made to unknown merchant as per customer statement.,OPEN,,P3,App,,,0,2026-04-02
CBK0000608,,USR89430,MCH6891,,,,merchant service issue,Customer complaint text unclear due to poor call center notes.,Rejected,,Low,App,,,0,
CBK0001080,TXN00014582,USR75735,MCH7856,,,,unauthorized_transaction,User claims account was compromised before transaction.,In Progress,,P2,App,,,1,
CBK0000624,TXN00000969,USR81017,MCH1148,,2026-04-19,,Customer Dispute,Customer says amount was debited twice.,IN_PROGRESS,,P3,chatbot,,,0,2026-04-19
CBK0002760,TXN00016683,USR85320,MCH2780,,2026-03-31,8248.74,complaint,User claims account was compromised before transaction.,Closed,,M,chatbot,,,0,2026-03-31
CBK0002387,TXN00004951,USR76131,MCH1332,,,2386.57,not done by me,Customer says amount was debited twice.,IN_PROGRESS,,P2,Call Center,,,0,
CBK0000964,TXN00002933,USR15536,MCH3177,,2026-01-27,,login compromised,User says UPI PIN was not entered by them.,Resolved,,P3,Branch,,,0,2026-01-27
CBK0000137,TXN00005904,USR86701,MCH6915,,2026-03-31,-953.16,amount mismatch,User claims account was compromised before txn.,Open,,HIGH,chatbot,,,0,2026-03-31
CBK0000230,TXN00008604,USR33056,MCH2822,,,-1527.8,Account Takeover,customer complaint text unclear due to poor call center notes.,PENDING_BANK,,High,CHATBOT,,,0,
CBK0000451,TXN00007457,USR71070,MCH9291,,,,complaint,Customer says transaction was not authorized.,IN_PROGRESS,,M,chatbot,,,0,
CBK0002674,TXN00007519,USR53527,MCH8779,,,2490.54,no service,User claims account was compromised before transaction.,REJECTED,,L,IVR,,,0,
CBK0002748,TXN00006778,USR65191,MCH1320,,2026-04-02,1282.1,Service Not Provided,Complaint received after multiple failed attempts.,RESOLVED,,MEDIUM,CHATBOT,,,0,2026-04-02
CBK0002175,TXN00003542,USR95702,MCH6520,2026-03-18,,,FRAUD,Customer says transaction was not authorized.,Closed,2026-03-22 20:30:52,L,CHATBOT,,,1,
CBK0001676,TXN00013539,USR90288,MCH8203,,,1619.34,merchant service issue,Complaint received after multiple failed attempts.,REJECTED,,Medium,App,,,0,
CBK0000753,TXN00011998,USR26558,3100,,,-1184.71,complaint,Merchant service was not delivered after payment.,REJECTED,2026-02-17 03:54:36,L,ivr,,,0,
CBK0000690,TXN00016173,USR76780,MCH1506,2026-03-20,,8263.92,dispute raised,User claims account was compromised before transaction.,REJECTED,,L,CHATBOT,,,0,
CBK0001492,TXN00008497,USR96797,MCH9634,,,316.81,charged twice,Merchant service was not delivered after payment.,Closed,,Low,App,,,0,
CBK0001022,TXN00016644,USR60881,MCH7777,,2026-01-26,,fraud,Customer says amount was debited twice.,Resolved,,HIGH,CHATBOT,,,1,2026-01-26
CBK0000930,TXN00014399,USR39029,MCH4790,,,388.39,delivery issue,Customer says transaction was not authorized.,In Progress,,Medium,App,,,0,
CBK0002331,TXN00009831,USR80038,MCH3995,,2026-01-09,,account hacked,Merchant service was not delivered after payment.,IN_PROGRESS,,MEDIUM,App,,,0,2026-01-09
CBK0002057,TXN00004888,USR31743,MCH9344,,,1625.15,Service Not Provided,Merchant service was not delivered after payment.,Pending Bank,,CRITICAL,Call Center,,,0,
CBK0001465,TXN00004507,USR77990,MCH9291,,,,delivery issue,Merchant service was not delivered after payment.,OPEN,,MEDIUM,Branch,,,0,
CBK0000658,TXN00005761,USR70617,MCH5954,,,3582.63,Service Not Provided,User claims account was compromised before transaction.,OPEN,2026-03-18 06:34:15,Low,ivr,,,0,
CBK0000712,TXN00007650,USR28000,MCH5690,,,316.55,item not received,user reports money deducted but merchant denies receiving payment.,Rejected,2026-04-06 00:03:10,P2,chatbot,,,0,
CBK0001067,TXN00000175,USR32382,MCH4962,,,,amount mismatch,Merchant service was not delivered after payment.,RESOLVED,,High,IVR,,,0,
CBK0001242,TXN00014086,USR37902,MCH3159,,2026-04-01,,charged twice,Complaint received after multiple failed attempts.,REJECTED,,M,Email,,,0,2026-04-01
CBK0000156,TXN00018659,USR96218,MCH5609,2026-02-15,,,DUP_DEBIT,Payment made to unknown merchant as per customer statement. details missing,Resolved,,CRIT,Branch,,,0,
CBK0002682,TXN00000762,USR34180,MCH9565,,2026-02-21,,DUP_DEBIT,payment made to unknown merchant as per customer statement.,Resolved,,HIGH,ivr,,,0,2026-02-21
CBK0001336,TXN00004804,USR40908,MCH2509,,,12097.84,Unauthorized Transaction,Merchant service was not delivered after payment.,Closed,,HIGH,chatbot,,,1,
CBK0002092,TXN00011140,USR70317,MCH3807,,,,Service Not Provided,User claims account was compromised before transaction.,Pending Bank,,M,App,,,0,
CBK0001282,TXN32415,USR99611,MCH2266,2026-02-23,,23005.71,no service,User says UPI PIN was not entered by them.,REJECTED,,Medium,CHATBOT,,,0,
CBK0000168,TXN00010651,USR97772,MCH4642,2026-01-19,2026-02-03,,not done by me,Suspicious high-value payment disputed by customer.,PENDING_BANK,2026-03-03 13:11:35,HIGH,chatbot,360.0,685.1930555555556,0,2026-02-03
CBK0001926,TXN00019983,USR24168,MCH3909,,,8084.93,Duplicate Debit,User says UPI PIN was not entered by them.,Rejected,,HIGH,Branch,,,0,
CBK0002727,TXN00004731,USR24341,MCH1965,,,,account hacked,Customer says amount was debited twice.,REJECTED,,H,Email,,,0,
CBK0000532,TXN00006252,USR15564,MCH6116,,2026-01-22,,incorrect amount,merchant service was not delivered after payment.,In Progress,,High,Branch,,,0,2026-01-22
CBK0001089,TXN00006872,USR78604,MCH7810,,,,Merchant Not Delivered,Payment made to unknown merchant as per customer statement.,IN_PROGRESS,,L,ivr,,,0,
CBK0000635,TXN00003242,USR34180,MCH2159,,,,amount mismatch,suspicious high-value payment disputed by customer.,Closed,,LOW,Branch,,,0,
CBK0000650,TXN00004880,USR34311,MCH2209,2026-02-21,,-512.66,unauthorized_transaction,Customer complaint text unclear due to poor call center notes.,Rejected,,CRIT,Branch,,,1,
CBK0001889,TXN00013593,USR10480,MCH7251,,2026-02-01,,login compromised,User reports money deducted but merchant denies receiving payment. pls check asap,Open,,M,IVR,,,0,2026-02-01
CBK0002662,TXN00001805,USR29306,MCH5624,,,692.55,complaint,Suspicious high-value payment disputed by customer.,REJECTED,,P3,CHATBOT,,,0,
CBK0000123,TXN00016267,USR85507,MCH6810,,,,not done by me,User claims account was compromised before transaction.,Resolved,,HIGH,Branch,,,0,
CBK0000629,TXN00003543,USR61351,MCH4181,,,15742.98,charged twice,User claims account was compromised before transaction.,Resolved,,P4,chatbot,,,0,
CBK0001701,TXN00006191,USR79175,MCH8752,,,,customer issue,Customer says amount was debited twice. pls check asap,PENDING_BANK,,P4,Call Center,,,0,
CBK0001491,TXN00017193,USR16478,MCH4709,2026-03-31,,,not done by me,payment made to unknown merchant as per customer statement.,In Progress,,Medium,ivr,,,0,
CBK0002256,TXN00009782,USR19885,MCH8154,,2026-03-22,,not done by me,Merchant service was not delivered after payment. NA,WIP,,P2,IVR,,,0,2026-03-22
CBK0000187,TXN00008581,USR85112,MCH9415,2026-02-25,,-562.07,dispute raised,Payment made to unknown merchant as per customer statement.,IN_PROGRESS,,Medium,ivr,,,0,
CBK0001359,TXN00003338,USR91595,MCH3957,,,8032.32,login compromised,Payment made to unknown merchant as per customer statement.,WIP,,Medium,IVR,,,0,
CBK0002132,TXN00011912,USR73010,MCH4590,,,,UNAUTHORISED,USER CLAIMS ACCOUNT WAS COMPROMISED BEFORE TRANSACTION.,CLOSED,,LOW,Call Center,,,1,
CBK0001583,TXN00015176,USR41858,MCH3750,,,,fraud,Customer says amount was debited twice.,IN_PROGRESS,,P1,Email,,,1,
CBK0001503,TXN00007523,USR30103,MCH7139,,,2702.06,delivery issue,MERCHANT SERVICE WAS NOT DELIVERED AFTER PAYMENT.,RESOLVED,,P3,App,,,0,
CBK0000859,TXN00018489,USR33856,MCH5110,,,267.92,FRAUD,User claims account was compromised before transaction. NA,RESOLVED,,H,Email,,,1,
CBK0002080,TXN00006502,USR17290,MCH6230,,,-1120.78,incorrect amount,Suspicious high-value payment disputed by cust.,OPEN,,Critical,chatbot,,,0,
CBK0002570,TXN00001810,USR35882,MCH8953,,2026-02-06,,Account Takeover,Suspicious high-value payment disputed by cust.,Rejected,,LOW,Call Center,,,0,2026-02-06
CBK0001989,TXN00003059,USR39665,MCH4473,,,3807.73,service failed,Customer says amount was debited twice.,RESOLVED,,High,ivr,,,0,
CBK0000603,TXN00004425,USR95812,MCH6075,,,,not done by me,Payment made to unknown merchant as per customer statement.,RESOLVED,,High,chatbot,,,0,
CBK0000334,TXN00015310,USR19151,MCH8434,,,3904.6,delivery issue,Suspicious high-value payment disputed by customer.,In Progress,,P4,CHATBOT,,,0,
CBK0001136,TXN00008134,USR44953,MCH2383,,,388.91,suspicious transaction,USER REPORTS MONEY DEDUCTED BUT MERCHANT DENIES RECEIVING PAYMENT.,Resolved,,MEDIUM,chatbot,,,0,
CBK0000404,TXN00007870,USR76645,MCH7161,2026-01-28,,1860.61,Duplicate Debit,User reports money deducted but merchant denies receiving payment.,WIP,,HIGH,Email,,,0,
CBK0002404,TXN00001110,USR78155,MCH9798,,,-1498.49,item not received,Suspicious high-value payment disputed by customer.,Open,,P2,App,,,0,
CBK0001323,TXN00006391,USR57255,MCH5076,,,,fraud,user says upi pin was not entered by them.,Resolved,,P3,IVR,,,1,
CBK0002176,,USR69196,MCH8627,,,,service failed,Suspicious high-value payment disputed by cust.,CLOSED,,HIGH,Email,,,0,
CBK0001840,TXN00009647,USR97772,MCH5655,,,878.05,charged twice,Customer says amount was debited twice.,Rejected,,H,Branch,,,0,
CBK0001888,TXN00004061,USR77659,MCH4909,2026-02-10,,,customer issue,Customer says transaction was not authorized.,CLOSED,,LOW,ivr,,,0,
CBK0001647,TXN94322,USR55487,MCH7879,,,2530.5,item not received,Customer says transaction was not authorized.,REJECTED,,MEDIUM,Email,,,0,
CBK0002578,TXN00001675,USR84061,MCH6798,,,994.02,service failed,user reports money deducted but merchant denies receiving payment.,In Progress,,MEDIUM,IVR,,,0,
CBK0001203,TXN00014456,USR61761,MCH8619,,,14382.17,delivery issue,Complaint received after multiple failed attempts.,WIP,,P4,ivr,,,0,
CBK0000749,TXN00006304,USR30630,MCH3257,,,4194.32,dispute raised,suspicious high-value payment disputed by customer.,IN_PROGRESS,,Critical,chatbot,,,0,
CBK0001592,TXN00015183,USR24536,MCH2785,2026-02-07,,4195.81,merchant service issue,Suspicious high-value payment disputed by customer.,RESOLVED,,P3,Email,,,0,
CBK0002001,TXN00008475,USR51720,2020,,,877.69,dispute raised,User says UPI PIN was not entered by them.,CLOSED,,M,Call Center,,,0,
CBK0002459,TXN00000155,USR35867,MCH6729,2026-03-08,,,unauthorized_transaction,Merchant service was not delivered after payment.,PENDING_BANK,,Medium,CHATBOT,,,1,
CBK0000417,TXN00009167,USR29544,MCH8956,2026-01-08,,,charged twice,customer complaint text unclear due to poor call center notes.,Open,,Low,chatbot,,,0,
CBK0002102,TXN00013496,USR24429,MCH1159,2026-02-21,,,no service,customer says amount was debited twice.,CLOSED,,Low,ivr,,,0,
CBK0000348,TXN00003338,USR78803,MCH4683,2026-01-26,,,no service,Customer complaint text unclear due to poor call center notes. urgent,CLOSED,2026-02-22 01:18:55,Medium,CHATBOT,,,0,
CBK0002729,TXN00000967,USR30147,MCH6792,,,,ATO,Suspicious high-value payment disputed by customer.,Open,,CRIT,CHATBOT,,,0,
CBK0000196,TXN00005107,USR33769,MCH4914,,,,item not received,User claims account was compromised before transaction.,PENDING_BANK,,M,Branch,,,0,
CBK0000173,TXN00013826,31453,MCH4581,,,-1245.39,dispute raised,User says UPI PIN was not entered by them.,CLOSED,,P4,Branch,,,0,
CBK0000457,TXN00009823,USR84334,MCH7202,,,17825.75,FRAUD,Merchant service was not delivered after payment.,Closed,,L,Call Center,,,1,
CBK0000398,TXN00005767,USR26707,MCH3494,,,3275.35,fraud,Merchant service was not delivered after payment.,CLOSED,,L,CHATBOT,,,1,
CBK0001164,TXN00001699,USR11287,MCH1963,,,,no service,User claims account was compromised before transaction.,Closed,,Low,IVR,,,0,
CBK0000207,TXN00007495,USR47962,MCH4241,,2026-02-13,,scam,Complaint received after multiple failed attempts.,OPEN,,P4,CHATBOT,,,0,2026-02-13
CBK0002710,TXN00004746,USR68670,MCH1335,2026-03-19,,579.06,UNAUTHORISED,Customer says transaction was not authorized.,Pending Bank,,HIGH,Branch,,,1,
CBK0001751,TXN00008083,USR63649,MCH3815,,,,customer issue,User says UPI PIN was not entered by them. pls check asap,OPEN,,HIGH,App,,,0,
CBK0001150,TXN00007644,USR73279,MCH8154,,,,incorrect amount,Suspicious high-value payment disputed by customer.,Pending Bank,,MEDIUM,Call Center,,,0,
CBK0001021,TXN00019145,USR95181,MCH9291,,,,charged twice,User says UPI PIN was not entered by them. call dropped,Open,,M,Branch,,,0,
CBK0000932,TXN00003371,USR26201,MCH2614,,,,fraud,Complaint received after multiple failed attempts.,PENDING_BANK,,L,Call Center,,,1,
CBK0001699,TXN00018943,USR65069,MCH1007,,,2326.89,not delivered,Payment made to unknown merchant as per customer statement.,CLOSED,,L,App,,,0,
CBK0002373,TXN00018837,USR94106,MCH4774,,,,extra amount deducted,User says UPI PIN was not entered by them.,Closed,,High,CHATBOT,,,0,
CBK0001046,TXN00007145,USR24536,MCH5712,2026-02-02,,5884.78,Account Takeover,user says upi pin was not entered by them.,OPEN,,P4,chatbot,,,0,
CBK0002267,TXN00006416,USR70102,MCH2266,,,,Merchant Not Delivered,User says UPI PIN was not entered by them.,REJECTED,2026-03-13 05:44:47,Medium,CHATBOT,,,0,
CBK0001191,TXN00010675,USR42733,MCH1665,,,268.44,delivery issue,Payment made to unknown merchant as per customer statement.,Pending Bank,,MEDIUM,Email,,,0,
CBK0001431,TXN00007758,USR37892,MCH3288,,,,Unauthorized Transaction,Customer complaint text unclear due to poor call center notes.,Rejected,,LOW,chatbot,,,1,
CBK0000890,TXN81593,USR53996,MCH6810,,,5676.76,not done by me,CUSTOMER COMPLAINT TEXT UNCLEAR DUE TO POOR CALL CENTER NOTES.,Rejected,,Medium,CHATBOT,,,0,
CBK0000670,TXN00016465,USR33934,MCH8836,,,,Customer Dispute,Merchant service was not delivered after payment.,Closed,,P2,ivr,,,0,
CBK0001602,TXN00000594,USR37916,MCH4233,,,,delivery issue,Customer complaint text unclear due to poor call center notes.,Pending Bank,,M,App,,,0,
CBK0000279,TXN00010238,USR46321,MCH7943,,,581.0,dispute raised,Complaint received after multiple failed attempts.,Pending Bank,,P3,Email,,,0,
CBK0001915,TXN00018105,USR32861,MCH3151,,,2703.6,item not received,Merchant service was not delivered after payment.,Resolved,,P4,ivr,,,0,
CBK0002444,TXN00009188,USR76636,MCH1089,,,542.9,extra amount deducted,Suspicious high-value payment disputed by customer.,Resolved,,M,CHATBOT,,,0,
CBK0001274,TXN00004896,USR36343,MCH7286,,,1770.17,complaint,Complaint received after multiple failed attempts. NA,IN_PROGRESS,2026-02-01 15:56:05,Low,chatbot,,,0,
CBK0002397,TXN00012053,USR24199,MCH9610,,,,UNAUTHORISED,Complaint received after multiple failed attempts.,RESOLVED,2026-01-19 16:15:15,P1,App,,,1,
CBK0000086,TXN00005603,USR63109,MCH4810,,,,FRAUD,Customer complaint text unclear due to poor call center notes.,IN_PROGRESS,2026-03-22 11:09:31,MEDIUM,App,,,1,
CBK0002277,TXN00018308,USR67602,MCH2667,,,,item not received,user reports money deducted but merchant denies receiving payment.,IN_PROGRESS,2026-03-17 15:45:04,High,Branch,,,0,
CBK0000252,TXN00019048,USR59747,MCH4772,,,,charged twice,User says UPI PIN was not entered by them.,CLOSED,,High,App,,,0,
CBK0001549,TXN00005488,USR93167,MCH5584,,,8967.32,item not received,User says UPI PIN was not entered by them.,RESOLVED,,MEDIUM,Branch,,,0,
CBK0001577,TXN00017992,USR54208,MCH5397,,,,Merchant Not Delivered,Customer says transaction was not authorized.,Rejected,,L,App,,,0,
CBK0000373,TXN00004759,USR20337,MCH7924,,,,merchant service issue,MERCHANT SERVICE WAS NOT DELIVERED AFTER PAYMENT.,Resolved,,LOW,Call Center,,,0,
CBK0002679,,USR57460,6850,,,,incorrect amount,user says upi pin was not entered by them.,REJECTED,,P2,CHATBOT,,,0,
CBK0001318,TXN00018753,USR85507,MCH8154,,,,DUP_DEBIT,Customer says amount was debited twice.,WIP,,Low,IVR,,,0,
CBK0001208,TXN00012998,USR22898,MCH2079,,2026-01-13,,account hacked,Customer says amount was debited twice.,Rejected,,H,Branch,,,0,2026-01-13
CBK0001350,TXN00011858,USR37820,MCH2269,2026-02-09,2026-02-11,,unauth txn,USER SAYS UPI PIN WAS NOT ENTERED BY THEM.,Rejected,2026-02-25 21:28:08,LOW,Branch,48.0,357.4688888888889,0,2026-02-11
CBK0001845,TXN00012951,39002,MCH4473,,,,Customer Dispute,User reports money deducted but merchant denies receiving payment.,Resolved,,P4,Email,,,0,
CBK0002193,TXN00017969,USR83235,MCH2137,,,,suspicious transaction,suspicious high-value payment disputed by customer.,OPEN,,P3,App,,,0,
CBK0000773,TXN45816,USR87981,MCH5252,,2026-01-09,2928.28,ATO,Complaint received after multiple failed attempts.,CLOSED,,High,App,,,0,2026-01-09
CBK0002632,TXN00019581,USR34162,MCH8433,,,,service failed,Payment made to unknown merchant as per customer statement.,Resolved,,P4,Call Center,,,0,
CBK0000242,,USR53192,MCH9729,,,1995.28,Duplicate Debit,Merchant service was not delivered after payment.,RESOLVED,,P3,App,,,0,
CBK0001747,TXN00019644,USR88037,MCH1186,2026-02-04,,,Merchant Not Delivered,Complaint received after multiple failed attempts.,OPEN,,L,Call Center,,,0,
CBK0001423,TXN00013720,USR97580,MCH8999,,,,suspicious transaction,Complaint received after multiple failed attempts.,Pending Bank,,LOW,Branch,,,0,
CBK0000968,TXN00014316,USR84719,MCH9295,,,1017.0,Service Not Provided,suspicious high-value payment disputed by customer.,OPEN,,Low,Email,,,0,
CBK0001372,TXN00001655,USR64263,MCH2054,,,,unauthorized_transaction,customer complaint text unclear due to poor call center notes.,CLOSED,,Critical,Email,,,1,
CBK0000157,TXN00016322,USR89473,2014,,,,delivery issue,USER REPORTS MONEY DEDUCTED BUT MERCHANT DENIES RECEIVING PAYMENT.,Resolved,,LOW,Branch,,,0,
CBK0000605,TXN00000166,USR94647,MCH7247,,,,ATO,User claims account was compromised before transaction.,RESOLVED,,P2,App,,,0,
CBK0001856,TXN50572,USR56512,MCH3100,,,,Duplicate Debit,Complaint received after multiple failed attempts.,In Progress,,P1,App,,,0,
CBK0002401,TXN00013900,USR24536,MCH1762,,2026-01-25,,charged twice,Merchant service was not delivered after payment.,WIP,,P3,chatbot,,,0,2026-01-25
CBK0002446,TXN00018937,USR49318,MCH5980,,,1097.4,merchant service issue,user says upi pin was not entered by them.,CLOSED,,CRIT,Email,,,0,
CBK0002667,TXN00016456,USR42556,MCH5029,,,,incorrect amount,Suspicious high-value payment disputed by customer.,Pending Bank,,LOW,chatbot,,,0,
CBK0002260,TXN00019490,USR34757,MCH1806,,,,scam,Complaint received after multiple failed attempts.,REJECTED,,Critical,ivr,,,0,
CBK0000002,TXN00016351,USR35605,MCH8953,,,,unauthorized_transaction,Complaint received after multiple failed attempts.,CLOSED,,H,IVR,,,1,
CBK0001497,TXN00005059,USR56554,MCH6349,,,,merchant service issue,Customer says amount was debited twice.,Resolved,,P2,App,,,0,
CBK0000017,TXN00006427,USR30994,MCH6488,,,,Account Takeover,customer says transaction was not authorized.,Pending Bank,,P3,chatbot,,,0,
CBK0001986,TXN00005203,USR88037,MCH4181,,,2184.85,Service Not Provided,Merchant service was not delivered after payment.,WIP,,P4,CHATBOT,,,0,
CBK0000926,TXN00019409,USR27947,MCH3416,2026-02-18,,-756.59,DUP_DEBIT,Customer says transaction was not authorized.,IN_PROGRESS,,Medium,Branch,,,0,
CBK0001679,TXN00007437,USR11987,MCH2576,,,,login compromised,Customer says transaction was not authorized.,Rejected,,MEDIUM,ivr,,,0,
CBK0002765,TXN00004590,USR58546,MCH8779,,,,login compromised,Suspicious high-value payment disputed by customer.,Pending Bank,,P2,Email,,,0,
CBK0001436,TXN00011255,USR91425,MCH9243,2026-03-05,,3679.43,extra amount deducted,Suspicious high-value payment disputed by customer.,IN_PROGRESS,2026-03-30 09:19:03,Medium,CHATBOT,,,0,
CBK0000994,TXN00004395,USR71348,MCH2469,2026-03-30,2026-04-01,,customer issue,Customer complaint text unclear due to poor call center notes.,WIP,,MEDIUM,Call Center,48.0,,0,2026-04-01
CBK0000734,TXN00006117,USR95049,MCH5383,,,,no service,Customer complaint text unclear due to poor call center notes.,RESOLVED,,HIGH,IVR,,,0,
CBK0001683,TXN00009432,USR85334,MCH3739,,,-5973.59,dispute raised,customer says transaction was not authorized.,In Progress,2026-04-05 12:06:35,High,Email,,,0,
CBK0001407,TXN33964,USR59562,MCH1241,2026-03-24,2026-03-25,,ATO,User claims account was compromised before transaction.,Rejected,,H,CHATBOT,24.0,,0,2026-03-25
CBK0002320,TXN00000822,USR51203,MCH5846,,2026-02-10,,customer issue,User says UPI PIN was not entered by them.,PENDING_BANK,,P4,CHATBOT,,,0,2026-02-10
CBK0000360,TXN00017688,USR19141,MCH3815,2026-02-08,,,login compromised,Customer complaint text unclear due to poor call center notes. details missing,RESOLVED,,P3,App,,,0,
CBK0000559,TXN00010792,USR19290,MCH4895,,,923.46,scam,User says UPI PIN was not entered by them.,IN_PROGRESS,,Low,chatbot,,,0,
CBK0001627,TXN00003467,USR98075,MCH7306,,,1472.83,DUP_DEBIT,Payment made to unknown merchant as per customer statement.,REJECTED,,M,Email,,,0,
CBK0000602,TXN00015729,USR61700,MCH5980,,2026-02-02,5873.9,charged twice,Complaint received after multiple failed attempts.,Rejected,,H,chatbot,,,0,2026-02-02
CBK0002325,TXN00013806,USR41923,MCH2214,,,,customer issue,MERCHANT SERVICE WAS NOT DELIVERED AFTER PAYMENT.,In Progress,,LOW,ivr,,,0,
CBK0001967,TXN00004164,USR14349,MCH4226,,,,Unauthorized Transaction,merchant service was not delivered after payment.,Open,,P3,Call Center,,,1,
CBK0001837,TXN00011621,USR98433,5655,,,,not delivered,User claims account was compromised before txn.,Rejected,,M,Branch,,,0,
CBK0001082,TXN00019971,USR97244,MCH7766,,,8720.88,unauth txn,Customer complaint text unclear due to poor call center notes.,Closed,2026-04-01 03:53:01,L,Branch,,,0,
CBK0000798,TXN31469,USR47192,MCH2266,,,2300.99,Fraud Suspected,Merchant service was not delivered after payment.,Open,,CRIT,Call Center,,,1,
CBK0000986,TXN00011647,USR82322,MCH8172,,,8725.14,dispute raised,MERCHANT SERVICE WAS NOT DELIVERED AFTER PAYMENT.,PENDING_BANK,,HIGH,IVR,,,0,
CBK0000966,TXN00008529,USR53527,6984,,,,charged twice,User claims account was compromised before transaction.,IN_PROGRESS,,High,CHATBOT,,,0,
CBK0000058,TXN00007401,USR21162,MCH8369,,,-2284.5,not delivered,Suspicious high-value payment disputed by customer.,RESOLVED,,High,App,,,0,
CBK0000849,TXN00010509,USR32787,MCH1253,,,,service failed,User claims account was compromised before transaction.,WIP,,High,ivr,,,0,
CBK0000979,TXN00015234,USR81644,MCH9875,,2026-02-10,10354.45,not delivered,Customer complaint text unclear due to poor call center notes.,PENDING_BANK,,High,CHATBOT,,,0,2026-02-10
CBK0001801,TXN00010702,USR66200,MCH2822,,,3717.71,no service,Customer says amount was debited twice.,Closed,,Low,Email,,,0,
CBK0002075,TXN00015779,39080,MCH3355,,2026-02-23,,customer issue,user claims account was compromised before transaction.,IN_PROGRESS,,H,IVR,,,0,2026-02-23
CBK0001774,TXN00001371,USR61715,MCH1759,,,,Unauthorized Transaction,Customer says transaction was not authorized.,Rejected,,LOW,App,,,1,
CBK0001800,,60863,MCH2534,2026-02-26,2026-02-28,,Account Takeover,Complaint received after multiple failed attempts.,Open,,MEDIUM,IVR,48.0,,0,2026-02-28
CBK0001759,TXN00006922,USR60939,MCH1721,,,1390.01,Account Takeover,Payment made to unknown merchant as per customer statement.,WIP,,Medium,ivr,,,0,
CBK0000898,TXN00012927,USR52234,MCH5076,2026-03-11,2026-03-22,10469.4,not done by me,Payment made to unknown merchant as per customer statement. call dropped,Rejected,,M,chatbot,264.0,,0,2026-03-22
CBK0001925,TXN00006637,USR74775,MCH7644,,,,delivery issue,CUSTOMER COMPLAINT TEXT UNCLEAR DUE TO POOR CALL CENTER NOTES.,In Progress,2026-04-03 10:29:43,Low,Call Center,,,0,
CBK0000829,TXN00017462,USR94805,MCH5980,,,,service failed,Merchant service was not delivered after payment.,RESOLVED,,Low,chatbot,,,0,
CBK0001166,TXN43861,USR73010,MCH8793,2026-01-27,,422.31,Wrong Amount,Payment made to unknown merchant as per cust statement.,OPEN,,P2,IVR,,,0,
CBK0000716,TXN00013326,USR62901,MCH1320,,,2161.57,Duplicate Debit,Suspicious high-value payment disputed by customer. NA,WIP,,P3,Call Center,,,0,
CBK0000541,TXN00009994,USR78285,MCH7286,,,477.68,incorrect amount,User claims account was compromised before transaction.,OPEN,,Medium,App,,,0,
CBK0001138,TXN00003160,USR93126,MCH7265,,,,Service Not Provided,Customer complaint text unclear due to poor call center notes.,IN_PROGRESS,,CRITICAL,Branch,,,0,
CBK0001040,TXN00011260,USR65545,MCH7882,,,292.66,unauth txn,User claims account was compromised before transaction.,Rejected,,M,Branch,,,0,
CBK0002668,,USR19568,MCH9291,,,4776.3,account hacked,Customer says amount was debited twice.,REJECTED,,P4,chatbot,,,0,
CBK0001991,TXN00002169,33650,MCH7326,,,,item not received,Complaint received after multiple failed attempts.,IN_PROGRESS,,LOW,Email,,,0,
CBK0000163,TXN00000976,USR35447,MCH1441,,,,complaint,Suspicious high-value payment disputed by customer.,REJECTED,,Medium,IVR,,,0,
CBK0002278,TXN00014410,USR51041,MCH5836,,,2302.66,item not received,Customer says amount was debited twice.,PENDING_BANK,,MEDIUM,Branch,,,0,
CBK0002205,TXN00013472,USR21566,MCH5972,,,,DUP_DEBIT,Customer says transaction was not authorized.,OPEN,2026-04-09 20:47:43,LOW,ivr,,,0,
CBK0001275,TXN00014522,USR11090,MCH8336,,,,FRAUD,User reports money deducted but merchant denies receiving payment.,Open,,P4,ivr,,,1,
CBK0002407,TXN00017251,USR56287,MCH8300,2026-02-03,,,complaint,Payment made to unknown merchant as per customer statement.,CLOSED,,M,App,,,0,
CBK0000124,TXN00006207,USR61576,MCH7286,2026-02-12,,-5731.89,item not received,Payment made to unknown merchant as per customer statement.,PENDING_BANK,,P4,Branch,,,0,
CBK0000391,TXN00017871,USR51854,MCH2822,,,5375.87,account hacked,user claims account was compromised before transaction.,IN_PROGRESS,,High,chatbot,,,0,
CBK0000856,TXN00000917,USR40538,MCH8624,,2026-04-16,2601.86,amount mismatch,User says UPI PIN was not entered by them.,PENDING_BANK,,L,App,,,0,2026-04-16
CBK0002377,TXN00019402,USR94040,MCH1653,,,,customer issue,Payment made to unknown merchant as per customer statement. pls check asap,Pending Bank,,P3,Branch,,,0,
CBK0000410,TXN00007326,USR30157,MCH1136,,,,customer issue,User claims account was compromised before txn.,OPEN,2026-03-17 15:14:18,M,CHATBOT,,,0,
CBK0001988,TXN00011416,USR93299,MCH5968,,,,delivery issue,User reports money deducted but merchant denies receiving payment.,REJECTED,,P2,App,,,0,
CBK0001939,TXN00006912,USR22979,MCH8217,,,,no service,Payment made to unknown merchant as per customer statement.,Resolved,,LOW,chatbot,,,0,
CBK0002735,TXN00012810,USR90720,MCH4590,,2026-02-24,,login compromised,Customer says transaction was not authorized.,CLOSED,,P3,CHATBOT,,,0,2026-02-24
CBK0000084,TXN00012123,USR60939,MCH1438,,,,unauthorized_transaction,Complaint received after multiple failed attempts.,CLOSED,,MEDIUM,Branch,,,1,
CBK0001830,TXN00015594,USR19921,MCH6395,,,4964.2,charged twice,Customer says amount was debited twice.,Closed,,P1,CHATBOT,,,0,
CBK0001367,TXN00014165,USR19110,MCH1811,,,,Fraud Suspected,User claims account was compromised before transaction.,OPEN,,MEDIUM,CHATBOT,,,1,
CBK0001999,TXN00013752,USR25196,MCH3129,,,1283.33,Merchant Not Delivered,Customer says amount was debited twice.,PENDING_BANK,,P2,IVR,,,0,
CBK0000656,TXN00015006,USR77915,MCH7174,,2026-02-23,3732.8,Service Not Provided,User claims account was compromised before transaction.,Open,,MEDIUM,ivr,,,0,2026-02-23
CBK0000525,TXN00013646,USR86166,MCH9676,,,,service failed,User says UPI PIN was not entered by them.,WIP,,L,chatbot,,,0,
CBK0001024,TXN00012992,USR34053,MCH5076,,2026-04-02,,UNAUTHORISED,USER REPORTS MONEY DEDUCTED BUT MERCHANT DENIES RECEIVING PAYMENT.,IN_PROGRESS,,LOW,Branch,,,1,2026-04-02
CBK0002067,TXN00011970,USR59147,MCH5954,2026-02-17,,164.3,merchant service issue,Customer says amount was debited twice.,Resolved,,Medium,Email,,,0,
CBK0001634,TXN00016754,USR77208,MCH6810,,,,UNAUTHORISED,CUSTOMER SAYS TRANSACTION WAS NOT AUTHORIZED.,Closed,,P4,CHATBOT,,,1,
CBK0001993,TXN00017510,USR45520,MCH5954,,,,suspicious transaction,Customer says transaction was not authorized.,Closed,2026-04-16 08:04:37,H,ivr,,,0,
CBK0001032,TXN00015474,75327,MCH6425,,,879.08,delivery issue,CUSTOMER COMPLAINT TEXT UNCLEAR DUE TO POOR CALL CENTER NOTES.,RESOLVED,,MEDIUM,chatbot,,,0,
CBK0001551,TXN00014584,USR72106,MCH5954,,,25463.16,not done by me,User reports money deducted but merchant denies receiving payment.,Resolved,,MEDIUM,Branch,,,0,
CBK0002236,TXN00017102,USR93581,MCH7162,,,193.64,fraud,Customer says amount was debited twice.,Resolved,,M,ivr,,,1,
CBK0000509,TXN00004836,USR34955,MCH5954,,,,incorrect amount,customer says transaction was not authorized.,IN_PROGRESS,,LOW,ivr,,,0,
CBK0002785,TXN00013530,USR57016,MCH8577,,,,Wrong Amount,Merchant service was not delivered after payment.,OPEN,2026-03-04 19:05:58,Critical,Call Center,,,0,
CBK0000823,TXN00002624,USR25108,MCH8679,2026-03-12,2026-03-15,,scam,User reports money deducted but merchant denies receiving payment.,CLOSED,,MEDIUM,Email,72.0,,0,2026-03-15
CBK0001010,TXN00006755,USR73752,MCH7461,,,-627.47,Account Takeover,User claims account was compromised before transaction. call dropped,PENDING_BANK,,LOW,chatbot,,,0,
CBK0000185,TXN00007154,USR85483,MCH4852,,,,merchant service issue,Customer says amount was debited twice.,OPEN,,P4,CHATBOT,,,0,
CBK0000715,TXN00007023,USR33914,MCH5238,,,463.5,complaint,Merchant service was not delivered after payment.,Closed,2026-04-11 14:54:25,P3,Email,,,0,
CBK0002196,TXN00010149,USR88130,MCH8556,2026-02-28,2026-03-30,,unauth txn,customer says amount was debited twice.,WIP,,CRIT,Email,720.0,,0,2026-03-30
CBK0000820,TXN54263,USR12102,MCH5265,,,824.86,incorrect amount,User claims account was compromised before transaction.,Rejected,,H,ivr,,,0,
CBK0000765,TXN00007330,USR99392,MCH8540,,,,customer issue,Customer complaint text unclear due to poor call center notes.,Rejected,,Medium,CHATBOT,,,0,
CBK0000540,TXN00007501,USR29824,MCH9199,,,,no service,Suspicious high-value payment disputed by customer. details missing,Open,,L,Call Center,,,0,
CBK0000618,TXN00013129,USR59658,MCH8812,,,,Wrong Amount,customer says transaction was not authorized.,Resolved,,P4,chatbot,,,0,
CBK0001607,TXN00015175,USR13767,MCH2284,,,,Duplicate Debit,Customer says transaction was not authorized.,PENDING_BANK,,Critical,Email,,,0,
CBK0001123,TXN00003494,USR31366,MCH5980,,,342.28,complaint,USER REPORTS MONEY DEDUCTED BUT MERCHANT DENIES RECEIVING PAYMENT.,RESOLVED,,L,IVR,,,0,
CBK0000004,TXN00008092,USR65030,MCH5264,,,,Fraud Suspected,Complaint received after multiple failed attempts.,Resolved,,M,Call Center,,,1,
CBK0000585,TXN00010811,USR26991,MCH4181,2026-03-31,,,UNAUTHORISED,User reports money deducted but merchant denies receiving payment.,RESOLVED,,High,Call Center,,,1,
CBK0002198,TXN00018071,USR65483,MCH6689,,,3289.2,item not received,customer says transaction was not authorized.,REJECTED,,M,IVR,,,0,
CBK0001079,TXN00012253,USR87914,5542,,2026-03-07,1245.84,Service Not Provided,Suspicious high-value payment disputed by customer.,In Progress,,CRIT,Call Center,,,0,2026-03-07
CBK0000034,TXN00018948,USR39094,MCH1418,2026-01-27,,959.89,customer issue,User says UPI PIN was not entered by them.,Open,,Medium,CHATBOT,,,0,
CBK0000343,TXN00016878,USR66196,MCH2822,,,2996.76,customer issue,Customer complaint text unclear due to poor call center notes.,CLOSED,2026-02-20 06:11:14,Low,ivr,,,0,
CBK0000481,TXN00015109,USR46576,MCH2266,,,287.95,extra amount deducted,User claims account was compromised before transaction.,CLOSED,,M,Branch,,,0,
CBK0001728,TXN00005001,USR63634,MCH6359,,,4713.3,dispute raised,Customer says transaction was not authorized.,Resolved,,M,IVR,,,0,
CBK0002237,TXN00001882,USR15350,MCH7351,,,,Duplicate Debit,USER SAYS UPI PIN WAS NOT ENTERED BY THEM.,Closed,2026-05-01 20:04:39,P3,IVR,,,0,
CBK0001058,TXN00008405,USR25902,MCH8556,,,1446.29,UNAUTHORISED,User says UPI PIN was not entered by them.,REJECTED,,P2,chatbot,,,1,
CBK0001933,TXN00005666,USR33656,MCH5076,,,,Duplicate Debit,SUSPICIOUS HIGH-VALUE PAYMENT DISPUTED BY CUSTOMER.,Pending Bank,,Low,Branch,,,0,
CBK0000466,TXN00008559,USR20115,MCH2757,,,876.37,service failed,Customer says amount was debited twice.,Open,,M,ivr,,,0,
CBK0001130,TXN00013293,USR64755,MCH3055,,,648.89,account hacked,customer says transaction was not authorized.,OPEN,,Medium,App,,,0,
CBK0000736,TXN00001334,USR31979,MCH2101,,,6666.14,ATO,Customer says amount was debited twice.,IN_PROGRESS,,M,chatbot,,,0,
CBK0000181,TXN00016182,USR66758,MCH1612,,2026-01-30,237.88,suspicious transaction,Customer says amount was debited twice.,Rejected,,P4,App,,,0,2026-01-30
CBK0000697,TXN00007023,USR88430,MCH4181,,,10555.32,Wrong Amount,Customer says transaction was not authorized.,REJECTED,,Medium,ivr,,,0,
CBK0001752,TXN00006114,USR22925,MCH5954,,,,account hacked,Customer says transaction was not authorized.,REJECTED,,High,Call Center,,,0,
CBK0002549,TXN00014870,USR48114,3983,,,,delivery issue,USER SAYS UPI PIN WAS NOT ENTERED BY THEM.,Open,,P4,chatbot,,,0,
CBK0001488,TXN00015761,USR47459,8883,,,,service failed,User claims account was compromised before transaction.,Open,,LOW,IVR,,,0,
CBK0001651,TXN00010749,USR62848,MCH3729,,,,Fraud Suspected,Customer says amount was debited twice. call dropped,In Progress,,LOW,Branch,,,1,
CBK0002711,TXN42233,USR31712,MCH3819,,,,Duplicate Debit,complaint received after multiple failed attempts.,CLOSED,2026-05-09 16:53:03,P2,ivr,,,0,
CBK0001543,TXN00009804,USR90720,MCH4495,,,767.56,merchant service issue,Customer complaint text unclear due to poor call center notes.,Rejected,,MEDIUM,IVR,,,0,
CBK0000310,TXN00019838,USR34180,MCH6810,2026-02-04,,,Unauthorized Transaction,User reports money deducted but merchant denies receiving payment.,WIP,,P1,Branch,,,1,
CBK0001605,TXN00013039,USR38436,5655,,,7884.27,Account Takeover,Suspicious high-value payment disputed by cust.,Rejected,,P3,Call Center,,,0,
CBK0002159,TXN00008446,USR75943,MCH5482,2026-03-08,,-2807.75,scam,CUSTOMER SAYS TRANSACTION WAS NOT AUTHORIZED.,Rejected,,CRITICAL,Email,,,0,
CBK0000883,TXN00009806,USR94655,MCH5279,,,,FRAUD,suspicious high-value payment disputed by customer.,Open,,LOW,IVR,,,1,
CBK0000273,TXN00002139,USR80361,MCH6712,,,-1116.32,customer issue,customer complaint text unclear due to poor call center notes.,Open,,L,Branch,,,0,
CBK0002172,TXN00011390,USR27533,MCH3479,,,681.66,Unauthorized Transaction,Merchant service was not delivered after payment.,Resolved,,H,App,,,1,
CBK0000046,TXN00007253,USR97477,MCH1590,2026-02-15,,8599.51,ATO,User reports money deducted but merchant denies receiving payment.,Open,,HIGH,App,,,0,
CBK0001291,TXN00018053,USR56751,MCH8322,,,,service failed,customer complaint text unclear due to poor call center notes.,Closed,,LOW,ivr,,,0,
CBK0000362,TXN00002263,USR61333,MCH7286,,,9476.14,incorrect amount,User reports money deducted but merchant denies receiving payment.,WIP,,MEDIUM,Branch,,,0,
CBK0000583,TXN00013098,USR11077,MCH5456,,,,incorrect amount,SUSPICIOUS HIGH-VALUE PAYMENT DISPUTED BY CUSTOMER.,Pending Bank,2026-02-03 00:32:11,P3,Branch,,,0,
CBK0001258,TXN00017225,USR40420,1168,2026-02-28,,,FRAUD,User says UPI PIN was not entered by them.,IN_PROGRESS,,LOW,CHATBOT,,,1,
CBK0001309,TXN00001777,USR97380,MCH3684,2026-03-13,,,Unauthorized Transaction,Customer says transaction was not authorized.,CLOSED,,Medium,IVR,,,1,
CBK0000479,TXN00016497,USR12417,MCH8154,,,,Fraud Suspected,Payment made to unknown merchant as per customer statement.,In Progress,,M,App,,,1,
CBK0000022,TXN00012475,USR21946,MCH4181,,,,unauthorized_transaction,Customer complaint text unclear due to poor call center notes.,In Progress,,LOW,CHATBOT,,,1,
CBK0001439,TXN00018123,USR83744,MCH5378,,,3146.39,dispute raised,Customer says transaction was not authorized.,Closed,,L,ivr,,,0,
CBK0000976,TXN00002141,USR96958,MCH6498,2026-01-23,,7027.39,delivery issue,Complaint received after multiple failed attempts.,REJECTED,,M,Email,,,0,
CBK0000639,TXN00017298,USR56287,MCH7134,,,3871.95,scam,User reports money deducted but merchant denies receiving payment.,Rejected,,P3,CHATBOT,,,0,
CBK0000853,TXN00019212,USR43229,MCH3902,,,1395.11,FRAUD,Customer says txn was not authorized.,Rejected,,M,CHATBOT,,,1,
CBK0001985,TXN00005222,USR98253,MCH3611,,,,fraud,USER CLAIMS ACCOUNT WAS COMPROMISED BEFORE TRANSACTION.,Resolved,,P3,Email,,,1,
CBK0000300,TXN00002857,USR92485,MCH7388,,,,not delivered,User reports money deducted but merchant denies receiving payment.,In Progress,,High,CHATBOT,,,0,
CBK0001326,TXN00017532,USR63876,MCH4629,,,,amount mismatch,Suspicious high-value payment disputed by customer.,Rejected,,LOW,ivr,,,0,
CBK0002099,TXN00016911,USR94430,MCH5701,,2026-01-12,,login compromised,Customer complaint text unclear due to poor call center notes.,Rejected,,Medium,Email,,,0,2026-01-12
CBK0001474,TXN00008578,USR71704,MCH7047,,,,Unauthorized Transaction,Customer complaint text unclear due to poor call center notes.,Open,,MEDIUM,Email,,,1,
CBK0001508,TXN00006688,USR56287,MCH2552,,,592.68,login compromised,Complaint received after multiple failed attempts.,PENDING_BANK,,HIGH,Email,,,0,
CBK0000985,TXN00016633,USR50898,MCH3836,,,,UNAUTHORISED,COMPLAINT RECEIVED AFTER MULTIPLE FAILED ATTEMPTS.,WIP,,P2,CHATBOT,,,1,
CBK0002762,TXN00012709,USR87422,MCH2383,,,-1866.43,double debit,COMPLAINT RECEIVED AFTER MULTIPLE FAILED ATTEMPTS.,Open,,MEDIUM,Branch,,,0,
CBK0002695,TXN00009985,USR69511,MCH3100,,,4262.78,unauth txn,Customer says txn was not authorized.,Open,,P4,App,,,0,
CBK0002523,TXN00016424,USR39280,MCH4590,,,,amount mismatch,Merchant service was not delivered after payment.,Resolved,,HIGH,Call Center,,,0,
CBK0001776,TXN00003915,USR57281,MCH6934,2026-02-25,,264.64,DUP_DEBIT,Payment made to unknown merchant as per customer statement.,Rejected,,MEDIUM,App,,,0,
CBK0000251,TXN00012937,USR77066,MCH5347,2026-03-17,,2574.17,item not received,User says UPI PIN was not entered by them.,CLOSED,,P3,Call Center,,,0,
CBK0000729,TXN00009979,USR43978,MCH6850,2026-02-01,2026-02-17,,Fraud Suspected,USER SAYS UPI PIN WAS NOT ENTERED BY THEM.,In Progress,,MEDIUM,Branch,384.0,,1,2026-02-17
CBK0001430,TXN00003193,USR30157,MCH5404,,,,charged twice,Payment made to unknown merchant as per customer statement. urgent,CLOSED,,CRIT,Branch,,,0,
CBK0001056,TXN00017995,USR83697,MCH7555,,,1918.51,unauthorized_transaction,User reports money deducted but merchant denies receiving payment.,RESOLVED,,M,IVR,,,1,
CBK0002533,TXN00002429,USR82871,MCH8050,,,,not done by me,Merchant service was not delivered after payment.,In Progress,,Medium,ivr,,,0,
CBK0001748,TXN36584,USR93861,MCH2037,,,-3309.31,account hacked,User says UPI PIN was not entered by them.,Pending Bank,,H,IVR,,,0,
CBK0002154,TXN00019558,USR60770,MCH4307,,,1769.97,Duplicate Debit,Customer says transaction was not authorized.,RESOLVED,,L,Branch,,,0,
CBK0001530,TXN00000959,USR38580,MCH7286,2026-03-08,,982.69,customer issue,Customer says amount was debited twice.,OPEN,,L,Email,,,0,
CBK0001561,TXN00012655,USR49452,MCH7833,,,5677.69,Merchant Not Delivered,payment made to unknown merchant as per customer statement.,Open,2026-02-14 10:24:28,MEDIUM,Branch,,,0,
CBK0002302,TXN00004618,USR69543,MCH8140,,,1142.86,DUP_DEBIT,User claims account was compromised before transaction.,Rejected,,Low,IVR,,,0,
CBK0000447,TXN00012764,USR26323,MCH5927,,,,scam,User reports money deducted but merchant denies receiving payment.,WIP,,M,ivr,,,0,
CBK0002090,TXN00008261,USR15888,MCH7075,,,,Merchant Not Delivered,Suspicious high-value payment disputed by cust.,RESOLVED,,High,Branch,,,0,
CBK0001157,TXN00018783,USR89151,MCH3001,,,,customer issue,USER SAYS UPI PIN WAS NOT ENTERED BY THEM.,PENDING_BANK,,L,App,,,0,
CBK0002684,TXN00018518,USR58335,MCH2058,,,,Unauthorized Transaction,user says upi pin was not entered by them.,Closed,,Low,Call Center,,,1,
CBK0001929,TXN00003276,USR83918,MCH9291,,2026-03-22,-5720.73,incorrect amount,Complaint received after multiple failed attempts.,Resolved,,Low,IVR,,,0,2026-03-22
CBK0001320,TXN00014032,USR46308,MCH5900,,,,ATO,Complaint received after multiple failed attempts. urgent,Pending Bank,,LOW,ivr,,,0,
CBK0001600,TXN00014926,USR22359,MCH4542,,,,Fraud Suspected,Suspicious high-value payment disputed by customer.,CLOSED,,L,CHATBOT,,,1,
CBK0002391,TXN00013005,27779,MCH6850,,,,delivery issue,Merchant service was not delivered after payment.,PENDING_BANK,,P4,App,,,0,
CBK0001069,TXN72059,USR75081,MCH7509,,,,Account Takeover,Complaint received after multiple failed attempts.,In Progress,,MEDIUM,chatbot,,,0,
CBK0000691,TXN00006342,USR46662,MCH8426,,,,delivery issue,merchant service was not delivered after payment.,In Progress,,P3,ivr,,,0,
CBK0002454,TXN00012462,USR25682,MCH5954,2026-03-23,,,dispute raised,Customer complaint text unclear due to poor call center notes.,Closed,,P4,Call Center,,,0,
CBK0002777,TXN41176,USR83934,MCH9022,2026-02-01,,8162.73,unauth txn,User reports money deducted but merchant denies receiving payment. urgent,In Progress,,High,IVR,,,0,
CBK0000263,TXN00006449,USR71316,MCH6236,2026-01-10,,,account hacked,User says UPI PIN was not entered by them.,In Progress,,HIGH,chatbot,,,0,
CBK0000590,TXN00018358,USR73010,MCH2722,2026-03-12,,-1889.21,Wrong Amount,Complaint received after multiple failed attempts.,Resolved,,H,chatbot,,,0,
CBK0001133,TXN00004481,USR68023,MCH1494,,,,extra amount deducted,User claims account was compromised before transaction.,Rejected,,CRIT,Branch,,,0,
CBK0002414,TXN00000503,USR85650,1590,,,325.93,charged twice,complaint received after multiple failed attempts.,Open,,P2,Call Center,,,0,
CBK0002627,TXN00001026,USR26564,MCH5899,,,,merchant service issue,Suspicious high-value payment disputed by customer.,WIP,,Medium,ivr,,,0,
CBK0001008,,USR97772,MCH1074,,,1143.88,charged twice,Customer says amount was debited twice.,Resolved,,MEDIUM,ivr,,,0,
CBK0000285,TXN00009133,USR99694,MCH2606,,,,service failed,Customer says amount was debited twice.,OPEN,,P3,IVR,,,0,
CBK0001311,TXN00018498,USR40538,MCH7255,,2026-03-23,,Account Takeover,Payment made to unknown merchant as per customer statement.,RESOLVED,,Low,Call Center,,,0,2026-03-23
CBK0000220,TXN00009971,USR81170,MCH6607,,,,suspicious transaction,Customer says amount was debited twice. urgent,WIP,,LOW,Email,,,0,
CBK0002615,TXN00018536,USR57158,5099,,,1257.97,FRAUD,Suspicious high-value payment disputed by cust.,Open,,High,App,,,1,
CBK0001460,TXN00014496,USR33249,MCH4270,,,,unauthorized_transaction,customer says amount was debited twice.,In Progress,2026-04-04 02:17:31,LOW,App,,,1,
CBK0000068,TXN00019414,USR96148,MCH3815,,,,login compromised,Suspicious high-value payment disputed by customer.,PENDING_BANK,,Critical,ivr,,,0,
CBK0001363,TXN00015121,USR62483,MCH1141,,,,Customer Dispute,USER SAYS UPI PIN WAS NOT ENTERED BY THEM.,Closed,,P3,CHATBOT,,,0,
CBK0001071,TXN00005413,USR85761,MCH3171,,,,extra amount deducted,Suspicious high-value payment disputed by customer. details missing,PENDING_BANK,,Medium,chatbot,,,0,
CBK0000562,TXN00003828,USR39793,MCH3203,,,1594.84,UNAUTHORISED,User reports money deducted but merchant denies receiving payment.,PENDING_BANK,,LOW,CHATBOT,,,1,
CBK0001140,TXN00004922,USR79175,MCH6652,2026-03-28,,,not done by me,user reports money deducted but merchant denies receiving payment.,Closed,2026-04-10 04:32:07,Medium,IVR,,,0,
CBK0000657,TXN00006919,USR29306,MCH5269,,,,amount mismatch,complaint received after multiple failed attempts.,Closed,,Medium,CHATBOT,,,0,
CBK0001831,TXN00010938,USR88037,MCH5655,,2026-03-18,4425.22,amount mismatch,Merchant service was not delivered after payment. details missing,Open,,L,App,,,0,2026-03-18
CBK0001818,TXN00005674,USR54580,MCH5397,,,,not done by me,CUSTOMER COMPLAINT TEXT UNCLEAR DUE TO POOR CALL CENTER NOTES.,IN_PROGRESS,,High,chatbot,,,0,
CBK0000721,TXN00009064,29458,MCH4113,,,1568.17,Duplicate Debit,Customer says amount was debited twice.,RESOLVED,,Critical,Branch,,,0,
CBK0000837,TXN00014492,USR59264,MCH1548,,,,suspicious transaction,SUSPICIOUS HIGH-VALUE PAYMENT DISPUTED BY CUSTOMER.,IN_PROGRESS,,P2,CHATBOT,,,0,
CBK0002597,TXN00008925,USR93425,MCH3339,,,-3175.71,Service Not Provided,User reports money deducted but merchant denies receiving payment. pls check asap,Rejected,,LOW,IVR,,,0,
CBK0000876,TXN00010046,USR91274,MCH8960,,,6572.39,double debit,User says UPI PIN was not entered by them.,REJECTED,2026-02-09 16:29:48,P3,CHATBOT,,,0,
CBK0002537,TXN66991,USR17742,MCH4337,,,1890.93,Customer Dispute,User reports money deducted but merchant denies receiving payment.,Closed,,L,ivr,,,0,
CBK0002507,TXN00016749,USR55737,MCH5655,,,,Unauthorized Transaction,User claims account was compromised before txn.,CLOSED,,M,Call Center,,,1,
CBK0002350,TXN64529,USR90246,MCH9480,,,,unauthorized_transaction,User says UPI PIN was not entered by them.,REJECTED,,MEDIUM,Email,,,1,
CBK0001416,TXN00018367,USR98309,MCH7233,,,1495.59,customer issue,Suspicious high-value payment disputed by customer.,REJECTED,,P3,chatbot,,,0,
CBK0002483,TXN00019669,USR65795,MCH4328,,,,not done by me,User reports money deducted but merchant denies receiving payment.,Closed,,P4,Branch,,,0,
CBK0001553,TXN00004048,USR26051,MCH3235,,,-815.95,no service,Customer says amount was debited twice.,In Progress,,Low,App,,,0,
CBK0000651,TXN00011527,USR57088,1779,,,1443.54,unauth txn,User claims account was compromised before transaction.,Open,,M,chatbot,,,0,
CBK0000866,TXN00002719,USR11592,1717,,,2881.81,Unauthorized Transaction,user claims account was compromised before transaction.,Closed,,L,IVR,,,1,
CBK0000260,TXN00006995,USR27185,MCH1715,,,,Account Takeover,User claims account was compromised before transaction.,RESOLVED,,LOW,chatbot,,,0,
CBK0001397,TXN00001903,USR40286,8305,,,2512.35,suspicious transaction,User says UPI PIN was not entered by them.,REJECTED,,P1,ivr,,,0,
CBK0000374,TXN00005682,USR46350,MCH7622,,,,Wrong Amount,User says UPI PIN was not entered by them.,RESOLVED,,P2,App,,,0,
CBK0001557,TXN00010126,USR26970,MCH8953,,,,complaint,Customer says amount was debited twice.,In Progress,,LOW,Email,,,0,
CBK0001987,TXN00003622,USR56397,MCH9762,,,409.07,amount mismatch,Merchant service was not delivered after payment.,OPEN,,Medium,chatbot,,,0,
CBK0002351,TXN00008276,USR78874,MCH4259,,,,login compromised,Customer says txn was not authorized.,RESOLVED,,CRITICAL,Email,,,0,
CBK0000980,TXN00014697,USR44745,MCH3674,,,4816.24,delivery issue,USER CLAIMS ACCOUNT WAS COMPROMISED BEFORE TRANSACTION.,RESOLVED,,M,CHATBOT,,,0,
CBK0002576,TXN00016892,92904,MCH3100,,,,dispute raised,Payment made to unknown merchant as per customer statement. urgent,WIP,,P2,App,,,0,
CBK0002312,TXN00010316,USR71728,MCH5783,,,,not done by me,Suspicious high-value payment disputed by customer.,Pending Bank,,P2,Email,,,0,
CBK0000422,TXN00008098,USR71316,MCH9344,,,-488.38,extra amount deducted,User reports money deducted but merchant denies receiving payment.,RESOLVED,2026-02-16 10:30:02,P4,Call Center,,,0,
CBK0000600,TXN00012715,USR19311,MCH3325,,,339.58,merchant service issue,Merchant service was not delivered after payment.,Pending Bank,,P2,ivr,,,0,
CBK0000248,TXN00002141,12530,MCH6850,,,-816.65,Fraud Suspected,Merchant service was not delivered after payment.,PENDING_BANK,,P2,App,,,1,
CBK0002317,TXN00003637,USR76315,MCH8796,2026-02-18,,4219.82,customer issue,Merchant service was not delivered after payment.,Pending Bank,,P2,IVR,,,0,
CBK0001219,TXN00002058,USR11226,MCH3986,,,,customer issue,Customer says amount was debited twice.,Rejected,,LOW,Branch,,,0,
CBK0001145,TXN81933,USR63160,MCH9899,,,5283.13,merchant service issue,Customer says amount was debited twice. urgent,Closed,,H,ivr,,,0,
CBK0000619,TXN00014324,USR68349,MCH5721,,,1724.56,service failed,User says UPI PIN was not entered by them.,REJECTED,,MEDIUM,chatbot,,,0,
CBK0001424,TXN00014077,35882,MCH7435,,,,not done by me,Payment made to unknown merchant as per cust statement.,WIP,,HIGH,Branch,,,0,
CBK0001980,TXN00000841,USR85655,MCH5128,,,2083.96,delivery issue,Customer says transaction was not authorized.,Closed,,Low,App,,,0,
CBK0000643,,USR85352,MCH4035,,,,complaint,User reports money deducted but merchant denies receiving payment.,REJECTED,,P3,IVR,,,0,
CBK0000172,TXN00016070,USR32730,MCH2746,,,,double debit,User says UPI PIN was not entered by them.,REJECTED,,M,Email,,,0,
CBK0002184,TXN00015679,USR87165,MCH1864,,,,extra amount deducted,User reports money deducted but merchant denies receiving payment.,Rejected,,Low,ivr,,,0,
CBK0002023,TXN00016636,USR62254,MCH2450,,,,delivery issue,User says UPI PIN was not entered by them. call dropped,REJECTED,,Medium,Email,,,0,
CBK0000825,TXN00017847,71122,MCH1632,,,,no service,Customer says transaction was not authorized.,CLOSED,,P2,ivr,,,0,
CBK0001339,TXN00012423,USR81981,MCH3013,,,591.32,incorrect amount,Customer says transaction was not authorized.,Rejected,,H,App,,,0,
CBK0001160,TXN00003861,USR23561,MCH9505,,,,Fraud Suspected,User claims account was compromised before transaction.,Closed,,H,App,,,1,
CBK0001665,TXN00007306,USR21049,MCH7578,,,,not delivered,Customer says amount was debited twice.,PENDING_BANK,,Low,CHATBOT,,,0,
CBK0001711,TXN00011255,USR65114,MCH6292,2026-01-03,,,login compromised,Customer complaint text unclear due to poor call center notes.,Resolved,2026-01-07 01:32:03,HIGH,Branch,,,0,
CBK0000408,TXN00002581,USR97892,MCH9291,,,,charged twice,Customer says amount was debited twice.,IN_PROGRESS,,HIGH,Branch,,,0,
CBK0002575,TXN00009510,USR82410,MCH1905,,,,account hacked,Payment made to unknown merchant as per customer statement. call dropped,Open,,L,Email,,,0,
CBK0001908,TXN00018114,USR46902,MCH6850,,,2570.74,no service,User claims account was compromised before transaction.,PENDING_BANK,,Medium,App,,,0,
CBK0001346,TXN00008727,34157,MCH2836,,,3225.2,double debit,User says UPI PIN was not entered by them.,CLOSED,,L,Email,,,0,
CBK0001611,TXN00009947,USR19432,MCH1827,,,917.78,amount mismatch,Customer says amount was debited twice.,WIP,,P1,ivr,,,0,
CBK0001426,TXN00002655,69481,MCH1140,2026-01-14,,,double debit,Complaint received after multiple failed attempts.,WIP,,P3,CHATBOT,,,0,
CBK0000121,TXN00006459,17577,MCH2566,,2026-01-02,2479.76,Duplicate Debit,Merchant service was not delivered after payment.,CLOSED,,HIGH,Email,,,0,2026-01-02
CBK0000957,TXN00010512,USR11315,7352,,,,dispute raised,Suspicious high-value payment disputed by customer.,WIP,,M,App,,,0,
CBK0002076,TXN00006073,USR96064,MCH3450,,,,charged twice,Suspicious high-value payment disputed by customer.,In Progress,,Low,Branch,,,0,
CBK0000428,TXN00008599,USR96496,2065,,,1339.16,Unauthorized Transaction,Merchant service was not delivered after payment.,CLOSED,,P4,Call Center,,,1,
CBK0001937,TXN00010035,USR47034,MCH8281,2026-03-13,2026-03-16,7882.54,charged twice,Payment made to unknown merchant as per customer statement. pls check asap,WIP,,M,Call Center,72.0,,0,2026-03-16
CBK0001141,TXN00005079,USR69201,1384,,,,DUP_DEBIT,User reports money deducted but merchant denies receiving payment.,Pending Bank,,H,ivr,,,0,
CBK0000393,TXN00010745,USR77915,MCH3095,,2026-02-13,-2212.96,login compromised,User claims account was compromised before transaction.,Rejected,,CRITICAL,Branch,,,0,2026-02-13
CBK0001932,TXN00012671,USR93969,5980,,,739.17,Account Takeover,Customer says amount was debited twice.,CLOSED,,M,Branch,,,0,
CBK0002696,TXN00011475,USR20908,MCH7180,,,-2769.32,customer issue,User reports money deducted but merchant denies receiving payment.,Open,,Medium,IVR,,,0,
CBK0001946,TXN00002545,USR63194,MCH8735,,,-230.58,DUP_DEBIT,User claims account was compromised before transaction.,Open,,MEDIUM,App,,,0,
CBK0001741,TXN00003351,USR12829,MCH8665,,,1160.82,double debit,Complaint received after multiple failed attempts.,PENDING_BANK,,HIGH,Branch,,,0,
CBK0000589,TXN00017838,USR43980,MCH2575,,,-1201.31,charged twice,Customer complaint text unclear due to poor call center notes.,Resolved,,P2,Branch,,,0,
CBK0002494,TXN00001169,USR83883,MCH9848,,,,complaint,User reports money deducted but merchant denies receiving payment.,Rejected,,M,chatbot,,,0,
CBK0000539,TXN00006526,USR71316,MCH7840,,,-767.36,item not received,payment made to unknown merchant as per customer statement.,RESOLVED,,P3,App,,,0,
CBK0001273,TXN00013925,USR73010,MCH2489,,,,DUP_DEBIT,User reports money deducted but merchant denies receiving payment.,Resolved,,M,chatbot,,,0,
CBK0002029,TXN00005443,USR24926,MCH5528,,,3291.51,not done by me,User claims account was compromised before transaction.,Pending Bank,,Medium,Email,,,0,
CBK0001361,,USR87714,MCH7560,2026-02-08,,3014.44,Wrong Amount,Complaint received after multiple failed attempts.,In Progress,,MEDIUM,IVR,,,0,
CBK0001341,TXN00001434,USR33704,MCH5584,,2026-02-26,,Wrong Amount,Customer says transaction was not authorized. call dropped,CLOSED,,HIGH,IVR,,,0,2026-02-26
CBK0001854,TXN00017037,USR75046,MCH2266,,,,unauth txn,customer says transaction was not authorized.,Resolved,,P2,chatbot,,,0,
CBK0002783,TXN00003505,USR92295,MCH3100,,,,amount mismatch,Customer complaint text unclear due to poor call center notes.,IN_PROGRESS,,P4,ivr,,,0,
CBK0000158,TXN00015663,USR86472,MCH4826,,,5021.55,extra amount deducted,user reports money deducted but merchant denies receiving payment.,WIP,,MEDIUM,Branch,,,0,
CBK0000760,TXN00007966,USR83977,MCH8953,,2026-03-13,,not done by me,Suspicious high-value payment disputed by customer.,WIP,,L,Call Center,,,0,2026-03-13
CBK0001448,TXN00006897,USR81435,MCH9291,,,,DUP_DEBIT,Customer complaint text unclear due to poor call center notes.,Pending Bank,,L,Call Center,,,0,
CBK0000094,TXN00011368,USR24563,MCH8712,,,,ATO,CUSTOMER SAYS AMOUNT WAS DEBITED TWICE.,Open,2026-03-20 22:30:57,MEDIUM,Call Center,,,0,
CBK0002690,TXN00005810,USR29306,MCH4473,,,-2850.55,not delivered,Customer says transaction was not authorized.,Closed,,MEDIUM,IVR,,,0,
CBK0001173,TXN00009905,USR98061,MCH4181,,,,FRAUD,Customer says amount was debited twice.,Resolved,2026-03-05 16:36:40,P3,App,,,1,
CBK0000262,TXN00000442,USR95504,MCH6810,,,,double debit,Suspicious high-value payment disputed by cust.,RESOLVED,,P4,Email,,,0,
CBK0000065,TXN00007639,USR34880,1812,,,,incorrect amount,User reports money deducted but merchant denies receiving payment.,Closed,,LOW,ivr,,,0,
CBK0000330,TXN00002603,USR33908,MCH3923,,,2150.04,fraud,Suspicious high-value payment disputed by customer.,OPEN,,M,chatbot,,,1,
CBK0001903,TXN00010389,USR31084,MCH8801,,,-6649.93,Wrong Amount,Merchant service was not delivered after payment.,Rejected,2026-02-06 20:36:40,LOW,Branch,,,0,
CBK0002313,TXN00009432,USR22939,MCH5264,,,-1466.07,Customer Dispute,USER SAYS UPI PIN WAS NOT ENTERED BY THEM.,Open,,Medium,Call Center,,,0,
CBK0001773,TXN00016920,USR32081,MCH6850,2026-01-20,,,Service Not Provided,User says UPI PIN was not entered by them. NA,CLOSED,,Medium,chatbot,,,0,
CBK0000808,TXN00006505,USR69795,MCH2065,,,,complaint,User claims account was compromised before transaction.,Resolved,,P3,chatbot,,,0,
CBK0002383,TXN00000491,USR82159,MCH4802,,,,item not received,Customer says amount was debited twice.,IN_PROGRESS,,MEDIUM,Branch,,,0,
CBK0001970,TXN00018732,USR27533,MCH1428,,,2042.84,service failed,user says upi pin was not entered by them.,OPEN,,H,Branch,,,0,
CBK0001582,TXN00016057,USR78482,MCH9821,,2026-01-19,3429.16,complaint,Customer says amount was debited twice.,Closed,,P2,chatbot,,,0,2026-01-19
CBK0000241,TXN00009866,USR33877,MCH1509,,,,Wrong Amount,Payment made to unknown merchant as per customer statement.,Resolved,2026-03-11 23:02:56,MEDIUM,IVR,,,0,
CBK0001895,TXN00015855,USR98971,MCH6850,2026-01-20,2026-02-19,,dispute raised,User claims account was compromised before transaction.,RESOLVED,,P3,Branch,720.0,,0,2026-02-19
CBK0000771,TXN00009466,USR62254,MCH5885,,,11523.08,no service,Payment made to unknown merchant as per customer statement.,PENDING_BANK,,CRIT,CHATBOT,,,0,
CBK0002340,TXN00012698,USR17047,MCH3815,,,2283.53,login compromised,user reports money deducted but merchant denies receiving payment.,Pending Bank,2026-03-25 05:16:35,HIGH,Email,,,0,
CBK0001252,TXN00004709,USR59225,MCH8154,,,-741.74,Wrong Amount,user claims account was compromised before transaction.,PENDING_BANK,,LOW,App,,,0,
CBK0001041,TXN00010337,USR26761,7733,2026-01-05,,,scam,Merchant service was not delivered after payment.,Pending Bank,,L,CHATBOT,,,0,
CBK0000450,TXN00001983,USR22405,MCH9291,,,,unauthorized_transaction,User claims account was compromised before transaction.,CLOSED,,HIGH,Branch,,,1,
CBK0000944,TXN00005837,USR50434,MCH6459,,,438.11,charged twice,Complaint received after multiple failed attempts.,REJECTED,,L,Call Center,,,0,
CBK0000402,TXN00002200,USR69672,MCH6960,,,,customer issue,payment made to unknown merchant as per customer statement.,IN_PROGRESS,,LOW,Call Center,,,0,
CBK0001528,TXN00007889,USR97360,MCH4970,,,,suspicious transaction,Customer says transaction was not authorized.,PENDING_BANK,,M,ivr,,,0,
CBK0001228,TXN00005490,USR81497,MCH2383,,,,fraud,Customer says amount was debited twice.,Open,,P3,Branch,,,1,
CBK0001342,TXN00000213,USR40195,MCH3586,,,658.27,dispute raised,payment made to unknown merchant as per customer statement.,Closed,,Medium,Branch,,,0,
CBK0002105,TXN00012640,USR96038,MCH7326,,,3800.84,charged twice,user reports money deducted but merchant denies receiving payment.,In Progress,,P2,chatbot,,,0,
CBK0002339,TXN00002981,USR58082,MCH2266,,,,customer issue,Suspicious high-value payment disputed by cust.,Rejected,,High,Call Center,,,0,
CBK0002209,TXN00007219,USR48423,MCH2383,,,,no service,User reports money deducted but merchant denies receiving payment. call dropped,Resolved,,Low,chatbot,,,0,
CBK0002399,TXN00015080,USR43847,MCH7901,,,,charged twice,Customer says transaction was not authorized.,CLOSED,,MEDIUM,Branch,,,0,
CBK0000113,TXN00008131,USR37470,MCH4899,,,2367.83,not delivered,Suspicious high-value payment disputed by customer.,Resolved,,P4,App,,,0,
CBK0001248,TXN00012952,USR21667,2739,,,596.6,merchant service issue,Customer says transaction was not authorized.,Pending Bank,,Low,chatbot,,,0,
CBK0002189,TXN00001962,USR79577,MCH4590,,,,delivery issue,User reports money deducted but merchant denies receiving payment.,Resolved,,P3,Call Center,,,0,
CBK0002042,TXN00004367,USR27533,MCH4473,,,2126.85,Service Not Provided,User claims account was compromised before transaction.,RESOLVED,,HIGH,App,,,0,
CBK0001782,TXN00014790,USR75856,MCH6661,,,350.19,account hacked,MERCHANT SERVICE WAS NOT DELIVERED AFTER PAYMENT.,Rejected,,MEDIUM,Call Center,,,0,
CBK0002374,TXN00005973,USR96482,8041,,,10229.48,unauthorized_transaction,User claims account was compromised before transaction.,Pending Bank,,Medium,App,,,1,
CBK0000175,TXN00009098,USR33215,MCH3992,,,,service failed,Payment made to unknown merchant as per customer statement.,CLOSED,,Low,ivr,,,0,
CBK0002088,TXN00008054,USR62622,MCH9449,,,,ATO,Complaint received after multiple failed attempts.,Open,,P2,CHATBOT,,,0,
CBK0000524,TXN00015049,USR87914,MCH2893,,2026-01-15,,Fraud Suspected,merchant service was not delivered after payment.,In Progress,,MEDIUM,Email,,,1,2026-01-15
CBK0000998,TXN00003928,USR14815,MCH1685,,,3481.55,double debit,Suspicious high-value payment disputed by customer.,IN_PROGRESS,,P1,Email,,,0,
CBK0001030,TXN00015761,USR84665,MCH9176,,,,Wrong Amount,Customer complaint text unclear due to poor call center notes.,WIP,,LOW,Branch,,,0,
CBK0001296,TXN00000132,USR44587,MCH4473,2026-02-05,,548.59,unauthorized_transaction,Payment made to unknown merchant as per customer statement.,IN_PROGRESS,,M,App,,,1,
CBK0000703,TXN00008400,USR58377,MCH6418,,,1939.11,Account Takeover,USER REPORTS MONEY DEDUCTED BUT MERCHANT DENIES RECEIVING PAYMENT.,Open,,LOW,App,,,0,
CBK0002094,TXN00005575,USR62840,MCH8723,,,1946.37,not done by me,User reports money deducted but merchant denies receiving payment.,PENDING_BANK,,Medium,ivr,,,0,
CBK0002219,TXN00005580,USR84190,MCH8763,,,3654.65,Duplicate Debit,SUSPICIOUS HIGH-VALUE PAYMENT DISPUTED BY CUSTOMER.,Resolved,,P2,Branch,,,0,
CBK0000636,TXN00018402,USR46308,MCH2781,,2026-02-27,,login compromised,User claims account was compromised before transaction. details missing,CLOSED,2026-03-07 15:34:55,P4,ivr,,207.58194444444445,0,2026-02-27
CBK0000682,TXN00002422,USR74392,MCH7833,,,412.17,DUP_DEBIT,Customer complaint text unclear due to poor call center notes.,REJECTED,,MEDIUM,Branch,,,0,
CBK0002335,TXN00000843,USR66411,MCH2439,2026-03-30,,-1440.33,customer issue,User says UPI PIN was not entered by them.,OPEN,,LOW,Email,,,0,
CBK0000482,TXN00014460,25683,MCH5655,,,651.01,Service Not Provided,Payment made to unknown merchant as per customer statement. details missing,RESOLVED,,HIGH,ivr,,,0,
CBK0002658,TXN00001412,91038,MCH9217,,,,amount mismatch,SUSPICIOUS HIGH-VALUE PAYMENT DISPUTED BY CUSTOMER.,IN_PROGRESS,,HIGH,Branch,,,0,
CBK0002744,TXN00012832,USR47729,MCH4521,,,,unauthorized_transaction,Customer says transaction was not authorized.,WIP,2026-04-29 22:30:57,L,ivr,,,1,
CBK0002582,TXN00016961,USR66391,MCH2476,2026-03-15,,508.34,fraud,MERCHANT SERVICE WAS NOT DELIVERED AFTER PAYMENT.,Pending Bank,,Critical,App,,,1,
CBK0002422,TXN00019169,USR46308,MCH9028,,,,Unauthorized Transaction,user claims account was compromised before transaction.,IN_PROGRESS,,High,Call Center,,,1,
CBK0002389,TXN00013105,USR51442,MCH8389,,,,login compromised,Complaint received after multiple failed attempts.,Rejected,,P4,Email,,,0,
CBK0002504,TXN00010218,USR72223,MCH9305,,,,account hacked,Customer says transaction was not authorized.,Rejected,,M,Call Center,,,0,
CBK0000413,TXN00014824,USR46130,MCH3100,,,,customer issue,User claims account was compromised before transaction.,WIP,,L,IVR,,,0,
CBK0000735,TXN00011503,USR69437,MCH4181,,2026-03-12,,Merchant Not Delivered,user claims account was compromised before transaction.,RESOLVED,,Low,Call Center,,,0,2026-03-12
CBK0001131,,USR67135,MCH5078,,,-2342.67,Account Takeover,Payment made to unknown merchant as per customer statement.,Resolved,,Medium,IVR,,,0,
CBK0001289,TXN00014346,USR42041,MCH2938,,2026-02-16,-1908.15,service failed,User claims account was compromised before transaction.,PENDING_BANK,2026-03-04 06:21:47,L,ivr,,390.36305555555555,0,2026-02-16
CBK0002650,TXN00017156,USR66478,MCH1329,,,2089.48,dispute raised,User claims account was compromised before transaction. urgent,Open,,P3,Branch,,,0,
CBK0001859,TXN00011491,USR73845,MCH2215,,,,login compromised,Customer complaint text unclear due to poor call center notes.,IN_PROGRESS,2026-02-16 05:51:47,P4,Branch,,,0,
CBK0000993,TXN00007102,USR24926,MCH7286,,,11415.12,merchant service issue,customer says amount was debited twice.,WIP,,P3,App,,,0,
CBK0000018,TXN00013395,USR33081,MCH5650,,,,account hacked,MERCHANT SERVICE WAS NOT DELIVERED AFTER PAYMENT.,CLOSED,,MEDIUM,CHATBOT,,,0,
CBK0001108,TXN00002909,USR19725,MCH3152,,,,UNAUTHORISED,Customer says amount was debited twice.,Closed,2026-04-05 09:32:45,LOW,Email,,,1,
CBK0001698,TXN00015223,USR23621,MCH7119,,2026-02-09,,item not received,Merchant service was not delivered after payment.,RESOLVED,,Medium,Email,,,0,2026-02-09
CBK0001803,TXN00007718,USR33934,1524,,,1496.09,Unauthorized Transaction,User reports money deducted but merchant denies receiving payment.,IN_PROGRESS,,High,Email,,,1,
CBK0002290,TXN00008903,USR27947,MCH7284,,,,FRAUD,suspicious high-value payment disputed by customer.,IN_PROGRESS,,CRITICAL,App,,,1,
CBK0001371,TXN00005048,USR43424,MCH1320,,2026-02-10,2992.52,charged twice,User says UPI PIN was not entered by them.,RESOLVED,,High,ivr,,,0,2026-02-10
CBK0001482,TXN00002314,USR23329,MCH8420,,,,item not received,User reports money deducted but merchant denies receiving payment.,CLOSED,,P2,Branch,,,0,
CBK0001684,TXN00010572,USR52501,MCH5980,2026-01-05,,,login compromised,Customer complaint text unclear due to poor call center notes.,REJECTED,,P2,chatbot,,,0,
CBK0000960,TXN00012384,USR41135,MCH6810,,,461.01,unauthorized_transaction,suspicious high-value payment disputed by customer.,Pending Bank,,P3,ivr,,,1,
CBK0001812,TXN00006460,USR29769,MCH9537,,,,DUP_DEBIT,suspicious high-value payment disputed by customer.,Pending Bank,,P3,ivr,,,0,
CBK0001272,TXN00018901,USR79175,MCH4473,,,,amount mismatch,Customer says txn was not authorized.,WIP,,L,chatbot,,,0,
CBK0000367,TXN00017265,USR30537,MCH6902,,,2120.67,Merchant Not Delivered,user says upi pin was not entered by them.,RESOLVED,,Low,CHATBOT,,,0,
CBK0001546,TXN00006374,USR50077,MCH5655,,,,suspicious transaction,Customer says amount was debited twice.,Open,,M,App,,,0,
CBK0000287,TXN00015777,USR40538,2822,,,-4982.63,suspicious transaction,payment made to unknown merchant as per customer statement.,WIP,2026-05-11 18:19:42,LOW,App,,,0,
CBK0001822,TXN00010858,USR89549,MCH5264,,,,login compromised,Payment made to unknown merchant as per customer statement.,IN_PROGRESS,,Medium,Call Center,,,0,
CBK0000728,TXN00018012,USR11036,MCH8256,,,722.5,extra amount deducted,Payment made to unknown merchant as per customer statement.,Closed,,Low,chatbot,,,0,
CBK0000662,TXN00001154,USR55160,MCH3733,2026-01-09,,336.21,delivery issue,complaint received after multiple failed attempts.,In Progress,2026-01-22 13:39:35,M,App,,,0,
CBK0002338,TXN00001443,USR39700,MCH7714,,,1732.28,Duplicate Debit,User reports money deducted but merchant denies receiving payment.,WIP,,MEDIUM,chatbot,,,0,
CBK0001467,TXN00008130,USR27544,MCH4226,,,482.6,not delivered,MERCHANT SERVICE WAS NOT DELIVERED AFTER PAYMENT.,REJECTED,,MEDIUM,Email,,,0,
CBK0001290,TXN00009715,USR21449,MCH9881,,,1200.75,incorrect amount,Payment made to unknown merchant as per customer statement.,Closed,,L,App,,,0,
CBK0002411,TXN00013763,USR34955,MCH8491,,2026-03-23,306.11,no service,User claims account was compromised before transaction. details missing,Pending Bank,,P3,IVR,,,0,2026-03-23
CBK0001598,TXN00005489,33874,MCH6555,2026-03-16,,3170.75,Fraud Suspected,User says UPI PIN was not entered by them.,Closed,2026-03-23 11:42:34,M,Call Center,,,1,
CBK0001414,TXN00000954,USR60939,MCH6568,,,12462.99,ATO,User says UPI PIN was not entered by them.,RESOLVED,,Medium,chatbot,,,0,
CBK0001223,,USR85507,MCH1883,,,-1472.04,not done by me,merchant service was not delivered after payment.,PENDING_BANK,,P4,Call Center,,,0,
CBK0002142,TXN00001780,87262,1774,,,2351.6,unauthorized_transaction,Customer says amount was debited twice.,OPEN,,H,CHATBOT,,,1,
CBK0001623,TXN00004018,USR77422,MCH8838,,,11729.72,merchant service issue,Payment made to unknown merchant as per customer statement.,IN_PROGRESS,2026-03-01 01:02:03,Medium,CHATBOT,,,0,
CBK0002342,TXN00018954,USR46617,MCH4286,,,3630.2,merchant service issue,User reports money deducted but merchant denies receiving payment. NA,REJECTED,,High,App,,,0,
CBK0001569,TXN00014298,USR48625,MCH4181,,,,scam,Customer says transaction was not authorized.,In Progress,,Medium,chatbot,,,0,
CBK0001353,TXN00019934,USR64893,MCH1320,,,-2640.42,unauth txn,complaint received after multiple failed attempts.,Pending Bank,,Low,ivr,,,0,
CBK0001894,TXN00013090,USR24730,MCH4226,,,1588.36,ATO,Customer complaint text unclear due to poor call center notes.,WIP,,M,App,,,0,
CBK0001522,TXN00013545,USR75846,MCH9344,,,,incorrect amount,PAYMENT MADE TO UNKNOWN MERCHANT AS PER CUSTOMER STATEMENT.,RESOLVED,,P4,CHATBOT,,,0,
CBK0001502,TXN00006961,USR72785,MCH4196,,2026-02-03,2280.65,amount mismatch,Suspicious high-value payment disputed by customer. urgent,Open,,P3,ivr,,,0,2026-02-03
CBK0000709,TXN00011910,USR78593,MCH3912,,2026-03-15,,account hacked,suspicious high-value payment disputed by customer.,REJECTED,,Low,CHATBOT,,,0,2026-03-15
CBK0000010,TXN00006640,USR52772,MCH3725,,,,login compromised,USER CLAIMS ACCOUNT WAS COMPROMISED BEFORE TRANSACTION.,CLOSED,,LOW,App,,,0,
CBK0000091,TXN00014621,USR78310,MCH9002,,2026-03-16,264.51,delivery issue,Complaint received after multiple failed attempts.,OPEN,,MEDIUM,IVR,,,0,2026-03-16
CBK0002557,TXN39623,USR35327,MCH3415,,,,dispute raised,Customer says amount was debited twice.,Resolved,,Critical,chatbot,,,0,
CBK0000909,TXN00006059,USR60322,5605,,2026-02-23,-11598.12,charged twice,Customer complaint text unclear due to poor call center notes.,WIP,,P3,Call Center,,,0,2026-02-23
CBK0000677,TXN00003443,USR88570,MCH2055,,,-7308.16,Fraud Suspected,Suspicious high-value payment disputed by customer.,Open,,LOW,Email,,,1,
CBK0000435,TXN00009091,USR82248,MCH5691,,,,incorrect amount,User reports money deducted but merchant denies receiving payment.,Open,,P3,App,,,0,
CBK0001325,TXN00012946,USR82083,MCH7565,,,,FRAUD,Customer says transaction was not authorized.,REJECTED,,H,Branch,,,1,
CBK0001746,TXN00015688,USR40061,MCH5969,,,,Account Takeover,Payment made to unknown merchant as per customer statement.,Pending Bank,,M,CHATBOT,,,0,
CBK0000895,TXN00007313,USR93581,MCH5980,,,802.19,delivery issue,CUSTOMER COMPLAINT TEXT UNCLEAR DUE TO POOR CALL CENTER NOTES.,IN_PROGRESS,,H,App,,,0,
CBK0000249,TXN00011669,USR26768,MCH8390,,,,unauthorized_transaction,User claims account was compromised before transaction.,WIP,,M,chatbot,,,1,
CBK0002573,TXN00007177,USR70317,MCH8645,,,,fraud,Merchant service was not delivered after payment.,RESOLVED,,Low,Call Center,,,1,
CBK0001564,TXN00001739,USR36402,MCH6953,,,482.37,Duplicate Debit,Customer complaint text unclear due to poor call center notes.,WIP,,P4,Email,,,0,
CBK0001059,TXN00009260,USR29465,MCH3341,,,,extra amount deducted,customer says transaction was not authorized.,Open,2026-02-06 23:34:05,Low,Branch,,,0,
CBK0001785,TXN00018150,USR30819,MCH3100,2026-01-12,,,account hacked,User claims account was compromised before txn.,IN_PROGRESS,,MEDIUM,Branch,,,0,
CBK0000387,TXN00001261,USR11270,MCH4799,,,1010.81,Wrong Amount,Payment made to unknown merchant as per customer statement.,RESOLVED,,Low,App,,,0,
CBK0000166,TXN00011027,USR82338,MCH2856,,,,Duplicate Debit,Customer complaint text unclear due to poor call center notes.,PENDING_BANK,,MEDIUM,Call Center,,,0,
CBK0000288,TXN55417,USR41398,MCH1803,2026-03-23,,9306.13,unauthorized_transaction,payment made to unknown merchant as per customer statement.,IN_PROGRESS,,P4,chatbot,,,1,
CBK0000195,TXN00014413,USR30474,MCH8961,,,,not delivered,Customer says transaction was not authorized.,In Progress,,P3,ivr,,,0,
CBK0001761,TXN00014440,USR24857,MCH1433,,,12244.08,ATO,Customer complaint text unclear due to poor call center notes. call dropped,Open,,HIGH,Branch,,,0,
CBK0001753,TXN00002207,USR56780,MCH9581,,,-326.69,login compromised,Payment made to unknown merchant as per customer statement.,Pending Bank,,High,CHATBOT,,,0,
CBK0000020,TXN00010227,USR97817,MCH7570,,,,item not received,Merchant service was not delivered after payment.,RESOLVED,,High,Branch,,,0,
CBK0000942,TXN00000964,USR78941,MCH3992,,,2761.55,charged twice,Suspicious high-value payment disputed by customer.,RESOLVED,,L,ivr,,,0,
CBK0002736,TXN00017399,USR27913,MCH5980,,2026-01-27,685.65,no service,CUSTOMER COMPLAINT TEXT UNCLEAR DUE TO POOR CALL CENTER NOTES.,REJECTED,,CRITICAL,CHATBOT,,,0,2026-01-27
CBK0000940,TXN00012142,USR51720,MCH2099,,2026-03-20,,DUP_DEBIT,Customer says transaction was not authorized.,Resolved,,P2,Email,,,0,2026-03-20
CBK0000031,TXN00005788,USR80678,MCH4473,,,372.51,DUP_DEBIT,User claims account was compromised before transaction.,RESOLVED,2026-03-29 00:09:09,LOW,IVR,,,0,
CBK0001210,TXN00014187,USR80504,MCH2456,2026-03-18,,,fraud,Complaint received after multiple failed attempts.,RESOLVED,,LOW,CHATBOT,,,1,
CBK0002670,TXN00018420,USR34122,MCH3807,,,,merchant service issue,Payment made to unknown merchant as per customer statement.,Pending Bank,,H,Branch,,,0,
CBK0001707,TXN00006976,USR91675,MCH3676,2026-01-15,,1752.57,account hacked,customer says amount was debited twice.,PENDING_BANK,,Low,Email,,,0,
CBK0002073,TXN00007227,USR23350,MCH8136,,,,extra amount deducted,Customer complaint text unclear due to poor call center notes.,Open,,P3,Branch,,,0,
CBK0001648,TXN00003335,USR96396,MCH5954,,,1426.02,unauthorized_transaction,customer says transaction was not authorized.,PENDING_BANK,,H,ivr,,,1,
CBK0001755,TXN00008682,USR56480,MCH7833,,,,Unauthorized Transaction,Suspicious high-value payment disputed by customer.,Closed,,Low,chatbot,,,1,
CBK0000952,TXN00013323,46902,MCH2064,,,1986.27,not delivered,Complaint received after multiple failed attempts.,OPEN,,M,Call Center,,,0,
CBK0002378,TXN00014450,USR74567,MCH5798,,,,Service Not Provided,Complaint received after multiple failed attempts.,In Progress,2026-03-13 23:03:21,LOW,CHATBOT,,,0,
CBK0001662,TXN00008240,USR43842,MCH7885,,,-962.34,no service,Merchant service was not delivered after payment.,Resolved,,P2,Branch,,,0,
CBK0000275,TXN37497,USR31937,MCH9768,,,,service failed,Complaint received after multiple failed attempts.,RESOLVED,,CRITICAL,chatbot,,,0,
CBK0002206,TXN00009768,USR52915,MCH7051,,,,Unauthorized Transaction,Payment made to unknown merchant as per customer statement.,Closed,,Critical,Email,,,1,
CBK0002687,TXN00017004,USR22471,MCH2822,,,,dispute raised,User says UPI PIN was not entered by them.,WIP,,Critical,Call Center,,,0,
CBK0000843,TXN00014470,USR23820,MCH3842,,,,merchant service issue,Complaint received after multiple failed attempts.,REJECTED,,P4,Call Center,,,0,
CBK0002212,TXN00010395,USR73737,MCH1395,,,,item not received,Customer says amount was debited twice. NA,WIP,,HIGH,chatbot,,,0,
CBK0002231,TXN00010167,USR37981,7715,2026-03-08,,-3121.8,Customer Dispute,Customer says amount was debited twice.,In Progress,,Medium,chatbot,,,0,
CBK0000475,TXN00015106,USR66875,MCH7661,2026-02-11,,,charged twice,Suspicious high-value payment disputed by customer.,OPEN,,Medium,Email,,,0,
CBK0002741,TXN00016493,USR97428,MCH9290,,,,account hacked,Complaint received after multiple failed attempts.,Closed,,L,ivr,,,0,
CBK0001221,TXN00002325,USR19262,MCH7654,,,800.32,delivery issue,Payment made to unknown merchant as per customer statement.,WIP,,H,Email,,,0,
CBK0000584,TXN00018381,USR66286,MCH3433,,,528.22,login compromised,Suspicious high-value payment disputed by customer.,OPEN,2026-02-17 00:09:38,P4,IVR,,,0,
CBK0001297,TXN00002610,USR99997,MCH5710,,,784.51,extra amount deducted,suspicious high-value payment disputed by customer.,REJECTED,2026-02-09 07:41:28,MEDIUM,App,,,0,
CBK0001860,TXN00000877,USR24833,MCH8648,,,,Wrong Amount,Suspicious high-value payment disputed by customer.,Resolved,,P4,IVR,,,0,
CBK0001456,TXN00003248,USR30500,2822,,,,Unauthorized Transaction,Suspicious high-value payment disputed by customer.,PENDING_BANK,,CRIT,Call Center,,,1,
CBK0001261,TXN00001742,USR56247,MCH1220,,,,FRAUD,Customer complaint text unclear due to poor call center notes.,IN_PROGRESS,,Low,IVR,,,1,
CBK0000638,TXN00006348,USR97580,6624,,,506.14,Customer Dispute,user says upi pin was not entered by them.,In Progress,,P3,chatbot,,,0,
CBK0000029,TXN00006499,USR14810,MCH1545,,,,incorrect amount,User says UPI PIN was not entered by them.,CLOSED,,P3,chatbot,,,0,
CBK0001349,TXN00011307,USR27947,MCH5452,,,4006.77,login compromised,User says UPI PIN was not entered by them.,Pending Bank,,P4,Call Center,,,0,
CBK0000751,TXN00008166,USR71704,MCH6694,,,813.72,unauthorized_transaction,USER CLAIMS ACCOUNT WAS COMPROMISED BEFORE TRANSACTION.,Rejected,2026-02-22 08:23:27,M,ivr,,,1,
CBK0001656,TXN00014355,USR49179,MCH9241,2026-03-31,,842.31,Duplicate Debit,Customer says transaction was not authorized.,OPEN,,Low,Branch,,,0,
CBK0001674,TXN00013171,USR44076,MCH8679,,,1091.17,account hacked,Customer complaint text unclear due to poor call center notes.,IN_PROGRESS,,P2,Branch,,,0,
CBK0000295,TXN00010097,30500,MCH3244,,,12885.17,Unauthorized Transaction,Complaint received after multiple failed attempts.,PENDING_BANK,,L,ivr,,,1,
CBK0000054,TXN00015105,USR35239,9077,,,,customer issue,User claims account was compromised before transaction.,Rejected,,P4,IVR,,,0,
CBK0001078,TXN00001209,USR19922,MCH6850,,,,Service Not Provided,User claims account was compromised before transaction.,WIP,,M,chatbot,,,0,
CBK0000768,TXN00002926,USR29277,MCH7998,,2026-02-18,,dispute raised,Customer complaint text unclear due to poor call center notes.,Open,,L,chatbot,,,0,2026-02-18
CBK0002700,TXN00018891,USR69797,MCH5713,,2026-01-06,,unauth txn,Customer complaint text unclear due to poor call center notes.,RESOLVED,,HIGH,Email,,,0,2026-01-06
CBK0002167,TXN00008964,58972,MCH9155,,2026-01-22,,Account Takeover,Customer says amount was debited twice.,Pending Bank,,H,Email,,,0,2026-01-22
CBK0002787,TXN00005483,USR89278,MCH4006,,,,no service,User reports money deducted but merchant denies receiving payment.,WIP,,MEDIUM,Call Center,,,0,
CBK0002552,TXN00011308,USR27300,MCH9291,,,,FRAUD,Complaint received after multiple failed attempts.,OPEN,,L,Call Center,,,1,
CBK0002279,TXN00018603,USR39503,MCH1658,,2026-03-26,3615.07,Duplicate Debit,Suspicious high-value payment disputed by customer.,REJECTED,,CRIT,Call Center,,,0,2026-03-26
CBK0000950,TXN00016469,USR13599,MCH6400,,,,Account Takeover,Complaint received after multiple failed attempts.,In Progress,,H,CHATBOT,,,0,
CBK0002046,TXN00013381,USR72135,MCH5076,,,1684.52,not delivered,User says UPI PIN was not entered by them.,Rejected,2026-02-17 21:33:18,LOW,Branch,,,0,
CBK0002547,TXN00009614,USR83314,MCH4007,,,,FRAUD,Customer complaint text unclear due to poor call center notes.,PENDING_BANK,,H,IVR,,,1,
CBK0000941,TXN00016470,USR14844,2266,,,-1994.56,service failed,Customer says amount was debited twice.,Open,,HIGH,Email,,,0,
CBK0001286,TXN00004472,USR83523,MCH5954,,,,Merchant Not Delivered,Customer says transaction was not authorized. NA,Pending Bank,,Medium,Branch,,,0,
CBK0002170,TXN00017055,USR56789,MCH5954,,,,DUP_DEBIT,Customer complaint text unclear due to poor call center notes.,REJECTED,,HIGH,chatbot,,,0,
CBK0001905,TXN00011981,80617,MCH7286,,,,item not received,suspicious high-value payment disputed by customer.,Pending Bank,,L,Email,,,0,
CBK0000179,TXN00017876,USR49537,MCH5956,,,638.04,Fraud Suspected,Customer says transaction was not authorized.,WIP,,P2,IVR,,,1,
CBK0002676,TXN00004927,USR19351,MCH3684,,,,service failed,Merchant service was not delivered after payment.,RESOLVED,,P4,App,,,0,
CBK0001302,TXN00007192,USR80872,MCH2757,,2026-01-16,1195.71,Merchant Not Delivered,Suspicious high-value payment disputed by customer.,PENDING_BANK,,P3,ivr,,,0,2026-01-16
CBK0000591,TXN00011869,USR62847,MCH3840,,,,amount mismatch,User claims account was compromised before transaction.,CLOSED,,P1,Call Center,,,0,
CBK0000460,TXN00001710,USR13062,MCH2803,2026-03-22,,-5894.84,ATO,customer complaint text unclear due to poor call center notes.,Resolved,,P3,ivr,,,0,
CBK0000570,TXN00006817,USR13134,MCH3815,,,774.67,login compromised,Customer says transaction was not authorized.,PENDING_BANK,,M,CHATBOT,,,0,
CBK0001161,TXN00004594,USR71825,MCH8679,,,315.15,Fraud Suspected,Customer complaint text unclear due to poor call center notes.,WIP,,MEDIUM,App,,,1,
CBK0002019,TXN00005409,USR58335,MCH1825,,,504.51,DUP_DEBIT,Customer says transaction was not authorized.,Resolved,,CRITICAL,App,,,0,
CBK0002751,TXN00015657,USR59679,MCH3440,,,1966.13,no service,User says UPI PIN was not entered by them.,REJECTED,,LOW,ivr,,,0,
CBK0001766,,USR12686,MCH7267,,,1546.27,account hacked,User claims account was compromised before transaction.,Resolved,2026-03-20 10:31:04,P2,chatbot,,,0,
CBK0002685,TXN00018738,USR32577,MCH5980,,,1179.22,double debit,Customer complaint text unclear due to poor call center notes.,PENDING_BANK,,LOW,CHATBOT,,,0,
CBK0001179,TXN00016521,USR36519,MCH9839,,,,scam,Customer says amount was debited twice.,PENDING_BANK,,Low,Email,,,0,
CBK0002516,TXN73646,USR57758,MCH1812,,,,dispute raised,Payment made to unknown merchant as per customer statement.,RESOLVED,,HIGH,Email,,,0,
CBK0002047,TXN00007439,USR65461,MCH3896,,2026-03-12,,FRAUD,User claims account was compromised before transaction.,Rejected,,L,chatbot,,,1,2026-03-12
CBK0000352,TXN00014436,USR20197,MCH8920,,,5439.35,account hacked,Suspicious high-value payment disputed by customer.,Pending Bank,2026-02-23 18:21:54,High,Branch,,,0,
CBK0001568,TXN00010744,USR28325,MCH2822,,,,login compromised,User claims account was compromised before transaction.,Resolved,,Medium,Branch,,,0,
CBK0001997,TXN00019193,USR39555,MCH8953,,,,double debit,Complaint received after multiple failed attempts.,CLOSED,,P2,CHATBOT,,,0,
CBK0000400,TXN00009596,USR71348,MCH7207,2026-01-21,2026-01-24,5224.53,double debit,user claims account was compromised before transaction.,In Progress,,MEDIUM,App,72.0,,0,2026-01-24
CBK0000982,TXN00011350,USR93171,MCH5785,,,188.6,item not received,User reports money deducted but merchant denies receiving payment.,Closed,,P3,IVR,,,0,
CBK0001618,TXN00015125,USR77086,MCH1644,2026-03-28,,,account hacked,customer says transaction was not authorized.,In Progress,,M,Branch,,,0,
CBK0001730,TXN00006467,USR66854,4352,,,7505.86,Wrong Amount,CUSTOMER COMPLAINT TEXT UNCLEAR DUE TO POOR CALL CENTER NOTES.,REJECTED,,H,CHATBOT,,,0,
CBK0002249,TXN00005146,USR93984,MCH8154,,,725.45,unauth txn,CUSTOMER SAYS TRANSACTION WAS NOT AUTHORIZED.,PENDING_BANK,,Medium,IVR,,,0,
CBK0001787,TXN00013934,USR50975,MCH4366,,2026-04-11,487.43,ATO,Suspicious high-value payment disputed by customer.,IN_PROGRESS,,High,Email,,,0,2026-04-11
CBK0000936,TXN00008546,USR92782,MCH9921,,2026-02-08,936.49,dispute raised,User says UPI PIN was not entered by them.,RESOLVED,,L,CHATBOT,,,0,2026-02-08
CBK0001535,TXN00015786,USR49801,MCH2148,,,14485.22,dispute raised,User reports money deducted but merchant denies receiving payment.,Pending Bank,,Medium,Call Center,,,0,
CBK0001064,TXN00016822,USR40162,MCH1101,,,3058.22,Unauthorized Transaction,Customer says amount was debited twice.,IN_PROGRESS,,LOW,chatbot,,,1,
CBK0002089,TXN00010784,USR61539,MCH5778,,,782.96,customer issue,Customer says amount was debited twice.,OPEN,,H,Branch,,,0,
CBK0001897,TXN00008189,USR22202,MCH4473,,,577.55,DUP_DEBIT,User claims account was compromised before transaction.,In Progress,,MEDIUM,App,,,0,
CBK0001591,TXN00001778,USR22644,MCH3896,,,,unauth txn,Customer complaint text unclear due to poor call center notes.,REJECTED,,P4,ivr,,,0,
CBK0001510,TXN00009054,USR40521,MCH8665,,,14177.27,UNAUTHORISED,customer says transaction was not authorized.,WIP,,Medium,IVR,,,1,
CBK0000351,TXN49383,USR83155,MCH5768,,,614.57,Service Not Provided,Suspicious high-value payment disputed by cust.,Open,,Low,chatbot,,,0,
CBK0001213,TXN00017444,29137,MCH6278,,,252.18,Unauthorized Transaction,User claims account was compromised before txn.,Pending Bank,,M,chatbot,,,1,
CBK0001031,TXN00018504,USR95238,MCH8391,2026-02-19,,2887.1,not done by me,Merchant service was not delivered after payment. details missing,RESOLVED,,L,Call Center,,,0,
CBK0001148,TXN00009676,USR60032,MCH8953,,,,Unauthorized Transaction,User reports money deducted but merchant denies receiving payment.,Resolved,2026-03-02 08:39:23,L,CHATBOT,,,1,
CBK0002528,TXN00019669,USR43455,MCH2895,,,,scam,Customer says transaction was not authorized. call dropped,In Progress,,Medium,Email,,,0,
CBK0002233,TXN00010897,USR48881,MCH3815,,,5022.43,delivery issue,USER REPORTS MONEY DEDUCTED BUT MERCHANT DENIES RECEIVING PAYMENT.,In Progress,,P2,Branch,,,0,
CBK0000147,TXN00003927,USR94184,MCH2234,,,,Wrong Amount,Customer says transaction was not authorized.,CLOSED,,Low,ivr,,,0,
CBK0000527,,USR45627,MCH3427,,,-171.98,fraud,User reports money deducted but merchant denies receiving payment.,WIP,,L,IVR,,,1,
CBK0000140,TXN00001801,USR46902,MCH2378,,,2789.99,Customer Dispute,User says UPI PIN was not entered by them.,WIP,,Low,Email,,,0,
CBK0000613,TXN00002808,USR82191,MCH9948,2026-02-13,,604.93,Customer Dispute,Customer says transaction was not authorized.,Pending Bank,,M,Email,,,0,
CBK0001796,TXN00014147,USR19352,MCH5990,,2026-02-22,,account hacked,payment made to unknown merchant as per customer statement.,IN_PROGRESS,,LOW,Branch,,,0,2026-02-22
CBK0000336,TXN00004644,USR14768,MCH8391,,,-3662.83,item not received,User claims account was compromised before transaction.,Resolved,,P4,ivr,,,0,
CBK0002179,TXN00002142,44124,MCH9291,,2026-01-18,,Service Not Provided,Customer says amount was debited twice.,Closed,,HIGH,chatbot,,,0,2026-01-18
CBK0002623,,USR80824,MCH3492,,,1057.6,FRAUD,Suspicious high-value payment disputed by customer.,Rejected,,H,App,,,1,
CBK0001375,TXN00001251,USR45344,MCH4473,,,,complaint,Merchant service was not delivered after payment.,Resolved,,P2,chatbot,,,0,
CBK0001280,TXN00012568,USR61715,MCH6850,,,,Customer Dispute,Customer says transaction was not authorized.,OPEN,,Low,Call Center,,,0,
CBK0002202,TXN00001215,USR26403,MCH5655,,,5146.97,Merchant Not Delivered,Merchant service was not delivered after payment.,CLOSED,,P3,chatbot,,,0,
CBK0002178,TXN00010512,USR39098,MCH1080,2026-01-19,,,extra amount deducted,Customer says amount was debited twice.,OPEN,,Low,ivr,,,0,
CBK0002515,TXN00019171,95538,MCH5931,2026-03-30,,,Wrong Amount,Customer says transaction was not authorized.,Resolved,,LOW,Call Center,,,0,
CBK0000099,,USR93290,MCH3558,,2026-01-17,,Fraud Suspected,User claims account was compromised before transaction.,RESOLVED,,M,Email,,,1,2026-01-17
CBK0002071,TXN00006958,USR61891,MCH7286,,,-1162.72,service failed,Payment made to unknown merchant as per customer statement.,Open,,High,IVR,,,0,
CBK0000066,TXN00017748,USR86707,MCH8350,,,,Service Not Provided,Customer complaint text unclear due to poor call center notes. call dropped,REJECTED,,Low,App,,,0,
CBK0002204,TXN00009040,USR97137,MCH3202,,2026-01-16,-1600.6,Service Not Provided,Customer says transaction was not authorized.,IN_PROGRESS,,H,Call Center,,,0,2026-01-16
CBK0001942,TXN00017185,USR88284,MCH9344,,,384.18,Wrong Amount,Payment made to unknown merchant as per customer statement.,Open,,P3,Branch,,,0,
CBK0000955,,USR66359,MCH2992,,,,delivery issue,Payment made to unknown merchant as per customer statement.,OPEN,,P4,IVR,,,0,
CBK0001156,TXN00010478,USR27893,MCH7475,,,,ATO,Merchant service was not delivered after payment.,In Progress,,P4,chatbot,,,0,
CBK0001940,TXN00006894,USR19400,MCH3815,,,2016.51,delivery issue,Customer complaint text unclear due to poor call center notes.,Rejected,,HIGH,ivr,,,0,
CBK0000135,TXN00013531,USR33763,MCH2483,,2026-01-22,,item not received,User reports money deducted but merchant denies receiving payment.,In Progress,,P4,App,,,0,2026-01-22
CBK0002522,,USR72963,MCH4406,,,,not done by me,User claims account was compromised before transaction.,REJECTED,,L,App,,,0,
CBK0002568,TXN00012990,USR24437,MCH1818,,,3464.25,unauth txn,Customer says amount was debited twice.,CLOSED,,High,CHATBOT,,,0,
CBK0001092,TXN00015253,USR50458,MCH4725,,,,no service,CUSTOMER COMPLAINT TEXT UNCLEAR DUE TO POOR CALL CENTER NOTES.,PENDING_BANK,,Low,chatbot,,,0,
CBK0001495,TXN00014774,USR47392,MCH8779,,,2478.18,Unauthorized Transaction,Payment made to unknown merchant as per customer statement.,REJECTED,,P4,Branch,,,1,
CBK0000296,TXN00003112,USR49629,MCH1546,,,,merchant service issue,User says UPI PIN was not entered by them.,CLOSED,,M,CHATBOT,,,0,
CBK0002750,TXN00013670,USR26461,MCH9342,,,,charged twice,User says UPI PIN was not entered by them.,Rejected,2026-03-18 18:50:28,MEDIUM,Branch,,,0,
CBK0002535,TXN00009226,USR99720,MCH1211,2026-01-15,,,login compromised,User reports money deducted but merchant denies receiving payment.,Resolved,,MEDIUM,Branch,,,0,
CBK0002545,TXN00010063,USR85767,MCH8999,,,219.86,Account Takeover,User says UPI PIN was not entered by them.,Open,,P3,CHATBOT,,,0,
CBK0002186,TXN00003156,USR24528,MCH4024,,,1072.99,Unauthorized Transaction,Customer complaint text unclear due to poor call center notes.,RESOLVED,,M,Email,,,1,
CBK0000978,TXN00006792,USR48647,5655,,,1704.54,extra amount deducted,Customer complaint text unclear due to poor call center notes.,Rejected,,LOW,Call Center,,,0,
CBK0001661,TXN00009867,USR15733,MCH8681,,,,delivery issue,User reports money deducted but merchant denies receiving payment.,Rejected,2026-04-16 19:28:49,H,Branch,,,0,
CBK0000354,TXN00013742,USR63462,MCH1320,,2026-01-16,,Merchant Not Delivered,USER REPORTS MONEY DEDUCTED BUT MERCHANT DENIES RECEIVING PAYMENT.,WIP,,H,CHATBOT,,,0,2026-01-16
CBK0002642,TXN00007026,USR88352,MCH8311,,,,UNAUTHORISED,Suspicious high-value payment disputed by customer.,CLOSED,,P3,CHATBOT,,,1,
CBK0002479,TXN00007945,USR12314,MCH9784,,,,Duplicate Debit,User says UPI PIN was not entered by them. call dropped,RESOLVED,,M,Branch,,,0,
CBK0000934,TXN00014323,USR66946,MCH6810,,,,delivery issue,Suspicious high-value payment disputed by customer.,Rejected,2026-01-23 08:09:17,L,ivr,,,0,
CBK0000499,TXN00011216,USR26571,MCH5954,,2026-01-25,-857.98,fraud,User reports money deducted but merchant denies receiving payment.,Rejected,,P1,Email,,,1,2026-01-25
CBK0000312,TXN00013916,USR29758,MCH5655,,,804.06,dispute raised,Complaint received after multiple failed attempts.,Closed,,Medium,chatbot,,,0,
CBK0000667,TXN00006052,USR54126,MCH2266,,,1664.31,customer issue,Complaint received after multiple failed attempts.,Pending Bank,,CRITICAL,Email,,,0,
CBK0001500,TXN00004113,USR65211,MCH5770,,2026-04-14,1173.86,no service,USER SAYS UPI PIN WAS NOT ENTERED BY THEM.,CLOSED,,HIGH,Branch,,,0,2026-04-14
CBK0001524,TXN00010627,USR65183,MCH5171,,,,unauth txn,Customer says transaction was not authorized.,Resolved,,L,Branch,,,0,
CBK0000438,TXN00011978,USR99732,7833,,,,item not received,Customer says transaction was not authorized. urgent,Pending Bank,,L,Email,,,0,
CBK0000012,TXN00013740,35501,MCH8913,,,650.92,customer issue,Suspicious high-value payment disputed by customer.,Pending Bank,,Medium,chatbot,,,0,
CBK0001710,TXN00002546,USR96958,MCH4226,,,,Account Takeover,USER REPORTS MONEY DEDUCTED BUT MERCHANT DENIES RECEIVING PAYMENT.,REJECTED,,Low,Call Center,,,0,
CBK0001322,TXN00018670,USR33934,MCH9699,,,,amount mismatch,MERCHANT SERVICE WAS NOT DELIVERED AFTER PAYMENT.,RESOLVED,,MEDIUM,ivr,,,0,
CBK0000894,TXN00015855,95334,MCH6372,,,,extra amount deducted,User says UPI PIN was not entered by them.,IN_PROGRESS,,LOW,App,,,0,
CBK0000784,TXN00014785,USR41135,MCH7286,,2026-01-31,1176.91,service failed,suspicious high-value payment disputed by customer.,IN_PROGRESS,,P4,Branch,,,0,2026-01-31
CBK0001573,TXN00015673,USR29406,MCH4270,,,,Fraud Suspected,User says UPI PIN was not entered by them.,CLOSED,,MEDIUM,IVR,,,1,
CBK0002149,TXN00011510,USR30541,MCH6295,2026-01-13,,7271.24,suspicious transaction,Merchant service was not delivered after payment.,Open,,P4,ivr,,,0,
CBK0001257,,USR74209,6057,,,2346.56,customer issue,Complaint received after multiple failed attempts.,Open,,P4,CHATBOT,,,0,
CBK0000370,,USR68023,MCH2511,,,-3719.71,charged twice,User says UPI PIN was not entered by them.,Closed,,MEDIUM,App,,,0,
CBK0001398,TXN00015787,USR61935,MCH8643,,,8787.96,unauth txn,payment made to unknown merchant as per customer statement.,Rejected,,P2,ivr,,,0,
CBK0001343,TXN00017045,USR87914,MCH2822,,,,not done by me,Suspicious high-value payment disputed by customer. urgent,WIP,,MEDIUM,CHATBOT,,,0,
CBK0000769,TXN00010549,USR88037,MCH4590,,,,complaint,Complaint received after multiple failed attempts.,IN_PROGRESS,,P2,App,,,0,
CBK0002111,TXN00019791,USR48202,MCH2383,,,,amount mismatch,Customer complaint text unclear due to poor call center notes.,CLOSED,,L,CHATBOT,,,0,
CBK0002589,TXN00001501,USR49236,MCH4590,,,1157.85,charged twice,Payment made to unknown merchant as per customer statement.,Open,,H,IVR,,,0,
CBK0001391,TXN00008679,USR46067,MCH1887,2026-03-22,,,Wrong Amount,Complaint received after multiple failed attempts.,Resolved,,P3,CHATBOT,,,0,
CBK0000496,TXN00005986,USR21449,MCH1486,,2026-01-23,6879.04,Customer Dispute,User claims account was compromised before transaction. call dropped,OPEN,,High,Call Center,,,0,2026-01-23
CBK0000928,TXN00008356,USR74115,MCH9582,,,,Service Not Provided,User claims account was compromised before transaction. NA,CLOSED,,MEDIUM,CHATBOT,,,0,
CBK0000648,TXN00005486,USR11810,MCH1581,,2026-02-04,,FRAUD,user says upi pin was not entered by them.,CLOSED,,LOW,Branch,,,1,2026-02-04
CBK0002136,TXN00005344,USR86525,MCH5753,,,,Account Takeover,Customer complaint text unclear due to poor call center notes.,CLOSED,2026-04-04 09:48:11,High,CHATBOT,,,0,
CBK0001658,TXN00004488,USR55710,MCH6850,,,,incorrect amount,Complaint received after multiple failed attempts.,Rejected,,CRIT,App,,,0,
CBK0002436,TXN00008330,USR64405,MCH9291,,2026-03-10,,UNAUTHORISED,Customer complaint text unclear due to poor call center notes.,In Progress,,P3,Branch,,,1,2026-03-10
CBK0002460,TXN00018148,USR68295,MCH2914,,,,charged twice,Payment made to unknown merchant as per customer statement.,OPEN,2026-01-14 05:46:54,L,Branch,,,0,
CBK0001162,TXN00012239,USR22644,MCH5296,,,,Duplicate Debit,Customer complaint text unclear due to poor call center notes.,CLOSED,,Medium,CHATBOT,,,0,
CBK0002084,TXN83297,USR66974,MCH7833,,,,not done by me,Payment made to unknown merchant as per cust statement.,WIP,,P1,ivr,,,0,
CBK0000003,TXN00013293,USR91078,MCH6993,,,,incorrect amount,user says upi pin was not entered by them.,Rejected,,P2,ivr,,,0,
CBK0000669,TXN00018414,USR22639,MCH8836,,,3972.17,account hacked,user claims account was compromised before transaction.,IN_PROGRESS,,High,ivr,,,0,
CBK0000439,TXN00016295,USR83930,MCH9092,,,,incorrect amount,suspicious high-value payment disputed by customer.,OPEN,,MEDIUM,IVR,,,0,
CBK0002423,TXN00014966,USR26696,MCH9223,,,,merchant service issue,Payment made to unknown merchant as per cust statement.,Rejected,,HIGH,ivr,,,0,
CBK0000282,TXN00016877,USR87914,MCH5070,,,,merchant service issue,Customer says transaction was not authorized.,RESOLVED,,MEDIUM,ivr,,,0,
CBK0002195,TXN00004411,USR48054,MCH9844,,,,incorrect amount,User reports money deducted but merchant denies receiving payment.,Open,,P4,chatbot,,,0,
CBK0002767,TXN00014701,USR79411,MCH8154,,,4452.29,no service,Customer complaint text unclear due to poor call center notes.,Open,,High,chatbot,,,0,
CBK0000538,TXN00005988,USR84311,MCH2752,2026-01-10,,1345.11,ATO,merchant service was not delivered after payment.,OPEN,,H,chatbot,,,0,
CBK0001829,TXN00005136,USR58407,MCH5584,,,,Wrong Amount,User reports money deducted but merchant denies receiving payment.,Rejected,,M,Branch,,,0,
CBK0000807,TXN00017317,USR77247,MCH5805,,,,incorrect amount,User claims account was compromised before transaction. pls check asap,In Progress,,Medium,CHATBOT,,,0,
CBK0001204,,USR37435,MCH7058,,,-16163.8,extra amount deducted,Merchant service was not delivered after payment.,REJECTED,,Medium,ivr,,,0,
CBK0002299,TXN00012406,USR13926,MCH9166,,,-2900.07,Merchant Not Delivered,Customer says transaction was not authorized. urgent,IN_PROGRESS,,Low,ivr,,,0,
CBK0002286,TXN00007923,USR98994,MCH2676,,,2225.43,item not received,Payment made to unknown merchant as per customer statement.,Pending Bank,,Medium,IVR,,,0,
CBK0000567,TXN00016408,USR33228,MCH8298,,2026-02-19,5179.58,Wrong Amount,Customer says amount was debited twice.,Closed,,LOW,Email,,,0,2026-02-19
CBK0001201,TXN00014054,USR85014,MCH7286,,,,Merchant Not Delivered,Complaint received after multiple failed attempts.,Closed,,LOW,CHATBOT,,,0,
CBK0001779,TXN00006263,USR61731,MCH3837,,,843.91,dispute raised,Merchant service was not delivered after payment.,CLOSED,,P4,App,,,0,
CBK0000315,TXN00011615,USR67684,MCH9052,,,,fraud,merchant service was not delivered after payment.,Resolved,,MEDIUM,CHATBOT,,,1,
CBK0000683,TXN00017581,USR54113,MCH6129,,,,not delivered,User says UPI PIN was not entered by them.,REJECTED,,L,CHATBOT,,,0,
CBK0001014,TXN00005083,USR78215,MCH9892,,,,not delivered,Payment made to unknown merchant as per customer statement.,REJECTED,,Medium,Email,,,0,
CBK0002450,TXN00005485,USR94055,MCH5437,,,4839.05,Fraud Suspected,Merchant service was not delivered after payment.,In Progress,,CRITICAL,Branch,,,1,
CBK0001114,TXN00004265,USR40538,MCH7833,,,330.36,Merchant Not Delivered,Payment made to unknown merchant as per cust statement.,WIP,,L,CHATBOT,,,0,
CBK0001947,TXN00018820,USR36913,MCH9291,,,7255.27,amount mismatch,User claims account was compromised before transaction.,RESOLVED,,LOW,ivr,,,0,
CBK0002503,TXN00013623,USR34012,MCH2141,,,,Unauthorized Transaction,User says UPI PIN was not entered by them.,Open,,P4,Email,,,1,
CBK0002362,TXN00007811,USR20310,MCH8076,,,,Merchant Not Delivered,Payment made to unknown merchant as per customer statement.,IN_PROGRESS,2026-03-05 13:01:23,H,IVR,,,0,
CBK0002060,TXN00010691,USR71335,MCH8391,,,,Wrong Amount,User reports money deducted but merchant denies receiving payment.,Rejected,,M,App,,,0,
CBK0001135,TXN00011148,USR73600,MCH2913,,,745.95,Customer Dispute,User says UPI PIN was not entered by them.,Open,,P4,IVR,,,0,
CBK0001631,TXN00014809,USR76917,MCH2822,,2026-02-25,1458.95,Merchant Not Delivered,customer says amount was debited twice.,RESOLVED,,P2,App,,,0,2026-02-25
CBK0000363,TXN00014836,USR62092,MCH3992,,,,dispute raised,user reports money deducted but merchant denies receiving payment.,RESOLVED,,L,chatbot,,,0,
CBK0002324,TXN00016940,USR80407,MCH7916,,,-60.71,item not received,Customer complaint text unclear due to poor call center notes.,Closed,,LOW,App,,,0,
CBK0000375,TXN00015798,USR47647,8330,,,,extra amount deducted,suspicious high-value payment disputed by customer.,In Progress,,P4,CHATBOT,,,0,
CBK0002593,TXN00017923,USR87216,MCH8000,,,,charged twice,Suspicious high-value payment disputed by customer.,CLOSED,,Medium,chatbot,,,0,
CBK0001120,TXN00004989,USR96958,MCH5208,,,5305.63,customer issue,customer says amount was debited twice.,PENDING_BANK,,P3,CHATBOT,,,0,
CBK0002032,TXN00017675,USR27832,MCH2457,,,,Account Takeover,User says UPI PIN was not entered by them.,WIP,,Medium,chatbot,,,0,
CBK0001442,TXN00004821,USR82070,MCH9291,,,165.89,DUP_DEBIT,Merchant service was not delivered after payment.,CLOSED,,LOW,CHATBOT,,,0,
CBK0001529,TXN00008099,USR86223,MCH1511,,2026-02-24,4576.69,not delivered,Customer says amount was debited twice.,Closed,,CRIT,IVR,,,0,2026-02-24
CBK0002605,TXN00007342,USR51261,MCH9573,,,,Service Not Provided,USER REPORTS MONEY DEDUCTED BUT MERCHANT DENIES RECEIVING PAYMENT.,In Progress,,P3,Branch,,,0,
CBK0000877,TXN00009172,USR96970,MCH9291,,,880.82,extra amount deducted,Merchant service was not delivered after payment.,WIP,,P3,ivr,,,0,
CBK0001007,TXN00014381,USR51742,MCH7833,,,,Fraud Suspected,User reports money deducted but merchant denies receiving payment.,RESOLVED,,H,Call Center,,,1,
CBK0001118,TXN63034,USR93926,MCH9036,,,3681.27,UNAUTHORISED,USER CLAIMS ACCOUNT WAS COMPROMISED BEFORE TRANSACTION.,Pending Bank,,P2,CHATBOT,,,1,
CBK0002323,,USR71935,MCH3538,,,,unauthorized_transaction,Suspicious high-value payment disputed by customer. call dropped,In Progress,,L,Email,,,1,
CBK0001691,TXN00010383,USR15365,MCH4695,,,4163.19,Merchant Not Delivered,Customer says amount was debited twice.,Rejected,,Low,IVR,,,0,
CBK0002723,TXN00017184,USR90661,MCH2507,,,3231.22,double debit,Customer says transaction was not authorized.,REJECTED,,M,IVR,,,0,
CBK0000587,TXN00007285,USR87500,MCH1569,,,,double debit,User says UPI PIN was not entered by them.,Resolved,,H,CHATBOT,,,0,
CBK0001026,TXN00009371,USR52820,MCH8391,,,,fraud,Suspicious high-value payment disputed by customer.,IN_PROGRESS,,CRIT,ivr,,,1,
CBK0000797,TXN00010208,USR84323,2140,,,687.82,item not received,User says UPI PIN was not entered by them.,IN_PROGRESS,,Low,IVR,,,0,
CBK0002035,,USR74657,MCH1497,,,,Customer Dispute,CUSTOMER COMPLAINT TEXT UNCLEAR DUE TO POOR CALL CENTER NOTES.,In Progress,,Low,chatbot,,,0,
CBK0000676,TXN00010013,USR25470,MCH9984,,2026-03-24,314.65,not delivered,Customer says transaction was not authorized.,IN_PROGRESS,,HIGH,IVR,,,0,2026-03-24
CBK0001459,TXN00007662,USR87831,MCH6142,2026-02-17,2026-02-18,4479.85,scam,Merchant service was not delivered after payment.,OPEN,,M,IVR,24.0,,0,2026-02-18
CBK0000237,TXN00009246,USR24926,MCH2943,,,,delivery issue,Suspicious high-value payment disputed by customer.,PENDING_BANK,,Low,CHATBOT,,,0,
CBK0000595,TXN00004517,USR57955,MCH8710,,2026-02-23,676.55,no service,Suspicious high-value payment disputed by customer.,Pending Bank,,Low,IVR,,,0,2026-02-23
CBK0002344,TXN00018840,USR45486,MCH8357,2026-02-20,,,charged twice,complaint received after multiple failed attempts.,Closed,,H,Branch,,,0,
CBK0001299,TXN00006246,USR98736,MCH5076,,,1584.81,charged twice,Complaint received after multiple failed attempts.,In Progress,,M,Branch,,,0,
CBK0000774,TXN00000794,USR78569,MCH4590,,,124.85,delivery issue,Suspicious high-value payment disputed by customer.,OPEN,,P3,IVR,,,0,
CBK0002779,TXN00001284,USR62254,MCH5430,,,,Account Takeover,User claims account was compromised before transaction.,CLOSED,,P3,App,,,0,
CBK0001954,TXN00012046,USR82369,MCH6344,,,2431.27,extra amount deducted,Customer complaint text unclear due to poor call center notes.,WIP,,MEDIUM,ivr,,,0,
CBK0001697,TXN00015694,USR50776,MCH2822,,,2581.01,item not received,merchant service was not delivered after payment.,OPEN,,L,IVR,,,0,
CBK0002305,TXN00008366,USR55382,MCH4721,,,,scam,Suspicious high-value payment disputed by customer.,CLOSED,,High,App,,,0,
CBK0000206,TXN00019710,USR39190,MCH6651,,,739.61,no service,Payment made to unknown merchant as per customer statement.,CLOSED,2026-02-01 16:01:33,HIGH,App,,,0,
CBK0001744,TXN00009167,USR70912,MCH1602,,,,no service,Complaint received after multiple failed attempts. pls check asap,Closed,,Medium,chatbot,,,0,
CBK0000128,TXN00012176,USR84571,MCH5742,2026-03-26,,,Merchant Not Delivered,user says upi pin was not entered by them.,Resolved,,Low,Call Center,,,0,
CBK0001316,TXN00007966,USR52956,MCH2383,,,,Unauthorized Transaction,customer says transaction was not authorized.,REJECTED,,CRITICAL,IVR,,,1,
CBK0002296,TXN00004293,USR72591,MCH3992,,2026-01-08,830.77,item not received,Complaint received after multiple failed attempts.,Closed,,MEDIUM,Branch,,,0,2026-01-08
CBK0002062,TXN00005459,USR97255,MCH5730,,,,dispute raised,Complaint received after multiple failed attempts.,WIP,,M,ivr,,,0,
CBK0001537,TXN00001929,USR74377,MCH4082,,,,dispute raised,Merchant service was not delivered after payment.,In Progress,,L,App,,,0,
CBK0000983,TXN59214,USR51720,MCH6740,,,,complaint,complaint received after multiple failed attempts.,PENDING_BANK,,Medium,App,,,0,
CBK0002273,TXN00013117,USR27533,MCH4185,2026-02-28,2026-03-06,,UNAUTHORISED,User reports money deducted but merchant denies receiving payment.,OPEN,,CRITICAL,App,144.0,,1,2026-03-06
CBK0000522,TXN00009019,USR81185,MCH2065,,,,not delivered,Suspicious high-value payment disputed by customer. call dropped,CLOSED,2026-02-08 02:56:13,P3,App,,,0,
CBK0002162,TXN00001120,USR94046,MCH9160,,,8008.29,UNAUTHORISED,Merchant service was not delivered after payment.,REJECTED,,L,Call Center,,,1,
CBK0002626,TXN00013045,USR87914,MCH6675,,,,delivery issue,Merchant service was not delivered after payment.,REJECTED,,L,ivr,,,0,
CBK0000257,TXN00015440,USR53356,MCH6943,,,,Wrong Amount,Merchant service was not delivered after payment. pls check asap,Open,,MEDIUM,IVR,,,0,
CBK0000598,TXN00012035,USR93286,MCH1314,,,,scam,User claims account was compromised before transaction.,Open,,M,ivr,,,0,
CBK0002739,TXN00017191,USR70236,MCH4655,,,,login compromised,customer says amount was debited twice.,WIP,,P4,CHATBOT,,,0,
CBK0002426,,USR83808,MCH8011,,,540.94,no service,Customer says transaction was not authorized.,PENDING_BANK,,M,IVR,,,0,
CBK0001182,TXN00014058,96058,MCH5980,,,,DUP_DEBIT,User reports money deducted but merchant denies receiving payment.,OPEN,,Critical,IVR,,,0,
CBK0002183,TXN00014087,USR46806,MCH4485,,,4901.36,charged twice,customer complaint text unclear due to poor call center notes.,Rejected,,LOW,Call Center,,,0,
CBK0000396,TXN00016780,USR34997,MCH1351,,,1017.31,account hacked,User claims account was compromised before transaction. details missing,Open,,Low,Call Center,,,0,
CBK0002371,TXN00007628,USR28839,MCH5264,,,,login compromised,Customer complaint text unclear due to poor call center notes.,RESOLVED,,P4,CHATBOT,,,0,
CBK0000804,TXN00000677,USR35395,MCH8348,,,,fraud,User claims account was compromised before transaction.,REJECTED,2026-02-17 10:58:31,L,App,,,1,
CBK0001112,TXN00013744,34212,MCH5076,,,,UNAUTHORISED,Customer says transaction was not authorized.,CLOSED,,High,Call Center,,,1,
CBK0000053,TXN00017140,USR93610,MCH8296,,,589.03,login compromised,User claims account was compromised before transaction.,CLOSED,,M,App,,,0,
CBK0002604,TXN00015102,USR10831,MCH8980,,,,FRAUD,User says UPI PIN was not entered by them.,Open,,M,ivr,,,1,
CBK0001984,TXN00006529,USR67661,MCH7003,,,5747.29,unauthorized_transaction,customer says transaction was not authorized.,PENDING_BANK,,P4,CHATBOT,,,1,
CBK0001246,TXN00007847,USR79175,MCH4181,,,,extra amount deducted,customer says amount was debited twice.,Open,2026-05-14 11:35:52,P2,CHATBOT,,,0,
CBK0001124,TXN00018122,USR11419,MCH9594,,,5694.69,DUP_DEBIT,Complaint received after multiple failed attempts.,PENDING_BANK,,P3,App,,,0,
CBK0001317,TXN00016188,USR28015,MCH2822,,,1305.41,merchant service issue,user claims account was compromised before transaction.,Pending Bank,,P2,Call Center,,,0,
CBK0002614,TXN00006336,USR70866,MCH8906,,,,Wrong Amount,user reports money deducted but merchant denies receiving payment.,OPEN,,MEDIUM,chatbot,,,0,
CBK0002164,TXN00001135,USR53527,MCH5076,,2026-02-22,2731.02,Account Takeover,Payment made to unknown merchant as per customer statement.,Closed,,High,CHATBOT,,,0,2026-02-22
CBK0001777,TXN00006951,USR81327,MCH9661,,,,Account Takeover,Customer says transaction was not authorized.,Rejected,,P3,ivr,,,0,
CBK0000616,TXN00006990,USR38951,MCH8779,,,1208.16,amount mismatch,User says UPI PIN was not entered by them.,REJECTED,,P3,App,,,0,
CBK0000385,TXN00014076,USR11828,MCH8154,,,1915.56,extra amount deducted,Complaint received after multiple failed attempts.,OPEN,,Low,ivr,,,0,
CBK0002097,TXN65627,USR14083,MCH5177,,,-3428.7,Customer Dispute,Complaint received after multiple failed attempts.,Rejected,,H,chatbot,,,0,
CBK0001900,TXN00012829,USR86138,MCH3815,,,4506.23,Duplicate Debit,User reports money deducted but merchant denies receiving payment.,RESOLVED,,High,CHATBOT,,,0,
CBK0001029,TXN00007595,USR85146,MCH5954,,,,double debit,User claims account was compromised before txn.,OPEN,,M,CHATBOT,,,0,
CBK0001052,TXN00015908,USR77900,MCH5264,,,,dispute raised,Customer says amount was debited twice.,Pending Bank,,MEDIUM,Branch,,,0,
CBK0000908,TXN00002368,USR71714,MCH9717,,,4581.54,item not received,Customer complaint text unclear due to poor call center notes.,IN_PROGRESS,,P4,CHATBOT,,,0,
CBK0000272,TXN00011208,USR31719,MCH5754,,,729.47,login compromised,User claims account was compromised before transaction.,Resolved,,P2,IVR,,,0,
CBK0001049,TXN00019810,USR21832,MCH3020,,,,not done by me,Payment made to unknown merchant as per customer statement.,Resolved,,High,Email,,,0,
CBK0000221,TXN00004354,USR82244,MCH2757,,2026-03-06,,double debit,COMPLAINT RECEIVED AFTER MULTIPLE FAILED ATTEMPTS.,WIP,,Medium,ivr,,,0,2026-03-06
CBK0001615,TXN00001397,USR23350,9727,,,,customer issue,User claims account was compromised before transaction.,WIP,,P2,Email,,,0,
CBK0002732,TXN00007712,USR86991,MCH7765,,,-1151.15,service failed,Customer says transaction was not authorized.,IN_PROGRESS,2026-02-12 17:09:22,P3,App,,,0,
CBK0000571,TXN00018357,USR74628,MCH4473,,,13142.13,Service Not Provided,Payment made to unknown merchant as per customer statement.,WIP,,Medium,ivr,,,0,
CBK0001992,TXN00012094,USR97149,MCH2503,,2026-02-12,,ATO,User reports money deducted but merchant denies receiving payment.,Rejected,,LOW,ivr,,,0,2026-02-12
CBK0002152,TXN00005346,USR43944,6429,,,3376.98,item not received,User reports money deducted but merchant denies receiving payment.,Open,,LOW,Email,,,0,
CBK0002386,TXN00014331,USR72448,MCH7602,,,-678.63,ATO,Suspicious high-value payment disputed by customer.,OPEN,,P2,Call Center,,,0,
CBK0000126,TXN00009782,USR75241,MCH8503,,,718.61,amount mismatch,Customer says transaction was not authorized.,Resolved,,Medium,ivr,,,0,
CBK0000552,TXN00001358,59496,MCH5588,,,6742.91,service failed,Suspicious high-value payment disputed by customer.,IN_PROGRESS,,CRIT,Branch,,,0,
CBK0002681,TXN00008227,USR87558,MCH3815,,,2758.76,complaint,Complaint received after multiple failed attempts.,Rejected,,High,Email,,,0,
CBK0001091,TXN00003670,USR12026,MCH4593,,,,double debit,Customer says transaction was not authorized.,Rejected,,Low,Email,,,0,
CBK0000174,TXN00013432,USR44848,MCH4003,,,616.19,Customer Dispute,User says UPI PIN was not entered by them.,Rejected,,L,Branch,,,0,
CBK0000949,,USR50783,MCH9233,,,7400.39,delivery issue,Suspicious high-value payment disputed by customer.,IN_PROGRESS,,M,IVR,,,0,
CBK0000519,TXN00010998,USR69938,MCH7992,,,1567.73,UNAUTHORISED,Merchant service was not delivered after payment.,WIP,,Low,CHATBOT,,,1,
CBK0000645,TXN00016469,USR59482,MCH1792,,,12115.08,extra amount deducted,Customer says transaction was not authorized.,Pending Bank,,P1,CHATBOT,,,0,
CBK0000063,TXN00017905,USR73461,MCH3216,,,2185.09,dispute raised,Customer says transaction was not authorized.,Resolved,,L,CHATBOT,,,0,
CBK0001394,TXN00009340,USR39542,1320,,,,Duplicate Debit,User reports money deducted but merchant denies receiving payment.,OPEN,,CRIT,chatbot,,,0,
CBK0001496,TXN00012480,USR39700,MCH9284,,,,Fraud Suspected,Payment made to unknown merchant as per customer statement.,CLOSED,,H,Call Center,,,1,
CBK0002246,TXN00009997,USR96095,MCH6849,,,,Merchant Not Delivered,Merchant service was not delivered after payment.,Rejected,2026-04-14 12:51:03,P3,chatbot,,,0,
CBK0001245,TXN00014601,USR50737,MCH1920,,,,customer issue,Payment made to unknown merchant as per customer statement.,Pending Bank,,LOW,IVR,,,0,
CBK0000329,TXN00014927,USR30489,MCH4948,,,,Fraud Suspected,Suspicious high-value payment disputed by customer.,OPEN,,M,App,,,1,
CBK0001974,TXN00002369,USR83393,MCH3463,,,,customer issue,Customer says transaction was not authorized.,IN_PROGRESS,,Low,Branch,,,0,
CBK0002363,TXN00002125,USR78593,2757,,,,ATO,Payment made to unknown merchant as per customer statement.,Closed,,L,Branch,,,0,
CBK0001357,TXN00015990,USR49195,MCH1203,,,-1640.31,Account Takeover,Payment made to unknown merchant as per customer statement.,OPEN,,P1,App,,,0,
CBK0002677,TXN00009096,USR31537,MCH8779,,,-6781.52,incorrect amount,Suspicious high-value payment disputed by cust.,Pending Bank,2026-03-10 08:17:01,Medium,Branch,,,0,
CBK0000586,TXN00007590,USR26821,MCH8953,,,1023.96,Customer Dispute,Complaint received after multiple failed attempts. call dropped,REJECTED,,L,Call Center,,,0,
CBK0000776,TXN00010920,USR19006,MCH4590,,,5019.03,unauthorized_transaction,complaint received after multiple failed attempts.,PENDING_BANK,,P3,IVR,,,1,
CBK0000873,TXN00002853,USR33226,MCH2822,,,,delivery issue,Complaint received after multiple failed attempts.,Open,2026-02-26 12:31:49,M,Email,,,0,
CBK0000358,TXN00015992,USR12248,MCH1013,,,6937.41,login compromised,User says UPI PIN was not entered by them. NA,Rejected,,H,Branch,,,0,
CBK0002265,TXN00008431,USR11987,MCH5922,,,1831.96,amount mismatch,Customer says transaction was not authorized.,REJECTED,,P3,CHATBOT,,,0,
CBK0001115,TXN00018481,USR96362,MCH8953,,,776.76,delivery issue,MERCHANT SERVICE WAS NOT DELIVERED AFTER PAYMENT.,REJECTED,,MEDIUM,IVR,,,0,
CBK0000323,TXN00019162,USR85655,MCH7346,,,2538.07,charged twice,USER SAYS UPI PIN WAS NOT ENTERED BY THEM.,PENDING_BANK,,P4,Branch,,,0,
CBK0000234,TXN00001948,USR69297,MCH8977,,,8296.18,Wrong Amount,Suspicious high-value payment disputed by customer.,Resolved,,Low,IVR,,,0,
CBK0001576,TXN00012979,USR85329,MCH1945,,,21185.86,FRAUD,Complaint received after multiple failed attempts.,Closed,,L,CHATBOT,,,1,
CBK0002169,TXN00011212,USR87637,MCH5655,,,,Wrong Amount,User says UPI PIN was not entered by them.,REJECTED,,M,Branch,,,0,
CBK0000803,,USR28353,MCH9017,,,,Merchant Not Delivered,Complaint received after multiple failed attempts. pls check asap,RESOLVED,,High,IVR,,,0,
CBK0001770,TXN00001025,USR97417,MCH7480,,,,delivery issue,Complaint received after multiple failed attempts.,Closed,,M,IVR,,,0,
CBK0000956,TXN00001028,USR76271,MCH9801,,,,delivery issue,User claims account was compromised before transaction.,OPEN,,Medium,Branch,,,0,
CBK0001559,TXN00003513,USR15980,MCH9291,,,754.13,merchant service issue,User says UPI PIN was not entered by them.,Resolved,,M,chatbot,,,0,
CBK0002745,TXN00003727,USR54113,MCH7888,,,1284.94,Wrong Amount,Payment made to unknown merchant as per customer statement.,Rejected,,M,IVR,,,0,
CBK0002455,TXN00001275,USR69706,MCH5076,,,2210.2,Duplicate Debit,CUSTOMER SAYS AMOUNT WAS DEBITED TWICE.,RESOLVED,,LOW,ivr,,,0,
CBK0000925,TXN00001097,67142,MCH4883,,,,merchant service issue,Merchant service was not delivered after payment.,RESOLVED,,Medium,IVR,,,0,
CBK0002531,TXN00018059,USR46902,MCH1737,,,,UNAUTHORISED,Payment made to unknown merchant as per customer statement.,REJECTED,,Medium,chatbot,,,1,
CBK0001365,TXN00011080,USR44053,MCH1613,,,1709.82,merchant service issue,User reports money deducted but merchant denies receiving payment. details missing,REJECTED,2026-02-20 16:56:29,Medium,App,,,0,
CBK0000254,TXN00005010,USR40538,MCH5940,,,,ATO,User claims account was compromised before transaction.,OPEN,,MEDIUM,App,,,0,
CBK0000919,TXN00004956,USR26890,MCH9891,,2026-03-18,1752.77,suspicious transaction,merchant service was not delivered after payment.,Rejected,,MEDIUM,ivr,,,0,2026-03-18
CBK0002474,TXN00014618,USR24726,MCH2638,,,,UNAUTHORISED,Suspicious high-value payment disputed by customer.,REJECTED,,Medium,Branch,,,1,
CBK0002776,TXN00013127,USR40874,MCH5212,,,,ATO,Customer says transaction was not authorized.,OPEN,,High,chatbot,,,0,
CBK0001195,TXN00001271,48486,MCH5327,,,,item not received,Merchant service was not delivered after payment.,PENDING_BANK,,P2,Call Center,,,0,
CBK0002506,TXN00002955,USR68934,MCH7020,,2026-04-28,,Unauthorized Transaction,Suspicious high-value payment disputed by customer.,Resolved,,Low,IVR,,,1,2026-04-28
CBK0000832,TXN00014106,USR26145,MCH1012,,,,UNAUTHORISED,Complaint received after multiple failed attempts.,Open,,P4,Call Center,,,1,
CBK0000564,TXN00005945,USR21384,MCH1809,,2026-02-04,,delivery issue,User reports money deducted but merchant denies receiving payment.,In Progress,,High,Email,,,0,2026-02-04
CBK0000744,TXN00001703,USR53423,MCH6565,,,,DUP_DEBIT,User says UPI PIN was not entered by them.,RESOLVED,,MEDIUM,Email,,,0,
CBK0001649,TXN00018989,USR90653,2436,,,,double debit,Merchant service was not delivered after payment.,PENDING_BANK,,High,chatbot,,,0,
CBK0000455,TXN00012649,USR42432,MCH9748,,,,Account Takeover,Merchant service was not delivered after payment.,WIP,,HIGH,chatbot,,,0,
CBK0000302,TXN00016585,USR38429,MCH2943,2026-03-17,,,double debit,complaint received after multiple failed attempts.,Pending Bank,,Medium,Call Center,,,0,
CBK0002738,TXN00000947,USR89588,MCH2960,,,,not done by me,Customer says amount was debited twice.,Resolved,,M,Email,,,0,
CBK0000153,TXN00000546,USR92746,MCH7824,,,,not delivered,Suspicious high-value payment disputed by customer.,Closed,,MEDIUM,IVR,,,0,
CBK0000304,TXN00013266,USR84318,MCH5916,,,6391.92,merchant service issue,Complaint received after multiple failed attempts.,Pending Bank,,P2,Email,,,0,
CBK0000114,TXN00002182,USR85475,MCH8779,,,,amount mismatch,user says upi pin was not entered by them.,RESOLVED,,Low,Email,,,0,
CBK0001506,TXN00002381,USR81570,MCH3815,,2026-02-07,,Account Takeover,Customer says transaction was not authorized.,WIP,,Medium,chatbot,,,0,2026-02-07
CBK0000588,TXN00003990,USR48652,MCH5552,2026-02-13,,,delivery issue,Customer complaint text unclear due to poor call center notes.,Rejected,,L,App,,,0,
CBK0000857,TXN00018599,USR52095,MCH3652,,,,customer issue,User claims account was compromised before transaction.,CLOSED,,Medium,Email,,,0,
CBK0002327,TXN00011877,USR69584,MCH5183,2026-03-06,,,unauth txn,Customer says transaction was not authorized.,OPEN,,Medium,ivr,,,0,
CBK0000858,TXN00015040,USR95176,MCH1146,,,,amount mismatch,Customer says amount was debited twice.,Pending Bank,,Low,Email,,,0,
CBK0000429,TXN00019661,USR97772,MCH3992,,,,amount mismatch,User reports money deducted but merchant denies receiving payment.,Rejected,,P2,App,,,0,
CBK0000817,TXN00002301,USR71836,MCH3815,2026-02-05,,,account hacked,Payment made to unknown merchant as per customer statement.,OPEN,2026-03-07 12:29:12,L,App,,,0,
CBK0000011,TXN00006805,USR14951,MCH5380,2026-02-20,,1087.14,Wrong Amount,SUSPICIOUS HIGH-VALUE PAYMENT DISPUTED BY CUSTOMER.,CLOSED,,M,IVR,,,0,
CBK0000250,TXN00002574,USR73010,MCH1320,,,,not delivered,suspicious high-value payment disputed by customer.,Open,2026-03-07 09:11:33,Low,ivr,,,0,
CBK0001404,TXN00003881,USR61151,MCH8634,,,,not done by me,Customer says transaction was not authorized.,WIP,,P3,Call Center,,,0,
CBK0000574,TXN00011825,USR78873,MCH9713,,,3123.85,charged twice,Complaint received after multiple failed attempts.,IN_PROGRESS,,L,Email,,,0,
CBK0002429,TXN00015653,USR50125,MCH2266,,,,Duplicate Debit,Suspicious high-value payment disputed by customer.,CLOSED,,Medium,CHATBOT,,,0,
CBK0001916,TXN00005518,USR18198,MCH5954,,,-4245.22,FRAUD,Merchant service was not delivered after payment.,REJECTED,2026-04-04 16:01:06,L,Branch,,,1,
CBK0001132,TXN00019555,USR87956,MCH5062,,,15606.92,amount mismatch,User claims account was compromised before transaction.,IN_PROGRESS,,Low,ivr,,,0,
CBK0000528,TXN00003808,USR46923,MCH2685,,,476.92,double debit,PAYMENT MADE TO UNKNOWN MERCHANT AS PER CUSTOMER STATEMENT.,CLOSED,,Critical,IVR,,,0,
CBK0002091,TXN00006681,USR26140,MCH5655,,,946.45,Account Takeover,Merchant service was not delivered after payment. NA,REJECTED,,P3,IVR,,,0,
CBK0001235,TXN00010356,USR82947,MCH6407,,,,Wrong Amount,Customer says transaction was not authorized.,REJECTED,2026-03-12 04:52:03,H,App,,,0,
CBK0001096,TXN00019163,USR72047,MCH3308,,,1202.2,extra amount deducted,Complaint received after multiple failed attempts.,Resolved,,High,IVR,,,0,
CBK0001038,TXN00005386,USR82091,MCH1514,,,2597.6,complaint,PAYMENT MADE TO UNKNOWN MERCHANT AS PER CUSTOMER STATEMENT.,In Progress,,MEDIUM,App,,,0,
CBK0000653,TXN00007307,USR58692,MCH2298,,,,not done by me,User says UPI PIN was not entered by them. call dropped,Closed,2026-02-26 15:09:16,P3,Call Center,,,0,
CBK0000456,TXN00009180,USR83586,MCH8928,,,,scam,USER REPORTS MONEY DEDUCTED BUT MERCHANT DENIES RECEIVING PAYMENT.,WIP,,HIGH,Call Center,,,0,
CBK0000818,TXN00015972,USR83126,MCH2616,,,,delivery issue,Payment made to unknown merchant as per customer statement.,Rejected,,Critical,CHATBOT,,,0,
CBK0002103,TXN00005039,USR38720,MCH9523,,,,no service,User reports money deducted but merchant denies receiving payment.,Resolved,,High,ivr,,,0,
CBK0001868,TXN00015884,USR34835,MCH3992,,2026-03-06,247.02,customer issue,Payment made to unknown merchant as per customer statement.,IN_PROGRESS,,HIGH,Branch,,,0,2026-03-06
CBK0001455,TXN00007357,USR62254,MCH5655,,,,amount mismatch,Customer says amount was debited twice.,WIP,,Medium,Branch,,,0,
CBK0002565,TXN00003516,USR18591,MCH5076,,2026-01-18,585.31,amount mismatch,User claims account was compromised before txn.,Pending Bank,,P2,App,,,0,2026-01-18
CBK0002508,TXN00015520,USR78921,MCH1369,,,578.15,Duplicate Debit,Customer says txn was not authorized.,Pending Bank,,P1,Branch,,,0,
CBK0002546,TXN41980,USR82793,MCH1094,,,565.73,not done by me,Suspicious high-value payment disputed by customer. call dropped,OPEN,,High,Email,,,0,
CBK0000212,TXN00010499,USR18345,MCH6823,,,,ATO,complaint received after multiple failed attempts.,OPEN,,P4,Branch,,,0,
CBK0002200,TXN00017653,USR80376,MCH5600,,,4402.84,account hacked,User reports money deducted but merchant denies receiving payment.,WIP,,Medium,App,,,0,
CBK0001408,TXN00007170,USR49478,MCH8391,,,,dispute raised,Merchant service was not delivered after payment.,Open,,P3,CHATBOT,,,0,
CBK0000377,TXN38189,USR50661,MCH5076,,,754.07,Fraud Suspected,Complaint received after multiple failed attempts.,PENDING_BANK,,P3,IVR,,,1,
CBK0001891,TXN00001071,USR11526,MCH9122,2026-03-13,2026-03-17,2117.2,Service Not Provided,Complaint received after multiple failed attempts. NA,CLOSED,,P3,Branch,96.0,,0,2026-03-17
CBK0001866,TXN00008011,USR63376,6063,2026-01-16,,,unauth txn,Suspicious high-value payment disputed by customer.,RESOLVED,,Medium,Call Center,,,0,
CBK0000970,TXN82870,36118,MCH1738,2026-01-29,,543.0,extra amount deducted,Merchant service was not delivered after payment.,CLOSED,,P4,Call Center,,,0,
CBK0002242,TXN84424,USR30262,MCH6806,,,1535.24,service failed,USER REPORTS MONEY DEDUCTED BUT MERCHANT DENIES RECEIVING PAYMENT.,IN_PROGRESS,,L,Call Center,,,0,
CBK0001560,TXN00001620,USR85566,MCH6810,,,,suspicious transaction,Suspicious high-value payment disputed by customer.,Resolved,,L,CHATBOT,,,0,
CBK0000409,TXN00006280,USR91269,MCH4181,,,1032.66,login compromised,USER CLAIMS ACCOUNT WAS COMPROMISED BEFORE TRANSACTION.,REJECTED,2026-03-21 14:17:11,MEDIUM,App,,,0,
CBK0001847,TXN00012093,USR36399,MCH7286,,,3867.32,Account Takeover,Merchant service was not delivered after payment.,RESOLVED,,Critical,ivr,,,0,
CBK0001673,TXN00017039,USR32436,MCH9055,,,,item not received,user reports money deducted but merchant denies receiving payment.,RESOLVED,,LOW,chatbot,,,0,
CBK0000284,TXN32709,USR91199,MCH7235,,,,Unauthorized Transaction,User claims account was compromised before transaction.,CLOSED,,M,Email,,,1,
CBK0001681,TXN00013474,USR44690,MCH1928,,2026-04-07,3303.95,not delivered,Payment made to unknown merchant as per customer statement.,Open,,L,ivr,,,0,2026-04-07
CBK0001146,TXN00006160,USR11770,MCH4871,,2026-03-14,384.6,scam,Customer complaint text unclear due to poor call center notes.,IN_PROGRESS,,P3,Branch,,,0,2026-03-14
CBK0000431,TXN00011403,USR76792,MCH3707,,2026-03-17,88.39,login compromised,user reports money deducted but merchant denies receiving payment.,Closed,,LOW,Branch,,,0,2026-03-17
CBK0000038,TXN00016138,USR75856,MCH5345,,,,double debit,Payment made to unknown merchant as per customer statement.,Pending Bank,,Low,IVR,,,0,
CBK0001051,TXN00007915,USR14299,MCH2383,,2026-03-13,1789.71,not done by me,PAYMENT MADE TO UNKNOWN MERCHANT AS PER CUSTOMER STATEMENT.,RESOLVED,,Critical,Call Center,,,0,2026-03-13
CBK0000442,TXN00007729,USR34645,MCH5076,,,819.04,dispute raised,USER CLAIMS ACCOUNT WAS COMPROMISED BEFORE TRANSACTION.,CLOSED,,LOW,Email,,,0,
CBK0002207,TXN00015126,USR62875,MCH2383,,2026-01-06,2119.11,double debit,Customer complaint text unclear due to poor call center notes.,IN_PROGRESS,,L,chatbot,,,0,2026-01-06
CBK0000536,TXN00017414,USR39006,MCH5032,2026-01-10,,12249.71,item not received,Complaint received after multiple failed attempts.,Closed,,High,Email,,,0,
CBK0000633,TXN00013693,USR72322,MCH8732,,,,item not received,Merchant service was not delivered after payment.,RESOLVED,,H,IVR,,,0,
CBK0002622,TXN00018833,USR92174,MCH4861,2026-02-05,,-451.83,unauthorized_transaction,Customer says transaction was not authorized.,Resolved,,CRIT,chatbot,,,1,
CBK0001117,TXN00012679,USR13963,MCH3522,,,1851.93,Duplicate Debit,Complaint received after multiple failed attempts.,PENDING_BANK,,Medium,App,,,0,
CBK0000939,TXN00009825,USR24660,MCH9618,2026-03-26,,,customer issue,Complaint received after multiple failed attempts.,Resolved,,P4,Branch,,,0,
CBK0001090,TXN00016195,USR85787,MCH4442,2026-03-11,,,delivery issue,User says UPI PIN was not entered by them.,OPEN,,Low,Branch,,,0,
CBK0001682,TXN00010834,USR67399,MCH8675,,,1750.36,Duplicate Debit,Customer complaint text unclear due to poor call center notes.,IN_PROGRESS,,M,CHATBOT,,,0,
CBK0001294,TXN00019221,USR67336,MCH7286,,,596.6,Customer Dispute,Customer says txn was not authorized.,Closed,2026-04-04 21:05:58,P3,Branch,,,0,
CBK0001189,TXN00015243,90963,4871,,,448.21,customer issue,Merchant service was not delivered after payment.,REJECTED,,P3,chatbot,,,0,
CBK0000070,TXN00019236,USR39755,MCH6038,,,3160.25,not done by me,Payment made to unknown merchant as per customer statement.,RESOLVED,,P2,Email,,,0,
CBK0000476,TXN76059,USR36575,MCH1929,,,1726.97,incorrect amount,Payment made to unknown merchant as per customer statement.,IN_PROGRESS,,H,IVR,,,0,
CBK0000092,TXN00019596,USR96380,MCH3161,,,2991.63,Duplicate Debit,Customer says amount was debited twice.,Resolved,,HIGH,chatbot,,,0,
CBK0000095,TXN00006584,USR85655,1599,,,1087.37,Merchant Not Delivered,Merchant service was not delivered after payment.,In Progress,,M,Call Center,,,0,
CBK0000861,TXN00016940,USR83977,MCH1995,,,,charged twice,Payment made to unknown merchant as per customer statement.,Resolved,,Medium,Branch,,,0,
CBK0000040,TXN00009861,USR84241,MCH1811,,2026-02-08,883.5,service failed,User reports money deducted but merchant denies receiving payment.,Resolved,,H,Email,,,0,2026-02-08
CBK0001663,TXN00008414,USR40891,MCH1873,,,-1523.73,no service,user says upi pin was not entered by them.,IN_PROGRESS,,H,chatbot,,,0,
CBK0001483,TXN00004890,USR15275,MCH1320,,2026-01-02,,charged twice,suspicious high-value payment disputed by customer.,Closed,,Low,IVR,,,0,2026-01-02
CBK0002538,TXN00018880,USR86824,MCH3870,,,,ATO,User reports money deducted but merchant denies receiving payment.,Rejected,,L,Branch,,,0,
CBK0000838,TXN00002790,38178,MCH9291,,,,incorrect amount,User reports money deducted but merchant denies receiving payment.,Closed,,Medium,chatbot,,,0,
CBK0000514,TXN91755,USR83157,MCH3365,,,3762.83,scam,COMPLAINT RECEIVED AFTER MULTIPLE FAILED ATTEMPTS.,Open,,CRIT,App,,,0,
CBK0001432,TXN00014015,USR84470,MCH4732,2026-02-07,2026-02-12,1855.84,Duplicate Debit,MERCHANT SERVICE WAS NOT DELIVERED AFTER PAYMENT.,OPEN,,Medium,IVR,120.0,,0,2026-02-12
CBK0000434,TXN00002783,USR21986,MCH9344,,,447.3,FRAUD,Customer says amount was debited twice.,Closed,2026-02-19 10:14:17,M,ivr,,,1,
CBK0002619,TXN00000071,USR86538,2766,,,,not done by me,Suspicious high-value payment disputed by customer. urgent,PENDING_BANK,,M,Call Center,,,0,
CBK0001446,TXN00017598,USR51720,MCH4274,,,,complaint,CUSTOMER SAYS AMOUNT WAS DEBITED TWICE.,CLOSED,,MEDIUM,Branch,,,0,
CBK0002673,TXN00017755,USR27181,MCH6810,,,,charged twice,Customer says amount was debited twice.,Closed,,Medium,Email,,,0,
CBK0000313,TXN00000248,USR50945,MCH5264,,,1984.03,dispute raised,customer says amount was debited twice.,CLOSED,,L,CHATBOT,,,0,
CBK0000911,TXN00002114,USR52444,MCH1797,,,,account hacked,Customer says amount was debited twice.,REJECTED,,LOW,Branch,,,0,
CBK0001457,TXN00004271,USR60321,MCH2200,,,,not delivered,User reports money deducted but merchant denies receiving payment.,OPEN,,Low,App,,,0,
CBK0000071,TXN00008538,USR89774,MCH8569,2026-02-08,,,FRAUD,Customer complaint text unclear due to poor call center notes.,Rejected,,Medium,CHATBOT,,,1,
CBK0001767,TXN00003813,USR78593,MCH3210,,,5758.61,UNAUTHORISED,PAYMENT MADE TO UNKNOWN MERCHANT AS PER CUSTOMER STATEMENT.,RESOLVED,,L,Email,,,1,
CBK0002661,TXN00015325,USR25636,MCH1585,,,5464.95,service failed,Merchant service was not delivered after payment.,Rejected,,P3,Call Center,,,0,
CBK0002127,TXN00007220,USR63182,MCH9060,,2026-01-08,,fraud,Customer complaint text unclear due to poor call center notes.,OPEN,,Medium,Branch,,,1,2026-01-08
CBK0002697,TXN00004642,USR90463,MCH5765,,,1778.23,unauthorized_transaction,Suspicious high-value payment disputed by customer.,Open,,M,IVR,,,1,
CBK0001263,TXN00002462,USR87914,6026,2026-01-03,,,charged twice,User says UPI PIN was not entered by them.,RESOLVED,,H,Call Center,,,0,
CBK0002161,TXN00005572,USR72135,MCH4577,,,-1181.23,unauth txn,Customer says amount was debited twice.,Rejected,,Low,Email,,,0,
CBK0001347,TXN00016394,USR93953,MCH3886,,,1503.32,Service Not Provided,User says UPI PIN was not entered by them.,Pending Bank,,Low,App,,,0,
CBK0002140,TXN00013237,USR59679,MCH1712,,,405.0,Account Takeover,User claims account was compromised before transaction.,Open,,P3,Call Center,,,0,
CBK0000743,TXN00005962,USR43455,MCH1477,,2026-03-22,354.48,Fraud Suspected,Suspicious high-value payment disputed by customer.,OPEN,,MEDIUM,ivr,,,1,2026-03-22
CBK0001876,,USR39217,MCH8156,,,,DUP_DEBIT,User claims account was compromised before transaction.,Resolved,,L,chatbot,,,0,
CBK0001874,TXN00004675,USR30340,MCH7982,2026-03-21,,258.2,not delivered,Complaint received after multiple failed attempts.,PENDING_BANK,,High,CHATBOT,,,0,
CBK0001715,TXN00010566,USR83077,MCH9707,,2026-02-24,3265.07,unauth txn,Payment made to unknown merchant as per cust statement.,Rejected,,M,IVR,,,0,2026-02-24
CBK0000544,TXN00016205,USR41135,MCH4873,,,,login compromised,suspicious high-value payment disputed by customer.,RESOLVED,,P4,chatbot,,,0,
CBK0000007,TXN00017412,USR26201,MCH8154,,2026-02-17,,merchant service issue,Complaint received after multiple failed attempts.,Open,,Low,App,,,0,2026-02-17
CBK0002040,TXN00019376,USR95000,MCH8391,,,,Wrong Amount,MERCHANT SERVICE WAS NOT DELIVERED AFTER PAYMENT.,WIP,,High,Branch,,,0,
CBK0002551,TXN00011968,USR52233,MCH3341,,2026-03-14,-4809.04,unauthorized_transaction,User says UPI PIN was not entered by them.,In Progress,,MEDIUM,chatbot,,,1,2026-03-14
CBK0000800,TXN00008407,USR54047,MCH8953,,,2017.17,scam,Customer says transaction was not authorized. urgent,Closed,,Medium,IVR,,,0,
CBK0001603,TXN00007165,USR26534,MCH2266,,,,charged twice,suspicious high-value payment disputed by customer.,Closed,,L,App,,,0,
CBK0002563,TXN00004512,79645,MCH1381,,2026-02-13,,double debit,Merchant service was not delivered after payment.,Open,,LOW,Email,,,0,2026-02-13
CBK0001982,TXN00003383,USR14096,MCH7078,,2026-03-07,,Unauthorized Transaction,Complaint received after multiple failed attempts.,RESOLVED,,P4,App,,,1,2026-03-07
CBK0001850,TXN00000410,USR29306,MCH9778,,,,UNAUTHORISED,User claims account was compromised before transaction.,In Progress,,P2,App,,,1,
CBK0000810,TXN00008813,USR55160,MCH9104,,,-825.92,customer issue,User says UPI PIN was not entered by them.,WIP,,Low,Call Center,,,0,
CBK0000188,TXN00001256,USR74352,MCH1724,,,,incorrect amount,payment made to unknown merchant as per customer statement.,Resolved,,P2,Email,,,0,
CBK0000806,TXN00010423,USR91337,MCH8154,,,,Service Not Provided,User reports money deducted but merchant denies receiving payment.,Rejected,,LOW,App,,,0,
CBK0001458,TXN00002805,USR85655,MCH1702,2026-02-18,,,double debit,User claims account was compromised before transaction. call dropped,CLOSED,,MEDIUM,Branch,,,0,
CBK0001348,TXN00006710,USR80160,MCH8221,,,,not done by me,USER CLAIMS ACCOUNT WAS COMPROMISED BEFORE TRANSACTION.,OPEN,,P2,IVR,,,0,
CBK0002428,TXN00009714,USR79175,MCH8542,,2026-03-03,807.62,double debit,Customer says transaction was not authorized.,CLOSED,,P4,Branch,,,0,2026-03-03
CBK0002255,TXN00008016,USR72981,7286,,,,unauth txn,Customer says amount was debited twice. NA,WIP,,P4,chatbot,,,0,
CBK0001215,TXN00007445,USR46899,MCH9910,,,,Account Takeover,User says UPI PIN was not entered by them. pls check asap,Resolved,,MEDIUM,IVR,,,0,
CBK0002709,TXN00003581,USR40538,MCH8057,,,3616.02,unauth txn,Merchant service was not delivered after payment.,IN_PROGRESS,,Medium,IVR,,,0,
CBK0001714,TXN00019200,USR10307,MCH3670,,,,dispute raised,Complaint received after multiple failed attempts.,OPEN,,MEDIUM,chatbot,,,0,
CBK0000074,TXN00018905,USR67079,MCH5054,,,547.94,complaint,Suspicious high-value payment disputed by customer. pls check asap,In Progress,,High,Branch,,,0,
CBK0002061,TXN00000123,USR25645,MCH1279,2026-01-26,2026-01-30,,ATO,User says UPI PIN was not entered by them.,Open,,High,Email,96.0,,0,2026-01-30
CBK0000846,TXN00018851,USR98606,MCH9609,2026-03-18,,,Customer Dispute,User says UPI PIN was not entered by them.,PENDING_BANK,,H,App,,,0,
CBK0000427,TXN00013526,USR91283,MCH5276,,,,unauth txn,Payment made to unknown merchant as per customer statement.,RESOLVED,,P1,chatbot,,,0,
CBK0001036,TXN00015494,USR80517,MCH8983,,2026-01-29,,account hacked,customer complaint text unclear due to poor call center notes.,REJECTED,,CRITICAL,ivr,,,0,2026-01-29
CBK0001174,TXN00005857,USR50126,MCH4181,,,-244.97,Wrong Amount,Customer says amount was debited twice.,IN_PROGRESS,,L,chatbot,,,0,
CBK0000225,TXN00000007,30925,MCH5655,,2026-02-09,2231.72,Account Takeover,User reports money deducted but merchant denies receiving payment.,IN_PROGRESS,,HIGH,Email,,,0,2026-02-09
CBK0000472,TXN00001422,USR49251,MCH7171,,,,suspicious transaction,User claims account was compromised before transaction.,CLOSED,,Low,ivr,,,0,
CBK0000673,TXN00006799,USR90390,MCH2514,,,,Fraud Suspected,customer complaint text unclear due to poor call center notes.,Rejected,,P3,Email,,,1,
CBK0001783,TXN00003103,USR31416,MCH8794,,2026-01-26,,item not received,SUSPICIOUS HIGH-VALUE PAYMENT DISPUTED BY CUSTOMER.,RESOLVED,,L,IVR,,,0,2026-01-26
CBK0000232,TXN00019245,USR86563,MCH2065,,,,dispute raised,User claims account was compromised before transaction.,RESOLVED,,L,Email,,,0,
CBK0001610,TXN00008090,USR29627,MCH9644,,,,incorrect amount,Merchant service was not delivered after payment.,PENDING_BANK,,Medium,Call Center,,,0,
CBK0002361,TXN00010080,USR53138,MCH7137,,,824.94,login compromised,Customer says transaction was not authorized.,CLOSED,,P3,App,,,0,
CBK0000281,TXN00017953,USR13544,MCH2334,,,6427.42,service failed,Complaint received after multiple failed attempts.,Resolved,,Medium,App,,,0,
CBK0001871,TXN00009076,USR67496,MCH3100,,,1552.98,ATO,Customer complaint text unclear due to poor call center notes.,Open,,P2,Branch,,,0,
CBK0000436,TXN00012192,USR93581,MCH4547,,2026-04-11,-5520.5,merchant service issue,Customer says transaction was not authorized. pls check asap,PENDING_BANK,,M,Branch,,,0,2026-04-11
CBK0001824,TXN00016562,USR59778,MCH2822,2026-01-10,,709.53,ATO,Customer says transaction was not authorized.,CLOSED,,Low,Call Center,,,0,
CBK0002068,TXN00009416,USR13134,MCH9782,,,,unauth txn,Payment made to unknown merchant as per cust statement.,WIP,,Low,ivr,,,0,
CBK0000756,TXN00017864,USR17657,MCH1702,,2026-03-05,-2911.37,item not received,Customer says amount was debited twice.,PENDING_BANK,,P2,IVR,,,0,2026-03-05
CBK0002112,TXN00002782,USR94403,MCH2757,,,3648.19,unauthorized_transaction,Customer says txn was not authorized.,Pending Bank,,H,Call Center,,,1,
CBK0001881,TXN00008840,USR73167,MCH4857,,,1257.85,Duplicate Debit,Customer says amount was debited twice.,In Progress,,H,Branch,,,0,
CBK0002343,TXN00015911,USR29306,MCH9294,2026-02-16,,,charged twice,User claims account was compromised before transaction.,REJECTED,,P2,App,,,0,
CBK0002173,TXN00013107,USR82940,MCH2266,,,,unauth txn,Customer says transaction was not authorized. details missing,In Progress,,LOW,Email,,,0,
CBK0002433,TXN00013653,USR85471,MCH6459,,,-555.33,extra amount deducted,Customer says amount was debited twice.,In Progress,,M,CHATBOT,,,0,
CBK0000129,TXN00009368,USR60939,MCH4143,,,,service failed,MERCHANT SERVICE WAS NOT DELIVERED AFTER PAYMENT.,Rejected,,LOW,Email,,,0,
CBK0000801,TXN00000284,USR94447,MCH5873,,,,unauth txn,Customer says amount was debited twice.,Resolved,,M,ivr,,,0,
CBK0001337,TXN00011351,USR28182,MCH2065,,,4601.18,DUP_DEBIT,Customer says transaction was not authorized.,Pending Bank,,Medium,Email,,,0,
CBK0001544,TXN00010606,USR12233,MCH9344,,,,service failed,Customer complaint text unclear due to poor call center notes.,RESOLVED,2026-04-16 09:56:11,P2,CHATBOT,,,0,
CBK0002110,TXN00019908,USR76321,MCH5838,2026-02-03,,,account hacked,customer complaint text unclear due to poor call center notes.,Open,,L,chatbot,,,0,
CBK0001660,TXN00002347,USR11036,MCH2383,,,,not delivered,suspicious high-value payment disputed by customer.,REJECTED,,M,ivr,,,0,
CBK0000341,TXN00009379,USR68432,MCH6606,,,578.72,Duplicate Debit,Suspicious high-value payment disputed by customer.,CLOSED,,P2,ivr,,,0,
CBK0001304,TXN00017396,USR40538,MCH9984,,,,fraud,User reports money deducted but merchant denies receiving payment.,WIP,,High,Call Center,,,1,
CBK0001062,TXN00012810,USR43890,MCH7683,2026-01-26,,,extra amount deducted,User reports money deducted but merchant denies receiving payment.,Open,,Low,IVR,,,0,
CBK0002330,TXN00007824,USR15414,MCH7186,,,,delivery issue,Suspicious high-value payment disputed by cust.,Rejected,,Medium,Call Center,,,0,
CBK0001222,TXN00004174,USR60027,2402,,,,unauth txn,Customer complaint text unclear due to poor call center notes.,Rejected,,P1,chatbot,,,0,
CBK0000815,TXN00014312,USR67696,MCH5671,,,,scam,User says UPI PIN was not entered by them.,WIP,,L,Call Center,,,0,
CBK0001725,TXN00007324,USR35882,MCH8337,,,175.45,complaint,Customer says transaction was not authorized.,CLOSED,,H,App,,,0,
CBK0000186,TXN00016957,USR98066,MCH1945,,,1444.28,ATO,user reports money deducted but merchant denies receiving payment.,RESOLVED,2026-05-11 20:04:57,P4,Branch,,,0,
CBK0000290,TXN00000426,USR31371,MCH4811,2026-03-10,2026-04-10,,customer issue,Customer complaint text unclear due to poor call center notes.,Rejected,,Medium,IVR,744.0,,0,2026-04-10
CBK0000141,TXN00006360,USR82731,MCH8970,2026-02-25,,,double debit,Complaint received after multiple failed attempts. details missing,Pending Bank,,Low,CHATBOT,,,0,
CBK0000882,TXN00018975,USR38277,MCH9872,,,,Customer Dispute,Payment made to unknown merchant as per customer statement.,Closed,,High,IVR,,,0,
CBK0001227,TXN00007552,USR61339,4281,,,12509.66,service failed,Payment made to unknown merchant as per customer statement.,CLOSED,,Low,Email,,,0,
CBK0000730,TXN00009351,USR52558,MCH2688,,,,delivery issue,Merchant service was not delivered after payment.,OPEN,,MEDIUM,App,,,0,
CBK0002607,TXN00010699,USR18453,MCH9441,,,,ATO,USER SAYS UPI PIN WAS NOT ENTERED BY THEM.,IN_PROGRESS,,CRITICAL,IVR,,,0,
CBK0002456,TXN00015278,USR97030,MCH7914,,,1070.58,amount mismatch,Complaint received after multiple failed attempts. urgent,Resolved,2026-04-23 19:39:54,Medium,App,,,0,
CBK0001405,TXN32094,USR48929,MCH2565,,,,charged twice,User reports money deducted but merchant denies receiving payment.,WIP,,M,CHATBOT,,,0,
CBK0001843,TXN00015367,USR17315,MCH1269,,2026-01-28,3023.77,UNAUTHORISED,Suspicious high-value payment disputed by customer.,IN_PROGRESS,,CRIT,CHATBOT,,,1,2026-01-28
CBK0000565,TXN00007016,USR34955,MCH4574,,,1144.6,ATO,Customer complaint text unclear due to poor call center notes.,REJECTED,2026-03-15 12:45:03,HIGH,App,,,0,
CBK0001797,TXN00007084,USR14626,MCH7878,2026-02-07,2026-02-10,,Customer Dispute,Complaint received after multiple failed attempts.,RESOLVED,,Low,ivr,72.0,,0,2026-02-10
CBK0000441,TXN00002216,USR58639,MCH4339,,,5160.27,charged twice,user claims account was compromised before transaction.,Rejected,,Low,ivr,,,0,
CBK0001791,TXN00002382,USR91799,MCH9069,,,44046.77,Wrong Amount,Complaint received after multiple failed attempts.,CLOSED,,Low,App,,,0,
CBK0000240,TXN00014390,USR75856,MCH4429,2026-01-12,,793.04,incorrect amount,Customer says transaction was not authorized.,Open,,P4,chatbot,,,0,
CBK0000051,TXN00015825,USR97494,MCH6181,,,272.77,account hacked,payment made to unknown merchant as per customer statement.,Resolved,,CRIT,CHATBOT,,,0,
CBK0002095,TXN00004933,USR43455,MCH2566,,,,not delivered,Suspicious high-value payment disputed by customer.,CLOSED,,Low,CHATBOT,,,0,
CBK0001001,TXN00011430,USR72135,MCH4504,,,-1138.68,Wrong Amount,Customer says transaction was not authorized.,RESOLVED,,MEDIUM,Email,,,0,
CBK0000199,TXN00014454,USR65385,MCH9061,,,,unauthorized_transaction,User says UPI PIN was not entered by them. call dropped,Closed,,P4,App,,,1,
CBK0002434,TXN00017925,USR13134,MCH5284,,,,complaint,User claims account was compromised before transaction.,IN_PROGRESS,,Medium,Email,,,0,
CBK0000200,TXN00015054,USR51506,MCH5954,,,-6049.12,UNAUTHORISED,User reports money deducted but merchant denies receiving payment.,In Progress,,M,IVR,,,1,
CBK0000674,TXN95066,USR27533,MCH5993,2026-03-01,,,Unauthorized Transaction,customer says amount was debited twice.,RESOLVED,,M,App,,,1,
CBK0001886,TXN00004693,USR44959,MCH7728,,,3249.99,amount mismatch,User says UPI PIN was not entered by them.,Open,,Low,App,,,0,
CBK0000793,TXN00006175,USR62254,MCH4226,2026-02-27,,,Merchant Not Delivered,Suspicious high-value payment disputed by cust.,PENDING_BANK,,L,ivr,,,0,
CBK0001639,TXN00005636,USR63938,MCH1320,2026-02-02,,,extra amount deducted,user claims account was compromised before transaction.,CLOSED,2026-02-12 11:56:31,P3,Email,,,0,
CBK0000875,TXN00007782,USR71887,MCH4181,,,-647.02,scam,User claims account was compromised before transaction.,IN_PROGRESS,,L,IVR,,,0,
CBK0001931,TXN00002531,USR10307,MCH4473,,,1017.5,double debit,Customer complaint text unclear due to poor call center notes.,OPEN,,M,IVR,,,0,
CBK0001735,TXN00017962,USR81878,MCH2822,,,2741.61,extra amount deducted,Payment made to unknown merchant as per customer statement.,Pending Bank,2026-03-16 23:38:14,Low,App,,,0,
CBK0000478,TXN00014062,USR69966,MCH2822,,2026-02-26,,ATO,User claims account was compromised before transaction.,WIP,,Low,Branch,,,0,2026-02-26
CBK0001505,TXN00001496,USR40061,MCH3765,2026-03-04,,5669.05,customer issue,User says UPI PIN was not entered by them.,Rejected,2026-03-13 11:54:46,Low,IVR,,,0,
CBK0002469,TXN00002314,USR99748,MCH7621,,,725.65,amount mismatch,User reports money deducted but merchant denies receiving payment.,WIP,,P2,IVR,,,0,
CBK0002480,TXN00007980,USR87914,MCH7383,,,1231.74,Account Takeover,customer says transaction was not authorized.,Pending Bank,,P3,ivr,,,0,
CBK0002264,TXN00001289,USR79175,4181,,,,delivery issue,User claims account was compromised before transaction. call dropped,Pending Bank,,CRITICAL,Branch,,,0,
CBK0000032,TXN00001691,USR43171,MCH8182,2026-01-08,2026-01-09,875.81,double debit,User claims account was compromised before transaction.,IN_PROGRESS,2026-01-26 09:44:49,P3,App,24.0,417.74694444444447,0,2026-01-09
CBK0000967,TXN00016890,USR11933,MCH4841,,2026-03-29,,double debit,Suspicious high-value payment disputed by customer.,IN_PROGRESS,,Low,chatbot,,,0,2026-03-29
CBK0002345,TXN00010920,USR70736,MCH8559,,,822.8,customer issue,User claims account was compromised before transaction.,Closed,,Low,Call Center,,,0,
CBK0001835,TXN66186,21162,MCH2549,,,5546.22,ATO,Customer says transaction was not authorized.,Closed,2026-03-17 20:33:49,High,chatbot,,,0,
CBK0000622,TXN00007356,USR81916,MCH6117,,,,double debit,Payment made to unknown merchant as per customer statement.,PENDING_BANK,2026-03-19 13:11:32,L,chatbot,,,0,
CBK0000580,TXN00008617,USR62748,MCH9878,,,4101.67,DUP_DEBIT,Merchant service was not delivered after payment.,Closed,,CRIT,ivr,,,0,
CBK0000997,TXN00004554,USR64865,MCH4157,,,,double debit,Customer says amount was debited twice.,OPEN,,MEDIUM,Email,,,0,
CBK0002559,TXN00014011,USR19313,MCH4037,,,,amount mismatch,User says UPI PIN was not entered by them.,PENDING_BANK,,Low,Branch,,,0,
CBK0001205,TXN00000084,USR11916,MCH6850,,,958.61,Unauthorized Transaction,Complaint received after multiple failed attempts.,Rejected,,Low,chatbot,,,1,
CBK0001045,TXN00010810,USR65507,MCH7833,2026-03-07,,541.11,not delivered,Customer says amount was debited twice.,Open,,P3,ivr,,,0,
CBK0000357,TXN00002320,USR38540,MCH5330,,,,merchant service issue,User claims account was compromised before transaction.,PENDING_BANK,,M,Email,,,0,
CBK0002031,TXN00001568,USR46045,MCH7468,,,13654.34,Duplicate Debit,Complaint received after multiple failed attempts.,Resolved,,P3,CHATBOT,,,0,
CBK0002393,TXN00003575,USR73909,MCH7833,,,-1311.04,ATO,Customer says txn was not authorized.,PENDING_BANK,,P4,App,,,0,
CBK0002464,TXN00000389,USR51316,MCH2059,,,2566.03,item not received,User reports money deducted but merchant denies receiving payment.,RESOLVED,,H,Call Center,,,0,
CBK0002639,TXN00016579,USR53527,MCH8073,,,,Merchant Not Delivered,User reports money deducted but merchant denies receiving payment.,Closed,,P3,App,,,0,
CBK0000663,TXN00002699,USR94333,MCH8975,,2026-03-11,422.45,ATO,Complaint received after multiple failed attempts.,Closed,,P2,Email,,,0,2026-03-11
CBK0001571,TXN00006558,USR78593,MCH4215,,,-673.61,complaint,Suspicious high-value payment disputed by customer.,RESOLVED,2026-05-07 03:33:21,MEDIUM,chatbot,,,0,
CBK0000984,TXN00019434,USR68023,MCH4473,,,,merchant service issue,Customer says amount was debited twice.,Open,2026-01-20 16:06:15,Medium,Email,,,0,
CBK0001547,TXN00019722,USR58117,MCH9568,,,,extra amount deducted,User claims account was compromised before transaction.,WIP,,H,IVR,,,0,
CBK0001848,TXN00016662,USR91934,MCH8779,,,,fraud,Customer says amount was debited twice.,WIP,,Low,Call Center,,,1,
CBK0001004,TXN00001391,USR43520,MCH6140,,,,scam,Customer complaint text unclear due to poor call center notes.,OPEN,,Low,Branch,,,0,
CBK0002185,TXN00001072,USR78593,MCH4473,,,893.6,unauth txn,customer says transaction was not authorized.,OPEN,,Medium,chatbot,,,0,
CBK0000418,TXN00003628,USR35882,MCH4473,,,,not done by me,User says UPI PIN was not entered by them.,PENDING_BANK,,P3,CHATBOT,,,0,
CBK0002417,TXN00005056,USR27928,MCH8953,2026-01-29,,6278.49,delivery issue,User claims account was compromised before transaction.,IN_PROGRESS,,CRITICAL,Call Center,,,0,
CBK0000356,TXN00001423,USR36629,MCH4418,,,,Unauthorized Transaction,Payment made to unknown merchant as per customer statement.,OPEN,,Medium,ivr,,,1,
CBK0001169,TXN00012596,USR40747,MCH2822,,,,fraud,Customer says amount was debited twice.,Pending Bank,,L,Email,,,1,
CBK0001000,,USR21798,5980,,,,dispute raised,USER REPORTS MONEY DEDUCTED BUT MERCHANT DENIES RECEIVING PAYMENT.,IN_PROGRESS,,CRIT,CHATBOT,,,0,
CBK0000146,TXN00008795,USR87406,MCH4568,2026-02-22,,,account hacked,Payment made to unknown merchant as per customer statement.,Open,,Medium,Call Center,,,0,
CBK0001807,TXN00002417,USR50995,MCH1244,,,,merchant service issue,User says UPI PIN was not entered by them.,Rejected,,MEDIUM,App,,,0,
CBK0000239,TXN00005752,USR34028,MCH3100,2026-01-06,,,login compromised,Customer says transaction was not authorized.,Rejected,,LOW,Branch,,,0,
CBK0002079,TXN00014711,USR67922,MCH2492,,2026-01-25,,complaint,Payment made to unknown merchant as per customer statement.,Pending Bank,,P4,chatbot,,,0,2026-01-25
CBK0001376,TXN00009369,USR24660,4473,2026-02-16,,,Account Takeover,Customer complaint text unclear due to poor call center notes.,RESOLVED,,P4,Branch,,,0,
CBK0001260,TXN00011332,USR93701,MCH3846,2026-02-19,,529.68,service failed,Merchant service was not delivered after payment.,RESOLVED,,MEDIUM,Call Center,,,0,
CBK0001533,TXN00007635,USR56755,MCH7066,,2026-02-14,,login compromised,customer complaint text unclear due to poor call center notes.,REJECTED,,H,App,,,0,2026-02-14
CBK0002418,TXN00011396,USR35122,MCH4181,,,,merchant service issue,User reports money deducted but merchant denies receiving payment.,OPEN,,HIGH,chatbot,,,0,
CBK0000326,TXN00017327,USR84200,MCH2753,,,,dispute raised,Customer says transaction was not authorized.,Open,,P4,Call Center,,,0,
CBK0001403,TXN00012661,USR30500,MCH6979,2026-03-08,,4457.64,unauth txn,Payment made to unknown merchant as per customer statement.,Resolved,,M,IVR,,,0,
CBK0001811,TXN00007437,USR22170,MCH2381,,,-751.0,Account Takeover,Payment made to unknown merchant as per customer statement.,Pending Bank,,M,chatbot,,,0,
CBK0001512,TXN00019027,USR98733,MCH1775,,,800.24,DUP_DEBIT,Customer says amount was debited twice.,Rejected,,M,Email,,,0,
CBK0001567,TXN00010292,40745,MCH3673,,,982.39,customer issue,User claims account was compromised before transaction.,Pending Bank,,M,Email,,,0,
CBK0000695,TXN00012216,USR72760,MCH7773,,,972.52,FRAUD,Complaint received after multiple failed attempts.,In Progress,,LOW,chatbot,,,1,
CBK0000215,TXN00001291,USR52378,MCH9991,,,1404.87,not done by me,user claims account was compromised before transaction.,Pending Bank,,P2,Branch,,,0,
CBK0000811,TXN00015831,USR22432,MCH2078,,,,scam,customer complaint text unclear due to poor call center notes.,CLOSED,,P2,Email,,,0,
CBK0002795,TXN00013236,USR87506,MCH5811,2026-01-12,,,merchant service issue,Customer says transaction was not authorized.,In Progress,,Low,CHATBOT,,,0,
CBK0001849,TXN51763,USR23350,MCH2303,2026-01-23,,830.25,extra amount deducted,payment made to unknown merchant as per customer statement.,Open,,Low,Email,,,0,
CBK0000655,TXN00002874,USR22639,MCH4186,,,,incorrect amount,Customer says amount was debited twice.,Rejected,,L,chatbot,,,0,
CBK0001377,TXN00016673,USR91623,MCH6411,,,1675.84,Merchant Not Delivered,Customer says amount was debited twice.,Rejected,,L,CHATBOT,,,0,
CBK0002655,TXN00002868,13587,MCH8080,,,-860.7,service failed,User claims account was compromised before txn.,PENDING_BANK,2026-03-13 00:55:24,HIGH,IVR,,,0,
CBK0001596,TXN00002674,97070,MCH2065,,2026-01-17,,FRAUD,Merchant service was not delivered after payment.,CLOSED,,Medium,Call Center,,,1,2026-01-17
CBK0001012,TXN84920,USR51185,MCH2543,2026-03-23,,,customer issue,User reports money deducted but merchant denies receiving payment.,In Progress,,M,Email,,,0,
CBK0002409,TXN00004555,USR24591,MCH7745,,,,Merchant Not Delivered,Customer says amount was debited twice.,IN_PROGRESS,,P2,chatbot,,,0,
CBK0000067,TXN00003314,USR37105,MCH6003,,,,dispute raised,Suspicious high-value payment disputed by cust.,IN_PROGRESS,2026-02-10 21:13:32,Low,Branch,,,0,
CBK0001637,TXN00014399,USR56117,MCH2434,,,748.53,not done by me,User reports money deducted but merchant denies receiving payment. urgent,Pending Bank,2026-03-05 00:45:18,High,ivr,,,0,
CBK0002638,TXN00016536,USR21162,MCH8425,,,406.58,extra amount deducted,Customer says amount was debited twice.,PENDING_BANK,,P1,Email,,,0,
CBK0001996,TXN00019262,61461,MCH1598,,,,account hacked,User says UPI PIN was not entered by them.,Open,,P4,chatbot,,,0,
CBK0001667,TXN00003837,USR73010,MCH2586,,,,Merchant Not Delivered,User reports money deducted but merchant denies receiving payment.,OPEN,,HIGH,Call Center,,,0,
CBK0000592,TXN00018501,USR90616,MCH7951,,,1061.55,DUP_DEBIT,customer complaint text unclear due to poor call center notes.,Open,,P4,Call Center,,,0,
CBK0001425,TXN00007508,USR88956,MCH6166,,,696.41,fraud,complaint received after multiple failed attempts.,Pending Bank,,LOW,CHATBOT,,,1,
CBK0000741,TXN00015495,USR41660,MCH6753,,,448.1,amount mismatch,complaint received after multiple failed attempts.,OPEN,,MEDIUM,Email,,,0,
CBK0000933,TXN00010810,USR57890,MCH9602,,,836.2,login compromised,User says UPI PIN was not entered by them.,CLOSED,,M,IVR,,,0,
CBK0000109,TXN00003546,USR15596,MCH1434,,,,charged twice,User claims account was compromised before transaction.,Closed,,MEDIUM,Call Center,,,0,
CBK0002562,TXN00001105,USR90598,MCH5860,,,310.15,UNAUTHORISED,Payment made to unknown merchant as per customer statement. call dropped,OPEN,2026-02-10 22:59:43,LOW,ivr,,,1,
CBK0000689,TXN00017204,USR95707,MCH3736,,,,account hacked,Merchant service was not delivered after payment.,Resolved,2026-01-22 10:09:56,M,App,,,0,
CBK0002398,TXN00004386,USR59393,MCH4310,,,,no service,User says UPI PIN was not entered by them.,In Progress,,P3,IVR,,,0,
CBK0001700,TXN00016401,USR72166,MCH6133,,,5981.0,extra amount deducted,Merchant service was not delivered after payment.,Closed,,P2,IVR,,,0,
CBK0002146,TXN00004284,USR94012,MCH8613,,,,Duplicate Debit,User claims account was compromised before transaction.,Rejected,,MEDIUM,Branch,,,0,
CBK0001671,TXN00001758,USR86472,MCH7728,,,,Service Not Provided,User claims account was compromised before transaction.,Open,,Low,CHATBOT,,,0,
CBK0000331,TXN00016055,USR61715,MCH2991,,,509.0,Fraud Suspected,Payment made to unknown merchant as per customer statement.,CLOSED,2026-02-06 14:40:17,HIGH,Call Center,,,1,
CBK0002794,TXN00018116,USR71316,MCH6194,,,1239.17,double debit,Suspicious high-value payment disputed by customer.,Pending Bank,2026-02-07 22:14:43,L,ivr,,,0,
CBK0000828,TXN00007187,USR27947,MCH4473,,,361.6,incorrect amount,Merchant service was not delivered after payment.,RESOLVED,,P3,Email,,,0,
CBK0000321,TXN00011096,USR32450,MCH5659,,,,Customer Dispute,merchant service was not delivered after payment.,REJECTED,,P3,IVR,,,0,
CBK0002789,TXN00000255,USR59679,MCH6985,,,,Duplicate Debit,User says UPI PIN was not entered by them.,WIP,,P3,chatbot,,,0,
CBK0000975,TXN00019717,USR22234,4473,,,,complaint,Payment made to unknown merchant as per customer statement.,RESOLVED,,LOW,IVR,,,0,
CBK0000044,TXN00004903,USR49770,MCH4578,,,639.26,delivery issue,Merchant service was not delivered after payment.,Pending Bank,,MEDIUM,CHATBOT,,,0,
CBK0002329,TXN00005401,USR58914,MCH9277,,,14197.19,not done by me,SUSPICIOUS HIGH-VALUE PAYMENT DISPUTED BY CUSTOMER.,Pending Bank,2026-03-07 08:50:12,L,chatbot,,,0,
CBK0001844,TXN00005723,USR27285,MCH8154,,,,incorrect amount,Merchant service was not delivered after payment.,RESOLVED,,LOW,Email,,,0,
CBK0000465,TXN00003105,USR50434,MCH1786,2026-03-13,,775.96,Wrong Amount,User reports money deducted but merchant denies receiving payment.,In Progress,,Medium,Call Center,,,0,
CBK0002289,TXN00009795,USR13941,MCH2131,,,,delivery issue,User claims account was compromised before transaction.,PENDING_BANK,,P3,ivr,,,0,
CBK0000918,,USR24555,MCH7951,,,,charged twice,complaint received after multiple failed attempts.,In Progress,,H,ivr,,,0,
CBK0002229,TXN00017286,USR53259,MCH9564,,,,Fraud Suspected,User says UPI PIN was not entered by them. urgent,REJECTED,,M,Email,,,1,
CBK0000350,TXN00005138,USR67243,MCH3024,2026-03-28,,,DUP_DEBIT,Payment made to unknown merchant as per customer statement.,OPEN,,MEDIUM,Branch,,,0,
CBK0000276,TXN00000311,USR38155,MCH3734,,2026-02-04,,charged twice,Customer says transaction was not authorized.,REJECTED,,P2,Email,,,0,2026-02-04
