merchant_id,merchant_name,merchant_category_final,transaction_count,transaction_value,average_transaction_value,chargeback_transactions,fraud_chargeback_transactions,high_risk_transactions,risky_status_transactions,high_chargeback_merchant_transactions,chargeback_ratio,fraud_chargeback_ratio,high_risk_transaction_ratio
MCH1744,"Mani, Tara and Mane",TRAVEL,3,1470.19,1470.19,3,2,2,0,3,1.0,0.6666666666666666,0.6666666666666666
MCH3549,Khalsa and Sons,FOOD_SERVICES,3,47166.97,15722.323333333334,3,2,2,0,3,1.0,0.6666666666666666,0.6666666666666666
MCH5278,"  Sarraf, Peri and Ratti  ",MISC_RETAIL,3,45200.09,15066.696666666665,3,0,0,0,3,1.0,0.0,0.0
MCH1089,"Mann, Edwin and Misra",GROCERY,2,26353.47,13176.735,2,0,0,0,0,1.0,0.0,0.0
MCH1186,,,2,19490.03,9745.015,2,0,0,0,0,1.0,0.0,0.0
MCH1527,,,2,28718.08,14359.04,2,1,1,0,0,1.0,0.5,0.5
MCH1760,,,2,16465.87,8232.935,2,0,0,0,0,1.0,0.0,0.0
MCH2048,,,2,20606.44,10303.22,2,1,1,0,0,1.0,0.5,0.5
MCH2204,,,2,19604.760000000002,9802.380000000001,2,0,0,0,0,1.0,0.0,0.0
MCH2529,Sheth-Pal,BOOKS,2,39310.36,19655.18,2,1,1,0,0,1.0,0.5,0.5
MCH2820,,,2,11375.33,5687.665,2,1,1,0,0,1.0,0.5,0.5
MCH3325,Varty-Vig,PHARMACY,2,16809.57,8404.785,2,0,0,0,0,1.0,0.0,0.0
MCH3668,Pandey-Uppal,TRANSPORT,2,15589.89,7794.945,2,0,0,0,0,1.0,0.0,0.0
MCH3936,,,2,23638.36,11819.18,2,0,0,0,2,1.0,0.0,0.0
MCH4013,,,2,35218.46,17609.23,2,1,1,0,0,1.0,0.5,0.5
MCH4074,,,2,15171.619999999999,7585.8099999999995,2,1,1,0,0,1.0,0.5,0.5
MCH4100,RAJA-VASA,HOTEL_LODGING,2,15742.74,7871.37,2,1,1,0,0,1.0,0.5,0.5
MCH4302,,,2,18943.16,9471.58,2,1,1,0,0,1.0,0.5,0.5
MCH5056,subramaniam plc,GROCERY,2,15656.11,7828.055,2,0,0,0,0,1.0,0.0,0.0
MCH5422,sawhney llc,APPAREL,2,49370.93,24685.465,2,1,1,0,2,1.0,0.5,0.5
MCH5750,,,2,11945.449999999999,5972.724999999999,2,1,1,0,0,1.0,0.5,0.5
MCH5751,,,2,21737.78,21737.78,2,1,1,0,0,1.0,0.5,0.5
MCH5882,,,2,12615.0,6307.5,2,1,1,0,0,1.0,0.5,0.5
MCH6064,Viswanathan-Tak,BOOKS,2,32178.59,16089.295,2,0,0,0,0,1.0,0.0,0.0
MCH6523,Ramanathan-Wali,OTHER,2,21015.079999999998,10507.539999999999,2,0,0,0,0,1.0,0.0,0.0
MCH6715,,,2,6114.09,3057.045,2,0,0,0,0,1.0,0.0,0.0
MCH6746,"Tank, Chanda and Kothari",GROCERY,2,18912.93,9456.465,2,0,0,0,0,1.0,0.0,0.0
MCH7436,Mane-Trivedi,MEDICAL_STORE,2,28191.399999999998,14095.699999999999,2,1,1,0,2,1.0,0.5,0.5
MCH7892,,,2,20689.059999999998,10344.529999999999,2,2,2,0,0,1.0,1.0,1.0
MCH8496,Sandhu PLC,BOOKS,2,27568.04,13784.02,2,0,0,2,0,1.0,0.0,0.0
MCH8616,RATTI-JHA,APPAREL,2,29432.519999999997,14716.259999999998,2,1,1,0,0,1.0,0.5,0.5
MCH8755,  Guha-Dara  ,MISC_RETAIL,2,9483.67,4741.835,2,0,0,0,0,1.0,0.0,0.0
MCH9075,BHAKTA INC,PHONE SERVICE,2,33981.28,16990.64,2,1,1,0,0,1.0,0.5,0.5
MCH9548,Raja PLC,TRANSPORT,2,21796.46,10898.23,2,0,0,0,0,1.0,0.0,0.0
MCH9758,,,2,46552.96,23276.48,2,1,1,0,0,1.0,0.5,0.5
MCH1017,,,1,18198.36,18198.36,1,1,1,0,0,1.0,1.0,1.0
MCH1065,,,1,22612.8,22612.8,1,1,1,0,0,1.0,1.0,1.0
MCH1111,,,1,21892.58,21892.58,1,1,1,0,0,1.0,1.0,1.0
MCH1122,Bakshi and Sons,DEPARTMENT STORE,1,0.0,,1,1,1,0,0,1.0,1.0,1.0
MCH1139,,,1,14301.02,14301.02,1,0,0,0,0,1.0,0.0,0.0
MCH1274,,,1,7170.12,7170.12,1,0,0,0,0,1.0,0.0,0.0
MCH1276,,,1,16595.74,16595.74,1,0,0,0,0,1.0,0.0,0.0
MCH1308,SUBRAMANIAM-SHANKAR,PHARMACY,1,8357.03,8357.03,1,1,1,1,0,1.0,1.0,1.0
MCH1410,,,1,8558.62,8558.62,1,0,0,0,0,1.0,0.0,0.0
MCH1443,Swamy PLC,MISC_RETAIL,1,24818.19,24818.19,1,0,0,0,0,1.0,0.0,0.0
MCH1515,"MALL, KARA AND SASTRY",APPAREL,1,15231.92,15231.92,1,0,0,0,0,1.0,0.0,0.0
MCH1518,Saini-Gole,OTHER,1,15387.54,15387.54,1,1,1,0,0,1.0,1.0,1.0
MCH1522,Mody Inc,PHARMACY,1,9496.87,9496.87,1,0,0,0,0,1.0,0.0,0.0
MCH1559,,,1,0.0,,1,0,0,0,0,1.0,0.0,0.0
MCH1766,,,1,21358.15,21358.15,1,0,0,0,0,1.0,0.0,0.0
MCH1772,Grover Group,DEPARTMENT STORE,1,23851.74,23851.74,1,0,0,0,0,1.0,0.0,0.0
MCH1778,,,1,5298.78,5298.78,1,1,1,0,0,1.0,1.0,1.0
MCH1783,,,1,13149.46,13149.46,1,0,0,0,0,1.0,0.0,0.0
MCH1849,,,1,15803.23,15803.23,1,0,0,0,0,1.0,0.0,0.0
MCH1855,Kala-Shan,FOOD_SERVICES,1,20529.94,20529.94,1,0,0,0,0,1.0,0.0,0.0
MCH1858,,,1,8994.98,8994.98,1,0,0,0,0,1.0,0.0,0.0
MCH1900,,,1,9852.67,9852.67,1,0,0,0,0,1.0,0.0,0.0
MCH1905,,,1,17337.94,17337.94,1,1,1,0,0,1.0,1.0,1.0
MCH1942,,,1,5436.71,5436.71,1,1,1,0,0,1.0,1.0,1.0
MCH1951,,,1,9600.51,9600.51,1,0,0,0,0,1.0,0.0,0.0
MCH1966,Munshi-Bath,TRAVEL,1,17962.97,17962.97,1,0,0,0,0,1.0,0.0,0.0
MCH1967,,,1,359.4,359.4,1,0,0,0,0,1.0,0.0,0.0
MCH2000,,,1,7883.25,7883.25,1,0,0,0,0,1.0,0.0,0.0
MCH2012,,,1,14939.0,14939.0,1,0,0,0,0,1.0,0.0,0.0
MCH2031,,,1,20254.73,20254.73,1,1,1,0,0,1.0,1.0,1.0
MCH2088,,,1,6558.25,6558.25,1,0,0,0,0,1.0,0.0,0.0
MCH2111,Dubey-Oommen,HOTEL_LODGING,1,23856.92,23856.92,1,1,1,0,0,1.0,1.0,1.0
MCH2117,Lal Group,HOTEL_LODGING,1,13621.76,13621.76,1,1,1,0,0,1.0,1.0,1.0
MCH2121,,,1,7358.75,7358.75,1,0,0,0,0,1.0,0.0,0.0
MCH2143,,,1,22755.8,22755.8,1,1,1,0,0,1.0,1.0,1.0
MCH2151,,,1,9770.15,9770.15,1,1,1,0,0,1.0,1.0,1.0
MCH2164,,,1,9505.2,9505.2,1,0,0,0,0,1.0,0.0,0.0
MCH2180,Chaudry-Sidhu,APPAREL,1,0.0,,1,1,1,0,0,1.0,1.0,1.0
MCH2213,"Dash,SoniandPalla",HOTEL_LODGING,1,6476.91,6476.91,1,1,1,0,0,1.0,1.0,1.0
MCH2223,"Magar, Krishnamurthy and Maharaj",BOOKS,1,0.0,,1,0,0,0,0,1.0,0.0,0.0
MCH2252,,,1,19676.53,19676.53,1,0,0,0,0,1.0,0.0,0.0
MCH2255,  Lal Ltd  ,DEPARTMENT STORE,1,15749.22,15749.22,1,1,1,0,0,1.0,1.0,1.0
MCH2262,,,1,13017.81,13017.81,1,1,1,0,0,1.0,1.0,1.0
MCH2334,,,1,8344.14,8344.14,1,1,1,0,0,1.0,1.0,1.0
MCH2340,,,1,0.0,,1,0,0,0,0,1.0,0.0,0.0
MCH2420,,,1,7882.06,7882.06,1,1,1,0,0,1.0,1.0,1.0
MCH2422,SAMPATH-BALASUBRAMANIAN,PHONE SERVICE,1,22934.55,22934.55,1,1,1,0,0,1.0,1.0,1.0
MCH2429,,,1,6997.24,6997.24,1,1,1,0,0,1.0,1.0,1.0
MCH2441,bhatnagar plc,PHONE SERVICE,1,0.0,,1,1,1,0,0,1.0,1.0,1.0
MCH2443,,,1,-12552.44,-12552.44,1,1,1,0,0,1.0,1.0,1.0
MCH2459,Gala and Sons,TRANSPORT,1,20979.1,20979.1,1,1,1,0,0,1.0,1.0,1.0
MCH2524,,,1,0.0,,1,1,1,0,0,1.0,1.0,1.0
MCH2530,bal-sant,MISC_RETAIL,1,24140.59,24140.59,1,0,0,0,0,1.0,0.0,0.0
MCH2588,datta inc,APPAREL,1,23576.09,23576.09,1,0,0,0,0,1.0,0.0,0.0
MCH2613,"Grewal, Gade and Bhattacharyya",MOBILE RECHARGE,1,12137.41,12137.41,1,0,0,0,0,1.0,0.0,0.0
MCH2615,,,1,0.0,,1,0,0,0,0,1.0,0.0,0.0
MCH2623,"Oak, Nadig and Doshi",GROCERY,1,19253.06,19253.06,1,0,0,0,0,1.0,0.0,0.0
MCH2655,"Brahmbhatt, Desai and Sangha",TELECOM,1,13039.21,13039.21,1,0,0,0,0,1.0,0.0,0.0
MCH2674,nair llc,TRANSPORT,1,8506.71,8506.71,1,1,1,0,0,1.0,1.0,1.0
MCH2684,  Barad-Jaggi  ,BOOKS,1,24194.18,24194.18,1,0,0,0,0,1.0,0.0,0.0
MCH2797,Sandhu-Singh,HOTEL_LODGING,1,9912.97,9912.97,1,0,0,0,0,1.0,0.0,0.0
MCH2871,,,1,5142.15,5142.15,1,1,1,0,0,1.0,1.0,1.0
MCH2872,,,1,12292.04,12292.04,1,0,0,0,0,1.0,0.0,0.0
MCH2888,Chahal LLC,PHARMACY,1,3162.13,3162.13,1,0,0,0,0,1.0,0.0,0.0
MCH2926,Sule-Thaker,STATIONERY,1,24666.12,24666.12,1,0,0,0,0,1.0,0.0,0.0
MCH2941,SenGroup,DEPARTMENT STORE,1,6058.13,6058.13,1,0,0,0,0,1.0,0.0,0.0
MCH2960,Malhotra-Buch,TRANSPORT,1,14827.93,14827.93,1,0,0,0,0,1.0,0.0,0.0
MCH2997,Mohanty Ltd,HOTEL_LODGING,1,20319.2,20319.2,1,0,0,0,0,1.0,0.0,0.0
MCH3038,,,1,23679.35,23679.35,1,1,1,0,0,1.0,1.0,1.0
MCH3106,,,1,17722.05,17722.05,1,0,0,0,0,1.0,0.0,0.0
MCH3159,,,1,5930.83,5930.83,1,1,1,0,0,1.0,1.0,1.0
MCH3164,,,1,9176.29,9176.29,1,0,0,0,0,1.0,0.0,0.0
MCH3171,,,1,16342.48,16342.48,1,0,0,0,0,1.0,0.0,0.0
MCH3199,,,1,9741.23,9741.23,1,0,0,0,0,1.0,0.0,0.0
MCH3201,BAHL AND SONS,BOOKS,1,22538.13,22538.13,1,1,1,0,0,1.0,1.0,1.0
MCH3249,,,1,2212.67,2212.67,1,1,1,0,0,1.0,1.0,1.0
MCH3265,Mittal Ltd,BOOKS,1,14260.28,14260.28,1,1,1,0,0,1.0,1.0,1.0
MCH3295,,,1,20095.76,20095.76,1,1,1,0,0,1.0,1.0,1.0
MCH3366,,,1,20034.79,20034.79,1,0,0,0,0,1.0,0.0,0.0
MCH3410,Mutti PLC,HOTEL_LODGING,1,-22219.81,-22219.81,1,0,0,0,0,1.0,0.0,0.0
MCH3442,Kuruvilla Ltd,GROCERY,1,0.0,,1,1,1,0,0,1.0,1.0,1.0
MCH3512,"  Bhatti, Khosla and Chhabra  ",PHONE SERVICE,1,9812.18,9812.18,1,1,1,0,0,1.0,1.0,1.0
MCH3513,"Gade, Raghavan and Ben",STATIONERY,1,22350.8,22350.8,1,1,1,1,0,1.0,1.0,1.0
MCH3562,,,1,22734.91,22734.91,1,1,1,0,0,1.0,1.0,1.0
MCH3598,Kapur-Sahni,PHONE SERVICE,1,4050.17,4050.17,1,0,0,0,0,1.0,0.0,0.0
MCH3632,,,1,-18940.17,-18940.17,1,0,0,0,0,1.0,0.0,0.0
MCH3637,Pai-Parikh,FOOD_SERVICES,1,15086.66,15086.66,1,1,1,0,0,1.0,1.0,1.0
MCH3662,Dalal-Arora,TELECOM,1,21535.45,21535.45,1,1,1,0,0,1.0,1.0,1.0
MCH3712,  Narain-Vaidya  ,HOTEL_LODGING,1,2100.75,2100.75,1,1,1,0,0,1.0,1.0,1.0
MCH3809,,,1,1071.35,1071.35,1,1,1,0,0,1.0,1.0,1.0
MCH3818,Gopal-Khalsa,TELECOM,1,6455.91,6455.91,1,0,0,0,0,1.0,0.0,0.0
MCH3848,,,1,17911.11,17911.11,1,0,0,0,0,1.0,0.0,0.0
MCH3866,,,1,9274.06,9274.06,1,0,0,0,0,1.0,0.0,0.0
MCH3890,Tata-Bal,PHARMACY,1,15451.78,15451.78,1,1,1,0,0,1.0,1.0,1.0
MCH3899,  Goswami-Bath  ,TRANSPORT,1,11805.47,11805.47,1,0,0,0,0,1.0,0.0,0.0
MCH3910,,,1,21278.79,21278.79,1,0,0,0,0,1.0,0.0,0.0
MCH3942,,,1,5552.27,5552.27,1,0,0,0,0,1.0,0.0,0.0
MCH3972,,,1,4850.57,4850.57,1,0,0,0,0,1.0,0.0,0.0
MCH4066,Swaminathan and Sons,DEPARTMENT STORE,1,430.66,430.66,1,0,0,0,0,1.0,0.0,0.0
MCH4150,,,1,24160.27,24160.27,1,0,0,0,0,1.0,0.0,0.0
MCH4188,,,1,-14973.35,-14973.35,1,0,0,0,0,1.0,0.0,0.0
MCH4223,"Bajwa, Khurana and Sinha",RETAIL,1,15791.16,15791.16,1,0,0,0,0,1.0,0.0,0.0
MCH4272,,,1,12845.7,12845.7,1,0,0,0,0,1.0,0.0,0.0
MCH4306,"Narula, Hegde and Minhas",GROCERY,1,7631.84,7631.84,1,1,1,0,0,1.0,1.0,1.0
MCH4322,Patla PLC,TELECOM,1,4096.46,4096.46,1,0,0,0,0,1.0,0.0,0.0
MCH4331,"Wali, Buch and Nagi",APPAREL,1,-1686.67,-1686.67,1,1,1,1,0,1.0,1.0,1.0
MCH4362,Sura LLC,HOTEL_LODGING,1,8818.59,8818.59,1,0,0,0,0,1.0,0.0,0.0
MCH4537,,,1,5829.65,5829.65,1,0,0,0,0,1.0,0.0,0.0
MCH4560,Shankar Ltd,TELECOM,1,839.58,839.58,1,1,1,0,0,1.0,1.0,1.0
MCH4598,,,1,3472.3,3472.3,1,0,0,0,0,1.0,0.0,0.0
MCH4667,Kapur-Gara,FOOD_SERVICES,1,0.0,,1,0,0,0,0,1.0,0.0,0.0
MCH4679,,,1,24596.14,24596.14,1,1,1,0,0,1.0,1.0,1.0
MCH4682,Chaudry LLC,TRANSPORT,1,24649.5,24649.5,1,0,0,0,0,1.0,0.0,0.0
MCH4699,Setty Inc,HOTEL_LODGING,1,9339.0,9339.0,1,0,0,0,0,1.0,0.0,0.0
MCH4705,,,1,19008.09,19008.09,1,0,0,0,0,1.0,0.0,0.0
MCH4750,,,1,6010.76,6010.76,1,1,1,0,0,1.0,1.0,1.0
MCH4788,,,1,23025.65,23025.65,1,1,1,0,0,1.0,1.0,1.0
MCH4830,,,1,8028.16,8028.16,1,0,0,0,0,1.0,0.0,0.0
MCH5007,,,1,4756.47,4756.47,1,0,0,0,0,1.0,0.0,0.0
MCH5043,"Chakraborty, Gour and Kothari",TRAVEL,1,21237.67,21237.67,1,0,0,0,0,1.0,0.0,0.0
MCH5106,LUTHRA LLC,STATIONERY,1,4796.12,4796.12,1,0,0,0,0,1.0,0.0,0.0
MCH5128,,,1,12855.63,12855.63,1,0,0,0,0,1.0,0.0,0.0
MCH5215,Tank-Golla,MISC_RETAIL,1,237.26,237.26,1,0,0,0,0,1.0,0.0,0.0
MCH5222,"Char, Warrior and Cherian",APPAREL,1,16389.35,16389.35,1,1,1,0,0,1.0,1.0,1.0
MCH5241,,,1,14888.67,14888.67,1,1,1,0,0,1.0,1.0,1.0
MCH5263,"Narang, Kata and Pillai",DEPARTMENT STORE,1,0.0,,1,1,1,0,0,1.0,1.0,1.0
MCH5267,,,1,13288.19,13288.19,1,0,0,0,0,1.0,0.0,0.0
MCH5286,,,1,6873.18,6873.18,1,1,1,0,0,1.0,1.0,1.0
MCH5294,Bhakta Group,TELECOM,1,1436.91,1436.91,1,0,0,0,0,1.0,0.0,0.0
MCH5307,"Balan, Varughese and Dave",FOOD_SERVICES,1,8883.82,8883.82,1,1,1,0,0,1.0,1.0,1.0
MCH5326,,,1,15287.43,15287.43,1,0,0,0,0,1.0,0.0,0.0
MCH5330,,,1,0.0,,1,1,1,0,0,1.0,1.0,1.0
MCH5339,"vaidya, hari and mistry",OTHER,1,6956.17,6956.17,1,0,0,0,0,1.0,0.0,0.0
MCH5457,  Deol PLC  ,BOOKS,1,24511.97,24511.97,1,0,0,0,0,1.0,0.0,0.0
MCH5459,Sachdev Ltd,APPAREL,1,19161.02,19161.02,1,1,1,0,0,1.0,1.0,1.0
MCH5495,,,1,21842.11,21842.11,1,0,0,0,0,1.0,0.0,0.0
MCH5528,"Bhagat, Sathe and Iyengar",GROCERY,1,9825.71,9825.71,1,0,0,0,0,1.0,0.0,0.0
MCH5531,"Dhingra, Sangha and Sidhu",GROCERY,1,0.0,,1,0,0,0,0,1.0,0.0,0.0
MCH5598,"Thakur, Verma and Venkataraman",PHARMACY,1,19705.72,19705.72,1,0,0,0,0,1.0,0.0,0.0
MCH5623,,,1,0.0,,1,1,1,0,0,1.0,1.0,1.0
MCH5644,Prabhu-Chaudhry,APPAREL,1,0.0,,1,0,0,0,0,1.0,0.0,0.0
MCH5705,MUKHOPADHYAY AND SONS,APPAREL,1,1698.2,1698.2,1,1,1,0,0,1.0,1.0,1.0
MCH5712,Goda-Kashyap,BOOKS,1,13221.13,13221.13,1,0,0,0,0,1.0,0.0,0.0
MCH5744,Dalal-Lall,HOTEL_LODGING,1,7505.55,7505.55,1,1,1,0,0,1.0,1.0,1.0
MCH5762,Hayre and Sons,BOOKS,1,20449.69,20449.69,1,0,0,0,0,1.0,0.0,0.0
MCH5764,,,1,13117.73,13117.73,1,1,1,0,0,1.0,1.0,1.0
MCH5765,Murty Inc,TRANSPORT,1,18653.66,18653.66,1,0,0,0,0,1.0,0.0,0.0
MCH5767,pandya inc,TELECOM,1,6075.45,6075.45,1,0,0,0,0,1.0,0.0,0.0
MCH5815,,,1,19969.87,19969.87,1,1,1,0,0,1.0,1.0,1.0
MCH5825,Bhardwaj-Sachdeva,STATIONERY,1,8264.89,8264.89,1,1,1,0,0,1.0,1.0,1.0
MCH5863,,,1,0.0,,1,0,0,0,0,1.0,0.0,0.0
MCH5896,Kale Group,BOOKS,1,22873.0,22873.0,1,0,0,0,0,1.0,0.0,0.0
MCH5932,Jani-Sathe,TELECOM,1,21312.45,21312.45,1,1,1,1,0,1.0,1.0,1.0
MCH5965,Wason LLC,PHONE SERVICE,1,11211.49,11211.49,1,0,0,0,0,1.0,0.0,0.0
MCH5968,"SOMAN, ISSAC AND GOSWAMI",DEPARTMENT STORE,1,12052.46,12052.46,1,1,1,0,0,1.0,1.0,1.0
MCH6040,,,1,1598.32,1598.32,1,1,1,0,0,1.0,1.0,1.0
MCH6079,"Chaudhuri, Mody and Goswami",MEDICAL_STORE,1,3565.73,3565.73,1,1,1,0,0,1.0,1.0,1.0
MCH6086,,,1,23204.02,23204.02,1,0,0,0,0,1.0,0.0,0.0
MCH6106,,,1,10229.09,10229.09,1,0,0,0,0,1.0,0.0,0.0
MCH6132,,,1,3809.97,3809.97,1,0,0,0,0,1.0,0.0,0.0
MCH6169,,,1,20146.04,20146.04,1,1,1,0,0,1.0,1.0,1.0
MCH6200,"Sen, Walla and Bath",MISC_RETAIL,1,12749.14,12749.14,1,1,1,0,0,1.0,1.0,1.0
MCH6254,MURTHY GROUP,TELECOM,1,24731.51,24731.51,1,0,0,0,0,1.0,0.0,0.0
MCH6268,"yogi, sachar and mammen",GROCERY,1,17795.95,17795.95,1,0,0,0,0,1.0,0.0,0.0
MCH6278,"Keer, Sha and Sama",MEDICAL,1,4380.29,4380.29,1,0,0,0,0,1.0,0.0,0.0
MCH6306,"RAMESH, VISWANATHAN AND KALITA",TRANSPORT,1,8718.9,8718.9,1,0,0,0,0,1.0,0.0,0.0
MCH6365,Bora-Sood,DEPARTMENT STORE,1,23854.3,23854.3,1,0,0,0,0,1.0,0.0,0.0
MCH6367,,,1,0.0,,1,1,1,0,0,1.0,1.0,1.0
MCH6385,,,1,20189.71,20189.71,1,0,0,0,0,1.0,0.0,0.0
MCH6439,,,1,0.0,,1,0,0,0,0,1.0,0.0,0.0
MCH6445,Shere and Sons,MEDICAL,1,24135.06,24135.06,1,1,1,0,0,1.0,1.0,1.0
MCH6447,Kant-Tella,HOTEL_LODGING,1,24415.67,24415.67,1,0,0,0,0,1.0,0.0,0.0
MCH6502,Mall PLC,MISC_RETAIL,1,45.69,45.69,1,1,1,1,0,1.0,1.0,1.0
MCH6583,"Iyengar, Puri and Tiwari",DEPARTMENT STORE,1,17735.93,17735.93,1,0,0,1,0,1.0,0.0,0.0
MCH6724,,,1,12364.33,12364.33,1,0,0,0,0,1.0,0.0,0.0
MCH6728,,,1,8998.29,8998.29,1,0,0,0,0,1.0,0.0,0.0
MCH6754,,,1,0.0,,1,0,0,0,0,1.0,0.0,0.0
MCH6835,,,1,4077.1,4077.1,1,1,1,0,0,1.0,1.0,1.0
MCH6888,,,1,8749.08,8749.08,1,0,0,0,0,1.0,0.0,0.0
MCH6903,sanghvi-suresh,MEDICAL,1,0.0,,1,1,1,0,0,1.0,1.0,1.0
MCH6933,,,1,15459.27,15459.27,1,0,0,0,0,1.0,0.0,0.0
MCH6947,Sen LLC,MEDICAL,1,5759.97,5759.97,1,0,0,0,0,1.0,0.0,0.0
MCH6969,,,1,20562.33,20562.33,1,0,0,0,0,1.0,0.0,0.0
MCH6994,,,1,18650.46,18650.46,1,1,1,0,0,1.0,1.0,1.0
MCH7006,,,1,5283.06,5283.06,1,1,1,0,0,1.0,1.0,1.0
MCH7014,,,1,19364.19,19364.19,1,1,1,0,0,1.0,1.0,1.0
MCH7083,,,1,16708.64,16708.64,1,0,0,0,0,1.0,0.0,0.0
MCH7097,,,1,2106.0,2106.0,1,1,1,0,0,1.0,1.0,1.0
MCH7105,"Banerjee, Kurian and Bhatt",APPAREL,1,13083.67,13083.67,1,0,0,0,0,1.0,0.0,0.0
MCH7133,DinInc,GROCERY,1,12522.63,12522.63,1,1,1,1,0,1.0,1.0,1.0
MCH7145,Ratti and Sons,GROCERY,1,12599.3,12599.3,1,1,1,0,0,1.0,1.0,1.0
MCH7194,Shan and S0ns,TRANSPORT,1,18138.05,18138.05,1,0,0,0,0,1.0,0.0,0.0
MCH7196,Kurian-Trivedi,TELECOM,1,23532.84,23532.84,1,0,0,0,0,1.0,0.0,0.0
MCH7205,Dara PLC,PHARMACY,1,24940.73,24940.73,1,0,0,0,0,1.0,0.0,0.0
MCH7233,Arora LLC,APPAREL,1,10203.04,10203.04,1,0,0,0,0,1.0,0.0,0.0
MCH7248,Rajagopalan Group,HOTEL_LODGING,1,15719.49,15719.49,1,0,0,0,0,1.0,0.0,0.0
MCH7384,Seshadri-Rai,TELECOM,1,16112.7,16112.7,1,1,1,0,0,1.0,1.0,1.0
MCH7402,,,1,21216.21,21216.21,1,0,0,0,0,1.0,0.0,0.0
MCH7416,,,1,4797.91,4797.91,1,0,0,0,0,1.0,0.0,0.0
MCH7432,Agate PLC,FOOD_SERVICES,1,13041.28,13041.28,1,0,0,0,0,1.0,0.0,0.0
MCH7530,,,1,0.0,,1,0,0,0,0,1.0,0.0,0.0
MCH7537,,,1,1881.65,1881.65,1,1,1,0,0,1.0,1.0,1.0
MCH7550,,,1,24934.55,24934.55,1,0,0,0,0,1.0,0.0,0.0
MCH7552,SOM AND SONS,TELECOM,1,21553.48,21553.48,1,0,0,0,0,1.0,0.0,0.0
MCH7579,,,1,24540.45,24540.45,1,1,1,0,0,1.0,1.0,1.0
MCH7644,Mital PLC,HOTEL_LODGING,1,1965.27,1965.27,1,0,0,0,0,1.0,0.0,0.0
MCH7662,,,1,2976.54,2976.54,1,0,0,0,0,1.0,0.0,0.0
MCH7695,,,1,22647.18,22647.18,1,0,0,0,0,1.0,0.0,0.0
MCH7790,Barman-Roy,BOOKS,1,12056.21,12056.21,1,0,0,0,0,1.0,0.0,0.0
MCH7890,contractor plc,HOTEL_LODGING,1,19497.67,19497.67,1,1,1,1,0,1.0,1.0,1.0
MCH7896,Samra LLC,HOTEL_LODGING,1,4328.77,4328.77,1,1,1,0,0,1.0,1.0,1.0
MCH7902,deol inc,TRANSPORT,1,10191.82,10191.82,1,1,1,0,0,1.0,1.0,1.0
MCH7911,,,1,24378.11,24378.11,1,1,1,0,0,1.0,1.0,1.0
MCH7917,Parsa-Madan,GROCERY,1,18283.95,18283.95,1,0,0,1,0,1.0,0.0,0.0
MCH7994,,,1,13136.01,13136.01,1,1,1,0,0,1.0,1.0,1.0
MCH8006,,,1,22878.31,22878.31,1,1,1,0,0,1.0,1.0,1.0
MCH8044,"Sant, Nadkarni and Rajan",DEPARTMENT STORE,1,8387.23,8387.23,1,1,1,0,0,1.0,1.0,1.0
MCH8053,CHHABRA INC,TELECOM,1,0.0,,1,1,1,0,0,1.0,1.0,1.0
MCH8102,,,1,9701.65,9701.65,1,1,1,0,0,1.0,1.0,1.0
MCH8114,"raman, sandal and bedi",PHONE SERVICE,1,6732.15,6732.15,1,0,0,0,0,1.0,0.0,0.0
MCH8177,Soman Inc,FOOD_SERVICES,1,7842.13,7842.13,1,1,1,0,0,1.0,1.0,1.0
MCH8188,"ram, krish and pai",MISC_RETAIL,1,16390.09,16390.09,1,1,1,0,0,1.0,1.0,1.0
MCH8279,Lala PLC,GROCERY,1,8602.12,8602.12,1,1,1,0,0,1.0,1.0,1.0
MCH8287,,,1,23990.21,23990.21,1,0,0,0,0,1.0,0.0,0.0
MCH8288,,,1,0.0,,1,0,0,0,0,1.0,0.0,0.0
MCH8292,,,1,16262.64,16262.64,1,1,1,0,0,1.0,1.0,1.0
MCH8304,,,1,10979.9,10979.9,1,0,0,0,0,1.0,0.0,0.0
MCH8322,,,1,16348.58,16348.58,1,1,1,0,0,1.0,1.0,1.0
MCH8351,,,1,14141.15,14141.15,1,1,1,0,0,1.0,1.0,1.0
MCH8409,"Dua, Naidu and Agate",TRAVEL,1,18927.3,18927.3,1,1,1,0,0,1.0,1.0,1.0
MCH8426,,,1,3280.53,3280.53,1,0,0,0,0,1.0,0.0,0.0
MCH8509,"Majumdar, Deshpande and Solanki",DEPARTMENT STORE,1,12504.59,12504.59,1,0,0,0,0,1.0,0.0,0.0
MCH8565,"MAMMEN, MODI AND SANKAR",FOOD_SERVICES,1,6985.47,6985.47,1,0,0,0,0,1.0,0.0,0.0
MCH8567,,,1,2773.37,2773.37,1,1,1,0,0,1.0,1.0,1.0
MCH8612,KURIAN-GODA,FOOD_SERVICES,1,0.0,,1,0,0,0,0,1.0,0.0,0.0
MCH8735,"Chhabra, Kunda and Sem",PHONE SERVICE,1,18187.66,18187.66,1,1,1,0,0,1.0,1.0,1.0
MCH8747,,,1,7594.56,7594.56,1,0,0,0,0,1.0,0.0,0.0
MCH8815,,,1,18451.32,18451.32,1,0,0,0,0,1.0,0.0,0.0
MCH8842,"Bala, Pillai and Kala",OTHER,1,3435.12,3435.12,1,1,1,0,0,1.0,1.0,1.0
MCH8883,,,1,6046.15,6046.15,1,0,0,0,0,1.0,0.0,0.0
MCH8886,,,1,5842.55,5842.55,1,0,0,0,0,1.0,0.0,0.0
MCH8890,"Kumar, Yogi and Seshadri",MISC_RETAIL,1,24602.92,24602.92,1,1,1,0,0,1.0,1.0,1.0
MCH8902,Sabharwal Ltd,GROCERY,1,20169.63,20169.63,1,0,0,0,0,1.0,0.0,0.0
MCH8955,"  Gade, Venkatesh and Bedi  ",MISC_RETAIL,1,0.0,,1,1,1,0,0,1.0,1.0,1.0
MCH8964,,,1,11767.81,11767.81,1,1,1,0,0,1.0,1.0,1.0
MCH9025,,,1,23913.15,23913.15,1,1,1,0,0,1.0,1.0,1.0
MCH9065,,,1,0.0,,1,0,0,0,0,1.0,0.0,0.0
MCH9128,"Vig, Menon and Prabhakar",STATIONERY,1,2955.32,2955.32,1,0,0,0,0,1.0,0.0,0.0
MCH9152,KARA-PARIKH,TELECOM,1,20309.81,20309.81,1,0,0,0,0,1.0,0.0,0.0
MCH9163,,,1,5512.38,5512.38,1,0,0,0,0,1.0,0.0,0.0
MCH9181,,,1,8989.88,8989.88,1,0,0,0,0,1.0,0.0,0.0
MCH9203,PATEL-BHASIN,HOTEL_LODGING,1,10625.61,10625.61,1,0,0,0,0,1.0,0.0,0.0
MCH9268,,,1,11337.01,11337.01,1,1,1,0,0,1.0,1.0,1.0
MCH9280,,,1,22042.07,22042.07,1,1,1,0,0,1.0,1.0,1.0
MCH9295,,,1,21568.23,21568.23,1,0,0,0,0,1.0,0.0,0.0
MCH9315,,,1,13243.78,13243.78,1,0,0,0,0,1.0,0.0,0.0
MCH9555,"nadig, kumer and nath",MEDICAL_STORE,1,11612.03,11612.03,1,0,0,0,0,1.0,0.0,0.0
MCH9604,Merchant-Johal,RETAIL,1,13490.27,13490.27,1,0,0,0,0,1.0,0.0,0.0
MCH9649,Sachdeva-Dey,HOTEL_LODGING,1,3561.25,3561.25,1,0,0,0,0,1.0,0.0,0.0
MCH9687,,,1,0.0,,1,0,0,0,0,1.0,0.0,0.0
MCH9691,,,1,4342.6,4342.6,1,0,0,0,0,1.0,0.0,0.0
MCH9696,D’Alia-Bhardwaj,MISC_RETAIL,1,12602.39,12602.39,1,0,0,0,0,1.0,0.0,0.0
MCH9789,,,1,4544.14,4544.14,1,0,0,0,0,1.0,0.0,0.0
MCH9859,Mukherjee-Agate,OTHER,1,21408.57,21408.57,1,0,0,0,0,1.0,0.0,0.0
MCH9860,,,1,4619.63,4619.63,1,1,1,0,0,1.0,1.0,1.0
MCH9888,"Contractor, Mohanty and Devi",PHARMACY,1,10222.36,10222.36,1,0,0,0,0,1.0,0.0,0.0
MCH9898,,,1,0.0,,1,0,0,0,0,1.0,0.0,0.0
MCH9935,Sahni-Barad,MISC_RETAIL,1,21145.16,21145.16,1,0,0,0,0,1.0,0.0,0.0
MCH9965,,,1,19826.63,19826.63,1,1,1,0,0,1.0,1.0,1.0
MCH1508,,,4,50291.64,12572.91,3,1,1,0,4,0.75,0.25,0.25
MCH4067,,,4,36502.98,12167.660000000002,3,1,1,0,4,0.75,0.25,0.25
MCH4243,"Ramesh, Venkatesh and Ravel",RETAIL,4,48177.369999999995,16059.123333333331,3,2,3,0,4,0.75,0.5,0.75
MCH5530,,,4,46575.19,11643.7975,3,2,2,0,4,0.75,0.5,0.5
MCH6678,,,4,68884.54000000001,17221.135000000002,3,2,2,0,4,0.75,0.5,0.5
MCH1537,Goswami-Sibal,FOOD_SERVICES,3,49389.36,16463.12,2,0,0,0,0,0.6666666666666666,0.0,0.0
MCH1711,"Sastry, Kota and Merchant",GROCERY,3,10852.91,3617.6366666666668,2,1,1,0,0,0.6666666666666666,0.3333333333333333,0.3333333333333333
MCH2004,,,3,43872.22,14624.073333333334,2,1,1,0,0,0.6666666666666666,0.3333333333333333,0.3333333333333333
MCH2400,,,3,5483.09,1827.6966666666667,2,2,2,0,0,0.6666666666666666,0.6666666666666666,0.6666666666666666
MCH2879,"Pillay, Vora and Karnik",FOOD_SERVICES,3,31512.019999999997,15756.009999999998,2,1,1,0,0,0.6666666666666666,0.3333333333333333,0.3333333333333333
MCH2986,  Kade-Anne  ,TRAVEL,3,5885.6799999999985,1961.8933333333327,2,0,0,0,0,0.6666666666666666,0.0,0.0
MCH3096,"Pradhan, Anne and Dhillon",FOOD_SERVICES,3,36871.2,12290.4,2,2,2,0,0,0.6666666666666666,0.6666666666666666,0.6666666666666666
MCH3213,,,3,62902.56,20967.52,2,1,1,0,0,0.6666666666666666,0.3333333333333333,0.3333333333333333
MCH3478,,,3,25311.1,8437.033333333333,2,1,1,0,3,0.6666666666666666,0.3333333333333333,0.3333333333333333
MCH3548,"Bhakta, Dhaliwal and Comar",PHONE SERVICE,3,45640.7,22820.35,2,0,0,0,3,0.6666666666666666,0.0,0.0
MCH3745,,,3,48109.51,16036.503333333334,2,1,1,0,0,0.6666666666666666,0.3333333333333333,0.3333333333333333
MCH3771,Bumb Inc,MISC_RETAIL,3,32208.64,10736.213333333333,2,0,0,0,0,0.6666666666666666,0.0,0.0
MCH3855,,,3,26475.39,8825.13,2,0,0,0,0,0.6666666666666666,0.0,0.0
MCH4059,,,3,36564.770000000004,12188.256666666668,2,1,1,0,0,0.6666666666666666,0.3333333333333333,0.3333333333333333
MCH4418,,,3,22676.38,11338.19,2,1,1,0,0,0.6666666666666666,0.3333333333333333,0.3333333333333333
MCH4783,,,3,41177.44,13725.813333333334,2,2,2,0,0,0.6666666666666666,0.6666666666666666,0.6666666666666666
MCH4919,,,3,22864.26,7621.419999999999,2,1,1,0,0,0.6666666666666666,0.3333333333333333,0.3333333333333333
MCH5012,,,3,48192.82,16064.273333333333,2,1,1,0,0,0.6666666666666666,0.3333333333333333,0.3333333333333333
MCH5017,"Datta, Sinha and Pat1a",HOTEL_LODGING,3,14699.970000000001,7349.985000000001,2,1,1,0,0,0.6666666666666666,0.3333333333333333,0.3333333333333333
MCH5067,Mangat-Pant,TELECOM,3,21763.93,10881.965,2,0,0,0,0,0.6666666666666666,0.0,0.0
MCH5102,,,3,45587.63,15195.876666666665,2,1,1,0,3,0.6666666666666666,0.3333333333333333,0.3333333333333333
MCH5111,Ramachandran Group,DEPARTMENT STORE,3,20696.690000000002,10348.345000000001,2,1,1,0,0,0.6666666666666666,0.3333333333333333,0.3333333333333333
MCH5429,,,3,17883.760000000002,5961.253333333334,2,1,1,0,0,0.6666666666666666,0.3333333333333333,0.3333333333333333
MCH5569,"Thaman, Kar and Dass",MISC_RETAIL,3,17320.13,8660.065,2,1,1,0,0,0.6666666666666666,0.3333333333333333,0.3333333333333333
MCH5891,,,3,1578.0599999999977,526.0199999999992,2,0,1,0,3,0.6666666666666666,0.0,0.3333333333333333
MCH5917,"TARA, BHASIN AND SINGH",PHARMACY,3,41981.979999999996,13993.993333333332,2,2,2,3,0,0.6666666666666666,0.6666666666666666,0.6666666666666666
MCH6095,"Sahota, Misra and Kata",STATIONERY,3,31648.78,10549.593333333332,2,1,1,0,3,0.6666666666666666,0.3333333333333333,0.3333333333333333
MCH6122,Som-Seth,TRANSPORT,3,50738.32,16912.773333333334,2,2,2,0,0,0.6666666666666666,0.6666666666666666,0.6666666666666666
MCH6209,,,3,38354.130000000005,12784.710000000001,2,1,1,0,0,0.6666666666666666,0.3333333333333333,0.3333333333333333
MCH6266,,,3,18991.05,6330.349999999999,2,0,0,0,0,0.6666666666666666,0.0,0.0
MCH6316,,,3,13975.93,6987.965,2,0,0,0,0,0.6666666666666666,0.0,0.0
MCH6527,"Menon, Subramanian and Pai",HOTEL_LODGING,3,28916.8,9638.933333333332,2,2,2,0,0,0.6666666666666666,0.6666666666666666,0.6666666666666666
MCH6553,,,3,8955.51,4477.755,2,0,0,0,0,0.6666666666666666,0.0,0.0
MCH6594,Varkey-Bhatti,GROCERY,3,39012.75,13004.25,2,0,0,0,0,0.6666666666666666,0.0,0.0
MCH6651,"Mahajan, Vig and Balakrishnan",GROCERY,3,29077.56,14538.78,2,0,0,0,0,0.6666666666666666,0.0,0.0
MCH6659,,,3,14664.630000000001,7332.3150000000005,2,1,1,0,0,0.6666666666666666,0.3333333333333333,0.3333333333333333
MCH6701,,,3,38379.86,12793.286666666667,2,1,2,0,3,0.6666666666666666,0.3333333333333333,0.6666666666666666
MCH6726,Boase-Chatterjee,HOTEL_LODGING,3,31913.47,10637.823333333334,2,0,0,3,0,0.6666666666666666,0.0,0.0
MCH6838,Wali-Nair,PHARMACY,3,27027.83,9009.276666666667,2,0,0,0,0,0.6666666666666666,0.0,0.0
MCH6858,,,3,16224.96,5408.32,2,0,0,0,3,0.6666666666666666,0.0,0.0
MCH6963,,,3,32493.960000000003,10831.320000000002,2,0,0,0,0,0.6666666666666666,0.0,0.0
MCH6972,Badal-Kamdar,HOTEL_LODGING,3,49916.810000000005,16638.93666666667,2,1,1,0,0,0.6666666666666666,0.3333333333333333,0.3333333333333333
MCH7002,,,3,37478.96,18739.48,2,0,0,0,3,0.6666666666666666,0.0,0.0
MCH7078,"Vasa, Gade and Viswanathan",APPAREL,3,39115.51,13038.503333333334,2,1,1,0,0,0.6666666666666666,0.3333333333333333,0.3333333333333333
MCH7090,,,3,30936.4,10312.133333333333,2,0,0,0,0,0.6666666666666666,0.0,0.0
MCH7201,"patil, mahajan and issac",MISC_RETAIL,3,22065.15,7355.05,2,1,1,0,0,0.6666666666666666,0.3333333333333333,0.3333333333333333
MCH7297,"Bhasin, Sankar and Pradhan",FOOD_SERVICES,3,11550.91,5775.455,2,0,0,0,0,0.6666666666666666,0.0,0.0
MCH7786,,,3,49929.55,16643.183333333334,2,0,0,0,0,0.6666666666666666,0.0,0.0
MCH7933,BaradInc,FOOD_SERVICES,3,24927.1,12463.55,2,1,1,3,0,0.6666666666666666,0.3333333333333333,0.3333333333333333
MCH7982,De0 Ltd,DEPARTMENT STORE,3,29815.54,9938.513333333334,2,1,1,0,3,0.6666666666666666,0.3333333333333333,0.3333333333333333
MCH8232,,,3,12254.92,6127.46,2,1,1,0,0,0.6666666666666666,0.3333333333333333,0.3333333333333333
MCH8466,dani plc,MISC_RETAIL,3,18368.76,9184.38,2,1,1,0,3,0.6666666666666666,0.3333333333333333,0.3333333333333333
MCH8586,,,3,46458.83,15486.276666666667,2,1,1,0,0,0.6666666666666666,0.3333333333333333,0.3333333333333333
MCH8674,"Mani, Dutta and Issac",FOOD_SERVICES,3,36081.05,18040.525,2,1,1,0,0,0.6666666666666666,0.3333333333333333,0.3333333333333333
MCH8965,Lal and Sons,BOOKS,3,28312.33,14156.165,2,0,0,0,0,0.6666666666666666,0.0,0.0
MCH9040,  Sharma-Dubey  ,STATIONERY,3,61181.54,20393.846666666668,2,1,1,0,0,0.6666666666666666,0.3333333333333333,0.3333333333333333
MCH9051,"Gara, Keer and Padmanabhan",TELECOM,3,25230.91,8410.303333333333,2,1,1,0,0,0.6666666666666666,0.3333333333333333,0.3333333333333333
MCH9183,,,3,46214.17,15404.723333333333,2,2,2,0,0,0.6666666666666666,0.6666666666666666,0.6666666666666666
MCH9431,Madan-Kota,TRAVEL,3,31917.059999999998,15958.529999999999,2,2,2,0,3,0.6666666666666666,0.6666666666666666,0.6666666666666666
MCH9568,,,3,48625.85,16208.616666666667,2,0,0,0,0,0.6666666666666666,0.0,0.0
MCH9592,,,3,53656.5,17885.5,2,2,2,0,0,0.6666666666666666,0.6666666666666666,0.6666666666666666
MCH9657,,,3,25366.300000000003,8455.433333333334,2,0,0,0,0,0.6666666666666666,0.0,0.0
MCH9874,,,3,27666.58,13833.29,2,1,1,0,0,0.6666666666666666,0.3333333333333333,0.3333333333333333
MCH9955,Bumb Ltd,PHARMACY,3,31907.84,15953.92,2,0,0,0,0,0.6666666666666666,0.0,0.0
MCH9979,"Bandi, Gupta and Sarma",TRANSPORT,3,60052.490000000005,20017.49666666667,2,1,1,0,0,0.6666666666666666,0.3333333333333333,0.3333333333333333
MCH2179,CHANDA-SURA,APPAREL,5,41623.73,8324.746000000001,3,2,2,0,5,0.6,0.4,0.4
MCH2497,,,5,54937.75,13734.4375,3,0,0,0,5,0.6,0.0,0.0
MCH3285,"Prasad, Luthra and Suri",RETAIL,5,46673.46000000001,11668.365000000002,3,0,0,0,5,0.6,0.0,0.0
MCH3587,  Sagar-Raval  ,HOTEL_LODGING,5,53437.81,10687.562,3,1,1,0,5,0.6,0.2,0.2
MCH5177,,,5,80599.72,16119.944,3,0,0,0,5,0.6,0.0,0.0
MCH6973,,,6,71718.81,14343.761999999999,3,1,1,0,6,0.5,0.16666666666666666,0.16666666666666666
MCH1079,Sharaf and Sons,MOBILE RECHARGE,4,52637.75,13159.4375,2,2,2,0,4,0.5,0.5,0.5
MCH1430,"Bhavsar, Dora and Singh",FOOD_SERVICES,4,38048.79,9512.1975,2,0,0,0,0,0.5,0.0,0.0
MCH1704,"Shukla, Hari and Chopra",TRANSPORT,4,34513.6,11504.533333333333,2,0,0,0,0,0.5,0.0,0.0
MCH1708,,,4,30903.25,7725.8125,2,0,0,0,0,0.5,0.0,0.0
MCH1890,,,4,35810.19,11936.730000000001,2,0,0,0,4,0.5,0.0,0.0
MCH2059,,,4,46073.33,11518.3325,2,0,0,0,0,0.5,0.0,0.0
MCH2104,Iyengar PLC,APPAREL,4,52405.5,13101.375,2,1,1,4,0,0.5,0.25,0.25
MCH2149,"Doctor, Varughese and Hans",STATIONERY,4,15376.669999999998,3844.1674999999996,2,1,1,0,0,0.5,0.25,0.25
MCH2231,"Goyal, Balakrishnan and Patla",HOTEL_LODGING,4,36854.57,9213.6425,2,0,0,4,0,0.5,0.0,0.0
MCH2269,"dalal, samra and kala",HOTEL_LODGING,4,24810.1,6202.525,2,2,2,0,0,0.5,0.5,0.5
MCH2884,Malhotra-Sarin,BOOKS,4,41054.26,13684.753333333334,2,0,0,0,0,0.5,0.0,0.0
MCH3105,Bandi PLC,DEPARTMENT STORE,4,37704.18,12568.06,2,0,0,0,0,0.5,0.0,0.0
MCH3215,,,4,12741.24,3185.31,2,1,1,0,0,0.5,0.25,0.25
MCH3947,,,4,42577.08,10644.27,2,1,1,0,4,0.5,0.25,0.25
MCH3987,"Dubey, Aggarwa1 and Mangat",BOOKS,4,65887.25,16471.8125,2,1,1,0,0,0.5,0.25,0.25
MCH4011,,,4,39315.909999999996,9828.977499999999,2,0,0,0,0,0.5,0.0,0.0
MCH4029,Kuruvilla and Sons,GROCERY,4,24925.77,6231.4425,2,0,0,0,0,0.5,0.0,0.0
MCH4060,,,4,58605.33,14651.3325,2,1,1,0,0,0.5,0.25,0.25
MCH4194,Srinivasan-Lala,TRANSPORT,4,71261.04000000001,17815.260000000002,2,0,0,0,0,0.5,0.0,0.0
MCH4342,"bhavsar, mital and garde",TRANSPORT,4,27395.78,9131.926666666666,2,1,1,4,0,0.5,0.25,0.25
MCH4401,BEDI AND SONS,APPAREL,4,41491.75,10372.9375,2,0,0,0,0,0.5,0.0,0.0
MCH4473,,,4,26185.149999999998,6546.287499999999,2,2,2,0,0,0.5,0.5,0.5
MCH4530,"BHANDARI, RAMAKRISHNAN AND SRINIVASAN",FOOD_SERVICES,4,56261.99,18753.996666666666,2,0,0,0,0,0.5,0.0,0.0
MCH4546,,,4,50932.740000000005,12733.185000000001,2,0,0,0,0,0.5,0.0,0.0
MCH4765,madan-pandey,APPAREL,4,38635.29,9658.8225,2,1,1,0,0,0.5,0.25,0.25
MCH4776,Bobal-Dutta,GROCERY,4,33727.55,11242.516666666668,2,1,1,0,0,0.5,0.25,0.25
MCH4843,Dugar-Master,MEDICAL,4,67816.68,16954.17,2,0,0,0,0,0.5,0.0,0.0
MCH4870,Rana Inc,TELECOM,4,38402.54,9600.635,2,1,1,4,0,0.5,0.25,0.25
MCH4980,Batra LLC,GROCERY,4,48457.8,12114.45,2,1,1,0,0,0.5,0.25,0.25
MCH4981,,,4,37867.46,12622.486666666666,2,0,0,0,0,0.5,0.0,0.0
MCH5009,arora-wagle,APPAREL,4,32109.839999999997,8027.459999999999,2,1,1,4,0,0.5,0.25,0.25
MCH5134,,,4,24456.370000000003,6114.092500000001,2,1,1,0,0,0.5,0.25,0.25
MCH5179,,,4,32731.29,8182.8225,2,0,0,0,0,0.5,0.0,0.0
MCH5335,Daya1-Gera,HOTEL_LODGING,4,51976.76,17325.586666666666,2,1,1,0,0,0.5,0.25,0.25
MCH5342,,,4,70313.5,17578.375,2,0,0,0,0,0.5,0.0,0.0
MCH5474,,,4,55666.689999999995,13916.672499999999,2,2,2,0,0,0.5,0.5,0.5
MCH5556,  Pau-Kale  ,MEDICAL_STORE,4,44392.55,11098.1375,2,0,0,0,0,0.5,0.0,0.0
MCH5628,,,4,68632.19,17158.0475,2,0,0,0,0,0.5,0.0,0.0
MCH5832,,,4,63999.59,21333.196666666667,2,0,0,0,0,0.5,0.0,0.0
MCH5865,,,4,54537.24,13634.31,2,0,0,0,0,0.5,0.0,0.0
MCH5940,,,4,68697.02,17174.255,2,2,2,0,0,0.5,0.5,0.5
MCH6092,,,4,48985.87,16328.623333333335,2,0,0,0,4,0.5,0.0,0.0
MCH6203,,,4,41491.75,10372.9375,2,1,1,0,0,0.5,0.25,0.25
MCH6239,"MAJUMDAR, LANKA AND SEHGAL",BOOKS,4,15221.65,7610.825,2,1,1,0,0,0.5,0.25,0.25
MCH6471,,,4,27018.95,9006.316666666668,2,1,1,0,0,0.5,0.25,0.25
MCH6538,,,4,55407.07,18469.023333333334,2,1,1,0,4,0.5,0.25,0.25
MCH6780,"  Bhatia, Dalal and Kapur  ",MISC_RETAIL,4,29465.32,7366.33,2,0,0,0,0,0.5,0.0,0.0
MCH6822,"Sankar, Deol and Goswami",TELECOM,4,69872.15,17468.0375,2,1,1,0,0,0.5,0.25,0.25
MCH6924,,,4,46423.95,11605.9875,2,1,1,0,4,0.5,0.25,0.25
MCH7016,Ratti PLC,TRAVEL,4,26075.08,6518.77,2,0,0,0,0,0.5,0.0,0.0
MCH7045,,,4,54489.72,13622.43,2,0,0,0,0,0.5,0.0,0.0
MCH7517,"  Banik, Kamdar and Dada  ",APPAREL,4,31149.68,10383.226666666667,2,2,2,0,0,0.5,0.5,0.5
MCH7526,,,4,51706.17,12926.5425,2,0,0,0,0,0.5,0.0,0.0
MCH7671,,,4,52985.649999999994,13246.412499999999,2,0,0,0,0,0.5,0.0,0.0
MCH8146,Bath-Purohit,STATIONERY,4,77180.47,19295.1175,2,0,0,0,0,0.5,0.0,0.0
MCH8156,,,4,43841.92,10960.48,2,1,1,0,0,0.5,0.25,0.25
MCH8217,,,4,44575.71,11143.9275,2,1,1,0,0,0.5,0.25,0.25
MCH8267,,,4,44998.82,14999.606666666667,2,0,0,0,0,0.5,0.0,0.0
MCH8361,,,4,30255.06,10085.02,2,1,1,0,0,0.5,0.25,0.25
MCH8505,Kamdar-Ghosh,BOOKS,4,35089.92,8772.48,2,0,0,0,0,0.5,0.0,0.0
MCH8539,Arya-Char,APPAREL,4,21484.95,5371.2375,2,1,1,0,4,0.5,0.25,0.25
MCH8715,"Raju,LokeandVora",MISC_RETAIL,4,55812.66,13953.165,2,0,0,0,0,0.5,0.0,0.0
MCH8763,,,4,67790.3,16947.575,2,1,1,0,4,0.5,0.25,0.25
MCH8776,,,4,78451.83,19612.9575,2,1,1,0,0,0.5,0.25,0.25
MCH8824,Mani PLC,OTHER,4,60713.5,20237.833333333332,2,1,1,0,0,0.5,0.25,0.25
MCH8834,,,4,65109.62,16277.405,2,1,1,0,0,0.5,0.25,0.25
MCH8916,,,4,66667.43,16666.8575,2,1,1,0,0,0.5,0.25,0.25
MCH9189,,,4,58831.490000000005,19610.49666666667,2,0,0,0,0,0.5,0.0,0.0
MCH9227,,,4,69887.66,17471.915,2,0,1,0,4,0.5,0.0,0.25
MCH9368,,,4,48504.47,16168.156666666668,2,0,0,0,0,0.5,0.0,0.0
MCH9495,,,4,49969.63,12492.4075,2,1,1,0,0,0.5,0.25,0.25
MCH9539,,,4,37405.03,12468.343333333332,2,2,2,0,0,0.5,0.5,0.5
MCH9572,,,4,22507.440000000002,5626.860000000001,2,2,2,0,4,0.5,0.5,0.5
MCH9606,,,4,12050.75,4016.9166666666665,2,2,2,0,0,0.5,0.5,0.5
MCH9607,,,4,71883.29999999999,17970.824999999997,2,1,1,0,4,0.5,0.25,0.25
MCH9840,"gara, bedi and dua",STATIONERY,4,48221.28,16073.76,2,0,0,0,0,0.5,0.0,0.0
MCH9861,"Mukherjee, Murthy and Jani",TRANSPORT,4,36102.049999999996,12034.016666666665,2,2,2,0,4,0.5,0.5,0.5
MCH9941,Bava and Sons,OTHER,4,48287.44,16095.813333333334,2,1,1,0,0,0.5,0.25,0.25
MCH1012,,,2,15718.07,7859.035,1,0,0,0,0,0.5,0.0,0.0
MCH1045,,,2,24683.96,12341.98,1,1,1,0,0,0.5,0.5,0.5
MCH1077,Mitter and Sons,FOOD_SERVICES,2,11009.2,11009.2,1,0,0,0,0,0.5,0.0,0.0
MCH1095,Mander Group,PHONE SERVICE,2,39338.92,19669.46,1,1,1,0,0,0.5,0.5,0.5
MCH1099,,,2,22656.600000000002,11328.300000000001,1,0,0,0,0,0.5,0.0,0.0
MCH1117,,,2,39623.86,19811.93,1,1,1,0,0,0.5,0.5,0.5
MCH1121,,,2,21227.04,10613.52,1,1,1,0,0,0.5,0.5,0.5
MCH1126,,,2,23002.649999999998,11501.324999999999,1,0,0,0,0,0.5,0.0,0.0
MCH1140,,,2,42052.41,21026.205,1,0,0,0,0,0.5,0.0,0.0
MCH1141,,,2,29162.38,14581.19,1,0,0,0,0,0.5,0.0,0.0
MCH1152,Raman-Choudhury,GROCERY,2,19194.47,9597.235,1,0,0,0,0,0.5,0.0,0.0
MCH1171,Sampath-Shroff,MEDICAL_STORE,2,35733.43,17866.715,1,1,1,0,0,0.5,0.5,0.5
MCH1175,,,2,21689.45,10844.725,1,1,1,0,0,0.5,0.5,0.5
MCH1183,Rajan LLC,FOOD_SERVICES,2,19648.64,9824.32,1,1,1,0,0,0.5,0.5,0.5
MCH1193,"Padmanabhan, Sekhon and Dhawan",FOOD_SERVICES,2,40509.47,20254.735,1,1,1,0,0,0.5,0.5,0.5
MCH1204,,,2,13642.46,6821.23,1,1,1,0,0,0.5,0.5,0.5
MCH1207,"pillai, oak and barman",FOOD_SERVICES,2,11500.96,11500.96,1,0,0,0,0,0.5,0.0,0.0
MCH1226,Nadkarni Ltd,MEDICAL_STORE,2,33503.03,16751.515,1,0,0,0,0,0.5,0.0,0.0
MCH1248,,,2,31736.98,15868.49,1,1,1,0,0,0.5,0.5,0.5
MCH1249,"Garg, Saha and Rattan",OTHER,2,15432.859999999999,7716.429999999999,1,0,0,0,0,0.5,0.0,0.0
MCH1256,Vala Inc,MEDICAL_STORE,2,24542.42,12271.21,1,1,1,0,0,0.5,0.5,0.5
MCH1289,,,2,8677.96,8677.96,1,1,1,0,0,0.5,0.5,0.5
MCH1347,D’ALIA GROUP,HOTEL_LODGING,2,26924.300000000003,13462.150000000001,1,1,1,0,0,0.5,0.5,0.5
MCH1367,,,2,13490.61,6745.305,1,0,0,0,0,0.5,0.0,0.0
MCH1382,,,2,38404.53,19202.265,1,1,1,0,2,0.5,0.5,0.5
MCH1389,munshi-behl,GROCERY,2,14711.07,7355.535,1,1,1,0,0,0.5,0.5,0.5
MCH1407,,,2,0.0,,1,1,1,0,0,0.5,0.5,0.5
MCH1434,Kale and Sons,FOOD_SERVICES,2,37745.490000000005,18872.745000000003,1,1,1,0,0,0.5,0.5,0.5
MCH1441,"Kakar, Parsa and Sodhi",MISC_RETAIL,2,23928.09,23928.09,1,0,0,0,0,0.5,0.0,0.0
MCH1495,,,2,13192.43,6596.215,1,1,1,0,0,0.5,0.5,0.5
MCH1517,,,2,27121.52,13560.76,1,1,1,0,0,0.5,0.5,0.5
MCH1530,"suresh, kadakia and iyer",MEDICAL,2,18648.79,9324.395,1,0,0,0,0,0.5,0.0,0.0
MCH1554,,,2,18595.98,18595.98,1,0,0,0,0,0.5,0.0,0.0
MCH1560,,,2,27432.33,13716.165,1,0,0,0,0,0.5,0.0,0.0
MCH1606,,,2,21344.45,10672.225,1,0,0,0,0,0.5,0.0,0.0
MCH1615,,,2,4779.67,2389.835,1,0,0,0,0,0.5,0.0,0.0
MCH1624,,,2,1357.38,1357.38,1,1,1,0,0,0.5,0.5,0.5
MCH1650,,,2,38421.26,19210.63,1,0,0,0,0,0.5,0.0,0.0
MCH1681,,,2,31369.89,15684.945,1,0,0,0,0,0.5,0.0,0.0
MCH1700,,,2,32524.17,16262.085,1,0,0,0,0,0.5,0.0,0.0
MCH1701,,,2,12054.800000000001,6027.400000000001,1,0,0,0,0,0.5,0.0,0.0
MCH1714,Sampath LLC,APPAREL,2,29229.01,14614.505,1,1,1,0,0,0.5,0.5,0.5
MCH1784,,,2,28789.32,14394.66,1,0,0,0,0,0.5,0.0,0.0
MCH1796,Kohli-Nagar,BOOKS,2,35008.7,17504.35,1,0,0,0,0,0.5,0.0,0.0
MCH1803,,,2,22339.72,11169.86,1,0,0,0,0,0.5,0.0,0.0
MCH1808,,,2,21344.58,10672.29,1,0,0,0,0,0.5,0.0,0.0
MCH1820,,,2,3048.47,3048.47,1,0,0,0,0,0.5,0.0,0.0
MCH1826,,,2,23829.28,11914.64,1,0,0,0,0,0.5,0.0,0.0
MCH1841,Kadakia-Rao,HOTEL_LODGING,2,-505.0,-252.5,1,1,1,0,0,0.5,0.5,0.5
MCH1844,,,2,32082.57,16041.285,1,0,0,0,0,0.5,0.0,0.0
MCH1845,Goel Inc,TRANSPORT,2,30092.39,15046.195,1,1,1,0,0,0.5,0.5,0.5
MCH1853,Narayanan-Chander,TRANSPORT,2,4152.71,4152.71,1,0,0,0,0,0.5,0.0,0.0
MCH1864,,,2,21366.94,10683.47,1,0,0,0,0,0.5,0.0,0.0
MCH1875,,,2,5572.97,2786.485,1,0,0,0,0,0.5,0.0,0.0
MCH1882,kamdar-banik,FOOD_SERVICES,2,30979.010000000002,15489.505000000001,1,1,1,2,0,0.5,0.5,0.5
MCH1912,Keer-Mitra,TRANSPORT,2,4825.9,2412.95,1,1,1,0,0,0.5,0.5,0.5
MCH1962,,,2,25302.84,12651.42,1,1,1,0,0,0.5,0.5,0.5
MCH1963,,,2,39088.69,19544.345,1,0,0,0,0,0.5,0.0,0.0
MCH1970,,,2,16570.72,8285.36,1,0,0,0,0,0.5,0.0,0.0
MCH1973,Sastry Ltd,APPAREL,2,7689.219999999999,3844.6099999999997,1,1,1,0,0,0.5,0.5,0.5
MCH1988,,,2,13570.72,6785.36,1,0,0,0,0,0.5,0.0,0.0
MCH1989,,,2,11602.52,5801.26,1,0,0,0,0,0.5,0.0,0.0
MCH2005,,,2,14798.779999999999,7399.389999999999,1,0,0,0,0,0.5,0.0,0.0
MCH2007,"MAHAL, DIVAN AND SHARAF",OTHER,2,27468.38,13734.19,1,0,0,0,0,0.5,0.0,0.0
MCH2008,,,2,38167.67,19083.835,1,0,0,0,0,0.5,0.0,0.0
MCH2023,,,2,34579.67,17289.835,1,1,1,0,0,0.5,0.5,0.5
MCH2026,,,2,3173.6699999999983,1586.8349999999991,1,0,0,0,0,0.5,0.0,0.0
MCH2042,"Rai, Das and Bava",RETAIL,2,20588.09,20588.09,1,0,0,0,0,0.5,0.0,0.0
MCH2045,Nadig-Bal,APPAREL,2,23010.54,23010.54,1,1,1,0,0,0.5,0.5,0.5
MCH2074,D’Alia Inc,APPAREL,2,25761.399999999998,12880.699999999999,1,1,1,0,0,0.5,0.5,0.5
MCH2090,Upadhyay PLC,FOOD_SERVICES,2,34952.17,17476.085,1,1,1,0,0,0.5,0.5,0.5
MCH2100,"  Jani, Bobal and Singhal  ",HOTEL_LODGING,2,32783.649999999994,16391.824999999997,1,0,0,0,0,0.5,0.0,0.0
MCH2101,,,2,2251.63,2251.63,1,0,0,0,0,0.5,0.0,0.0
MCH2102,"Mand, Bobal and Saini",FOOD_SERVICES,2,30206.34,15103.17,1,0,0,0,0,0.5,0.0,0.0
MCH2131,Boase-Varghese,APPAREL,2,15310.7,7655.35,1,0,0,0,0,0.5,0.0,0.0
MCH2137,DyalInc,TRANSPORT,2,20267.42,10133.71,1,0,0,0,0,0.5,0.0,0.0
MCH2140,,,2,33279.83,16639.915,1,0,0,0,0,0.5,0.0,0.0
MCH2169,"Munshi, Srinivas and Ramanathan",BOOKS,2,32547.79,16273.895,1,0,0,0,0,0.5,0.0,0.0
MCH2173,,,2,42995.19,21497.595,1,0,0,0,0,0.5,0.0,0.0
MCH2187,Balan and Sons,MISC_RETAIL,2,12208.18,6104.09,1,1,1,0,0,0.5,0.5,0.5
MCH2235,,,2,27380.3,13690.15,1,1,1,0,0,0.5,0.5,0.5
MCH2239,,,2,15263.88,7631.94,1,0,0,0,0,0.5,0.0,0.0
MCH2265,"Bail, Gopal and Khare",PHARMACY,2,41674.94,20837.47,1,0,0,0,0,0.5,0.0,0.0
MCH2272,,,2,30204.35,15102.175,1,0,0,0,0,0.5,0.0,0.0
MCH2278,"Mohanty, Bobal and Minhas",HOTEL_LODGING,2,15173.699999999999,7586.849999999999,1,0,0,0,0,0.5,0.0,0.0
MCH2304,,,2,22132.739999999998,11066.369999999999,1,0,0,0,0,0.5,0.0,0.0
MCH2306,GOSWAMI INC,HOTEL_LODGING,2,37347.03,18673.515,1,0,0,0,0,0.5,0.0,0.0
MCH2347,"  Dara, Ravel and Soni  ",PHARMACY,2,34380.56,17190.28,1,0,0,0,0,0.5,0.0,0.0
MCH2351,,,2,27961.75,13980.875,1,0,0,0,0,0.5,0.0,0.0
MCH2352,,,2,27304.31,13652.155,1,0,0,0,0,0.5,0.0,0.0
MCH2375,,,2,34259.09,17129.545,1,0,0,0,0,0.5,0.0,0.0
MCH2391,,,2,15072.22,15072.22,1,0,0,0,0,0.5,0.0,0.0
MCH2401,,,2,21911.97,21911.97,1,1,1,0,0,0.5,0.5,0.5
MCH2409,,,2,27848.12,13924.06,1,1,1,0,0,0.5,0.5,0.5
MCH2491,,,2,8421.42,4210.71,1,0,0,0,0,0.5,0.0,0.0
MCH2520,,,2,34759.11,17379.555,1,0,0,0,0,0.5,0.0,0.0
MCH2523,Sarma Inc,MISC_RETAIL,2,33195.84,16597.92,1,1,1,0,0,0.5,0.5,0.5
MCH2540,,,2,13193.95,6596.975,1,0,0,0,0,0.5,0.0,0.0
MCH2569,,,2,16696.52,8348.26,1,1,1,0,0,0.5,0.5,0.5
MCH2577,Dua Inc,FOOD_SERVICES,2,8274.41,4137.205,1,0,0,0,0,0.5,0.0,0.0
MCH2592,"mander, goel and soni",TRANSPORT,2,28103.519999999997,14051.759999999998,1,0,0,0,0,0.5,0.0,0.0
MCH2598,Sani Gr0up,APPAREL,2,16964.8,16964.8,1,1,1,0,0,0.5,0.5,0.5
MCH2620,,,2,26276.11,13138.055,1,0,0,0,0,0.5,0.0,0.0
MCH2631,,,2,35344.6,17672.3,1,1,1,0,0,0.5,0.5,0.5
MCH2647,Saha Inc,MISC_RETAIL,2,32520.739999999998,16260.369999999999,1,0,0,0,0,0.5,0.0,0.0
MCH2649,  Pandya PLC  ,GROCERY,2,3512.7799999999997,1756.3899999999999,1,0,0,0,0,0.5,0.0,0.0
MCH2651,,,2,30080.23,15040.115,1,0,0,0,0,0.5,0.0,0.0
MCH2682,,,2,4567.06,2283.53,1,0,0,0,0,0.5,0.0,0.0
MCH2701,"Prabhakar, Saraf and Mand",HOTEL_LODGING,2,12244.13,12244.13,1,1,1,0,0,0.5,0.5,0.5
MCH2759,,,2,39042.42,19521.21,1,0,0,0,0,0.5,0.0,0.0
MCH2784,,,2,11286.47,11286.47,1,0,0,0,0,0.5,0.0,0.0
MCH2826,,,2,36908.17,18454.085,1,0,0,0,0,0.5,0.0,0.0
MCH2828,,,2,24720.59,12360.295,1,0,0,0,0,0.5,0.0,0.0
MCH2834,,,2,24560.72,12280.36,1,1,1,0,0,0.5,0.5,0.5
MCH2843,,,2,30424.420000000002,15212.210000000001,1,1,1,0,0,0.5,0.5,0.5
MCH2847,,,2,22355.88,11177.94,1,0,0,0,0,0.5,0.0,0.0
MCH2851,Minhas Group,DEPARTMENT STORE,2,31648.839999999997,15824.419999999998,1,0,0,0,0,0.5,0.0,0.0
MCH2861,  Hayer Inc  ,DEPARTMENT STORE,2,30905.8,15452.9,1,0,0,0,0,0.5,0.0,0.0
MCH2896,"Date, Sahota and Hayre",TRANSPORT,2,22589.95,22589.95,1,0,0,0,0,0.5,0.0,0.0
MCH2921,Bakshi-Narayanan,HOTEL_LODGING,2,36704.53,18352.265,1,0,0,0,0,0.5,0.0,0.0
MCH2923,bahri plc,PHARMACY,2,40837.7,20418.85,1,0,0,0,0,0.5,0.0,0.0
MCH2928,,,2,13779.24,6889.62,1,0,0,0,0,0.5,0.0,0.0
MCH2929,,,2,42520.79,21260.395,1,0,0,0,0,0.5,0.0,0.0
MCH2940,,,2,11738.98,5869.49,1,0,0,0,0,0.5,0.0,0.0
MCH2952,,,2,18343.11,9171.555,1,1,1,0,0,0.5,0.5,0.5
MCH2971,"Garg, Merchant and Kuruvilla",APPAREL,2,26477.46,13238.73,1,0,0,0,0,0.5,0.0,0.0
MCH2977,,,2,22827.699999999997,11413.849999999999,1,0,0,0,0,0.5,0.0,0.0
MCH2989,,,2,21455.84,21455.84,1,0,0,0,0,0.5,0.0,0.0
MCH3018,,,2,27560.62,13780.31,1,0,0,0,0,0.5,0.0,0.0
MCH3025,"Sachdeva, Bora and Hegde",TRANSPORT,2,33280.97,16640.485,1,0,0,0,0,0.5,0.0,0.0
MCH3050,,,2,13684.16,6842.08,1,0,0,0,0,0.5,0.0,0.0
MCH3067,,,2,23346.57,11673.285,1,0,0,0,0,0.5,0.0,0.0
MCH3074,,,2,11572.57,5786.285,1,0,0,0,0,0.5,0.0,0.0
MCH3079,anne-sen,BOOKS,2,20705.0,10352.5,1,0,0,0,0,0.5,0.0,0.0
MCH3082,,,2,13262.25,13262.25,1,0,0,0,0,0.5,0.0,0.0
MCH3118,,,2,25204.47,12602.235,1,0,0,0,0,0.5,0.0,0.0
MCH3129,"Ghose,HariandGarde",GROCERY,2,5136.62,2568.31,1,0,0,0,0,0.5,0.0,0.0
MCH3140,"Zachariah,RajagopalandSamra",TELECOM,2,27306.48,13653.24,1,1,1,0,0,0.5,0.5,0.5
MCH3142,"dugar, merchant and kala",BOOKS,2,20714.84,10357.42,1,0,1,0,0,0.5,0.0,0.5
MCH3151,,,2,9578.26,4789.13,1,1,1,0,0,0.5,0.5,0.5
MCH3167,"grewal, biswas and naidu",GROCERY,2,34312.479999999996,17156.239999999998,1,0,0,0,0,0.5,0.0,0.0
MCH3233,"Dada, Pingle and Date",APPAREL,2,22599.23,11299.615,1,1,1,0,0,0.5,0.5,0.5
MCH3252,"Patel, Saran and Bala",APPAREL,2,22003.71,11001.855,1,1,1,0,0,0.5,0.5,0.5
MCH3257,,,2,18407.989999999998,9203.994999999999,1,1,1,0,0,0.5,0.5,0.5
MCH3264,Gopal Ltd,HOTEL_LODGING,2,48893.06,24446.53,1,1,1,0,0,0.5,0.5,0.5
MCH3271,,,2,39008.43,19504.215,1,1,1,0,0,0.5,0.5,0.5
MCH3275,Sridhar and Sons,APPAREL,2,13068.109999999999,6534.054999999999,1,0,0,0,0,0.5,0.0,0.0
MCH3297,,,2,28117.57,14058.785,1,1,1,0,0,0.5,0.5,0.5
MCH3308,Misra Inc,RETAIL,2,18651.02,9325.51,1,1,1,0,0,0.5,0.5,0.5
MCH3321,Barad-Trivedi,TRANSPORT,2,16310.08,16310.08,1,0,0,0,0,0.5,0.0,0.0
MCH3376,Sama-Gaba,GROCERY,2,7880.18,7880.18,1,0,0,0,0,0.5,0.0,0.0
MCH3390,,,2,25986.33,12993.165,1,0,0,0,0,0.5,0.0,0.0
MCH3403,,,2,3468.56,3468.56,1,1,1,0,0,0.5,0.5,0.5
MCH3404,,,2,22560.54,11280.27,1,1,1,0,0,0.5,0.5,0.5
MCH3455,Singhal LLC,DEPARTMENT STORE,2,37471.35,18735.675,1,0,0,0,0,0.5,0.0,0.0
MCH3471,,,2,17756.45,17756.45,1,0,0,0,0,0.5,0.0,0.0
MCH3496,,,2,14793.83,7396.915,1,1,1,0,0,0.5,0.5,0.5
MCH3522,,,2,39018.02,19509.01,1,0,0,0,0,0.5,0.0,0.0
MCH3528,,,2,31980.730000000003,15990.365000000002,1,0,0,0,0,0.5,0.0,0.0
MCH3533,Tiwari-Gulati,HOTEL_LODGING,2,29957.24,14978.62,1,1,1,0,0,0.5,0.5,0.5
MCH3537,,,2,29823.02,14911.51,1,0,0,0,0,0.5,0.0,0.0
MCH3539,"Korpal, Nair and Chana",APPAREL,2,17008.21,8504.105,1,0,0,0,0,0.5,0.0,0.0
MCH3541,"SRIVASTAVA, TELLA AND KONDA",MOBILE RECHARGE,2,8588.25,8588.25,1,0,0,0,0,0.5,0.0,0.0
MCH3583,,,2,5144.49,2572.245,1,0,0,0,0,0.5,0.0,0.0
MCH3599,,,2,18751.91,9375.955,1,0,0,0,0,0.5,0.0,0.0
MCH3606,,,2,26423.01,13211.505,1,0,0,0,0,0.5,0.0,0.0
MCH3609,,,2,34489.24,17244.62,1,0,0,0,0,0.5,0.0,0.0
MCH3626,,,2,14559.15,14559.15,1,0,0,0,0,0.5,0.0,0.0
MCH3630,Chacko Ltd,FOOD_SERVICES,2,36470.71,18235.355,1,1,1,2,0,0.5,0.5,0.5
MCH3651,,,2,39457.43,19728.715,1,0,0,0,0,0.5,0.0,0.0
MCH3657,,,2,46859.490000000005,23429.745000000003,1,0,0,0,0,0.5,0.0,0.0
MCH3659,TANDON PLC,GROCERY,2,6562.120000000001,3281.0600000000004,1,1,1,2,0,0.5,0.5,0.5
MCH3724,,,2,30937.870000000003,15468.935000000001,1,0,0,0,0,0.5,0.0,0.0
MCH3733,Ramakrishnan-Chaudhuri,HOTEL_LODGING,2,22287.43,22287.43,1,0,0,0,0,0.5,0.0,0.0
MCH3734,,,2,40233.32,20116.66,1,0,0,0,0,0.5,0.0,0.0
MCH3760,Das-Ahuja,FOOD_SERVICES,2,32970.06,16485.03,1,0,0,0,0,0.5,0.0,0.0
MCH3766,,,2,30265.550000000003,15132.775000000001,1,0,0,0,0,0.5,0.0,0.0
MCH3767,,,2,13602.43,6801.215,1,1,1,0,0,0.5,0.5,0.5
MCH3785,,,2,15654.67,7827.335,1,0,0,0,0,0.5,0.0,0.0
MCH3816,,,2,15838.45,7919.225,1,0,0,0,0,0.5,0.0,0.0
MCH3856,"Sankaran, Anne and Buch",FOOD_SERVICES,2,30051.67,15025.835,1,0,0,0,0,0.5,0.0,0.0
MCH3858,,,2,26818.190000000002,13409.095000000001,1,1,1,0,0,0.5,0.5,0.5
MCH3861,,,2,34838.92,17419.46,1,0,0,0,0,0.5,0.0,0.0
MCH3877,,,2,10053.16,10053.16,1,1,1,0,0,0.5,0.5,0.5
MCH3895,Wable-Sarna,HOTEL_LODGING,2,26782.38,13391.19,1,0,0,0,0,0.5,0.0,0.0
MCH3900,Mand-Bedi,FOOD_SERVICES,2,15494.369999999999,7747.1849999999995,1,0,0,0,0,0.5,0.0,0.0
MCH3901,,,2,9210.16,4605.08,1,1,1,0,0,0.5,0.5,0.5
MCH3905,,,2,35980.850000000006,17990.425000000003,1,0,0,0,0,0.5,0.0,0.0
MCH3964,"Bala, Chanda and Loyal",BOOKS,2,31593.739999999998,15796.869999999999,1,1,1,0,0,0.5,0.5,0.5
MCH3980,Chadha-Raval,APPAREL,2,11202.67,5601.335,1,0,0,0,0,0.5,0.0,0.0
MCH4001,,,2,6911.43,3455.715,1,1,1,0,0,0.5,0.5,0.5
MCH4038,,,2,7296.5,7296.5,1,1,1,0,0,0.5,0.5,0.5
MCH4052,Bal-Choudhary,FOOD_SERVICES,2,23949.9,23949.9,1,1,1,0,0,0.5,0.5,0.5
MCH4054,,,2,11513.85,5756.925,1,0,0,0,0,0.5,0.0,0.0
MCH4078,,,2,15738.97,7869.485,1,1,1,0,0,0.5,0.5,0.5
MCH4085,,,2,45.44,45.44,1,0,0,0,0,0.5,0.0,0.0
MCH4102,Pandya-Kapoor,BOOKS,2,19392.75,9696.375,1,0,0,0,0,0.5,0.0,0.0
MCH4117,,,2,23377.56,23377.56,1,0,0,0,0,0.5,0.0,0.0
MCH4148,"Muni, Chaudhari and De",OTHER,2,13832.39,6916.195,1,0,0,0,0,0.5,0.0,0.0
MCH4180,Dave-Oza,BOOKS,2,18641.079999999998,9320.539999999999,1,1,1,0,0,0.5,0.5,0.5
MCH4227,Panchal PLC,OTHER,2,27074.690000000002,13537.345000000001,1,0,0,0,0,0.5,0.0,0.0
MCH4231,,,2,11077.33,11077.33,1,1,1,0,0,0.5,0.5,0.5
MCH4279,,,2,25161.670000000002,12580.835000000001,1,1,1,0,0,0.5,0.5,0.5
MCH4283,Joshi-Srinivas,GROCERY,2,47344.14,23672.07,1,0,0,0,0,0.5,0.0,0.0
MCH4326,Morar-Jani,HOTEL_LODGING,2,25995.86,12997.93,1,1,1,0,0,0.5,0.5,0.5
MCH4333,,,2,28527.88,14263.94,1,0,0,0,0,0.5,0.0,0.0
MCH4340,"Nadig, Kothari and Khalsa",HOTEL_LODGING,2,30314.89,15157.445,1,0,0,0,0,0.5,0.0,0.0
MCH4369,"Gupta,ManeandBhasin",FOOD_SERVICES,2,28909.22,14454.61,1,0,0,0,0,0.5,0.0,0.0
MCH4386,,,2,11231.48,11231.48,1,0,0,0,0,0.5,0.0,0.0
MCH4389,,,2,27466.31,13733.155,1,0,0,0,0,0.5,0.0,0.0
MCH4409,,,2,27162.260000000002,13581.130000000001,1,0,0,0,0,0.5,0.0,0.0
MCH4411,"Kale, Issac and Sibal",MISC_RETAIL,2,38180.36,19090.18,1,1,1,0,0,0.5,0.5,0.5
MCH4419,Sankaran Inc,MEDICAL_STORE,2,4395.35,2197.675,1,0,0,0,0,0.5,0.0,0.0
MCH4422,,,2,10691.1,10691.1,1,0,0,0,0,0.5,0.0,0.0
MCH4423,,,2,33598.71,16799.355,1,0,0,0,0,0.5,0.0,0.0
MCH4425,,,2,22781.75,22781.75,1,1,1,0,0,0.5,0.5,0.5
MCH4426,,,2,27454.9,13727.45,1,0,0,0,0,0.5,0.0,0.0
MCH4436,,,2,22128.85,11064.425,1,0,0,0,0,0.5,0.0,0.0
MCH4476,Parikh Group,MEDICAL,2,24297.460000000003,12148.730000000001,1,1,1,0,0,0.5,0.5,0.5
MCH4494,,,2,19165.52,19165.52,1,1,1,0,0,0.5,0.5,0.5
MCH4498,,,2,1946.37,1946.37,1,0,0,0,0,0.5,0.0,0.0
MCH4510,  Bora Ltd  ,MOBILE RECHARGE,2,7506.16,3753.08,1,1,1,0,0,0.5,0.5,0.5
MCH4524,Tara Ltd,MISC_RETAIL,2,43053.770000000004,21526.885000000002,1,0,0,0,0,0.5,0.0,0.0
MCH4583,,,2,18350.67,18350.67,1,1,1,0,0,0.5,0.5,0.5
MCH4589,"  Sathe, Bumb and Shankar  ",APPAREL,2,47324.380000000005,23662.190000000002,1,0,0,0,0,0.5,0.0,0.0
MCH4591,,,2,39265.35,19632.675,1,0,0,0,0,0.5,0.0,0.0
MCH4592,,,2,8247.699999999999,4123.849999999999,1,1,1,0,0,0.5,0.5,0.5
MCH4593,dube-ravel,HOTEL_LODGING,2,32099.02,16049.51,1,0,0,0,0,0.5,0.0,0.0
MCH4612,,,2,14604.49,7302.245,1,1,1,0,0,0.5,0.5,0.5
MCH4614,"Savant, Sur and Sani",GROCERY,2,24444.440000000002,12222.220000000001,1,1,1,2,0,0.5,0.5,0.5
MCH4619,,,2,14443.59,7221.795,1,0,0,0,0,0.5,0.0,0.0
MCH4660,,,2,1004.89,1004.89,1,0,0,0,0,0.5,0.0,0.0
MCH4691,"Deshmukh, Pant and Garg",HOTEL_LODGING,2,37931.259999999995,18965.629999999997,1,0,0,0,0,0.5,0.0,0.0
MCH4722,,,2,22051.93,11025.965,1,1,1,0,0,0.5,0.5,0.5
MCH4726,,,2,-7861.91,-3930.955,1,0,0,0,0,0.5,0.0,0.0
MCH4751,,,2,24080.620000000003,12040.310000000001,1,1,1,0,0,0.5,0.5,0.5
MCH4758,,,2,5109.42,2554.71,1,0,0,0,0,0.5,0.0,0.0
MCH4775,"DIVAN, BUCH AND KUNDA",PHONE SERVICE,2,23629.73,11814.865,1,1,1,0,0,0.5,0.5,0.5
MCH4802,Jain Inc,GROCERY,2,23373.95,11686.975,1,1,1,0,0,0.5,0.5,0.5
MCH4809,  Viswanathan PLC  ,HOTEL_LODGING,2,29306.78,14653.39,1,1,1,0,0,0.5,0.5,0.5
MCH4844,Trivedi-De01,HOTEL_LODGING,2,16736.35,8368.175,1,0,0,0,0,0.5,0.0,0.0
MCH4861,,,2,22431.13,22431.13,1,0,0,0,0,0.5,0.0,0.0
MCH4871,KUNDA LTD,FOOD_SERVICES,2,6495.95,6495.95,1,0,0,0,0,0.5,0.0,0.0
MCH4897,Bahl PLC,TRANSPORT,2,18130.68,9065.34,1,0,0,0,0,0.5,0.0,0.0
MCH4936,Batra-Patla,PHONE SERVICE,2,35427.909999999996,17713.954999999998,1,0,0,0,0,0.5,0.0,0.0
MCH4937,Mand and Sons,PHARMACY,2,22157.690000000002,11078.845000000001,1,1,1,2,0,0.5,0.5,0.5
MCH4943,Sawhney-Dugar,HOTEL_LODGING,2,40528.18,20264.09,1,1,1,0,0,0.5,0.5,0.5
MCH4986,,,2,35388.25,17694.125,1,1,1,0,0,0.5,0.5,0.5
MCH4995,,,2,13643.53,6821.765,1,0,0,0,0,0.5,0.0,0.0
MCH5023,CHATTERJEE-KALLA,PHARMACY,2,16233.77,16233.77,1,0,0,0,0,0.5,0.0,0.0
MCH5059,,,2,15311.27,7655.635,1,0,0,0,0,0.5,0.0,0.0
MCH5076,,,2,28526.51,14263.255,1,0,0,0,0,0.5,0.0,0.0
MCH5085,,,2,32856.39,16428.195,1,1,1,0,0,0.5,0.5,0.5
MCH5086,Balan LLC,OTHER,2,28839.989999999998,14419.994999999999,1,0,0,0,0,0.5,0.0,0.0
MCH5118,,,2,24326.4,24326.4,1,0,0,0,0,0.5,0.0,0.0
MCH5132,,,2,33471.77,16735.885,1,1,1,0,0,0.5,0.5,0.5
MCH5158,,,2,8700.02,8700.02,1,0,0,0,0,0.5,0.0,0.0
MCH5169,Kurian-Narayan,STATIONERY,2,0.0,,1,0,0,0,0,0.5,0.0,0.0
MCH5170,,,2,22389.13,22389.13,1,1,1,0,0,0.5,0.5,0.5
MCH5236,Basak-Madan,OTHER,2,24919.620000000003,12459.810000000001,1,1,1,0,0,0.5,0.5,0.5
MCH5285,"Yadav, Dhawan and Bahri",RETAIL,2,6844.13,6844.13,1,0,0,0,0,0.5,0.0,0.0
MCH5288,"THAMAN, MUNI AND OM",MISC_RETAIL,2,21768.02,21768.02,1,0,0,0,0,0.5,0.0,0.0
MCH5302,,,2,0.0,,1,0,0,0,0,0.5,0.0,0.0
MCH5308,Shukla-Trivedi,FOOD_SERVICES,2,14898.15,7449.075,1,0,0,0,0,0.5,0.0,0.0
MCH5337,,,2,13374.32,13374.32,1,0,0,0,0,0.5,0.0,0.0
MCH5367,REDDY-CHAKRABORTY,APPAREL,2,30056.25,15028.125,1,0,0,0,0,0.5,0.0,0.0
MCH5417,,,2,6359.3099999999995,3179.6549999999997,1,0,0,0,0,0.5,0.0,0.0
MCH5423,"Chanda, Mallick and Butala",DEPARTMENT STORE,2,47221.7,23610.85,1,1,1,0,0,0.5,0.5,0.5
MCH5427,,,2,14857.2,7428.6,1,0,0,0,0,0.5,0.0,0.0
MCH5456,,,2,7036.349999999999,3518.1749999999997,1,1,1,0,0,0.5,0.5,0.5
MCH5461,,,2,289.87,289.87,1,1,1,0,0,0.5,0.5,0.5
MCH5518,Mannan Inc,OTHER,2,38999.14,19499.57,1,0,0,0,0,0.5,0.0,0.0
MCH5519,,,2,17978.42,8989.21,1,0,0,0,0,0.5,0.0,0.0
MCH5525,Nagy and Sons,HOTEL_LODGING,2,5772.65,2886.325,1,1,1,0,0,0.5,0.5,0.5
MCH5594,ANNE LTD,PHONE SERVICE,2,44224.57,22112.285,1,0,0,0,0,0.5,0.0,0.0
MCH5610,,,2,35852.3,17926.15,1,1,1,0,0,0.5,0.5,0.5
MCH5662,Kannan-Yogi,TRANSPORT,2,2827.8900000000003,1413.9450000000002,1,0,0,0,0,0.5,0.0,0.0
MCH5667,,,2,6186.95,6186.95,1,0,0,0,0,0.5,0.0,0.0
MCH5675,,,2,3269.68,3269.68,1,1,1,0,0,0.5,0.5,0.5
MCH5694,,,2,22965.800000000003,11482.900000000001,1,0,0,0,0,0.5,0.0,0.0
MCH5698,Rana Ltd,STATIONERY,2,21587.769999999997,10793.884999999998,1,0,0,0,0,0.5,0.0,0.0
MCH5704,RAVEL-TALWAR,TRANSPORT,2,37693.62,18846.81,1,1,1,2,0,0.5,0.5,0.5
MCH5719,,,2,39724.29,19862.145,1,0,0,0,0,0.5,0.0,0.0
MCH5796,,,2,18828.22,9414.11,1,0,0,0,0,0.5,0.0,0.0
MCH5818,,,2,35091.14,17545.57,1,1,1,0,0,0.5,0.5,0.5
MCH5875,,,2,11220.59,5610.295,1,1,1,0,0,0.5,0.5,0.5
MCH5879,"Sridhar, Sani and Ma11",MOBILE RECHARGE,2,18211.829999999998,9105.914999999999,1,1,1,0,0,0.5,0.5,0.5
MCH5889,,,2,37906.25,18953.125,1,1,1,0,0,0.5,0.5,0.5
MCH5909,,,2,5959.4,2979.7,1,1,1,0,0,0.5,0.5,0.5
MCH5933,"natarajan, swaminathan and dugar",MISC_RETAIL,2,-15716.259999999998,-7858.129999999999,1,0,0,0,0,0.5,0.0,0.0
MCH5938,Prabhu LLC,OTHER,2,20615.98,10307.99,1,0,0,0,0,0.5,0.0,0.0
MCH5941,G0ur Ltd,BOOKS,2,17094.89,8547.445,1,1,1,2,0,0.5,0.5,0.5
MCH5946,,,2,31068.480000000003,15534.240000000002,1,1,1,0,0,0.5,0.5,0.5
MCH5953,"Sandhu, Srinivas and Thakur",APPAREL,2,18137.04,18137.04,1,1,1,0,0,0.5,0.5,0.5
MCH5955,"Rana, Mangat and De",MOBILE RECHARGE,2,18332.15,9166.075,1,0,0,0,0,0.5,0.0,0.0
MCH5966,"Bala, Tandon and Keer",GROCERY,2,19312.47,19312.47,1,0,0,0,0,0.5,0.0,0.0
MCH5972,Parmar-Ramanathan,PHONE SERVICE,2,28369.949999999997,14184.974999999999,1,0,0,0,0,0.5,0.0,0.0
MCH5981,,,2,2775.390000000003,1387.6950000000015,1,0,0,0,0,0.5,0.0,0.0
MCH5985,,,2,24743.36,12371.68,1,0,0,0,0,0.5,0.0,0.0
MCH6007,,,2,36546.259999999995,18273.129999999997,1,0,0,0,0,0.5,0.0,0.0
MCH6010,"Tak, Sani and Jaggi",PHARMACY,2,1649.36,1649.36,1,0,0,0,0,0.5,0.0,0.0
MCH6022,,,2,19735.18,19735.18,1,1,1,0,0,0.5,0.5,0.5
MCH6049,,,2,17206.94,8603.47,1,0,0,0,0,0.5,0.0,0.0
MCH6091,Ratti-Kalita,STATIONERY,2,35475.17,17737.585,1,1,1,0,0,0.5,0.5,0.5
MCH6098,,,2,33141.11,16570.555,1,0,0,0,0,0.5,0.0,0.0
MCH6103,,,2,22607.43,11303.715,1,0,0,0,0,0.5,0.0,0.0
MCH6126,,,2,32437.9,16218.95,1,1,1,0,0,0.5,0.5,0.5
MCH6142,,,2,17284.25,17284.25,1,0,0,0,0,0.5,0.0,0.0
MCH6165,"Luthra, Bala and Khurana",HOTEL_LODGING,2,6611.76,3305.88,1,0,0,0,0,0.5,0.0,0.0
MCH6193,,,2,32250.83,16125.415,1,0,0,0,0,0.5,0.0,0.0
MCH6199,,,2,32002.95,16001.475,1,0,0,0,0,0.5,0.0,0.0
MCH6207,"Ganesan, Bajwa and Reddy",PHARMACY,2,17484.08,17484.08,1,0,0,0,0,0.5,0.0,0.0
MCH6340,,,2,23008.37,11504.185,1,1,1,0,0,0.5,0.5,0.5
MCH6356,"pandit, wagle and kata",HOTEL_LODGING,2,21715.23,10857.615,1,0,0,0,0,0.5,0.0,0.0
MCH6371,,,2,12495.46,12495.46,1,0,0,0,0,0.5,0.0,0.0
MCH6386,Mahajan Inc,RETAIL,2,21520.14,10760.07,1,0,0,0,0,0.5,0.0,0.0
MCH6389,,,2,5124.29,5124.29,1,1,1,0,0,0.5,0.5,0.5
MCH6393,,,2,32861.14,16430.57,1,1,1,0,0,0.5,0.5,0.5
MCH6423,,,2,16018.97,16018.97,1,0,0,0,0,0.5,0.0,0.0
MCH6433,Bhattacharyya Ltd,TELECOM,2,-3821.6399999999994,-1910.8199999999997,1,0,0,2,0,0.5,0.0,0.0
MCH6444,,,2,21882.84,10941.42,1,1,1,0,0,0.5,0.5,0.5
MCH6451,Chandran Group,DEPARTMENT STORE,2,17565.08,17565.08,1,1,1,0,0,0.5,0.5,0.5
MCH6481,Kalita Inc,TRANSPORT,2,3620.45,3620.45,1,0,0,0,0,0.5,0.0,0.0
MCH6483,,,2,30021.54,15010.77,1,0,0,0,0,0.5,0.0,0.0
MCH6486,,,2,6993.5599999999995,3496.7799999999997,1,0,0,0,0,0.5,0.0,0.0
MCH6491,,,2,26241.82,13120.91,1,0,0,0,0,0.5,0.0,0.0
MCH6552,,,2,10392.9,10392.9,1,0,0,0,0,0.5,0.0,0.0
MCH6560,"Pandit, Jayaraman and Chokshi",PHONE SERVICE,2,22742.91,11371.455,1,1,1,0,0,0.5,0.5,0.5
MCH6584,,,2,45246.08,22623.04,1,1,1,0,0,0.5,0.5,0.5
MCH6603,  Atwal PLC  ,HOTEL_LODGING,2,9641.22,9641.22,1,1,1,0,0,0.5,0.5,0.5
MCH6606,,,2,18191.44,9095.72,1,1,1,0,0,0.5,0.5,0.5
MCH6611,,,2,17543.57,8771.785,1,0,0,0,0,0.5,0.0,0.0
MCH6637,Sagar Group,RETAIL,2,15939.93,7969.965,1,1,1,0,0,0.5,0.5,0.5
MCH6655,,,2,21332.78,10666.39,1,0,0,0,0,0.5,0.0,0.0
MCH6662,Din-Gour,MISC_RETAIL,2,26108.66,13054.33,1,1,1,0,0,0.5,0.5,0.5
MCH6676,Balakrishnan-Baral,TRANSPORT,2,31066.690000000002,15533.345000000001,1,1,1,0,0,0.5,0.5,0.5
MCH6690,,,2,14174.48,14174.48,1,0,0,0,0,0.5,0.0,0.0
MCH6706,,,2,42837.97,21418.985,1,1,1,0,0,0.5,0.5,0.5
MCH6711,Loyal-Srinivasan,GROCERY,2,36122.94,18061.47,1,0,0,0,0,0.5,0.0,0.0
MCH6738,  Bhavsar LLC  ,APPAREL,2,17941.62,8970.81,1,0,0,0,0,0.5,0.0,0.0
MCH6761,,,2,16563.51,8281.755,1,0,0,0,0,0.5,0.0,0.0
MCH6764,rama-vora,TRANSPORT,2,15854.73,7927.365,1,0,0,0,0,0.5,0.0,0.0
MCH6765,Handa PLC,PHARMACY,2,38555.86,19277.93,1,1,1,0,0,0.5,0.5,0.5
MCH6771,,,2,19900.2,19900.2,1,0,0,0,0,0.5,0.0,0.0
MCH6774,PARSA LTD,APPAREL,2,12507.91,6253.955,1,1,1,0,0,0.5,0.5,0.5
MCH6788,,,2,30384.39,15192.195,1,0,0,0,0,0.5,0.0,0.0
MCH6810,,,2,0.0,,1,1,1,0,0,0.5,0.5,0.5
MCH6831,"Kothari, De and Arora",MISC_RETAIL,2,14948.32,7474.16,1,0,0,2,0,0.5,0.0,0.0
MCH6880,,,2,27113.65,13556.825,1,1,1,0,0,0.5,0.5,0.5
MCH6885,,,2,18908.78,18908.78,1,1,1,0,0,0.5,0.5,0.5
MCH6919,Mander Ltd,OTHER,2,6240.66,3120.33,1,0,0,0,0,0.5,0.0,0.0
MCH6920,"Bhagat, Nadkarni and Dyal",DEPARTMENT STORE,2,7857.6900000000005,3928.8450000000003,1,0,0,0,0,0.5,0.0,0.0
MCH6927,,,2,8318.08,8318.08,1,0,0,0,0,0.5,0.0,0.0
MCH6939,Sampath Ltd,MISC_RETAIL,2,10895.880000000001,5447.9400000000005,1,0,0,0,0,0.5,0.0,0.0
MCH6952,,,2,35823.2,17911.6,1,0,0,0,0,0.5,0.0,0.0
MCH6958,,,2,18984.34,9492.17,1,0,0,0,0,0.5,0.0,0.0
MCH7020,Dalal LLC,DEPARTMENT STORE,2,26187.0,13093.5,1,1,1,0,0,0.5,0.5,0.5
MCH7037,,,2,31540.57,15770.285,1,0,0,0,0,0.5,0.0,0.0
MCH7054,,,2,31999.190000000002,15999.595000000001,1,0,0,0,0,0.5,0.0,0.0
MCH7085,,,2,23498.71,23498.71,1,0,0,0,0,0.5,0.0,0.0
MCH7106,Master and Sons,FOOD_SERVICES,2,24077.53,12038.765,1,1,1,0,0,0.5,0.5,0.5
MCH7131,,,2,28014.41,14007.205,1,0,0,0,0,0.5,0.0,0.0
MCH7139,,,2,23232.68,11616.34,1,0,0,0,0,0.5,0.0,0.0
MCH7141,,,2,31212.25,15606.125,1,0,0,0,0,0.5,0.0,0.0
MCH7155,,,2,33000.880000000005,16500.440000000002,1,1,1,0,0,0.5,0.5,0.5
MCH7164,"Tata, Sachdeva and Palan",TRANSPORT,2,11448.75,5724.375,1,0,0,0,0,0.5,0.0,0.0
MCH7167,"Bir, Kunda and Manne",STATIONERY,2,28732.96,14366.48,1,0,0,0,0,0.5,0.0,0.0
MCH7218,Varghese-Arya,HOTEL_LODGING,2,4637.55,4637.55,1,0,0,0,0,0.5,0.0,0.0
MCH7272,Bansal-Das,PHARMACY,2,5128.01,5128.01,1,0,0,0,0,0.5,0.0,0.0
MCH7273,Keer and S0ns,HOTEL_LODGING,2,29531.16,14765.58,1,0,0,0,0,0.5,0.0,0.0
MCH7331,Kala-Loyal,RETAIL,2,15846.64,7923.32,1,0,0,0,0,0.5,0.0,0.0
MCH7336,,,2,16965.71,16965.71,1,0,0,0,0,0.5,0.0,0.0
MCH7355,"rastogi, ahluwalia and tata",DEPARTMENT STORE,2,35015.05,17507.525,1,1,1,0,0,0.5,0.5,0.5
MCH7363,Babu-Acharya,MISC_RETAIL,2,36242.16,18121.08,1,0,0,0,0,0.5,0.0,0.0
MCH7366,"Shetty, Pa11 and Pi11ay",APPAREL,2,11071.94,11071.94,1,1,1,0,0,0.5,0.5,0.5
MCH7368,,,2,18637.59,9318.795,1,0,0,0,0,0.5,0.0,0.0
MCH7381,,,2,11927.869999999999,5963.9349999999995,1,0,0,0,0,0.5,0.0,0.0
MCH7433,"Sahota, Desai and Sarma",MISC_RETAIL,2,28536.07,14268.035,1,0,0,0,0,0.5,0.0,0.0
MCH7443,chander-manda,TRANSPORT,2,24812.92,12406.46,1,0,0,0,0,0.5,0.0,0.0
MCH7447,,,2,25396.48,12698.24,1,1,1,0,0,0.5,0.5,0.5
MCH7448,mittal inc,PHONE SERVICE,2,32336.649999999998,16168.324999999999,1,0,0,0,0,0.5,0.0,0.0
MCH7459,"Gara, Agarwal and Anne",HOTEL_LODGING,2,5362.7,2681.35,1,1,1,0,0,0.5,0.5,0.5
MCH7468,,,2,30063.72,15031.86,1,0,0,0,0,0.5,0.0,0.0
MCH7544,NARAYAN-OOMMEN,TELECOM,2,11631.26,11631.26,1,0,0,2,0,0.5,0.0,0.0
MCH7564,"Mahal, Thaman and Dani",BOOKS,2,8386.85,8386.85,1,0,0,0,0,0.5,0.0,0.0
MCH7595,Subramaniam-Balasubramanian,GROCERY,2,34389.56,17194.78,1,0,0,0,0,0.5,0.0,0.0
MCH7598,,,2,624.6100000000006,312.3050000000003,1,0,0,0,0,0.5,0.0,0.0
MCH7614,WaliLtd,APPAREL,2,20467.44,10233.72,1,0,0,0,0,0.5,0.0,0.0
MCH7663,,,2,5820.32,5820.32,1,1,1,0,0,0.5,0.5,0.5
MCH7672,,,2,6162.48,3081.24,1,1,1,0,0,0.5,0.5,0.5
MCH7681,Kala PLC,TELECOM,2,20415.9,10207.95,1,0,0,0,0,0.5,0.0,0.0
MCH7757,"Uppal, Kota and Ramaswamy",PHONE SERVICE,2,31366.489999999998,15683.244999999999,1,1,1,0,0,0.5,0.5,0.5
MCH7768,Sahota-Walia,TRANSPORT,2,23545.659999999996,11772.829999999998,1,0,0,0,0,0.5,0.0,0.0
MCH7814,  Mallick-Puri  ,FOOD_SERVICES,2,11435.57,5717.785,1,0,0,0,0,0.5,0.0,0.0
MCH7853,,,2,43161.81,21580.905,1,0,0,0,0,0.5,0.0,0.0
MCH7873,,,2,30429.13,15214.565,1,0,0,0,0,0.5,0.0,0.0
MCH7879,SAWHNEY-GODA,TELECOM,2,14535.550000000001,7267.775000000001,1,1,1,0,0,0.5,0.5,0.5
MCH7880,Ben-Khare,TRANSPORT,2,31772.91,15886.455,1,0,0,0,0,0.5,0.0,0.0
MCH7978,K0rpa1-Bassi,TELECOM,2,21564.16,10782.08,1,1,1,0,0,0.5,0.5,0.5
MCH7979,,,2,14002.06,7001.03,1,0,0,0,0,0.5,0.0,0.0
MCH7986,Pathak Inc,MISC_RETAIL,2,33220.770000000004,16610.385000000002,1,1,1,2,0,0.5,0.5,0.5
MCH8001,,,2,35688.43,17844.215,1,0,0,0,0,0.5,0.0,0.0
MCH8003,  Tank Ltd  ,DEPARTMENT STORE,2,20426.18,20426.18,1,0,0,0,0,0.5,0.0,0.0
MCH8051,"saxena, kamdar and kannan",BOOKS,2,42821.97,21410.985,1,0,0,0,0,0.5,0.0,0.0
MCH8126,"SAXENA, MITRA AND CHADA",PHARMACY,2,10282.08,5141.04,1,0,0,2,0,0.5,0.0,0.0
MCH8135,Bhakta PLC,MISC_RETAIL,2,44573.9,22286.95,1,1,1,0,0,0.5,0.5,0.5
MCH8138,deol and sons,FOOD_SERVICES,2,3962.81,1981.405,1,1,1,0,0,0.5,0.5,0.5
MCH8166,,,2,10651.960000000001,5325.9800000000005,1,0,0,0,0,0.5,0.0,0.0
MCH8194,,,2,17542.97,17542.97,1,1,1,0,0,0.5,0.5,0.5
MCH8227,,,2,37671.25,18835.625,1,0,0,0,0,0.5,0.0,0.0
MCH8240,Sur LLC,PHARMACY,2,20355.02,10177.51,1,1,1,0,0,0.5,0.5,0.5
MCH8254,,,2,35305.869999999995,17652.934999999998,1,1,1,0,0,0.5,0.5,0.5
MCH8263,"Gara, Kar and Raval",APPAREL,2,26538.309999999998,13269.154999999999,1,0,0,0,0,0.5,0.0,0.0
MCH8266,,,2,5677.3099999999995,2838.6549999999997,1,0,0,0,0,0.5,0.0,0.0
MCH8270,,,2,15290.029999999999,7645.014999999999,1,1,1,0,0,0.5,0.5,0.5
MCH8277,"Patil, Goyal and Sarin",PHARMACY,2,11124.55,5562.275,1,0,0,0,0,0.5,0.0,0.0
MCH8300,,,2,13627.25,6813.625,1,0,0,0,0,0.5,0.0,0.0
MCH8302,,,2,26556.190000000002,13278.095000000001,1,0,0,0,0,0.5,0.0,0.0
MCH8316,  Bakshi-Rout  ,DEPARTMENT STORE,2,12956.400000000001,6478.200000000001,1,0,0,0,0,0.5,0.0,0.0
MCH8329,"Halder, Panchal and Pandit",MISC_RETAIL,2,-9503.75,-4751.875,1,0,0,0,0,0.5,0.0,0.0
MCH8336,,,2,31772.76,15886.38,1,1,1,0,0,0.5,0.5,0.5
MCH8355,"Virk, Sarna and Sangha",FOOD_SERVICES,2,35942.01,17971.005,1,0,0,0,0,0.5,0.0,0.0
MCH8366,,,2,-1834.2100000000005,-917.1050000000002,1,0,0,0,0,0.5,0.0,0.0
MCH8374,"KOHLI, CHAKRABORTY AND WALI",BOOKS,2,28370.27,14185.135,1,0,0,0,0,0.5,0.0,0.0
MCH8400,,,2,30008.12,15004.06,1,0,0,0,0,0.5,0.0,0.0
MCH8493,BUCH INC,MEDICAL_STORE,2,15438.94,7719.47,1,1,1,0,0,0.5,0.5,0.5
MCH8502,,,2,18557.65,9278.825,1,1,1,0,0,0.5,0.5,0.5
MCH8511,Narain-Nori,GROCERY,2,18894.68,9447.34,1,1,1,0,0,0.5,0.5,0.5
MCH8520,,,2,34329.31,17164.655,1,0,0,0,0,0.5,0.0,0.0
MCH8521,"Sankaran, Mangat and Gaba",DEPARTMENT STORE,2,7524.66,3762.33,1,0,0,0,0,0.5,0.0,0.0
MCH8561,Mahal-Talwar,PHARMACY,2,25426.21,12713.105,1,0,0,0,0,0.5,0.0,0.0
MCH8569,Tara Ltd,FOOD_SERVICES,2,41389.229999999996,20694.614999999998,1,1,1,0,0,0.5,0.5,0.5
MCH8571,"Sahni, Arya and Guha",TRANSPORT,2,42042.34,21021.17,1,1,1,0,0,0.5,0.5,0.5
MCH8579,OM LLC,DEPARTMENT STORE,2,11185.75,5592.875,1,0,0,0,0,0.5,0.0,0.0
MCH8591,Dutta and Sons,MISC_RETAIL,2,31332.94,15666.47,1,1,1,0,0,0.5,0.5,0.5
MCH8598,Chanda-Parekh,BOOKS,2,40233.66,20116.83,1,1,1,0,0,0.5,0.5,0.5
MCH8601,,,2,24270.87,12135.435,1,0,0,0,0,0.5,0.0,0.0
MCH8610,Pandey and Sons,MISC_RETAIL,2,11086.9,11086.9,1,1,1,0,0,0.5,0.5,0.5
MCH8652,,,2,17485.67,8742.835,1,0,0,0,0,0.5,0.0,0.0
MCH8661,Kapoor and Sons,TRANSPORT,2,25181.03,12590.515,1,0,0,0,0,0.5,0.0,0.0
MCH8727,Vig-Mann,MISC_RETAIL,2,22974.18,22974.18,1,0,0,0,0,0.5,0.0,0.0
MCH8746,  Kari Inc  ,MEDICAL_STORE,2,-14664.91,-7332.455,1,0,0,0,0,0.5,0.0,0.0
MCH8751,,,2,25614.16,12807.08,1,0,0,0,0,0.5,0.0,0.0
MCH8758,,,2,0.0,,1,0,0,0,0,0.5,0.0,0.0
MCH8760,,,2,24610.41,12305.205,1,0,0,0,0,0.5,0.0,0.0
MCH8764,,,2,33635.72,16817.86,1,0,0,0,0,0.5,0.0,0.0
MCH8765,"Kamdar, Sehgal and Tata",GROCERY,2,45971.25,22985.625,1,0,0,0,0,0.5,0.0,0.0
MCH8770,Mani-Mutti,OTHER,2,12603.259999999998,6301.629999999999,1,0,0,0,0,0.5,0.0,0.0
MCH8786,,,2,29404.97,14702.485,1,1,1,0,0,0.5,0.5,0.5
MCH8833,,,2,24614.809999999998,12307.404999999999,1,1,1,0,0,0.5,0.5,0.5
MCH8840,Chatterjee and Sons,RETAIL,2,10989.14,5494.57,1,0,0,0,0,0.5,0.0,0.0
MCH8859,,,2,15300.380000000001,7650.1900000000005,1,0,0,0,0,0.5,0.0,0.0
MCH8892,,,2,16875.26,8437.63,1,1,1,0,0,0.5,0.5,0.5
MCH8894,,,2,28806.690000000002,14403.345000000001,1,1,1,0,0,0.5,0.5,0.5
MCH8895,Chakraborty-Apte,HOTEL_LODGING,2,47928.57,23964.285,1,0,0,0,0,0.5,0.0,0.0
MCH8918,Solanki and Sons,APPAREL,2,11262.13,11262.13,1,0,0,0,0,0.5,0.0,0.0
MCH8929,Suri-Toor,MISC_RETAIL,2,34455.69,17227.845,1,0,0,0,0,0.5,0.0,0.0
MCH8933,Karpe Inc,MEDICAL_STORE,2,17627.600000000002,8813.800000000001,1,1,1,0,0,0.5,0.5,0.5
MCH8951,Golla-Venkataraman,PHONE SERVICE,2,29707.43,14853.715,1,0,0,0,0,0.5,0.0,0.0
MCH8957,Brar-Lanka,MISC_RETAIL,2,30368.38,15184.19,1,0,0,0,0,0.5,0.0,0.0
MCH8980,SIBAL AND SONS,OTHER,2,21840.300000000003,10920.150000000001,1,0,0,0,0,0.5,0.0,0.0
MCH8984,Sharma Group,FOOD_SERVICES,2,25970.32,12985.16,1,0,0,0,0,0.5,0.0,0.0
MCH8994,Shukla-Manne,TELECOM,2,20371.7,10185.85,1,0,0,0,0,0.5,0.0,0.0
MCH9048,Sastry-Prakash,FOOD_SERVICES,2,46625.11,23312.555,1,0,0,2,0,0.5,0.0,0.0
MCH9070,"buch, samra and tata",MEDICAL,2,22094.760000000002,11047.380000000001,1,1,1,0,0,0.5,0.5,0.5
MCH9076,,,2,1732.01,866.005,1,0,0,0,0,0.5,0.0,0.0
MCH9093,,,2,18522.09,18522.09,1,1,1,0,0,0.5,0.5,0.5
MCH9097,,,2,19578.420000000002,9789.210000000001,1,1,1,0,0,0.5,0.5,0.5
MCH9100,Dey-Bandi,MISC_RETAIL,2,13934.45,6967.225,1,0,0,0,0,0.5,0.0,0.0
MCH9114,Tiwari-0ak,TELECOM,2,4043.81,4043.81,1,1,1,0,0,0.5,0.5,0.5
MCH9136,,,2,24526.79,12263.395,1,0,0,0,0,0.5,0.0,0.0
MCH9141,,,2,26169.43,13084.715,1,0,0,0,0,0.5,0.0,0.0
MCH9174,"Chander, Goswami and Butala",HOTEL_LODGING,2,20572.9,10286.45,1,0,0,0,0,0.5,0.0,0.0
MCH9199,Goda-Patel,PHONE SERVICE,2,18458.8,9229.4,1,0,0,0,0,0.5,0.0,0.0
MCH9236,,,2,13343.7,6671.85,1,0,0,0,0,0.5,0.0,0.0
MCH9269,,,2,32549.829999999998,16274.914999999999,1,1,1,0,0,0.5,0.5,0.5
MCH9276,Bandi Inc,BOOKS,2,9627.4,4813.7,1,0,0,0,0,0.5,0.0,0.0
MCH9300,,,2,4296.11,4296.11,1,1,1,0,0,0.5,0.5,0.5
MCH9306,Zachariah-Anne,STATIONERY,2,22905.52,22905.52,1,0,0,0,0,0.5,0.0,0.0
MCH9324,,,2,18032.57,9016.285,1,0,0,0,0,0.5,0.0,0.0
MCH9351,,,2,24286.809999999998,12143.404999999999,1,0,0,0,0,0.5,0.0,0.0
MCH9366,"Parsa, Walia and Viswanathan",APPAREL,2,17694.58,8847.29,1,0,0,0,0,0.5,0.0,0.0
MCH9382,,,2,845.33,845.33,1,0,0,0,0,0.5,0.0,0.0
MCH9399,,,2,13809.89,6904.945,1,0,0,0,0,0.5,0.0,0.0
MCH9400,"Dara, Desai and Sethi",OTHER,2,30556.0,15278.0,1,0,0,0,0,0.5,0.0,0.0
MCH9413,Kala-Sarkar,PHARMACY,2,33290.87,16645.435,1,0,0,0,0,0.5,0.0,0.0
MCH9423,apte group,HOTEL_LODGING,2,33640.29,16820.145,1,1,1,0,0,0.5,0.5,0.5
MCH9444,NarainandSons,FOOD_SERVICES,2,15480.82,7740.41,1,0,0,0,0,0.5,0.0,0.0
MCH9467,"Pall, Lala and Dhar",TRANSPORT,2,14895.2,7447.6,1,0,0,0,0,0.5,0.0,0.0
MCH9494,"  Wable, Warrior and Parmer  ",TELECOM,2,40785.79,20392.895,1,0,0,0,0,0.5,0.0,0.0
MCH9497,,,2,23728.3,11864.15,1,0,0,0,0,0.5,0.0,0.0
MCH9506,"SAVANT, BAINS AND BALI",MEDICAL,2,7123.02,3561.51,1,1,1,0,0,0.5,0.5,0.5
MCH9514,Prakash Gr0up,PHARMACY,2,25304.14,12652.07,1,0,0,2,0,0.5,0.0,0.0
MCH9520,,,2,22721.829999999998,11360.914999999999,1,1,1,0,0,0.5,0.5,0.5
MCH9522,,,2,3359.04,3359.04,1,1,1,0,0,0.5,0.5,0.5
MCH9549,,,2,17503.57,8751.785,1,0,0,0,0,0.5,0.0,0.0
MCH9579,,,2,38792.94,19396.47,1,0,0,0,0,0.5,0.0,0.0
MCH9638,"Dara, Badami and Sen",APPAREL,2,22749.15,22749.15,1,0,0,0,0,0.5,0.0,0.0
MCH9639,,,2,3131.3999999999996,1565.6999999999998,1,0,0,0,0,0.5,0.0,0.0
MCH9663,,,2,5841.35,2920.675,1,1,1,0,0,0.5,0.5,0.5
MCH9675,Mand-Varkey,MEDICAL,2,20330.67,10165.335,1,1,1,0,2,0.5,0.5,0.5
MCH9676,,,2,13558.56,6779.28,1,1,1,0,0,0.5,0.5,0.5
MCH9688,choudhry llc,BOOKS,2,8097.81,4048.905,1,0,0,0,0,0.5,0.0,0.0
MCH9699,,,2,21929.64,10964.82,1,1,1,0,0,0.5,0.5,0.5
MCH9711,,,2,20724.6,20724.6,1,0,0,0,0,0.5,0.0,0.0
MCH9737,,,2,12846.41,6423.205,1,1,1,0,0,0.5,0.5,0.5
MCH9742,,,2,40059.8,20029.9,1,1,1,0,0,0.5,0.5,0.5
MCH9746,,,2,5585.02,5585.02,1,0,0,0,0,0.5,0.0,0.0
MCH9750,,,2,29399.75,14699.875,1,0,0,0,0,0.5,0.0,0.0
MCH9752,,,2,4371.9,4371.9,1,0,0,0,0,0.5,0.0,0.0
MCH9753,Chowdhury and Sons,TELECOM,2,5569.3099999999995,2784.6549999999997,1,0,0,0,0,0.5,0.0,0.0
MCH9761,,,2,32956.99,16478.495,1,0,0,0,0,0.5,0.0,0.0
MCH9773,,,2,30815.18,15407.59,1,1,1,0,0,0.5,0.5,0.5
MCH9791,,,2,34017.74,17008.87,1,0,0,0,0,0.5,0.0,0.0
MCH9801,"Manda, Bansal and Devan",FOOD_SERVICES,2,28738.760000000002,14369.380000000001,1,0,0,2,0,0.5,0.0,0.0
MCH9825,,,2,10536.6,5268.3,1,0,0,0,0,0.5,0.0,0.0
MCH9832,,,2,45214.7,22607.35,1,1,1,0,0,0.5,0.5,0.5
MCH9851,,,2,12131.97,12131.97,1,0,0,0,0,0.5,0.0,0.0
MCH9853,Dhar-Raval,PHARMACY,2,31407.2,15703.6,1,0,0,0,0,0.5,0.0,0.0
MCH9866,Sane-Dar,PHONE SERVICE,2,20356.28,10178.14,1,0,0,0,0,0.5,0.0,0.0
MCH9876,,,2,22263.15,11131.575,1,0,0,0,0,0.5,0.0,0.0
MCH9890,,,2,14846.71,14846.71,1,1,1,0,0,0.5,0.5,0.5
MCH9925,,,2,24622.35,12311.175,1,0,0,0,0,0.5,0.0,0.0
MCH9934,,,2,25295.940000000002,12647.970000000001,1,0,0,0,0,0.5,0.0,0.0
MCH9946,Jain LLC,MEDICAL,2,30030.4,15015.2,1,0,0,0,0,0.5,0.0,0.0
MCH9956,Khatri Inc,HOTEL_LODGING,2,11550.3,5775.15,1,1,1,2,0,0.5,0.5,0.5
MCH9964,Dua Inc,TRANSPORT,2,29445.77,14722.885,1,0,0,2,0,0.5,0.0,0.0
MCH9977,Mohanty-Desai,TELECOM,2,23318.44,23318.44,1,1,1,0,0,0.5,0.5,0.5
MCH9984,"Dash, Radhakrishnan and Singh",TRANSPORT,2,11959.96,5979.98,1,0,0,0,0,0.5,0.0,0.0
MCH1195,Cherian-Rana,TRANSPORT,7,48300.89,9660.178,3,1,1,0,7,0.42857142857142855,0.14285714285714285,0.14285714285714285
MCH1173,,,5,60127.020000000004,15031.755000000001,2,1,1,0,0,0.4,0.2,0.2
MCH1416,,,5,70533.87,14106.774,2,0,0,0,0,0.4,0.0,0.0
MCH1531,Savant and Sons,HOTEL_LODGING,5,12839.059999999998,4279.686666666666,2,1,1,0,0,0.4,0.2,0.2
MCH1738,,,5,48651.74,12162.935,2,1,1,0,0,0.4,0.2,0.2
MCH1782,Kari PLC,GROCERY,5,77606.15000000001,15521.230000000001,2,1,1,0,0,0.4,0.2,0.2
MCH1848,Acharya-Bail,RETAIL,5,87798.98999999999,17559.798,2,1,1,0,0,0.4,0.2,0.2
MCH1916,,,5,56591.42,14147.855,2,2,2,0,0,0.4,0.4,0.4
MCH2083,Patla-Basak,MEDICAL_STORE,5,40118.95,10029.7375,2,1,1,0,0,0.4,0.2,0.2
MCH2098,Ranganathan-Chopra,TRANSPORT,5,8462.619999999999,1692.524,2,0,0,0,0,0.4,0.0,0.0
MCH2221,,,5,71939.28,14387.856,2,1,1,0,0,0.4,0.2,0.2
MCH2222,"Mani, Ravel and Agrawal",APPAREL,5,52578.99,10515.797999999999,2,1,1,0,0,0.4,0.2,0.2
MCH2363,,,5,39296.87,9824.2175,2,0,0,0,0,0.4,0.0,0.0
MCH2463,Yogi-Dhar,TRANSPORT,5,37083.15,12361.050000000001,2,1,1,0,0,0.4,0.2,0.2
MCH2516,Ben-Varghese,GROCERY,5,60539.130000000005,12107.826000000001,2,1,1,5,0,0.4,0.2,0.2
MCH2681,Upadhyay-Bava,HOTEL_LODGING,5,71746.48,14349.295999999998,2,0,0,0,0,0.4,0.0,0.0
MCH2900,,,5,74511.47,14902.294,2,1,1,0,0,0.4,0.2,0.2
MCH3078,"gandhi, rout and sankaran",HOTEL_LODGING,5,25462.640000000003,5092.528,2,1,1,0,0,0.4,0.2,0.2
MCH3232,"Sarraf,ChaudhuriandAcharya",FOOD_SERVICES,5,69511.61,13902.322,2,0,0,0,0,0.4,0.0,0.0
MCH3557,,,5,65199.16,16299.79,2,1,1,0,0,0.4,0.2,0.2
MCH3722,Upadhyay-Issac,OTHER,5,77262.49,15452.498000000001,2,2,2,5,0,0.4,0.4,0.4
MCH4089,Mistry and Sons,GROCERY,5,45315.21,11328.8025,2,0,0,0,0,0.4,0.0,0.0
MCH4395,  Ramakrishnan-Rastogi  ,MISC_RETAIL,5,23596.78,5899.195,2,2,2,0,5,0.4,0.4,0.4
MCH5025,,,5,73234.09,14646.818,2,1,1,0,0,0.4,0.2,0.2
MCH5057,,,5,105739.28,21147.856,2,1,1,0,5,0.4,0.2,0.2
MCH5231,Varghese-Rattan,GROCERY,5,73215.5,14643.1,2,0,0,0,0,0.4,0.0,0.0
MCH5362,"kunda, tiwari and nagi",MEDICAL,5,46654.9,11663.725,2,0,0,5,0,0.4,0.0,0.0
MCH5625,,,5,53451.56,13362.89,2,0,0,0,0,0.4,0.0,0.0
MCH5748,,,5,30829.5,7707.375,2,0,0,0,0,0.4,0.0,0.0
MCH6114,"  Khurana, Chowdhury and Chaudhary  ",MOBILE RECHARGE,5,67000.56,13400.112,2,1,1,0,0,0.4,0.2,0.2
MCH6257,"Parsa, Rana and Raja",FOOD_SERVICES,5,43168.16,8633.632000000001,2,2,2,0,5,0.4,0.4,0.4
MCH6848,Dora LLC,DEPARTMENT STORE,5,79757.69,15951.538,2,2,2,0,0,0.4,0.4,0.4
MCH6960,DAS-DHAWAN,FOOD_SERVICES,5,66207.0,13241.4,2,1,1,0,5,0.4,0.2,0.2
MCH7407,,,5,72642.56,14528.511999999999,2,1,1,0,0,0.4,0.2,0.2
MCH7444,Lanka-Shukla,APPAREL,5,59809.22,11961.844000000001,2,1,1,0,0,0.4,0.2,0.2
MCH7698,SACHDEV AND SONS,FOOD_SERVICES,5,73752.62000000001,14750.524000000001,2,0,0,0,5,0.4,0.0,0.0
MCH7989,,,5,55999.37,11199.874,2,1,1,0,0,0.4,0.2,0.2
MCH8119,SubramanianandSons,TRANSPORT,5,41589.33,8317.866,2,1,1,0,5,0.4,0.2,0.2
MCH8810,,,5,77246.08,15449.216,2,0,0,0,0,0.4,0.0,0.0
MCH8855,,,5,55804.3,13951.075,2,1,1,0,0,0.4,0.2,0.2
MCH8869,Tella-Roy,MEDICAL_STORE,5,32095.55,8023.8875,2,0,0,0,0,0.4,0.0,0.0
MCH9116,,,5,50580.49,10116.098,2,0,1,0,5,0.4,0.0,0.2
MCH9375,"Bhalla, Koshy and Sule",BOOKS,5,11717.25,2929.3125,2,0,0,5,0,0.4,0.0,0.0
MCH9920,Oommen-Mitra,GROCERY,5,58554.71,14638.6775,2,1,1,0,0,0.4,0.2,0.2
MCH3520,"Kannan, Bail and Sundaram",APPAREL,8,65366.44,10894.406666666668,3,0,0,0,8,0.375,0.0,0.0
MCH1041,Pat1a-S0m,APPAREL,6,35096.200000000004,5849.366666666668,2,0,0,0,0,0.3333333333333333,0.0,0.0
MCH1080,,,6,88850.1,14808.35,2,0,0,0,0,0.3333333333333333,0.0,0.0
MCH1661,kothari-dara,MEDICAL_STORE,6,72932.53,12155.421666666667,2,0,0,0,0,0.3333333333333333,0.0,0.0
MCH2301,,,6,94488.45,15748.074999999999,2,1,1,0,0,0.3333333333333333,0.16666666666666666,0.16666666666666666
MCH2484,,,6,61796.29,10299.381666666666,2,2,2,0,0,0.3333333333333333,0.3333333333333333,0.3333333333333333
MCH3594,Khalsa Inc,MISC_RETAIL,6,17076.920000000002,4269.2300000000005,2,1,1,0,0,0.3333333333333333,0.16666666666666666,0.16666666666666666
MCH4434,Andra and Sons,OTHER,6,51614.54,8602.423333333334,2,0,0,0,0,0.3333333333333333,0.0,0.0
MCH4578,Khare-Warrior,PHARMACY,6,63817.2,10636.199999999999,2,0,0,0,0,0.3333333333333333,0.0,0.0
MCH4921,,,6,108205.74,18034.29,2,2,2,0,0,0.3333333333333333,0.3333333333333333,0.3333333333333333
MCH5553,Sarna and Sons,FOOD_SERVICES,6,65902.37,10983.728333333333,2,0,0,6,0,0.3333333333333333,0.0,0.0
MCH5761,,,6,58942.31,9823.718333333332,2,1,1,0,0,0.3333333333333333,0.16666666666666666,0.16666666666666666
MCH5922,,,6,74928.95,12488.158333333333,2,1,1,0,6,0.3333333333333333,0.16666666666666666,0.16666666666666666
MCH6948,"Kala,LokeandSinghal",PHONE SERVICE,6,70960.56,11826.76,2,1,1,0,0,0.3333333333333333,0.16666666666666666,0.16666666666666666
MCH7269,La11-Raman,TELECOM,6,36847.22,6141.203333333334,2,1,1,0,0,0.3333333333333333,0.16666666666666666,0.16666666666666666
MCH7607,"vyas, ramakrishnan and narayanan",BOOKS,6,64887.54,10814.59,2,1,1,0,0,0.3333333333333333,0.16666666666666666,0.16666666666666666
MCH7815,,,6,40220.119999999995,8044.023999999999,2,1,1,0,0,0.3333333333333333,0.16666666666666666,0.16666666666666666
MCH7951,Peri Group,HOTEL_LODGING,6,50948.229999999996,10189.645999999999,2,1,1,0,0,0.3333333333333333,0.16666666666666666,0.16666666666666666
MCH8171,,,6,65447.94,10907.99,2,0,0,0,0,0.3333333333333333,0.0,0.0
MCH8296,D’Alia-Kannan,MISC_RETAIL,6,43169.07,8633.814,2,0,0,0,0,0.3333333333333333,0.0,0.0
MCH8656,Singh PLC,BOOKS,6,81066.84,13511.14,2,0,0,0,0,0.3333333333333333,0.0,0.0
MCH8699,,,6,100889.4,16814.899999999998,2,1,1,0,0,0.3333333333333333,0.16666666666666666,0.16666666666666666
MCH9466,,,6,57346.909999999996,11469.382,2,0,0,0,0,0.3333333333333333,0.0,0.0
MCH9533,,,6,35776.69,7155.338000000001,2,1,1,0,0,0.3333333333333333,0.16666666666666666,0.16666666666666666
MCH9763,Bhatnagar-Ramesh,APPAREL,6,95417.32,15902.886666666667,2,0,0,0,0,0.3333333333333333,0.0,0.0
MCH1007,"Sunder, Wason and Pau",FOOD_SERVICES,3,8735.779999999999,2911.9266666666663,1,0,0,0,0,0.3333333333333333,0.0,0.0
MCH1008,,,3,31298.129999999997,10432.71,1,0,0,0,0,0.3333333333333333,0.0,0.0
MCH1023,,,3,36175.56,12058.519999999999,1,1,1,0,0,0.3333333333333333,0.3333333333333333,0.3333333333333333
MCH1036,,,3,28659.77,14329.885,1,0,0,0,0,0.3333333333333333,0.0,0.0
MCH1061,,,3,40782.06,13594.019999999999,1,0,0,0,0,0.3333333333333333,0.0,0.0
MCH1072,Kalla-Khalsa,FOOD_SERVICES,3,21193.55,21193.55,1,1,1,0,0,0.3333333333333333,0.3333333333333333,0.3333333333333333
MCH1083,,,3,46991.28,15663.76,1,0,0,0,0,0.3333333333333333,0.0,0.0
MCH1104,Chander LLC,TELECOM,3,15054.12,7527.06,1,0,0,0,0,0.3333333333333333,0.0,0.0
MCH1107,,,3,28631.62,14315.81,1,0,0,0,0,0.3333333333333333,0.0,0.0
MCH1109,Sinha-Bumb,TRANSPORT,3,-16286.71,-8143.355,1,1,1,0,0,0.3333333333333333,0.3333333333333333,0.3333333333333333
MCH1112,,,3,50590.35,16863.45,1,0,0,0,0,0.3333333333333333,0.0,0.0
MCH1133,Shere Ltd,PHARMACY,3,31570.54,15785.27,1,0,0,0,0,0.3333333333333333,0.0,0.0
MCH1142,MORAR LLC,MISC_RETAIL,3,29830.45,14915.225,1,0,0,0,0,0.3333333333333333,0.0,0.0
MCH1170,,,3,42426.92,14142.306666666665,1,0,0,0,0,0.3333333333333333,0.0,0.0
MCH1191,raval ltd,PHONE SERVICE,3,34681.5,17340.75,1,0,0,3,0,0.3333333333333333,0.0,0.0
MCH1201,,,3,24292.5,8097.5,1,0,0,0,0,0.3333333333333333,0.0,0.0
MCH1209,,,3,38115.85,12705.283333333333,1,1,1,0,0,0.3333333333333333,0.3333333333333333,0.3333333333333333
MCH1212,,,3,28725.399999999998,14362.699999999999,1,1,1,0,0,0.3333333333333333,0.3333333333333333,0.3333333333333333
MCH1223,,,3,40788.14,13596.046666666667,1,0,0,0,0,0.3333333333333333,0.0,0.0
MCH1254,Pant-Muni,TRAVEL,3,55967.84,18655.946666666667,1,1,1,0,0,0.3333333333333333,0.3333333333333333,0.3333333333333333
MCH1291,,,3,35437.09,11812.363333333333,1,0,0,0,0,0.3333333333333333,0.0,0.0
MCH1318,GUPTA LLC,TELECOM,3,24765.48,12382.74,1,1,1,0,0,0.3333333333333333,0.3333333333333333,0.3333333333333333
MCH1329,,,3,28438.35,9479.449999999999,1,0,0,0,0,0.3333333333333333,0.0,0.0
MCH1341,,,3,59772.83,19924.27666666667,1,1,1,0,0,0.3333333333333333,0.3333333333333333,0.3333333333333333
MCH1342,,,3,6628.67,3314.335,1,1,1,0,0,0.3333333333333333,0.3333333333333333,0.3333333333333333
MCH1356,,,3,33688.78,16844.39,1,0,0,0,0,0.3333333333333333,0.0,0.0
MCH1362,,,3,21001.37,10500.685,1,0,0,0,0,0.3333333333333333,0.0,0.0
MCH1366,"shah, roy and srinivasan",GROCERY,3,4163.139999999999,1387.7133333333331,1,0,0,0,0,0.3333333333333333,0.0,0.0
MCH1371,,,3,4069.2999999999993,1356.4333333333332,1,1,1,0,0,0.3333333333333333,0.3333333333333333,0.3333333333333333
MCH1374,,,3,47097.67,15699.223333333333,1,0,0,0,0,0.3333333333333333,0.0,0.0
MCH1375,Golla and Sons,MEDICAL,3,60738.020000000004,20246.006666666668,1,0,0,0,0,0.3333333333333333,0.0,0.0
MCH1376,,,3,7774.16,2591.3866666666668,1,0,0,0,0,0.3333333333333333,0.0,0.0
MCH1388,"Kala, Kunda and Pandit",MEDICAL,3,38355.649999999994,12785.216666666665,1,1,1,0,0,0.3333333333333333,0.3333333333333333,0.3333333333333333
MCH1454,WableInc,MISC_RETAIL,3,37883.93,12627.976666666667,1,1,1,0,0,0.3333333333333333,0.3333333333333333,0.3333333333333333
MCH1457,Shetty Group,OTHER,3,55745.72,18581.906666666666,1,0,0,0,0,0.3333333333333333,0.0,0.0
MCH1469,"CHOUDHURY, JANI AND RAMASWAMY",BOOKS,3,29827.839999999997,9942.613333333333,1,1,1,0,0,0.3333333333333333,0.3333333333333333,0.3333333333333333
MCH1479,"Mandal, Barad and Srinivasan",BOOKS,3,31991.5,10663.833333333334,1,1,1,0,0,0.3333333333333333,0.3333333333333333,0.3333333333333333
MCH1525,sant-bhavsar,BOOKS,3,44198.880000000005,14732.960000000001,1,1,1,0,0,0.3333333333333333,0.3333333333333333,0.3333333333333333
MCH1556,,,3,24045.129999999997,8015.043333333332,1,1,1,0,0,0.3333333333333333,0.3333333333333333,0.3333333333333333
MCH1579,,,3,38880.37,12960.123333333335,1,1,1,0,0,0.3333333333333333,0.3333333333333333,0.3333333333333333
MCH1584,,,3,31854.489999999998,10618.163333333332,1,1,1,0,0,0.3333333333333333,0.3333333333333333,0.3333333333333333
MCH1586,,,3,23509.07,7836.356666666667,1,0,0,0,0,0.3333333333333333,0.0,0.0
MCH1592,AgateInc,RETAIL,3,23625.010000000002,11812.505000000001,1,0,0,0,0,0.3333333333333333,0.0,0.0
MCH1594,Bera Inc,MISC_RETAIL,3,44927.31999999999,14975.77333333333,1,1,1,0,0,0.3333333333333333,0.3333333333333333,0.3333333333333333
MCH1613,,,3,50200.130000000005,16733.376666666667,1,0,0,0,0,0.3333333333333333,0.0,0.0
MCH1614,,,3,41922.520000000004,20961.260000000002,1,0,0,0,0,0.3333333333333333,0.0,0.0
MCH1620,,,3,33144.21,11048.07,1,0,0,0,0,0.3333333333333333,0.0,0.0
MCH1690,,,3,36735.15,18367.575,1,1,1,0,0,0.3333333333333333,0.3333333333333333,0.3333333333333333
MCH1702,,,3,15892.330000000002,7946.165000000001,1,0,0,0,0,0.3333333333333333,0.0,0.0
MCH1706,Merchant-Dhar,BOOKS,3,44608.07,14869.356666666667,1,0,0,0,0,0.3333333333333333,0.0,0.0
MCH1707,,,3,42002.92,14000.973333333333,1,1,1,0,0,0.3333333333333333,0.3333333333333333,0.3333333333333333
MCH1728,,,3,42951.75,14317.25,1,0,0,0,0,0.3333333333333333,0.0,0.0
MCH1739,keer group,MISC_RETAIL,3,13926.39,13926.39,1,1,1,0,0,0.3333333333333333,0.3333333333333333,0.3333333333333333
MCH1741,,,3,1328.0599999999995,442.6866666666665,1,0,0,0,0,0.3333333333333333,0.0,0.0
MCH1751,Bava-Mukherjee,GROCERY,3,24796.35,12398.175,1,0,0,0,0,0.3333333333333333,0.0,0.0
MCH1764,"K0h1i, Sa1vi and Ch0kshi",APPAREL,3,41826.5,20913.25,1,1,1,0,0,0.3333333333333333,0.3333333333333333,0.3333333333333333
MCH1818,BAKSHI-GOLLA,APPAREL,3,44536.149999999994,14845.383333333331,1,0,0,0,0,0.3333333333333333,0.0,0.0
MCH1831,,,3,34962.19,11654.063333333334,1,0,0,0,0,0.3333333333333333,0.0,0.0
MCH1838,Sarraf-Bhakta,MISC_RETAIL,3,20564.489999999998,6854.829999999999,1,0,0,0,0,0.3333333333333333,0.0,0.0
MCH1840,Chahal and Sons,STATIONERY,3,21718.52,7239.506666666667,1,0,0,0,0,0.3333333333333333,0.0,0.0
MCH1854,"Sule, Prashad and Balay",HOTEL_LODGING,3,42709.64,21354.82,1,0,0,0,0,0.3333333333333333,0.0,0.0
MCH1877,,,3,12790.32,6395.16,1,1,1,0,0,0.3333333333333333,0.3333333333333333,0.3333333333333333
MCH1881,"Bawa, Ganesan and Oak",MEDICAL,3,13435.25,4478.416666666667,1,0,0,0,0,0.3333333333333333,0.0,0.0
MCH1910,,,3,45123.08,15041.026666666667,1,0,0,0,0,0.3333333333333333,0.0,0.0
MCH1930,,,3,19092.16,6364.053333333333,1,1,1,0,0,0.3333333333333333,0.3333333333333333,0.3333333333333333
MCH1934,"Deol,DugarandParmer",STATIONERY,3,19987.53,9993.765,1,0,0,0,0,0.3333333333333333,0.0,0.0
MCH1948,"Sundaram, Sami and Jha",MOBILE RECHARGE,3,35108.45,11702.816666666666,1,0,0,0,0,0.3333333333333333,0.0,0.0
MCH1964,,,3,25339.38,12669.69,1,1,1,0,0,0.3333333333333333,0.3333333333333333,0.3333333333333333
MCH1968,Shroff-Mani,GROCERY,3,29752.120000000003,14876.060000000001,1,1,1,0,0,0.3333333333333333,0.3333333333333333,0.3333333333333333
MCH1969,Gole LLC,TRAVEL,3,41015.25,13671.75,1,1,1,0,0,0.3333333333333333,0.3333333333333333,0.3333333333333333
MCH1981,,,3,4218.51,4218.51,1,1,1,0,0,0.3333333333333333,0.3333333333333333,0.3333333333333333
MCH1991,,,3,15773.19,15773.19,1,0,0,0,0,0.3333333333333333,0.0,0.0
MCH2001,,,3,21633.46,7211.153333333333,1,0,0,0,0,0.3333333333333333,0.0,0.0
MCH2028,Dhingra PLC,PHONE SERVICE,3,26643.129999999997,13321.564999999999,1,0,0,0,0,0.3333333333333333,0.0,0.0
MCH2040,Goel-Dewan,MISC_RETAIL,3,33300.07,11100.023333333333,1,0,0,0,0,0.3333333333333333,0.0,0.0
MCH2054,,,3,50172.869999999995,16724.289999999997,1,0,0,0,0,0.3333333333333333,0.0,0.0
MCH2065,,,3,47378.38,15792.793333333333,1,1,1,0,0,0.3333333333333333,0.3333333333333333,0.3333333333333333
MCH2073,,,3,9300.4,4650.2,1,1,1,0,0,0.3333333333333333,0.3333333333333333,0.3333333333333333
MCH2092,"Dubey, Tara and Thaker",TRANSPORT,3,41910.05,13970.016666666668,1,1,1,0,0,0.3333333333333333,0.3333333333333333,0.3333333333333333
MCH2105,"Savant, Chauhan and Kumer",PHARMACY,3,22808.61,7602.87,1,1,1,0,0,0.3333333333333333,0.3333333333333333,0.3333333333333333
MCH2107,"wali, srinivas and vyas",PHARMACY,3,23666.32,7888.7733333333335,1,0,0,0,0,0.3333333333333333,0.0,0.0
MCH2138,,,3,26534.559999999998,13267.279999999999,1,1,1,0,0,0.3333333333333333,0.3333333333333333,0.3333333333333333
MCH2144,Choudhary-Kashyap,BOOKS,3,27110.68,9036.893333333333,1,0,0,0,0,0.3333333333333333,0.0,0.0
MCH2155,Vig-Bobal,MOBILE RECHARGE,3,47809.380000000005,15936.460000000001,1,0,0,0,0,0.3333333333333333,0.0,0.0
MCH2247,,,3,21859.239999999998,7286.413333333333,1,1,1,0,0,0.3333333333333333,0.3333333333333333,0.3333333333333333
MCH2256,,,3,19553.67,6517.889999999999,1,0,0,0,0,0.3333333333333333,0.0,0.0
MCH2257,Mandal-Sankaran,DEPARTMENT STORE,3,56657.09,18885.696666666667,1,0,0,0,0,0.3333333333333333,0.0,0.0
MCH2264,"Sule, Sarma and Sur",RETAIL,3,47089.01,15696.336666666668,1,0,0,3,0,0.3333333333333333,0.0,0.0
MCH2275,,,3,24233.96,12116.98,1,1,1,0,0,0.3333333333333333,0.3333333333333333,0.3333333333333333
MCH2303,,,3,56415.71000000001,18805.236666666668,1,1,1,0,0,0.3333333333333333,0.3333333333333333,0.3333333333333333
MCH2320,,,3,22240.37,7413.456666666666,1,1,1,0,0,0.3333333333333333,0.3333333333333333,0.3333333333333333
MCH2325,,,3,45856.48,15285.493333333334,1,0,0,0,0,0.3333333333333333,0.0,0.0
MCH2358,,,3,36115.15,12038.383333333333,1,1,1,0,0,0.3333333333333333,0.3333333333333333,0.3333333333333333
MCH2388,,,3,-4072.62,-2036.31,1,0,0,0,0,0.3333333333333333,0.0,0.0
MCH2428,Suresh-Varma,TELECOM,3,28931.989999999998,9643.996666666666,1,0,0,0,0,0.3333333333333333,0.0,0.0
MCH2437,,,3,62448.42999999999,20816.14333333333,1,0,0,0,0,0.3333333333333333,0.0,0.0
MCH2500,,,3,14705.74,4901.913333333333,1,0,0,0,0,0.3333333333333333,0.0,0.0
MCH2534,Shetty-Sundaram,GROCERY,3,31664.79,10554.93,1,0,0,0,0,0.3333333333333333,0.0,0.0
MCH2550,"  Basu, Madan and Chaudry  ",MISC_RETAIL,3,27474.25,13737.125,1,0,0,0,0,0.3333333333333333,0.0,0.0
MCH2668,,,3,21670.01,10835.005,1,0,0,0,0,0.3333333333333333,0.0,0.0
MCH2675,Venkataraman-Rastogi,BOOKS,3,41709.34,13903.113333333333,1,0,0,0,0,0.3333333333333333,0.0,0.0
MCH2683,,,3,13630.619999999999,4543.54,1,1,1,0,0,0.3333333333333333,0.3333333333333333,0.3333333333333333
MCH2689,,,3,25984.01,8661.336666666666,1,0,0,0,0,0.3333333333333333,0.0,0.0
MCH2693,  Tandon-Kaur  ,RETAIL,3,10579.36,10579.36,1,0,0,0,0,0.3333333333333333,0.0,0.0
MCH2735,,,3,37043.42,12347.806666666665,1,1,1,0,0,0.3333333333333333,0.3333333333333333,0.3333333333333333
MCH2768,,,3,36954.67,12318.223333333333,1,1,1,0,0,0.3333333333333333,0.3333333333333333,0.3333333333333333
MCH2796,,,3,38326.009999999995,12775.336666666664,1,1,1,0,0,0.3333333333333333,0.3333333333333333,0.3333333333333333
MCH2827,Bala-Bhatti,MISC_RETAIL,3,18735.51,9367.755,1,0,0,0,0,0.3333333333333333,0.0,0.0
MCH2830,"Joshi,ChaudhariandToor",GROCERY,3,34243.23,17121.615,1,0,0,0,0,0.3333333333333333,0.0,0.0
MCH2842,ANNE LTD,APPAREL,3,44011.850000000006,22005.925000000003,1,0,0,0,0,0.3333333333333333,0.0,0.0
MCH2893,,,3,27518.35,9172.783333333333,1,0,0,0,0,0.3333333333333333,0.0,0.0
MCH2899,Sampath-Mannan,FOOD_SERVICES,3,43544.55,14514.85,1,0,0,0,0,0.3333333333333333,0.0,0.0
MCH2942,,,3,29273.58,9757.86,1,1,1,0,0,0.3333333333333333,0.3333333333333333,0.3333333333333333
MCH2953,,,3,16203.73,8101.865,1,0,0,0,0,0.3333333333333333,0.0,0.0
MCH2974,,,3,10881.39,5440.695,1,1,1,0,0,0.3333333333333333,0.3333333333333333,0.3333333333333333
MCH3030,"Sengupta, Bhagat and Kota",STATIONERY,3,46138.65,15379.550000000001,1,0,0,0,0,0.3333333333333333,0.0,0.0
MCH3034,,,3,16061.029999999999,8030.514999999999,1,1,1,0,0,0.3333333333333333,0.3333333333333333,0.3333333333333333
MCH3047,,,3,35437.93,11812.643333333333,1,0,0,0,0,0.3333333333333333,0.0,0.0
MCH3052,,,3,44926.6,14975.533333333333,1,0,0,0,0,0.3333333333333333,0.0,0.0
MCH3061,Viswanathan Ltd,BOOKS,3,17102.25,5700.75,1,0,0,0,0,0.3333333333333333,0.0,0.0
MCH3099,Peri-Parmer,APPAREL,3,34563.990000000005,11521.330000000002,1,1,1,0,0,0.3333333333333333,0.3333333333333333,0.3333333333333333
MCH3122,  Lala-Chaudhari  ,PHONE SERVICE,3,50251.22,16750.406666666666,1,0,0,0,0,0.3333333333333333,0.0,0.0
MCH3157,,,3,57368.97,19122.99,1,0,0,0,0,0.3333333333333333,0.0,0.0
MCH3158,,,3,35116.18,11705.393333333333,1,0,0,0,0,0.3333333333333333,0.0,0.0
MCH3163,Dada-Kalita,PHARMACY,3,43257.83,14419.276666666667,1,0,0,0,0,0.3333333333333333,0.0,0.0
MCH3165,,,3,59398.8,19799.600000000002,1,0,0,0,0,0.3333333333333333,0.0,0.0
MCH3175,,,3,26234.96,13117.48,1,0,0,0,0,0.3333333333333333,0.0,0.0
MCH3181,,,3,22571.98,7523.993333333333,1,0,0,0,0,0.3333333333333333,0.0,0.0
MCH3185,,,3,38110.45,12703.483333333332,1,0,0,0,0,0.3333333333333333,0.0,0.0
MCH3186,,,3,13440.05,13440.05,1,0,0,0,0,0.3333333333333333,0.0,0.0
MCH3193,,,3,39226.21,13075.403333333334,1,1,1,0,0,0.3333333333333333,0.3333333333333333,0.3333333333333333
MCH3208,,,3,40238.48,13412.826666666668,1,0,0,0,0,0.3333333333333333,0.0,0.0
MCH3223,,,3,22479.86,11239.93,1,0,0,0,0,0.3333333333333333,0.0,0.0
MCH3224,,,3,36854.39,12284.796666666667,1,0,0,0,0,0.3333333333333333,0.0,0.0
MCH3238,,,3,26022.93,8674.31,1,0,0,0,0,0.3333333333333333,0.0,0.0
MCH3246,,,3,27986.350000000002,9328.783333333335,1,0,0,0,0,0.3333333333333333,0.0,0.0
MCH3253,Khatri-Krishnamurthy,BOOKS,3,45840.0,15280.0,1,0,0,0,0,0.3333333333333333,0.0,0.0
MCH3255,"  Shah, Kala and Sarraf  ",HOTEL_LODGING,3,38489.84,12829.946666666665,1,0,0,0,0,0.3333333333333333,0.0,0.0
MCH3274,Sen-Chawla,DEPARTMENT STORE,3,32474.72,10824.906666666668,1,0,0,0,0,0.3333333333333333,0.0,0.0
MCH3281,Ranganathan and Sons,RETAIL,3,32961.520000000004,10987.173333333334,1,1,1,0,0,0.3333333333333333,0.3333333333333333,0.3333333333333333
MCH3294,"Murty, Vala and Pall",TRANSPORT,3,40442.22,13480.74,1,0,0,0,0,0.3333333333333333,0.0,0.0
MCH3305,,,3,27373.11,9124.37,1,0,0,0,0,0.3333333333333333,0.0,0.0
MCH3307,,,3,40921.4,13640.466666666667,1,1,1,0,0,0.3333333333333333,0.3333333333333333,0.3333333333333333
MCH3331,"Shukla, Kadakia and Kata",APPAREL,3,36313.69,12104.563333333334,1,0,0,0,0,0.3333333333333333,0.0,0.0
MCH3347,,,3,34245.71,17122.855,1,1,1,0,0,0.3333333333333333,0.3333333333333333,0.3333333333333333
MCH3362,Chander-Sangha,GROCERY,3,64537.39,21512.463333333333,1,0,0,3,0,0.3333333333333333,0.0,0.0
MCH3368,,,3,28620.07,9540.023333333333,1,0,0,0,0,0.3333333333333333,0.0,0.0
MCH3412,Tak and Sons,HOTEL_LODGING,3,61765.19,20588.396666666667,1,0,0,0,0,0.3333333333333333,0.0,0.0
MCH3414,Sahota Ltd,TELECOM,3,34782.83,11594.276666666667,1,1,1,0,0,0.3333333333333333,0.3333333333333333,0.3333333333333333
MCH3445,"Madan, Naidu and Andra",HOTEL_LODGING,3,33533.020000000004,11177.673333333334,1,1,1,0,0,0.3333333333333333,0.3333333333333333,0.3333333333333333
MCH3458,,,3,39439.05,13146.35,1,0,0,0,0,0.3333333333333333,0.0,0.0
MCH3472,,,3,40703.9,13567.966666666667,1,0,0,0,0,0.3333333333333333,0.0,0.0
MCH3485,,,3,38177.380000000005,19088.690000000002,1,0,0,0,0,0.3333333333333333,0.0,0.0
MCH3499,"Mand, Munshi and Bali",RETAIL,3,31594.38,10531.460000000001,1,0,0,0,0,0.3333333333333333,0.0,0.0
MCH3518,Borah and Sons,TRANSPORT,3,53556.44,17852.146666666667,1,1,1,0,0,0.3333333333333333,0.3333333333333333,0.3333333333333333
MCH3526,,,3,21979.94,7326.6466666666665,1,0,0,0,0,0.3333333333333333,0.0,0.0
MCH3531,,,3,53865.57,17955.19,1,0,0,0,0,0.3333333333333333,0.0,0.0
MCH3584,,,3,21183.13,10591.565,1,1,1,0,0,0.3333333333333333,0.3333333333333333,0.3333333333333333
MCH3701,Mand-Bhat,MISC_RETAIL,3,40136.45,13378.816666666666,1,0,0,0,0,0.3333333333333333,0.0,0.0
MCH3704,,,3,43886.69,14628.896666666667,1,0,0,0,0,0.3333333333333333,0.0,0.0
MCH3721,,,3,3015.37,1507.685,1,0,0,0,0,0.3333333333333333,0.0,0.0
MCH3773,,,3,11868.66,5934.33,1,1,1,0,0,0.3333333333333333,0.3333333333333333,0.3333333333333333
MCH3798,,,3,62613.19,20871.063333333335,1,0,0,0,0,0.3333333333333333,0.0,0.0
MCH3834,,,3,21407.87,10703.935,1,0,0,0,0,0.3333333333333333,0.0,0.0
MCH3839,,,3,29852.46,9950.82,1,0,0,0,0,0.3333333333333333,0.0,0.0
MCH3841,"SANDHU, KHOSLA AND GUHA",MISC_RETAIL,3,39285.68,13095.226666666667,1,0,0,0,0,0.3333333333333333,0.0,0.0
MCH3846,Nagi-Chacko,GROCERY,3,41932.759999999995,13977.586666666664,1,1,1,0,0,0.3333333333333333,0.3333333333333333,0.3333333333333333
MCH3847,  Nair PLC  ,RETAIL,3,47662.67,15887.556666666665,1,1,1,0,0,0.3333333333333333,0.3333333333333333,0.3333333333333333
MCH3904,,,3,53993.35,17997.783333333333,1,1,1,0,0,0.3333333333333333,0.3333333333333333,0.3333333333333333
MCH3914,,,3,36339.65,12113.216666666667,1,1,1,0,0,0.3333333333333333,0.3333333333333333,0.3333333333333333
MCH3937,,,3,20499.4,10249.7,1,1,1,0,0,0.3333333333333333,0.3333333333333333,0.3333333333333333
MCH3962,,,3,42726.43,14242.143333333333,1,0,0,0,0,0.3333333333333333,0.0,0.0
MCH3991,,,3,58295.68,19431.893333333333,1,1,1,0,0,0.3333333333333333,0.3333333333333333,0.3333333333333333
MCH3992,,,3,46034.66,15344.886666666667,1,1,1,0,0,0.3333333333333333,0.3333333333333333,0.3333333333333333
MCH4040,"Bahri, Solanki and Magar",DEPARTMENT STORE,3,19210.760000000002,9605.380000000001,1,0,0,0,0,0.3333333333333333,0.0,0.0
MCH4055,rai plc,FOOD_SERVICES,3,20961.54,6987.18,1,0,0,0,0,0.3333333333333333,0.0,0.0
MCH4058,,,3,33911.68,16955.84,1,0,0,0,0,0.3333333333333333,0.0,0.0
MCH4087,"basak, lal and tailor",MOBILE RECHARGE,3,38885.61,12961.87,1,0,0,0,0,0.3333333333333333,0.0,0.0
MCH4107,Pandey-Sastry,APPAREL,3,14178.73,7089.365,1,0,0,0,0,0.3333333333333333,0.0,0.0
MCH4115,"Bandi, Rau and Hayre",TRANSPORT,3,25808.79,12904.395,1,0,1,0,0,0.3333333333333333,0.0,0.3333333333333333
MCH4121,,,3,19088.04,9544.02,1,0,0,0,0,0.3333333333333333,0.0,0.0
MCH4128,,,3,40238.27,13412.756666666666,1,0,0,0,0,0.3333333333333333,0.0,0.0
MCH4159,,,3,25212.46,8404.153333333334,1,0,0,0,0,0.3333333333333333,0.0,0.0
MCH4189,,,3,62297.369999999995,20765.789999999997,1,1,1,0,0,0.3333333333333333,0.3333333333333333,0.3333333333333333
MCH4197,Chaudry Group,PHARMACY,3,41875.27,13958.423333333332,1,1,1,0,0,0.3333333333333333,0.3333333333333333,0.3333333333333333
MCH4236,Arora PLC,STATIONERY,3,45663.369999999995,15221.123333333331,1,1,1,0,0,0.3333333333333333,0.3333333333333333,0.3333333333333333
MCH4245,Dua Group,TRANSPORT,3,35514.479999999996,11838.159999999998,1,0,0,0,0,0.3333333333333333,0.0,0.0
MCH4255,,,3,23440.92,7813.639999999999,1,0,0,0,0,0.3333333333333333,0.0,0.0
MCH4277,Chaudhry-Karpe,TRANSPORT,3,41840.68,13946.893333333333,1,0,0,0,0,0.3333333333333333,0.0,0.0
MCH4296,Varty-Varma,MISC_RETAIL,3,25199.5,12599.75,1,1,1,0,0,0.3333333333333333,0.3333333333333333,0.3333333333333333
MCH4316,,,3,20272.510000000002,6757.503333333334,1,1,1,0,0,0.3333333333333333,0.3333333333333333,0.3333333333333333
MCH4319,"CHAUDHRY, RAJAN AND LAD",FOOD_SERVICES,3,5852.04,1950.68,1,0,0,0,0,0.3333333333333333,0.0,0.0
MCH4321,,,3,2286.7,1143.35,1,0,0,0,0,0.3333333333333333,0.0,0.0
MCH4361,Shukla-Venkatesh,APPAREL,3,28843.670000000002,9614.556666666667,1,0,0,0,0,0.3333333333333333,0.0,0.0
MCH4374,Venkatesh LLC,HOTEL_LODGING,3,22788.510000000002,11394.255000000001,1,0,0,0,0,0.3333333333333333,0.0,0.0
MCH4410,,,3,46177.19,15392.396666666667,1,1,1,0,0,0.3333333333333333,0.3333333333333333,0.3333333333333333
MCH4412,,,3,56564.54,18854.846666666668,1,1,1,0,0,0.3333333333333333,0.3333333333333333,0.3333333333333333
MCH4424,"Date, Soman and Lall",DEPARTMENT STORE,3,49640.92,16546.97333333333,1,0,0,0,0,0.3333333333333333,0.0,0.0
MCH4464,,,3,40962.009999999995,13654.003333333332,1,1,1,0,0,0.3333333333333333,0.3333333333333333,0.3333333333333333
MCH4468,,,3,35904.490000000005,11968.163333333336,1,0,0,0,0,0.3333333333333333,0.0,0.0
MCH4471,,,3,39103.74,13034.58,1,1,1,0,0,0.3333333333333333,0.3333333333333333,0.3333333333333333
MCH4493,,,3,45935.01,15311.67,1,0,0,0,0,0.3333333333333333,0.0,0.0
MCH4531,bail-ramachandran,TELECOM,3,17825.52,17825.52,1,0,0,0,0,0.3333333333333333,0.0,0.0
MCH4543,,,3,2165.37,2165.37,1,0,0,0,0,0.3333333333333333,0.0,0.0
MCH4544,"Som, Deshmukh and Narang",GROCERY,3,10915.74,5457.87,1,0,0,0,0,0.3333333333333333,0.0,0.0
MCH4548,"Butala, Som and Modi",TRANSPORT,3,34283.79,17141.895,1,0,0,0,0,0.3333333333333333,0.0,0.0
MCH4579,,,3,6325.76,2108.5866666666666,1,0,0,0,0,0.3333333333333333,0.0,0.0
MCH4582,Pai-Shenoy,PHONE SERVICE,3,24421.2,8140.400000000001,1,0,0,0,0,0.3333333333333333,0.0,0.0
MCH4665,,,3,28927.379999999997,14463.689999999999,1,0,0,0,0,0.3333333333333333,0.0,0.0
MCH4669,"Sidhu, Subramanian and Chakraborty",HOTEL_LODGING,3,26247.979999999996,8749.326666666666,1,0,0,0,0,0.3333333333333333,0.0,0.0
MCH4677,"Sethi, Bora and Karpe",STATIONERY,3,37283.11,12427.703333333333,1,0,0,0,0,0.3333333333333333,0.0,0.0
MCH4688,  Hora PLC  ,PHARMACY,3,27312.039999999997,13656.019999999999,1,0,0,3,0,0.3333333333333333,0.0,0.0
MCH4703,,,3,36819.189999999995,12273.063333333332,1,0,0,0,0,0.3333333333333333,0.0,0.0
MCH4714,,,3,43410.15,14470.050000000001,1,0,0,0,0,0.3333333333333333,0.0,0.0
MCH4735,,,3,46531.15,15510.383333333333,1,0,0,0,0,0.3333333333333333,0.0,0.0
MCH4739,Karpe-Doshi,GROCERY,3,29055.93,14527.965,1,0,0,0,0,0.3333333333333333,0.0,0.0
MCH4749,Sane-Kota,HOTEL_LODGING,3,27743.77,9247.923333333334,1,1,1,0,0,0.3333333333333333,0.3333333333333333,0.3333333333333333
MCH4753,,,3,49297.8,16432.600000000002,1,1,1,0,0,0.3333333333333333,0.3333333333333333,0.3333333333333333
MCH4801,  Bhargava-Basak  ,RETAIL,3,3774.0600000000004,1887.0300000000002,1,1,1,0,0,0.3333333333333333,0.3333333333333333,0.3333333333333333
MCH4803,,,3,85.49,85.49,1,1,1,0,0,0.3333333333333333,0.3333333333333333,0.3333333333333333
MCH4810,,,3,12981.85,12981.85,1,0,0,0,0,0.3333333333333333,0.0,0.0
MCH4846,arora-raghavan,MISC_RETAIL,3,19795.01,9897.505,1,0,0,0,0,0.3333333333333333,0.0,0.0
MCH4857,Sethi-Soni,TRANSPORT,3,59610.04,19870.013333333332,1,0,0,0,0,0.3333333333333333,0.0,0.0
MCH4859,VASA-RAJU,FOOD_SERVICES,3,17998.48,5999.493333333333,1,0,0,0,0,0.3333333333333333,0.0,0.0
MCH4865,,,3,42545.83,14181.943333333335,1,0,0,0,0,0.3333333333333333,0.0,0.0
MCH4948,Dass-Dhaliwal,FOOD_SERVICES,3,26014.0,8671.333333333334,1,0,0,0,0,0.3333333333333333,0.0,0.0
MCH4949,,,3,25198.33,12599.165,1,0,0,0,0,0.3333333333333333,0.0,0.0
MCH5000,Lad Group,MISC_RETAIL,3,37179.97,12393.323333333334,1,0,0,0,0,0.3333333333333333,0.0,0.0
MCH5002,,,3,33481.38,11160.46,1,0,0,0,0,0.3333333333333333,0.0,0.0
MCH5042,Narasimhan Ltd,HOTEL_LODGING,3,50313.26,16771.086666666666,1,0,0,0,0,0.3333333333333333,0.0,0.0
MCH5097,SATHE INC,DEPARTMENT STORE,3,30894.760000000002,10298.253333333334,1,1,1,0,3,0.3333333333333333,0.3333333333333333,0.3333333333333333
MCH5110,"anne, nayak and chada",DEPARTMENT STORE,3,51946.84,17315.61333333333,1,1,1,0,0,0.3333333333333333,0.3333333333333333,0.3333333333333333
MCH5125,Dave and Sons,FOOD_SERVICES,3,56574.87,18858.29,1,0,0,0,0,0.3333333333333333,0.0,0.0
MCH5135,kapoor ltd,APPAREL,3,27690.79,9230.263333333334,1,1,1,0,0,0.3333333333333333,0.3333333333333333,0.3333333333333333
MCH5137,Bath-Keer,TELECOM,3,42937.82,14312.606666666667,1,0,0,3,0,0.3333333333333333,0.0,0.0
MCH5139,,,3,43367.44,14455.813333333334,1,1,1,0,0,0.3333333333333333,0.3333333333333333,0.3333333333333333
MCH5151,Sachar-Lad,TRAVEL,3,38066.89,12688.963333333333,1,1,1,0,0,0.3333333333333333,0.3333333333333333,0.3333333333333333
MCH5155,,,3,25711.15,8570.383333333333,1,0,0,0,0,0.3333333333333333,0.0,0.0
MCH5176,"Samra,SampathandChaudhuri",TRAVEL,3,27116.72,9038.906666666668,1,0,0,0,0,0.3333333333333333,0.0,0.0
MCH5182,,,3,29307.76,14653.88,1,0,0,0,0,0.3333333333333333,0.0,0.0
MCH5200,  Saha PLC  ,TRANSPORT,3,68590.08,22863.36,1,0,0,0,0,0.3333333333333333,0.0,0.0
MCH5209,,,3,36336.450000000004,12112.150000000001,1,1,1,0,0,0.3333333333333333,0.3333333333333333,0.3333333333333333
MCH5216,,,3,27548.16,9182.72,1,1,1,0,0,0.3333333333333333,0.3333333333333333,0.3333333333333333
MCH5261,M0dy Gr0up,BOOKS,3,15161.46,5053.82,1,0,0,0,0,0.3333333333333333,0.0,0.0
MCH5297,,,3,41191.06,13730.353333333333,1,0,0,0,0,0.3333333333333333,0.0,0.0
MCH5314,,,3,20731.56,6910.52,1,1,1,0,0,0.3333333333333333,0.3333333333333333,0.3333333333333333
MCH5340,,,3,48899.98,16299.993333333334,1,0,0,0,0,0.3333333333333333,0.0,0.0
MCH5346,,,3,15784.759999999998,5261.586666666666,1,0,0,0,0,0.3333333333333333,0.0,0.0
MCH5387,Khatri Group,HOTEL_LODGING,3,30266.399999999998,15133.199999999999,1,0,0,0,0,0.3333333333333333,0.0,0.0
MCH5404,Cherian Group,HOTEL_LODGING,3,32629.95,10876.65,1,0,0,0,0,0.3333333333333333,0.0,0.0
MCH5431,,,3,27462.670000000002,9154.223333333333,1,1,1,0,0,0.3333333333333333,0.3333333333333333,0.3333333333333333
MCH5454,,,3,38525.020000000004,12841.673333333334,1,0,0,0,0,0.3333333333333333,0.0,0.0
MCH5467,"Kurian, Anne and Borra",MOBILE RECHARGE,3,39282.35,13094.116666666667,1,0,0,0,0,0.3333333333333333,0.0,0.0
MCH5476,Buch Group,PHARMACY,3,15593.529999999999,7796.764999999999,1,1,1,0,0,0.3333333333333333,0.3333333333333333,0.3333333333333333
MCH5485,,,3,39592.96,13197.653333333334,1,0,0,0,0,0.3333333333333333,0.0,0.0
MCH5491,,,3,9774.03,9774.03,1,0,0,0,0,0.3333333333333333,0.0,0.0
MCH5506,,,3,27787.379999999997,9262.46,1,0,0,0,0,0.3333333333333333,0.0,0.0
MCH5540,,,3,34285.64,11428.546666666667,1,0,0,0,0,0.3333333333333333,0.0,0.0
MCH5547,Chander-Menon,PHARMACY,3,39477.490000000005,19738.745000000003,1,0,0,0,0,0.3333333333333333,0.0,0.0
MCH5549,Bahri Ltd,FOOD_SERVICES,3,37891.72,12630.573333333334,1,0,0,0,0,0.3333333333333333,0.0,0.0
MCH5567,"Kibe, Halder and Saraf",PHARMACY,3,46294.71,15431.57,1,0,1,0,0,0.3333333333333333,0.0,0.3333333333333333
MCH5580,Chatterjee-Andra,TRAVEL,3,25518.47,12759.235,1,0,0,0,0,0.3333333333333333,0.0,0.0
MCH5608,raman-behl,FOOD_SERVICES,3,32650.499999999996,10883.499999999998,1,0,0,0,0,0.3333333333333333,0.0,0.0
MCH5611,"Bawa, Grewal and Chakrabarti",DEPARTMENT STORE,3,39174.95,13058.316666666666,1,1,1,0,0,0.3333333333333333,0.3333333333333333,0.3333333333333333
MCH5627,"SRIDHAR, YOGI AND PANCHAL",GROCERY,3,20008.489999999998,10004.244999999999,1,0,0,0,0,0.3333333333333333,0.0,0.0
MCH5643,,,3,-12914.220000000001,-6457.110000000001,1,1,1,0,0,0.3333333333333333,0.3333333333333333,0.3333333333333333
MCH5652,"Borde, Bhasin and Dua",GROCERY,3,42876.979999999996,14292.326666666666,1,0,0,0,0,0.3333333333333333,0.0,0.0
MCH5658,,,3,22945.03,7648.343333333333,1,0,0,0,0,0.3333333333333333,0.0,0.0
MCH5702,,,3,45146.91,15048.970000000001,1,0,0,0,0,0.3333333333333333,0.0,0.0
MCH5721,,,3,9702.36,3234.1200000000003,1,1,1,0,0,0.3333333333333333,0.3333333333333333,0.3333333333333333
MCH5725,,,3,23225.04,7741.68,1,1,1,0,0,0.3333333333333333,0.3333333333333333,0.3333333333333333
MCH5733,,,3,33834.22,11278.073333333334,1,0,0,0,0,0.3333333333333333,0.0,0.0
MCH5746,,,3,46316.71,15438.903333333334,1,0,0,0,0,0.3333333333333333,0.0,0.0
MCH5775,SRINIVAS LTD,DEPARTMENT STORE,3,13754.44,13754.44,1,0,0,0,0,0.3333333333333333,0.0,0.0
MCH5808,,,3,47169.57,15723.19,1,1,1,0,0,0.3333333333333333,0.3333333333333333,0.3333333333333333
MCH5826,,,3,21689.67,7229.889999999999,1,1,1,0,0,0.3333333333333333,0.3333333333333333,0.3333333333333333
MCH5840,,,3,22479.58,11239.79,1,0,0,0,0,0.3333333333333333,0.0,0.0
MCH5844,,,3,19975.29,6658.43,1,1,1,0,0,0.3333333333333333,0.3333333333333333,0.3333333333333333
MCH5897,Mutti-Doshi,MEDICAL_STORE,3,43230.05,14410.016666666668,1,1,1,0,0,0.3333333333333333,0.3333333333333333,0.3333333333333333
MCH5901,,,3,33881.28,16940.64,1,0,0,0,0,0.3333333333333333,0.0,0.0
MCH5920,,,3,52198.67,17399.556666666667,1,0,0,0,0,0.3333333333333333,0.0,0.0
MCH5921,,,3,38800.05,12933.35,1,1,1,0,0,0.3333333333333333,0.3333333333333333,0.3333333333333333
MCH5975,,,3,58798.51,19599.503333333334,1,1,1,0,0,0.3333333333333333,0.3333333333333333,0.3333333333333333
MCH6004,Raval and Sons,FOOD_SERVICES,3,42943.01,14314.336666666668,1,0,0,0,0,0.3333333333333333,0.0,0.0
MCH6023,DATTA PLC,GROCERY,3,47262.619999999995,15754.206666666665,1,0,0,0,0,0.3333333333333333,0.0,0.0
MCH6033,"Sama, Basak and Majumdar",OTHER,3,18466.09,18466.09,1,0,0,0,0,0.3333333333333333,0.0,0.0
MCH6051,"Prashad, Date and Sodhi",DEPARTMENT STORE,3,3572.31,1786.155,1,1,1,0,0,0.3333333333333333,0.3333333333333333,0.3333333333333333
MCH6068,,,3,17487.47,8743.735,1,1,1,0,0,0.3333333333333333,0.3333333333333333,0.3333333333333333
MCH6084,Gera-Patla,TRANSPORT,3,39586.14,19793.07,1,0,0,0,0,0.3333333333333333,0.0,0.0
MCH6090,Bahl-Ramanathan,HOTEL_LODGING,3,29620.62,14810.31,1,1,1,0,0,0.3333333333333333,0.3333333333333333,0.3333333333333333
MCH6097,MANNAN PLC,FOOD_SERVICES,3,21691.57,7230.5233333333335,1,0,0,0,0,0.3333333333333333,0.0,0.0
MCH6155,"Mukhopadhyay, Doshi and Gopal",GROCERY,3,48091.770000000004,16030.590000000002,1,1,1,0,0,0.3333333333333333,0.3333333333333333,0.3333333333333333
MCH6181,,,3,28746.23,9582.076666666666,1,0,0,0,0,0.3333333333333333,0.0,0.0
MCH6190,Pal Ltd,APPAREL,3,21793.39,10896.695,1,1,1,0,0,0.3333333333333333,0.3333333333333333,0.3333333333333333
MCH6214,,,3,28906.1,14453.05,1,1,1,0,0,0.3333333333333333,0.3333333333333333,0.3333333333333333
MCH6217,,,3,18375.53,6125.176666666666,1,0,0,0,0,0.3333333333333333,0.0,0.0
MCH6225,"LOYAL, MANDER AND AGRAWAL",GROCERY,3,10962.94,3654.3133333333335,1,0,0,0,0,0.3333333333333333,0.0,0.0
MCH6226,,,3,51107.590000000004,17035.863333333335,1,0,0,0,0,0.3333333333333333,0.0,0.0
MCH6228,"Kar, Agarwal and Karpe",FOOD_SERVICES,3,30369.72,10123.24,1,0,0,0,0,0.3333333333333333,0.0,0.0
MCH6253,,,3,28640.64,14320.32,1,1,1,0,0,0.3333333333333333,0.3333333333333333,0.3333333333333333
MCH6285,Kumer-Mane,HOTEL_LODGING,3,18967.079999999998,6322.36,1,1,1,0,0,0.3333333333333333,0.3333333333333333,0.3333333333333333
MCH6305,"Chakraborty,HansandSahota",TRANSPORT,3,34186.42,11395.473333333333,1,0,0,0,0,0.3333333333333333,0.0,0.0
MCH6311,,,3,11715.44,3905.146666666667,1,0,0,0,0,0.3333333333333333,0.0,0.0
MCH6322,,,3,31682.83,10560.943333333335,1,1,1,0,0,0.3333333333333333,0.3333333333333333,0.3333333333333333
MCH6330,,,3,5934.56,5934.56,1,0,0,0,0,0.3333333333333333,0.0,0.0
MCH6335,,,3,31193.92,15596.96,1,1,1,0,0,0.3333333333333333,0.3333333333333333,0.3333333333333333
MCH6364,,,3,26539.96,8846.653333333334,1,0,0,0,0,0.3333333333333333,0.0,0.0
MCH6378,,,3,19071.18,9535.59,1,0,0,0,0,0.3333333333333333,0.0,0.0
MCH6409,Wason and Sons,APPAREL,3,36191.3,12063.766666666668,1,0,0,0,0,0.3333333333333333,0.0,0.0
MCH6414,,,3,30455.719999999998,10151.906666666666,1,0,0,0,0,0.3333333333333333,0.0,0.0
MCH6418,  Doctor Ltd  ,HOTEL_LODGING,3,18613.22,9306.61,1,1,1,0,0,0.3333333333333333,0.3333333333333333,0.3333333333333333
MCH6435,,,3,17387.85,5795.95,1,1,1,0,0,0.3333333333333333,0.3333333333333333,0.3333333333333333
MCH6440,Taneja-Mahajan,DEPARTMENT STORE,3,54498.51,18166.170000000002,1,1,1,0,0,0.3333333333333333,0.3333333333333333,0.3333333333333333
MCH6442,,,3,41267.31,13755.769999999999,1,0,0,0,0,0.3333333333333333,0.0,0.0
MCH6458,,,3,18750.06,9375.03,1,0,0,0,0,0.3333333333333333,0.0,0.0
MCH6468,Golla-Murty,TRANSPORT,3,34973.990000000005,11657.996666666668,1,0,0,0,0,0.3333333333333333,0.0,0.0
MCH6484,,,3,32052.64,10684.213333333333,1,1,1,0,0,0.3333333333333333,0.3333333333333333,0.3333333333333333
MCH6498,Sankaran-Gupta,GROCERY,3,38279.45,12759.816666666666,1,0,0,0,0,0.3333333333333333,0.0,0.0
MCH6509,,,3,17642.84,17642.84,1,1,1,0,0,0.3333333333333333,0.3333333333333333,0.3333333333333333
MCH6536,,,3,17329.39,8664.695,1,0,0,0,0,0.3333333333333333,0.0,0.0
MCH6546,,,3,42981.2,14327.066666666666,1,0,0,0,0,0.3333333333333333,0.0,0.0
MCH6555,Tata-Bajwa,RETAIL,3,5398.07,5398.07,1,0,0,0,0,0.3333333333333333,0.0,0.0
MCH6567,,,3,43695.64,14565.213333333333,1,0,0,0,0,0.3333333333333333,0.0,0.0
MCH6621,,,3,45528.68000000001,15176.22666666667,1,0,0,0,0,0.3333333333333333,0.0,0.0
MCH6653,,,3,24757.43,8252.476666666667,1,0,0,0,0,0.3333333333333333,0.0,0.0
MCH6664,,,3,37860.34,12620.113333333333,1,0,0,0,0,0.3333333333333333,0.0,0.0
MCH6682,,,3,61925.31,20641.77,1,0,0,0,0,0.3333333333333333,0.0,0.0
MCH6687,,,3,42639.03,14213.01,1,1,1,0,0,0.3333333333333333,0.3333333333333333,0.3333333333333333
MCH6688,,,3,47361.64,15787.213333333333,1,1,1,0,0,0.3333333333333333,0.3333333333333333,0.3333333333333333
MCH6694,,,3,26454.18,8818.06,1,1,1,0,0,0.3333333333333333,0.3333333333333333,0.3333333333333333
MCH6698,,,3,33691.97,11230.656666666668,1,0,0,0,0,0.3333333333333333,0.0,0.0
MCH6717,,,3,26358.690000000002,8786.230000000001,1,1,1,0,0,0.3333333333333333,0.3333333333333333,0.3333333333333333
MCH6720,"dhingra, shukla and edwin",MEDICAL,3,56489.03,18829.676666666666,1,0,0,0,0,0.3333333333333333,0.0,0.0
MCH6734,,,3,24083.66,8027.886666666666,1,0,0,0,0,0.3333333333333333,0.0,0.0
MCH6740,,,3,26829.829999999998,8943.276666666667,1,0,0,0,0,0.3333333333333333,0.0,0.0
MCH6834,,,3,55449.2,18483.066666666666,1,1,1,0,0,0.3333333333333333,0.3333333333333333,0.3333333333333333
MCH6891,,,3,48757.7,16252.566666666666,1,0,0,0,0,0.3333333333333333,0.0,0.0
MCH6904,Master-Bhat,DEPARTMENT STORE,3,33848.619999999995,16924.309999999998,1,1,1,0,0,0.3333333333333333,0.3333333333333333,0.3333333333333333
MCH6909,,,3,34941.89,11647.296666666667,1,0,0,0,0,0.3333333333333333,0.0,0.0
MCH6917,"Deshmukh, Parmar and Lad",PHONE SERVICE,3,4267.4400000000005,2133.7200000000003,1,1,1,0,0,0.3333333333333333,0.3333333333333333,0.3333333333333333
MCH6974,Ramaswamy Ltd,DEPARTMENT STORE,3,11590.45,11590.45,1,0,0,0,0,0.3333333333333333,0.0,0.0
MCH6986,  Shetty Group  ,TELECOM,3,18897.78,9448.89,1,0,0,0,0,0.3333333333333333,0.0,0.0
MCH7024,gandhi-kunda,BOOKS,3,24730.27,8243.423333333334,1,1,1,0,0,0.3333333333333333,0.3333333333333333,0.3333333333333333
MCH7039,,,3,28668.940000000002,9556.313333333334,1,1,1,0,0,0.3333333333333333,0.3333333333333333,0.3333333333333333
MCH7058,"Biswas, Arya and Chaudhary",FOOD_SERVICES,3,34597.14,17298.57,1,0,0,0,0,0.3333333333333333,0.0,0.0
MCH7061,Grover and Sons,HOTEL_LODGING,3,42352.87,14117.623333333335,1,1,1,0,0,0.3333333333333333,0.3333333333333333,0.3333333333333333
MCH7068,,,3,10160.509999999998,5080.254999999999,1,1,1,0,0,0.3333333333333333,0.3333333333333333,0.3333333333333333
MCH7109,,,3,17605.92,5868.639999999999,1,0,0,0,0,0.3333333333333333,0.0,0.0
MCH7183,,,3,71273.07,23757.690000000002,1,0,0,0,0,0.3333333333333333,0.0,0.0
MCH7213,,,3,18837.47,9418.735,1,1,1,0,0,0.3333333333333333,0.3333333333333333,0.3333333333333333
MCH7261,,,3,50081.05,16693.683333333334,1,1,1,0,0,0.3333333333333333,0.3333333333333333,0.3333333333333333
MCH7341,VARUGHESE INC,HOTEL_LODGING,3,34160.5,17080.25,1,0,0,0,0,0.3333333333333333,0.0,0.0
MCH7349,,,3,22458.25,7486.083333333333,1,1,1,0,0,0.3333333333333333,0.3333333333333333,0.3333333333333333
MCH7371,"Ghose, Handa and Golla",MEDICAL_STORE,3,29319.07,14659.535,1,1,1,0,0,0.3333333333333333,0.3333333333333333,0.3333333333333333
MCH7390,,,3,41603.57,13867.856666666667,1,1,1,0,0,0.3333333333333333,0.3333333333333333,0.3333333333333333
MCH7396,,,3,30437.039999999997,10145.679999999998,1,1,1,0,0,0.3333333333333333,0.3333333333333333,0.3333333333333333
MCH7408,Bala Group,MISC_RETAIL,3,41807.95,13935.983333333332,1,1,1,0,0,0.3333333333333333,0.3333333333333333,0.3333333333333333
MCH7415,,,3,31922.07,15961.035,1,1,1,0,0,0.3333333333333333,0.3333333333333333,0.3333333333333333
MCH7424,,,3,20371.65,6790.55,1,1,1,0,0,0.3333333333333333,0.3333333333333333,0.3333333333333333
MCH7438,,,3,59249.66,19749.88666666667,1,1,1,0,0,0.3333333333333333,0.3333333333333333,0.3333333333333333
MCH7441,,,3,20684.57,6894.856666666667,1,1,1,0,0,0.3333333333333333,0.3333333333333333,0.3333333333333333
MCH7461,,,3,17037.62,8518.81,1,0,0,0,0,0.3333333333333333,0.0,0.0
MCH7481,,,3,37966.45,12655.483333333332,1,1,1,0,0,0.3333333333333333,0.3333333333333333,0.3333333333333333
MCH7488,,,3,51812.479999999996,17270.826666666664,1,0,0,0,0,0.3333333333333333,0.0,0.0
MCH7493,Sachdeva-Pillai,APPAREL,3,33055.14,11018.38,1,0,0,3,0,0.3333333333333333,0.0,0.0
MCH7497,,,3,28112.28,14056.14,1,1,1,0,0,0.3333333333333333,0.3333333333333333,0.3333333333333333
MCH7499,,,3,43771.68,14590.56,1,0,0,0,0,0.3333333333333333,0.0,0.0
MCH7535,,,3,57394.47,19131.49,1,0,0,0,0,0.3333333333333333,0.0,0.0
MCH7553,,,3,27739.620000000003,13869.810000000001,1,1,1,0,0,0.3333333333333333,0.3333333333333333,0.3333333333333333
MCH7571,,,3,17589.8,5863.266666666666,1,0,0,0,0,0.3333333333333333,0.0,0.0
MCH7578,,,3,35438.91,11812.970000000001,1,0,0,0,0,0.3333333333333333,0.0,0.0
MCH7588,,,3,15573.12,7786.56,1,1,1,0,0,0.3333333333333333,0.3333333333333333,0.3333333333333333
MCH7606,  Chaudhari-Raman  ,MISC_RETAIL,3,21259.05,10629.525,1,0,0,0,0,0.3333333333333333,0.0,0.0
MCH7631,Chawla-Ganesh,TRAVEL,3,7180.73,2393.5766666666664,1,0,0,0,0,0.3333333333333333,0.0,0.0
MCH7639,Guha and Sons,APPAREL,3,35180.9,11726.966666666667,1,1,1,0,0,0.3333333333333333,0.3333333333333333,0.3333333333333333
MCH7649,,,3,37177.9,18588.95,1,0,0,0,0,0.3333333333333333,0.0,0.0
MCH7651,  Sur Inc  ,MEDICAL,3,2827.8599999999997,1413.9299999999998,1,0,0,0,0,0.3333333333333333,0.0,0.0
MCH7669,,,3,30613.489999999998,10204.496666666666,1,1,1,0,0,0.3333333333333333,0.3333333333333333,0.3333333333333333
MCH7683,,,3,41316.89,13772.296666666667,1,1,1,0,0,0.3333333333333333,0.3333333333333333,0.3333333333333333
MCH7691,,,3,28069.239999999998,9356.413333333332,1,1,1,0,0,0.3333333333333333,0.3333333333333333,0.3333333333333333
MCH7713,,,3,-3755.579999999998,-1251.8599999999994,1,0,0,0,0,0.3333333333333333,0.0,0.0
MCH7750,"Rama, Garde and Ravi",TRAVEL,3,40599.96,13533.32,1,0,0,0,0,0.3333333333333333,0.0,0.0
MCH7781,,,3,51425.1,17141.7,1,0,0,0,0,0.3333333333333333,0.0,0.0
MCH7782,,,3,20630.75,6876.916666666667,1,0,0,0,0,0.3333333333333333,0.0,0.0
MCH7795,Maharaj PLC,FOOD_SERVICES,3,26783.04,13391.52,1,1,1,0,0,0.3333333333333333,0.3333333333333333,0.3333333333333333
MCH7797,,,3,45046.74,15015.58,1,0,0,0,0,0.3333333333333333,0.0,0.0
MCH7830,Narayanan-Barad,PHARMACY,3,60983.47,20327.823333333334,1,0,0,3,0,0.3333333333333333,0.0,0.0
MCH7846,,,3,49412.26,16470.753333333334,1,0,0,0,0,0.3333333333333333,0.0,0.0
MCH7869,,,3,21532.51,7177.503333333333,1,0,0,0,0,0.3333333333333333,0.0,0.0
MCH7891,BAKSHI PLC,GROCERY,3,37425.3,18712.65,1,0,0,0,0,0.3333333333333333,0.0,0.0
MCH7894,,,3,23907.559999999998,7969.186666666666,1,1,1,0,0,0.3333333333333333,0.3333333333333333,0.3333333333333333
MCH7924,,,3,28834.300000000003,9611.433333333334,1,1,1,0,0,0.3333333333333333,0.3333333333333333,0.3333333333333333
MCH7936,,,3,53183.42,17727.806666666667,1,0,0,0,0,0.3333333333333333,0.0,0.0
MCH7967,Datta LLC,MOBILE RECHARGE,3,26121.090000000004,8707.03,1,0,0,0,0,0.3333333333333333,0.0,0.0
MCH8002,,,3,36080.34,12026.779999999999,1,1,1,0,0,0.3333333333333333,0.3333333333333333,0.3333333333333333
MCH8027,,,3,61084.85,20361.616666666665,1,1,1,0,0,0.3333333333333333,0.3333333333333333,0.3333333333333333
MCH8086,  Contractor-Narain  ,FOOD_SERVICES,3,4383.51,2191.755,1,1,1,0,0,0.3333333333333333,0.3333333333333333,0.3333333333333333
MCH8100,,,3,33662.85,11220.949999999999,1,0,0,0,0,0.3333333333333333,0.0,0.0
MCH8112,,,3,30154.11,10051.37,1,0,0,0,0,0.3333333333333333,0.0,0.0
MCH8122,,,3,11725.529999999999,5862.764999999999,1,0,0,0,0,0.3333333333333333,0.0,0.0
MCH8123,,,3,23229.45,7743.150000000001,1,0,0,0,0,0.3333333333333333,0.0,0.0
MCH8132,VENKATARAMAN-YADAV,BOOKS,3,37907.64,12635.88,1,0,0,0,0,0.3333333333333333,0.0,0.0
MCH8162,,,3,27950.6,9316.866666666667,1,0,0,0,0,0.3333333333333333,0.0,0.0
MCH8165,,,3,36789.770000000004,12263.256666666668,1,0,0,0,0,0.3333333333333333,0.0,0.0
MCH8173,,,3,45012.36,15004.12,1,0,0,0,0,0.3333333333333333,0.0,0.0
MCH8180,,,3,24589.260000000002,8196.42,1,0,0,0,0,0.3333333333333333,0.0,0.0
MCH8185,,,3,22053.2,7351.066666666667,1,0,0,0,0,0.3333333333333333,0.0,0.0
MCH8186,,,3,23837.739999999998,11918.869999999999,1,0,0,0,0,0.3333333333333333,0.0,0.0
MCH8214,,,3,44160.340000000004,14720.113333333335,1,0,0,0,0,0.3333333333333333,0.0,0.0
MCH8225,Bedi-Date,OTHER,3,1227.0599999999977,409.01999999999924,1,1,1,0,0,0.3333333333333333,0.3333333333333333,0.3333333333333333
MCH8249,,,3,34056.07,11352.023333333333,1,1,1,0,0,0.3333333333333333,0.3333333333333333,0.3333333333333333
MCH8255,Sastry Group,PHARMACY,3,47090.23,15696.743333333334,1,1,1,0,0,0.3333333333333333,0.3333333333333333,0.3333333333333333
MCH8269,,,3,26197.37,8732.456666666667,1,1,1,0,0,0.3333333333333333,0.3333333333333333,0.3333333333333333
MCH8275,,,3,23577.18,11788.59,1,0,0,0,0,0.3333333333333333,0.0,0.0
MCH8276,"Kakar, Handa and Sachdeva",FOOD_SERVICES,3,41926.21,20963.105,1,1,1,0,0,0.3333333333333333,0.3333333333333333,0.3333333333333333
MCH8306,Magar-Gaba,TRANSPORT,3,3196.22,3196.22,1,0,0,0,0,0.3333333333333333,0.0,0.0
MCH8307,,,3,14280.960000000001,4760.320000000001,1,1,1,0,0,0.3333333333333333,0.3333333333333333,0.3333333333333333
MCH8313,,,3,42011.03,14003.676666666666,1,0,0,0,0,0.3333333333333333,0.0,0.0
MCH8343,,,3,50991.299999999996,16997.1,1,0,0,0,0,0.3333333333333333,0.0,0.0
MCH8350,,,3,54274.87,18091.623333333333,1,1,1,0,0,0.3333333333333333,0.3333333333333333,0.3333333333333333
MCH8354,,,3,33383.61,11127.87,1,1,1,0,0,0.3333333333333333,0.3333333333333333,0.3333333333333333
MCH8358,Sarna-Singh,APPAREL,3,26921.47,8973.823333333334,1,1,1,3,0,0.3333333333333333,0.3333333333333333,0.3333333333333333
MCH8394,,,3,35873.49,11957.83,1,0,0,0,0,0.3333333333333333,0.0,0.0
MCH8396,,,3,44192.38,14730.793333333333,1,0,0,0,0,0.3333333333333333,0.0,0.0
MCH8407,Dey Group,TRANSPORT,3,22398.98,11199.49,1,0,0,0,0,0.3333333333333333,0.0,0.0
MCH8410,Kade LLC,GROCERY,3,45615.490000000005,15205.163333333336,1,0,0,0,0,0.3333333333333333,0.0,0.0
MCH8429,,,3,14164.39,7082.195,1,0,0,0,0,0.3333333333333333,0.0,0.0
MCH8452,,,3,13206.18,13206.18,1,0,0,0,0,0.3333333333333333,0.0,0.0
MCH8456,Srinivasan and Sons,GROCERY,3,18651.77,6217.256666666667,1,0,0,0,0,0.3333333333333333,0.0,0.0
MCH8463,,,3,50122.600000000006,16707.533333333336,1,0,0,0,0,0.3333333333333333,0.0,0.0
MCH8488,,,3,38953.31,12984.436666666666,1,0,1,0,0,0.3333333333333333,0.0,0.3333333333333333
MCH8501,Koshy-Mukherjee,HOTEL_LODGING,3,36448.15,12149.383333333333,1,1,1,0,0,0.3333333333333333,0.3333333333333333,0.3333333333333333
MCH8527,  Tella-Mani  ,PHARMACY,3,47970.88,15990.293333333333,1,0,0,0,0,0.3333333333333333,0.0,0.0
MCH8540,Tiwari Ltd,OTHER,3,26648.96,8882.986666666666,1,1,1,0,3,0.3333333333333333,0.3333333333333333,0.3333333333333333
MCH8575,"Doctor, Merchant and Bhatti",TELECOM,3,19751.190000000002,6583.7300000000005,1,1,1,0,0,0.3333333333333333,0.3333333333333333,0.3333333333333333
MCH8618,,,3,-8013.329999999998,-2671.109999999999,1,0,0,0,0,0.3333333333333333,0.0,0.0
MCH8624,Kannan-Mital,PHARMACY,3,67665.87,22555.289999999997,1,1,1,0,0,0.3333333333333333,0.3333333333333333,0.3333333333333333
MCH8659,,,3,49007.64,16335.88,1,0,0,0,0,0.3333333333333333,0.0,0.0
MCH8668,,,3,6698.4800000000005,2232.826666666667,1,1,1,0,0,0.3333333333333333,0.3333333333333333,0.3333333333333333
MCH8671,,,3,367.15999999999985,183.57999999999993,1,0,0,0,0,0.3333333333333333,0.0,0.0
MCH8689,,,3,19137.609999999997,6379.203333333332,1,1,1,0,0,0.3333333333333333,0.3333333333333333,0.3333333333333333
MCH8712,,,3,34204.3,11401.433333333334,1,1,1,0,0,0.3333333333333333,0.3333333333333333,0.3333333333333333
MCH8714,GuptaGroup,PHARMACY,3,51468.34,17156.11333333333,1,0,0,3,0,0.3333333333333333,0.0,0.0
MCH8756,,,3,21945.739999999998,10972.869999999999,1,1,1,0,0,0.3333333333333333,0.3333333333333333,0.3333333333333333
MCH8775,Bakshi-Shah,APPAREL,3,27190.34,9063.446666666667,1,0,0,0,0,0.3333333333333333,0.0,0.0
MCH8805,bose inc,APPAREL,3,28111.010000000002,14055.505000000001,1,1,1,0,0,0.3333333333333333,0.3333333333333333,0.3333333333333333
MCH8813,Dey-Dua,FOOD_SERVICES,3,26285.550000000003,8761.85,1,0,0,0,0,0.3333333333333333,0.0,0.0
MCH8820,"Sarkar, Arya and Chand",TRANSPORT,3,38257.770000000004,12752.590000000002,1,0,0,0,0,0.3333333333333333,0.0,0.0
MCH8823,SUBRAMANIAN INC,APPAREL,3,55283.899999999994,18427.966666666664,1,0,0,3,0,0.3333333333333333,0.0,0.0
MCH8905,,,3,32408.83,10802.943333333335,1,0,0,0,0,0.3333333333333333,0.0,0.0
MCH8911,Bava LLC,BOOKS,3,12616.32,6308.16,1,0,0,0,0,0.3333333333333333,0.0,0.0
MCH8935,tella-bawa,TRANSPORT,3,32384.49,10794.83,1,0,0,0,0,0.3333333333333333,0.0,0.0
MCH8960,,,3,41123.28,13707.76,1,1,1,0,0,0.3333333333333333,0.3333333333333333,0.3333333333333333
MCH9038,"Dara, Pai and Saxena",APPAREL,3,48392.98,16130.993333333334,1,1,1,0,0,0.3333333333333333,0.3333333333333333,0.3333333333333333
MCH9101,Pal-Ramesh,TRANSPORT,3,44854.57,14951.523333333333,1,0,0,0,0,0.3333333333333333,0.0,0.0
MCH9108,,,3,21953.56,7317.8533333333335,1,0,0,0,0,0.3333333333333333,0.0,0.0
MCH9140,  Dugar-Uppal  ,GROCERY,3,35281.909999999996,11760.636666666665,1,0,0,0,0,0.3333333333333333,0.0,0.0
MCH9164,MITAL AND SONS,APPAREL,3,-966.3500000000022,-322.1166666666674,1,1,1,0,0,0.3333333333333333,0.3333333333333333,0.3333333333333333
MCH9204,,,3,50744.85,16914.95,1,0,0,0,0,0.3333333333333333,0.0,0.0
MCH9209,,,3,42899.57,21449.785,1,0,0,0,0,0.3333333333333333,0.0,0.0
MCH9219,  Baria Inc  ,TELECOM,3,30989.11,15494.555,1,1,1,0,0,0.3333333333333333,0.3333333333333333,0.3333333333333333
MCH9221,,,3,27105.26,13552.63,1,0,0,0,0,0.3333333333333333,0.0,0.0
MCH9248,,,3,43565.46,14521.82,1,0,0,0,0,0.3333333333333333,0.0,0.0
MCH9264,,,3,8429.29,4214.645,1,0,0,0,0,0.3333333333333333,0.0,0.0
MCH9274,,,3,43609.78,14536.593333333332,1,0,0,0,0,0.3333333333333333,0.0,0.0
MCH9309,,,3,58597.05,19532.350000000002,1,1,1,0,0,0.3333333333333333,0.3333333333333333,0.3333333333333333
MCH9320,Char Inc,GROCERY,3,26317.579999999998,13158.789999999999,1,1,1,0,0,0.3333333333333333,0.3333333333333333,0.3333333333333333
MCH9341,,,3,45908.47,15302.823333333334,1,1,1,0,0,0.3333333333333333,0.3333333333333333,0.3333333333333333
MCH9352,Chaudhary-Munshi,HOTEL_LODGING,3,23019.0,11509.5,1,0,0,0,0,0.3333333333333333,0.0,0.0
MCH9384,,,3,20725.76,10362.88,1,0,0,0,0,0.3333333333333333,0.0,0.0
MCH9435,,,3,46982.32,15660.773333333333,1,1,1,0,0,0.3333333333333333,0.3333333333333333,0.3333333333333333
MCH9476,Sama PLC,FOOD_SERVICES,3,22711.86,7570.62,1,0,0,0,0,0.3333333333333333,0.0,0.0
MCH9479,,,3,4786.45,1595.4833333333333,1,0,0,0,0,0.3333333333333333,0.0,0.0
MCH9526,,,3,24149.39,8049.796666666666,1,0,0,0,0,0.3333333333333333,0.0,0.0
MCH9535,,,3,19775.210000000003,6591.736666666668,1,0,0,0,0,0.3333333333333333,0.0,0.0
MCH9558,,,3,41122.590000000004,13707.53,1,0,0,0,0,0.3333333333333333,0.0,0.0
MCH9559,Randhawa-Mody,APPAREL,3,48023.46,16007.82,1,0,0,0,0,0.3333333333333333,0.0,0.0
MCH9563,"Singh, Issac and Murty",TRAVEL,3,46418.55,15472.85,1,0,0,0,0,0.3333333333333333,0.0,0.0
MCH9578,,,3,33037.07,16518.535,1,1,1,0,0,0.3333333333333333,0.3333333333333333,0.3333333333333333
MCH9588,,,3,33030.89,11010.296666666667,1,1,1,0,0,0.3333333333333333,0.3333333333333333,0.3333333333333333
MCH9593,Varty-Lala,BOOKS,3,34065.29,11355.096666666666,1,0,0,0,0,0.3333333333333333,0.0,0.0
MCH9596,,,3,9190.169999999998,4595.084999999999,1,1,1,0,0,0.3333333333333333,0.3333333333333333,0.3333333333333333
MCH9610,,,3,49086.69,16362.230000000001,1,0,0,0,0,0.3333333333333333,0.0,0.0
MCH9617,,,3,16704.07,5568.0233333333335,1,1,1,0,0,0.3333333333333333,0.3333333333333333,0.3333333333333333
MCH9621,,,3,15718.31,7859.155,1,0,0,0,0,0.3333333333333333,0.0,0.0
MCH9642,,,3,34016.15,11338.716666666667,1,0,0,0,0,0.3333333333333333,0.0,0.0
MCH9645,,,3,30266.05,15133.025,1,1,1,0,0,0.3333333333333333,0.3333333333333333,0.3333333333333333
MCH9681,Bawa PLC,APPAREL,3,20988.6,6996.2,1,0,0,0,0,0.3333333333333333,0.0,0.0
MCH9693,,,3,2030.93,2030.93,1,0,0,0,0,0.3333333333333333,0.0,0.0
MCH9739,"Gupta, Bhatia and Dhillon",TRANSPORT,3,36120.94,12040.313333333334,1,1,1,0,0,0.3333333333333333,0.3333333333333333,0.3333333333333333
MCH9740,Jain and Sons,FOOD_SERVICES,3,47350.67,15783.556666666665,1,1,1,0,0,0.3333333333333333,0.3333333333333333,0.3333333333333333
MCH9745,"Datta, Kibe and Barad",PHARMACY,3,21646.16,10823.08,1,1,1,3,0,0.3333333333333333,0.3333333333333333,0.3333333333333333
MCH9749,Virk Ltd,TRANSPORT,3,18459.31,6153.1033333333335,1,1,1,0,0,0.3333333333333333,0.3333333333333333,0.3333333333333333
MCH9759,,,3,20966.94,6988.98,1,0,0,0,0,0.3333333333333333,0.0,0.0
MCH9766,,,3,21628.04,7209.346666666667,1,0,0,0,0,0.3333333333333333,0.0,0.0
MCH9776,,,3,19218.78,6406.259999999999,1,0,0,0,0,0.3333333333333333,0.0,0.0
MCH9777,,,3,33562.950000000004,11187.650000000001,1,0,0,0,0,0.3333333333333333,0.0,0.0
MCH9778,"chandra, subramanian and borde",BOOKS,3,31587.219999999998,10529.073333333332,1,1,1,0,0,0.3333333333333333,0.3333333333333333,0.3333333333333333
MCH9785,Nagarajan PLC,APPAREL,3,39643.06,13214.353333333333,1,0,0,0,0,0.3333333333333333,0.0,0.0
MCH9796,,,3,-1827.6599999999999,-609.2199999999999,1,0,0,0,0,0.3333333333333333,0.0,0.0
MCH9804,Bhasin-Peri,DEPARTMENT STORE,3,34492.09,11497.363333333333,1,0,0,3,0,0.3333333333333333,0.0,0.0
MCH9814,Sekhon-Luthra,GROCERY,3,18196.190000000002,6065.396666666667,1,0,0,0,0,0.3333333333333333,0.0,0.0
MCH9865,Minhas PLC,BOOKS,3,8627.679999999998,2875.893333333333,1,0,0,0,0,0.3333333333333333,0.0,0.0
MCH9877,Borra and Sons,TELECOM,3,37784.52,18892.26,1,0,0,0,0,0.3333333333333333,0.0,0.0
MCH9886,,,3,65479.8,21826.600000000002,1,0,0,0,0,0.3333333333333333,0.0,0.0
MCH9944,"Parikh, Mutti and Saha",TRANSPORT,3,67083.1,22361.033333333336,1,0,0,0,0,0.3333333333333333,0.0,0.0
MCH9959,,,3,44072.97,14690.99,1,0,0,0,0,0.3333333333333333,0.0,0.0
MCH9969,Tiwari and Sons,BOOKS,3,16660.98,5553.66,1,0,0,0,0,0.3333333333333333,0.0,0.0
MCH9996,Kala-Nadkarni,APPAREL,3,34297.79,11432.596666666666,1,1,1,0,0,0.3333333333333333,0.3333333333333333,0.3333333333333333
MCH1113,,,7,67274.25,11212.375,2,1,1,0,0,0.2857142857142857,0.14285714285714285,0.14285714285714285
MCH1971,"Batta, Lal and Wason",APPAREL,7,66443.38,9491.91142857143,2,1,1,0,0,0.2857142857142857,0.14285714285714285,0.14285714285714285
MCH5188,"Dube, Nair and Datta",TRANSPORT,7,19507.060000000005,3901.412000000001,2,1,1,0,7,0.2857142857142857,0.14285714285714285,0.14285714285714285
MCH5542,,,7,107239.23,15319.89,2,1,1,0,7,0.2857142857142857,0.14285714285714285,0.14285714285714285
MCH7119,,,7,99939.03,16656.505,2,2,2,0,0,0.2857142857142857,0.2857142857142857,0.2857142857142857
MCH8130,"Kale, Kumer and Chand",DEPARTMENT STORE,7,60145.409999999996,10024.234999999999,2,0,0,0,0,0.2857142857142857,0.0,0.0
MCH8424,,,7,82625.27,11803.61,2,1,1,0,0,0.2857142857142857,0.14285714285714285,0.14285714285714285
MCH8903,Keer-Sagar,GROCERY,7,87577.11,14596.185,2,1,1,0,7,0.2857142857142857,0.14285714285714285,0.14285714285714285
MCH9115,,,7,39447.06,9861.765,2,1,1,0,0,0.2857142857142857,0.14285714285714285,0.14285714285714285
MCH1898,,,8,68429.93,9775.704285714284,2,1,1,0,0,0.25,0.125,0.125
MCH7697,,,8,114188.04000000001,14273.505000000001,2,0,0,0,8,0.25,0.0,0.0
MCH9509,,,8,107375.12,13421.89,2,1,1,0,0,0.25,0.125,0.125
MCH1011,Wable and Sons,GROCERY,4,33571.21,11190.403333333334,1,0,0,0,0,0.25,0.0,0.0
MCH1058,"Vyas,VirkandDatta",DEPARTMENT STORE,4,53848.59,13462.1475,1,1,1,0,0,0.25,0.25,0.25
MCH1064,Mishra-Badami,BOOKS,4,45617.229999999996,15205.743333333332,1,0,0,0,0,0.25,0.0,0.0
MCH1070,Pandya PLC,MISC_RETAIL,4,38695.4,9673.85,1,0,0,0,0,0.25,0.0,0.0
MCH1078,,,4,22954.649999999998,7651.549999999999,1,0,0,0,0,0.25,0.0,0.0
MCH1115,Nadkarni LLC,TRANSPORT,4,54465.7,13616.425,1,0,0,0,0,0.25,0.0,0.0
MCH1129,,,4,32213.09,8053.2725,1,0,0,0,0,0.25,0.0,0.0
MCH1157,,,4,36882.14,9220.535,1,0,0,0,0,0.25,0.0,0.0
MCH1160,,,4,13932.859999999999,3483.2149999999997,1,0,0,0,0,0.25,0.0,0.0
MCH1166,,,4,52551.159999999996,13137.789999999999,1,0,0,0,0,0.25,0.0,0.0
MCH1176,,,4,53225.83,17741.943333333333,1,1,1,0,0,0.25,0.25,0.25
MCH1182,,,4,51322.15,17107.383333333335,1,0,0,0,0,0.25,0.0,0.0
MCH1297,Luthra and Sons,GROCERY,4,43175.5,14391.833333333334,1,0,0,0,0,0.25,0.0,0.0
MCH1301,,,4,33765.340000000004,11255.113333333335,1,0,0,0,0,0.25,0.0,0.0
MCH1302,,,4,48492.11,16164.036666666667,1,1,1,0,0,0.25,0.25,0.25
MCH1307,,,4,21985.800000000003,5496.450000000001,1,0,0,0,0,0.25,0.0,0.0
MCH1310,,,4,68337.89,17084.4725,1,1,1,0,0,0.25,0.25,0.25
MCH1325,,,4,35778.369999999995,8944.592499999999,1,1,1,0,0,0.25,0.25,0.25
MCH1327,GandhiPLC,APPAREL,4,54132.119999999995,13533.029999999999,1,0,0,0,0,0.25,0.0,0.0
MCH1346,,,4,39578.06,9894.515,1,0,0,0,0,0.25,0.0,0.0
MCH1384,THAKUR-BEN,TELECOM,4,46943.490000000005,11735.872500000001,1,0,0,0,0,0.25,0.0,0.0
MCH1476,,,4,60365.39,15091.3475,1,1,1,0,0,0.25,0.25,0.25
MCH1490,,,4,51043.369999999995,12760.842499999999,1,0,0,0,0,0.25,0.0,0.0
MCH1493,"Kar, Nath and Koshy",BOOKS,4,77540.66,19385.165,1,0,0,0,0,0.25,0.0,0.0
MCH1498,Deo-Mand,MISC_RETAIL,4,57442.9,14360.725,1,0,0,0,0,0.25,0.0,0.0
MCH1501,Anand-Bhatt,TELECOM,4,44658.56,14886.186666666666,1,0,0,0,0,0.25,0.0,0.0
MCH1509,"Rajan, Dash and Bora",TRANSPORT,4,72005.99,18001.4975,1,0,0,4,0,0.25,0.0,0.0
MCH1545,,,4,26339.5,8779.833333333334,1,0,0,0,0,0.25,0.0,0.0
MCH1618,Muni Ltd,FOOD_SERVICES,4,68177.61,17044.4025,1,1,1,0,0,0.25,0.25,0.25
MCH1625,HandaLLC,MEDICAL_STORE,4,24980.01,6245.0025,1,0,0,0,0,0.25,0.0,0.0
MCH1657,"Kaur, Sandhu and Shanker",APPAREL,4,48310.52,12077.63,1,0,0,0,0,0.25,0.0,0.0
MCH1710,"Tara, Dash and Pau",PHARMACY,4,58852.42,14713.105,1,1,1,0,0,0.25,0.25,0.25
MCH1716,,,4,42334.07,14111.356666666667,1,0,0,0,0,0.25,0.0,0.0
MCH1769,"Sekhon, Goswami and Rajan",TELECOM,4,29148.46,9716.153333333334,1,0,0,0,0,0.25,0.0,0.0
MCH1795,,,4,20649.67,5162.4175,1,0,0,0,0,0.25,0.0,0.0
MCH1847,,,4,68076.14,17019.035,1,0,0,0,0,0.25,0.0,0.0
MCH1869,,,4,71550.66,17887.665,1,0,0,0,0,0.25,0.0,0.0
MCH1895,,,4,53635.09,13408.7725,1,1,1,0,0,0.25,0.25,0.25
MCH1908,"RAGHAVAN, BADAMI AND MANI",STATIONERY,4,44839.58,11209.895,1,0,0,0,0,0.25,0.0,0.0
MCH1917,"Chowdhury, Krishna and Rajagopal",APPAREL,4,48256.100000000006,12064.025000000001,1,1,1,4,0,0.25,0.25,0.25
MCH1937,,,4,59119.6,14779.9,1,1,1,0,0,0.25,0.25,0.25
MCH1960,Bail-Chand,GROCERY,4,31213.53,10404.51,1,0,0,0,0,0.25,0.0,0.0
MCH1990,Mitra PLC,HOTEL_LODGING,4,16933.94,5644.6466666666665,1,0,0,0,0,0.25,0.0,0.0
MCH1993,DHALIWAL PLC,TELECOM,4,11371.91,5685.955,1,0,0,0,0,0.25,0.0,0.0
MCH2002,,,4,76617.24,19154.31,1,0,0,0,0,0.25,0.0,0.0
MCH2010,,,4,45893.020000000004,15297.673333333334,1,0,0,0,0,0.25,0.0,0.0
MCH2049,,,4,55502.009999999995,13875.502499999999,1,0,0,0,0,0.25,0.0,0.0
MCH2061,,,4,64986.69,16246.6725,1,0,0,0,0,0.25,0.0,0.0
MCH2076,Chad Ltd,BOOKS,4,65670.48999999999,16417.622499999998,1,0,0,0,0,0.25,0.0,0.0
MCH2099,"tara, date and thakur",TRANSPORT,4,52118.18,17372.726666666666,1,0,0,0,0,0.25,0.0,0.0
MCH2270,,,4,48727.52,12181.88,1,0,0,0,0,0.25,0.0,0.0
MCH2321,,,4,29139.92,7284.98,1,0,0,0,0,0.25,0.0,0.0
MCH2322,,,4,62050.69,15512.6725,1,0,0,0,0,0.25,0.0,0.0
MCH2329,,,4,32029.129999999997,10676.376666666665,1,1,1,0,0,0.25,0.25,0.25
MCH2337,,,4,57744.740000000005,14436.185000000001,1,0,0,0,0,0.25,0.0,0.0
MCH2338,,,4,42207.630000000005,10551.907500000001,1,0,0,0,0,0.25,0.0,0.0
MCH2376,"Lata, Krishnamurthy and Lal",RETAIL,4,6426.34,2142.1133333333332,1,0,0,0,0,0.25,0.0,0.0
MCH2448,,,4,34721.270000000004,8680.317500000001,1,0,0,0,0,0.25,0.0,0.0
MCH2479,,,4,21777.940000000002,7259.313333333334,1,0,0,0,0,0.25,0.0,0.0
MCH2519,,,4,70582.42,17645.605,1,0,0,0,0,0.25,0.0,0.0
MCH2568,"Dhaliwal, Bhat and Sarin",GROCERY,4,69784.44,17446.11,1,0,0,0,0,0.25,0.0,0.0
MCH2574,Bala and Sons,APPAREL,4,49673.65,12418.4125,1,0,0,4,0,0.25,0.0,0.0
MCH2587,,,4,39959.3,13319.766666666668,1,1,1,0,0,0.25,0.25,0.25
MCH2632,Agate-Gandhi,DEPARTMENT STORE,4,8198.75,4099.375,1,1,1,0,0,0.25,0.25,0.25
MCH2692,,,4,36354.47,18177.235,1,0,0,0,0,0.25,0.0,0.0
MCH2769,sehgal plc,TELECOM,4,52951.55,13237.8875,1,0,0,0,0,0.25,0.0,0.0
MCH2812,,,4,38087.65,9521.9125,1,0,0,0,0,0.25,0.0,0.0
MCH2835,,,4,26714.43,6678.6075,1,0,0,0,0,0.25,0.0,0.0
MCH2850,  Reddy-Kara  ,TRANSPORT,4,42223.32,10555.83,1,0,0,0,0,0.25,0.0,0.0
MCH2860,Ahluwalia Ltd,HOTEL_LODGING,4,85979.54000000001,21494.885000000002,1,1,1,0,0,0.25,0.25,0.25
MCH2880,,,4,46672.05,15557.35,1,0,0,0,0,0.25,0.0,0.0
MCH2902,"Narang, Varghese and Sur",TRANSPORT,4,63555.11,15888.7775,1,1,1,0,0,0.25,0.25,0.25
MCH2924,Chaudhary-Dugar,STATIONERY,4,56484.03,18828.01,1,0,0,0,0,0.25,0.0,0.0
MCH2961,,,4,25932.42,6483.105,1,0,0,0,0,0.25,0.0,0.0
MCH2968,,,4,37043.58,12347.86,1,0,0,0,0,0.25,0.0,0.0
MCH2987,,,4,24647.84,8215.946666666667,1,1,1,0,0,0.25,0.25,0.25
MCH3020,,,4,64311.11,16077.7775,1,0,0,0,0,0.25,0.0,0.0
MCH3054,,,4,48285.45,12071.3625,1,1,1,0,0,0.25,0.25,0.25
MCH3077,  Warrior Ltd  ,TRANSPORT,4,61714.91,15428.7275,1,0,0,0,0,0.25,0.0,0.0
MCH3128,,,4,53650.33,13412.5825,1,0,0,0,0,0.25,0.0,0.0
MCH3143,"ZACHARIA, BUCH AND YADAV",DEPARTMENT STORE,4,46803.229999999996,11700.807499999999,1,1,1,0,0,0.25,0.25,0.25
MCH3204,,,4,33024.32,8256.08,1,0,0,0,0,0.25,0.0,0.0
MCH3222,,,4,26710.690000000002,8903.563333333334,1,0,0,0,0,0.25,0.0,0.0
MCH3231,Gokhale Group,GROCERY,4,37039.67,12346.556666666665,1,0,0,0,0,0.25,0.0,0.0
MCH3234,Lad Inc,MOBILE RECHARGE,4,58364.369999999995,14591.092499999999,1,0,0,0,0,0.25,0.0,0.0
MCH3273,,,4,32320.1,8080.025,1,1,1,0,0,0.25,0.25,0.25
MCH3277,Issac-Lata,PHONE SERVICE,4,16713.93,5571.31,1,0,0,0,0,0.25,0.0,0.0
MCH3301,REDDY AND SONS,BOOKS,4,25894.47,8631.49,1,0,0,0,0,0.25,0.0,0.0
MCH3320,,,4,66369.45999999999,16592.364999999998,1,1,1,0,0,0.25,0.25,0.25
MCH3329,,,4,51549.54,12887.385,1,1,1,0,0,0.25,0.25,0.25
MCH3354,"Barad, Ahluwalia and Mahal",BOOKS,4,48593.92,12148.48,1,0,0,0,0,0.25,0.0,0.0
MCH3402,,,4,19965.91,19965.91,1,1,1,0,0,0.25,0.25,0.25
MCH3406,"Swamy, Borah and Sampath",RETAIL,4,50452.03999999999,12613.009999999998,1,0,0,4,0,0.25,0.0,0.0
MCH3417,,,4,57712.4,14428.1,1,0,0,0,0,0.25,0.0,0.0
MCH3494,,,4,44763.46,11190.865,1,0,0,0,0,0.25,0.0,0.0
MCH3568,"CHOUDHURY, TRIVEDI AND BHATNAGAR",DEPARTMENT STORE,4,40027.53,13342.51,1,0,0,0,0,0.25,0.0,0.0
MCH3623,,,4,54399.630000000005,18133.210000000003,1,0,0,0,0,0.25,0.0,0.0
MCH3650,,,4,36573.3,12191.1,1,1,1,0,0,0.25,0.25,0.25
MCH3674,Wason and Sons,FOOD_SERVICES,4,43226.7,10806.675,1,0,0,0,0,0.25,0.0,0.0
MCH3696,"pandya, maharaj and sundaram",BOOKS,4,31020.71,7755.1775,1,1,1,0,0,0.25,0.25,0.25
MCH3779,aggarwal-hans,DEPARTMENT STORE,4,71160.43,17790.1075,1,1,1,0,0,0.25,0.25,0.25
MCH3788,"Divan, Kadakia and Kuruvilla",RETAIL,4,36540.72,12180.24,1,0,0,0,0,0.25,0.0,0.0
MCH3810,Mallick-Lall,GROCERY,4,78615.95,19653.9875,1,0,0,0,0,0.25,0.0,0.0
MCH3815,,,4,50858.130000000005,12714.532500000001,1,0,0,0,0,0.25,0.0,0.0
MCH3853,Bhat-Dutt,GROCERY,4,28119.300000000003,9373.1,1,0,0,0,0,0.25,0.0,0.0
MCH3885,  Thakur Inc  ,TRANSPORT,4,46836.76,11709.19,1,0,0,0,0,0.25,0.0,0.0
MCH3913,Tank-Pathak,DEPARTMENT STORE,4,25373.62,6343.405,1,0,0,0,0,0.25,0.0,0.0
MCH3915,,,4,33042.880000000005,11014.293333333335,1,0,0,0,0,0.25,0.0,0.0
MCH4045,,,4,29484.719999999998,7371.179999999999,1,0,0,0,0,0.25,0.0,0.0
MCH4050,"Sur, N0ri and G011a",APPAREL,4,78956.63,19739.1575,1,0,0,0,0,0.25,0.0,0.0
MCH4068,Balakrishnan Inc,TELECOM,4,61486.81,15371.7025,1,0,0,0,0,0.25,0.0,0.0
MCH4111,Brahmbhatt LLC,MISC_RETAIL,4,45544.09,15181.363333333333,1,1,1,4,0,0.25,0.25,0.25
MCH4118,,,4,68878.36,17219.59,1,0,0,0,0,0.25,0.0,0.0
MCH4123,"Parekh, Patla and Kar",BOOKS,4,22686.12,5671.53,1,0,0,0,0,0.25,0.0,0.0
MCH4162,,,4,41532.28,10383.07,1,0,0,0,0,0.25,0.0,0.0
MCH4190,,,4,45538.15,11384.5375,1,0,0,0,0,0.25,0.0,0.0
MCH4195,,,4,44765.47,11191.3675,1,1,1,0,0,0.25,0.25,0.25
MCH4215,,,4,35522.5,8880.625,1,0,0,0,0,0.25,0.0,0.0
MCH4235,NAGAR-SHARMA,RETAIL,4,26181.260000000002,13090.630000000001,1,0,0,0,0,0.25,0.0,0.0
MCH4239,,,4,43271.07,10817.7675,1,0,0,0,0,0.25,0.0,0.0
MCH4241,,,4,47199.54,15733.18,1,0,0,0,0,0.25,0.0,0.0
MCH4250,"SUBRAMANIAM, DATTA AND PATEL",GROCERY,4,64952.56,16238.14,1,0,0,0,0,0.25,0.0,0.0
MCH4314,Deshmukh Ltd,APPAREL,4,44126.69,11031.6725,1,0,0,0,0,0.25,0.0,0.0
MCH4339,,,4,17907.86,5969.286666666667,1,1,1,0,0,0.25,0.25,0.25
MCH4345,,,4,55734.58,13933.645,1,1,1,0,0,0.25,0.25,0.25
MCH4347,,,4,46514.28,11628.57,1,0,0,0,0,0.25,0.0,0.0
MCH4349,Atwal-Sura,BOOKS,4,53062.28,13265.57,1,1,1,0,0,0.25,0.25,0.25
MCH4394,,,4,6275.01,2091.67,1,0,0,0,0,0.25,0.0,0.0
MCH4427,  Deshpande LLC  ,FOOD_SERVICES,4,38375.59,9593.8975,1,0,0,0,0,0.25,0.0,0.0
MCH4432,,,4,66780.25,16695.0625,1,0,0,0,0,0.25,0.0,0.0
MCH4452,,,4,64811.119999999995,16202.779999999999,1,1,1,0,0,0.25,0.25,0.25
MCH4458,,,4,31628.879999999997,7907.219999999999,1,0,0,0,0,0.25,0.0,0.0
MCH4492,,,4,34166.17,11388.723333333333,1,0,0,0,0,0.25,0.0,0.0
MCH4552,"Palla, Mutti and Jayaraman",TRANSPORT,4,30748.510000000002,7687.1275000000005,1,0,0,0,0,0.25,0.0,0.0
MCH4555,,,4,69707.22,17426.805,1,1,1,0,0,0.25,0.25,0.25
MCH4566,,,4,6300.58,2100.193333333333,1,0,0,0,0,0.25,0.0,0.0
MCH4569,,,4,63534.5,15883.625,1,0,0,0,0,0.25,0.0,0.0
MCH4613,"Batra, Devi and Buch",APPAREL,4,44248.35,11062.0875,1,0,0,0,0,0.25,0.0,0.0
MCH4627,Barman-Kashyap,APPAREL,4,39623.340000000004,9905.835000000001,1,0,0,0,0,0.25,0.0,0.0
MCH4671,,,4,9518.669999999998,2379.6674999999996,1,0,0,0,0,0.25,0.0,0.0
MCH4672,Sandhu LLC,STATIONERY,4,71033.9,17758.475,1,0,0,0,0,0.25,0.0,0.0
MCH4784,,,4,63576.020000000004,15894.005000000001,1,0,0,0,0,0.25,0.0,0.0
MCH4795,,,4,66898.92,16724.73,1,1,1,0,0,0.25,0.25,0.25
MCH4836,"  Sidhu, Krish and Wadhwa  ",FOOD_SERVICES,4,43683.63,10920.9075,1,0,0,0,0,0.25,0.0,0.0
MCH4961,,,4,3435.17,1717.585,1,1,1,0,0,0.25,0.25,0.25
MCH4994,"Uppal, Bawa and Gera",FOOD_SERVICES,4,38517.79,19258.895,1,0,0,0,0,0.25,0.0,0.0
MCH5020,Sarna-Sarraf,GROCERY,4,54187.57,18062.523333333334,1,0,0,0,0,0.25,0.0,0.0
MCH5028,"Chhabra, Deo and Chakrabarti",HOTEL_LODGING,4,18755.09,6251.696666666667,1,0,0,0,0,0.25,0.0,0.0
MCH5031,,,4,38002.16,9500.54,1,0,0,0,0,0.25,0.0,0.0
MCH5055,Aggarwal-Doctor,MEDICAL,4,26873.98,6718.495,1,1,1,0,0,0.25,0.25,0.25
MCH5066,,,4,29274.35,9758.116666666667,1,1,1,0,0,0.25,0.25,0.25
MCH5078,,,4,55792.74,13948.185,1,0,0,0,0,0.25,0.0,0.0
MCH5191,,,4,12157.0,4052.3333333333335,1,0,0,0,0,0.25,0.0,0.0
MCH5193,Shetty Inc,PHARMACY,4,60528.32,15132.08,1,0,0,0,0,0.25,0.0,0.0
MCH5218,,,4,58812.79,19604.263333333332,1,1,1,0,0,0.25,0.25,0.25
MCH5253,  Balakrishnan PLC  ,PHARMACY,4,58099.78,14524.945,1,0,0,0,0,0.25,0.0,0.0
MCH5256,GhoshLLC,TRANSPORT,4,18973.89,9486.945,1,1,1,0,0,0.25,0.25,0.25
MCH5262,,,4,45717.340000000004,11429.335000000001,1,0,0,0,0,0.25,0.0,0.0
MCH5272,,,4,39201.29,9800.3225,1,0,0,0,0,0.25,0.0,0.0
MCH5299,,,4,22846.07,5711.5175,1,1,1,0,0,0.25,0.25,0.25
MCH5328,Dhaliwal Inc,FOOD_SERVICES,4,53098.71,17699.57,1,1,1,0,0,0.25,0.25,0.25
MCH5390,"Choudhry, Dube and Morar",TRANSPORT,4,36883.91,9220.9775,1,1,1,0,0,0.25,0.25,0.25
MCH5391,Nagi-Pandya,GROCERY,4,58777.380000000005,14694.345000000001,1,0,0,4,0,0.25,0.0,0.0
MCH5394,,,4,58845.86,14711.465,1,0,0,0,0,0.25,0.0,0.0
MCH5407,,,4,7637.42,3818.71,1,0,0,0,0,0.25,0.0,0.0
MCH5416,Upadhyay LLC,STATIONERY,4,58321.21,14580.3025,1,0,0,0,0,0.25,0.0,0.0
MCH5451,Divan LLC,GROCERY,4,64507.15,16126.7875,1,0,0,0,0,0.25,0.0,0.0
MCH5475,,,4,12778.059999999998,4259.353333333333,1,1,1,0,0,0.25,0.25,0.25
MCH5480,,,4,50198.78,12549.695,1,0,0,0,0,0.25,0.0,0.0
MCH5490,"Bahl, Kakar and Dara",APPAREL,4,55714.76,18571.586666666666,1,1,1,0,0,0.25,0.25,0.25
MCH5502,KAUL-NAYAR,PHARMACY,4,61515.58,15378.895,1,0,0,0,0,0.25,0.0,0.0
MCH5550,,,4,17139.15,8569.575,1,1,1,0,0,0.25,0.25,0.25
MCH5551,Narain-Goda,APPAREL,4,23473.0,7824.333333333333,1,0,0,0,0,0.25,0.0,0.0
MCH5559,Muni-Raval,GROCERY,4,27442.27,6860.5675,1,1,1,0,0,0.25,0.25,0.25
MCH5589,,,4,51902.7,12975.675,1,1,1,0,0,0.25,0.25,0.25
MCH5618,Biswas and Sons,PHARMACY,4,17297.25,5765.75,1,0,0,0,0,0.25,0.0,0.0
MCH5701,"Lad, Thakkar and Nazareth",TRANSPORT,4,44436.119999999995,14812.039999999999,1,0,0,0,0,0.25,0.0,0.0
MCH5718,,,4,39346.25,13115.416666666666,1,1,1,0,0,0.25,0.25,0.25
MCH5753,Zachariah-Rai,FOOD_SERVICES,4,21674.15,5418.5375,1,1,1,0,0,0.25,0.25,0.25
MCH5768,brar inc,FOOD_SERVICES,4,2084.7599999999984,521.1899999999996,1,0,0,0,0,0.25,0.0,0.0
MCH5778,,,4,31081.83,10360.61,1,0,0,0,0,0.25,0.0,0.0
MCH5785,Vohra Inc,APPAREL,4,60998.33,20332.77666666667,1,1,1,0,0,0.25,0.25,0.25
MCH5789,,,4,25073.409999999996,8357.803333333331,1,0,0,0,0,0.25,0.0,0.0
MCH5803,,,4,27613.95,6903.4875,1,0,0,0,0,0.25,0.0,0.0
MCH5876,,,4,41481.56,10370.39,1,0,0,0,0,0.25,0.0,0.0
MCH6015,,,4,47991.58,11997.895,1,0,0,0,0,0.25,0.0,0.0
MCH6069,Krish-Joshi,APPAREL,4,64493.42,16123.355,1,0,0,0,0,0.25,0.0,0.0
MCH6075,"Lad, Menon and Tiwari",MOBILE RECHARGE,4,52460.49,17486.829999999998,1,0,0,0,0,0.25,0.0,0.0
MCH6087,,,4,28625.219999999998,9541.74,1,0,0,0,0,0.25,0.0,0.0
MCH6105,upadhyay plc,HOTEL_LODGING,4,18020.23,9010.115,1,0,0,0,0,0.25,0.0,0.0
MCH6107,PILLAY LLC,OTHER,4,37806.65,12602.216666666667,1,1,1,0,0,0.25,0.25,0.25
MCH6116,KEER-SHUKLA,TRANSPORT,4,63654.97,15913.7425,1,0,0,0,0,0.25,0.0,0.0
MCH6287,,,4,56632.26,14158.065,1,0,0,0,0,0.25,0.0,0.0
MCH6318,,,4,58483.99,19494.663333333334,1,0,0,0,0,0.25,0.0,0.0
MCH6336,"Kunda, Kumar and Gulati",TRANSPORT,4,28311.18,7077.795,1,1,1,0,0,0.25,0.25,0.25
MCH6380,Naik-Kalla,OTHER,4,55580.58,13895.145,1,0,0,0,0,0.25,0.0,0.0
MCH6395,,,4,23299.510000000002,7766.503333333334,1,1,1,0,0,0.25,0.25,0.25
MCH6398,,,4,55452.2,13863.05,1,0,0,0,0,0.25,0.0,0.0
MCH6421,WadhwaLtd,APPAREL,4,59115.25,14778.8125,1,0,0,0,0,0.25,0.0,0.0
MCH6429,Doshi Group,APPAREL,4,52214.64,13053.66,1,1,1,0,0,0.25,0.25,0.25
MCH6441,Bhatia and Sons,HOTEL_LODGING,4,3940.2999999999997,1970.1499999999999,1,1,1,0,0,0.25,0.25,0.25
MCH6469,"Bahl, Barad and Dhillon",DEPARTMENT STORE,4,73674.77,18418.6925,1,0,0,0,0,0.25,0.0,0.0
MCH6510,,,4,52511.880000000005,13127.970000000001,1,0,0,0,0,0.25,0.0,0.0
MCH6537,,,4,38426.86,9606.715,1,0,0,0,0,0.25,0.0,0.0
MCH6693,,,4,25451.85,6362.9625,1,0,0,0,0,0.25,0.0,0.0
MCH6716,Shan PLC,APPAREL,4,40129.77,10032.4425,1,0,0,0,0,0.25,0.0,0.0
MCH6727,,,4,39799.06,13266.353333333333,1,0,0,0,0,0.25,0.0,0.0
MCH6736,,,4,52959.4,13239.85,1,0,0,0,0,0.25,0.0,0.0
MCH6752,,,4,18282.87,6094.29,1,0,0,0,0,0.25,0.0,0.0
MCH6773,"parmar, sahota and rajagopalan",MISC_RETAIL,4,68131.54,17032.885,1,0,0,0,0,0.25,0.0,0.0
MCH6796,,,4,57133.97,14283.4925,1,0,0,0,0,0.25,0.0,0.0
MCH6805,,,4,48468.62,12117.155,1,0,0,0,0,0.25,0.0,0.0
MCH6869,"Oak, Kalla and Chand",TRANSPORT,4,28094.78,14047.39,1,0,0,0,0,0.25,0.0,0.0
MCH6901,,,4,56950.24,14237.56,1,0,0,0,0,0.25,0.0,0.0
MCH6921,,,4,30735.5,10245.166666666666,1,0,0,0,0,0.25,0.0,0.0
MCH6930,dhingra plc,TRANSPORT,4,15635.26,3908.815,1,0,0,0,0,0.25,0.0,0.0
MCH6970,CHOPRA-LOKE,DEPARTMENT STORE,4,67959.25,16989.8125,1,0,0,0,0,0.25,0.0,0.0
MCH7013,"Menon, Bahri and Pal",HOTEL_LODGING,4,5553.900000000001,1851.3000000000002,1,1,1,0,0,0.25,0.25,0.25
MCH7030,Shan Ltd,DEPARTMENT STORE,4,56084.64,14021.16,1,0,0,4,0,0.25,0.0,0.0
MCH7069,,,4,28135.18,7033.795,1,0,0,0,0,0.25,0.0,0.0
MCH7092,,,4,36790.18,12263.393333333333,1,0,0,0,0,0.25,0.0,0.0
MCH7108,Krishnan Group,GROCERY,4,32354.11,10784.703333333333,1,1,1,0,0,0.25,0.25,0.25
MCH7124,,,4,20051.25,5012.8125,1,0,0,0,0,0.25,0.0,0.0
MCH7140,,,4,61700.16,15425.04,1,1,1,0,0,0.25,0.25,0.25
MCH7223,,,4,44026.76,11006.69,1,0,0,0,0,0.25,0.0,0.0
MCH7316,TAK LTD,STATIONERY,4,46771.73,15590.576666666668,1,1,1,0,0,0.25,0.25,0.25
MCH7320,,,4,53082.58,13270.645,1,1,1,0,0,0.25,0.25,0.25
MCH7347,,,4,34622.87,8655.7175,1,0,0,0,0,0.25,0.0,0.0
MCH7367,,,4,48752.25,12188.0625,1,0,0,0,0,0.25,0.0,0.0
MCH7380,"Gour, Jani and Mital",MISC_RETAIL,4,309.3600000000006,154.6800000000003,1,1,1,0,0,0.25,0.25,0.25
MCH7413,Uppal-Chaudhry,DEPARTMENT STORE,4,40734.15,10183.5375,1,0,0,0,0,0.25,0.0,0.0
MCH7425,,,4,2817.9,1408.95,1,0,0,0,0,0.25,0.0,0.0
MCH7442,"Tand0n, Tak and Mane",APPAREL,4,39786.92,13262.306666666665,1,1,1,0,0,0.25,0.25,0.25
MCH7472,,,4,45293.96,11323.49,1,1,1,0,0,0.25,0.25,0.25
MCH7507,,,4,15134.640000000001,3783.6600000000003,1,0,0,0,0,0.25,0.0,0.0
MCH7509,,,4,32377.19,10792.396666666666,1,1,1,0,0,0.25,0.25,0.25
MCH7519,"Sarkar, Garg and Kumar",TRANSPORT,4,27796.42,9265.473333333333,1,0,0,0,0,0.25,0.0,0.0
MCH7520,,,4,58492.41,14623.1025,1,1,1,0,0,0.25,0.25,0.25
MCH7524,"Sarna, Mital and Deo",HOTEL_LODGING,4,54880.380000000005,13720.095000000001,1,0,0,0,0,0.25,0.0,0.0
MCH7536,Kalla-Deo,DEPARTMENT STORE,4,19102.47,6367.490000000001,1,0,0,0,0,0.25,0.0,0.0
MCH7543,,,4,45470.8,15156.933333333334,1,0,0,0,0,0.25,0.0,0.0
MCH7558,Lanka-Dixit,FOOD_SERVICES,4,59175.78,14793.945,1,0,0,0,0,0.25,0.0,0.0
MCH7575,,,4,57655.84,19218.61333333333,1,1,1,0,0,0.25,0.25,0.25
MCH7678,,,4,43289.409999999996,10822.352499999999,1,0,0,0,0,0.25,0.0,0.0
MCH7682,,,4,31482.199999999997,10494.066666666666,1,1,1,0,0,0.25,0.25,0.25
MCH7737,Pal-Rama,DEPARTMENT STORE,4,37168.55,9292.1375,1,0,0,0,0,0.25,0.0,0.0
MCH7764,,,4,36891.31,9222.8275,1,0,0,0,0,0.25,0.0,0.0
MCH7778,,,4,69198.65,17299.6625,1,1,1,0,0,0.25,0.25,0.25
MCH7789,,,4,45607.11,11401.7775,1,0,0,0,0,0.25,0.0,0.0
MCH7800,,,4,47761.35,11940.3375,1,0,0,0,0,0.25,0.0,0.0
MCH7810,Bail Inc,BOOKS,4,26330.210000000003,8776.736666666668,1,1,1,0,0,0.25,0.25,0.25
MCH7860,"Pall, Som and Dalal",MISC_RETAIL,4,63874.44,15968.61,1,0,0,0,0,0.25,0.0,0.0
MCH7888,,,4,35969.71,8992.4275,1,1,1,0,0,0.25,0.25,0.25
MCH7923,,,4,37929.1,9482.275,1,0,0,0,0,0.25,0.0,0.0
MCH7927,,,4,36307.119999999995,9076.779999999999,1,0,0,0,0,0.25,0.0,0.0
MCH7962,,,4,49328.99,12332.2475,1,0,0,0,0,0.25,0.0,0.0
MCH7992,Goel Group,TELECOM,4,43224.0,10806.0,1,0,0,0,0,0.25,0.0,0.0
MCH8010,,,4,49295.28,12323.82,1,0,0,0,0,0.25,0.0,0.0
MCH8094,,,4,51920.72,12980.18,1,0,0,0,0,0.25,0.0,0.0
MCH8154,  Yohannan PLC  ,TRANSPORT,4,-1590.1100000000004,-397.5275000000001,1,0,0,0,0,0.25,0.0,0.0
MCH8181,Mall-Chatterjee,TRANSPORT,4,73551.19,18387.7975,1,1,1,0,0,0.25,0.25,0.25
MCH8193,,,4,38112.15,12704.050000000001,1,0,0,0,0,0.25,0.0,0.0
MCH8222,,,4,14747.140000000003,3686.7850000000008,1,0,0,0,0,0.25,0.0,0.0
MCH8305,,,4,21093.58,21093.58,1,1,1,0,0,0.25,0.25,0.25
MCH8323,,,4,60591.990000000005,15147.997500000001,1,1,1,0,0,0.25,0.25,0.25
MCH8357,,,4,49090.53,12272.6325,1,0,0,0,0,0.25,0.0,0.0
MCH8365,"Luthra, Kota and Choudhary",RETAIL,4,45770.63,11442.6575,1,0,0,4,0,0.25,0.0,0.0
MCH8405,Roy Ltd,APPAREL,4,37029.37,18514.685,1,1,1,0,0,0.25,0.25,0.25
MCH8420,,,4,63350.86,15837.715,1,1,1,0,0,0.25,0.25,0.25
MCH8445,CHAND INC,MISC_RETAIL,4,65188.770000000004,16297.192500000001,1,0,0,0,0,0.25,0.0,0.0
MCH8484,"Grover, Swamy and Johal",MEDICAL_STORE,4,53878.54,17959.513333333332,1,0,0,4,0,0.25,0.0,0.0
MCH8510,,,4,47474.630000000005,11868.657500000001,1,1,1,0,0,0.25,0.25,0.25
MCH8526,,,4,52526.68,13131.67,1,1,1,0,0,0.25,0.25,0.25
MCH8538,,,4,81397.44,20349.36,1,1,1,0,0,0.25,0.25,0.25
MCH8541,,,4,-7434.110000000001,-3717.0550000000003,1,0,0,0,0,0.25,0.0,0.0
MCH8542,,,4,85446.94,21361.735,1,0,0,0,0,0.25,0.0,0.0
MCH8555,Gopal LLC,BOOKS,4,30621.36,10207.12,1,1,1,0,0,0.25,0.25,0.25
MCH8556,"Rout, Dhillon and Sinha",BOOKS,4,37191.770000000004,9297.942500000001,1,1,1,0,0,0.25,0.25,0.25
MCH8645,"Desai, Agarwal and Handa",MOBILE RECHARGE,4,38609.770000000004,9652.442500000001,1,0,0,0,0,0.25,0.0,0.0
MCH8646,,,4,48956.509999999995,12239.127499999999,1,0,0,0,0,0.25,0.0,0.0
MCH8663,Khalsa Group,BOOKS,4,79911.85,19977.9625,1,1,1,0,0,0.25,0.25,0.25
MCH8705,"Sahota, Kale and Patil",TRANSPORT,4,27963.23,6990.8075,1,1,1,0,0,0.25,0.25,0.25
MCH8713,"Shere, Loke and Butala",PHONE SERVICE,4,92967.45,23241.8625,1,0,0,0,0,0.25,0.0,0.0
MCH8778,,,4,69543.83,17385.9575,1,0,0,0,0,0.25,0.0,0.0
MCH8812,,,4,21612.87,5403.2175,1,0,0,0,0,0.25,0.0,0.0
MCH8835,"Natarajan, Hegde and Varughese",MISC_RETAIL,4,19387.28,4846.82,1,0,0,0,0,0.25,0.0,0.0
MCH8851,"  Kanda, Kohli and Thaman  ",FOOD_SERVICES,4,61463.399999999994,15365.849999999999,1,0,0,0,0,0.25,0.0,0.0
MCH8858,,,4,59359.15,14839.7875,1,0,0,0,0,0.25,0.0,0.0
MCH8864,Lala-Ben,PHARMACY,4,52399.89,13099.9725,1,0,0,0,0,0.25,0.0,0.0
MCH8870,Solanki-Cherian,TRANSPORT,4,65671.55,16417.8875,1,1,1,0,0,0.25,0.25,0.25
MCH8881,,,4,59199.22,14799.805,1,0,0,0,0,0.25,0.0,0.0
MCH8885,"Dhawan,DevanandChokshi",APPAREL,4,36577.31,12192.436666666666,1,0,0,0,0,0.25,0.0,0.0
MCH8891,"Natt,ManeandPau",TELECOM,4,30557.73,10185.91,1,0,0,0,0,0.25,0.0,0.0
MCH8954,,,4,41975.990000000005,10493.997500000001,1,1,1,0,0,0.25,0.25,0.25
MCH8985,,,4,67402.09,16850.5225,1,0,0,0,0,0.25,0.0,0.0
MCH9008,"GOUR, AMBLE AND BAKSHI",GROCERY,4,71285.23999999999,17821.309999999998,1,0,0,0,0,0.25,0.0,0.0
MCH9015,PRASHAD INC,FOOD_SERVICES,4,36266.740000000005,9066.685000000001,1,0,0,0,0,0.25,0.0,0.0
MCH9042,,,4,11769.93,3923.31,1,0,0,0,0,0.25,0.0,0.0
MCH9057,Dayal Ltd,STATIONERY,4,37223.18,12407.726666666667,1,1,1,0,0,0.25,0.25,0.25
MCH9112,Saini-Sinha,APPAREL,4,6900.039999999997,1725.0099999999993,1,0,0,0,0,0.25,0.0,0.0
MCH9119,Dyal-Salvi,TELECOM,4,47636.200000000004,11909.050000000001,1,0,0,0,0,0.25,0.0,0.0
MCH9120,sood ltd,HOTEL_LODGING,4,15907.94,5302.6466666666665,1,0,0,0,0,0.25,0.0,0.0
MCH9133,"Rai, Nadig and Karpe",TRANSPORT,4,20060.25,5015.0625,1,0,0,0,0,0.25,0.0,0.0
MCH9139,,,4,-6571.420000000001,-2190.473333333334,1,0,0,0,0,0.25,0.0,0.0
MCH9177,,,4,35317.33,8829.3325,1,0,0,0,0,0.25,0.0,0.0
MCH9186,,,4,21028.39,7009.463333333333,1,1,1,0,0,0.25,0.25,0.25
MCH9200,,,4,38316.149999999994,9579.037499999999,1,0,0,0,0,0.25,0.0,0.0
MCH9245,zachariah-suri,RETAIL,4,34923.899999999994,11641.299999999997,1,1,1,0,0,0.25,0.25,0.25
MCH9260,,,4,39300.32,9825.08,1,1,1,0,0,0.25,0.25,0.25
MCH9294,,,4,39732.05,9933.0125,1,0,0,0,0,0.25,0.0,0.0
MCH9322,"Khosla, Walia and Deep",DEPARTMENT STORE,4,17391.13,4347.7825,1,0,0,0,0,0.25,0.0,0.0
MCH9330,,,4,73874.26000000001,18468.565000000002,1,1,1,0,0,0.25,0.25,0.25
MCH9338,  D’Alia-Mitter  ,BOOKS,4,45252.79,11313.1975,1,0,0,0,0,0.25,0.0,0.0
MCH9358,Shroff Ltd,DEPARTMENT STORE,4,70094.53,17523.6325,1,0,0,0,0,0.25,0.0,0.0
MCH9374,,,4,74295.29,18573.8225,1,0,0,0,0,0.25,0.0,0.0
MCH9379,Nazareth and Sons,MISC_RETAIL,4,19572.54,6524.18,1,1,1,0,0,0.25,0.25,0.25
MCH9408,Arya-Vig,TRANSPORT,4,39931.28,9982.82,1,1,1,0,0,0.25,0.25,0.25
MCH9457,Som-Ravi,DEPARTMENT STORE,4,12010.37,4003.456666666667,1,1,1,0,0,0.25,0.25,0.25
MCH9518,,,4,20940.96,6980.32,1,0,0,0,0,0.25,0.0,0.0
MCH9536,,,4,53938.82000000001,17979.60666666667,1,0,0,0,0,0.25,0.0,0.0
MCH9537,Mahal Group,MISC_RETAIL,4,14627.069999999998,3656.7674999999995,1,1,1,0,0,0.25,0.25,0.25
MCH9550,Chandra-Sangha,BOOKS,4,34614.33,8653.5825,1,1,1,0,0,0.25,0.25,0.25
MCH9557,,,4,49271.99,12317.9975,1,1,1,0,0,0.25,0.25,0.25
MCH9577,,,4,39051.71,9762.9275,1,0,0,0,0,0.25,0.0,0.0
MCH9585,,,4,9354.3,4677.15,1,0,0,0,0,0.25,0.0,0.0
MCH9627,Randhawa Gr0up,HOTEL_LODGING,4,34266.86,11422.286666666667,1,0,0,0,0,0.25,0.0,0.0
MCH9648,,,4,46707.479999999996,15569.159999999998,1,1,1,0,0,0.25,0.25,0.25
MCH9805,Sha-Mitter,RETAIL,4,56315.630000000005,18771.876666666667,1,1,1,0,0,0.25,0.25,0.25
MCH9810,,,4,33134.95,11044.983333333332,1,1,1,0,0,0.25,0.25,0.25
MCH9870,,,4,66425.56,16606.39,1,0,0,0,0,0.25,0.0,0.0
MCH9897,Modi PLC,APPAREL,4,49005.53,12251.3825,1,0,0,0,0,0.25,0.0,0.0
MCH9999,,,4,13759.45,6879.725,1,1,1,0,0,0.25,0.25,0.25
MCH9029,Hayre and Sons,RETAIL,10,111632.97,11163.297,2,1,1,0,0,0.2,0.1,0.1
MCH1043,,,5,69704.9,17426.225,1,0,0,0,0,0.2,0.0,0.0
MCH1071,ShankarGroup,HOTEL_LODGING,5,40513.8,8102.76,1,0,0,0,0,0.2,0.0,0.0
MCH1108,,,5,23991.72,7997.240000000001,1,0,0,0,0,0.2,0.0,0.0
MCH1137,,,5,77063.76,15412.751999999999,1,0,0,0,0,0.2,0.0,0.0
MCH1151,,,5,88465.48,22116.37,1,0,0,0,0,0.2,0.0,0.0
MCH1197,"Gaba, Wadhwa and Sahni",GROCERY,5,85333.81,17066.762,1,0,0,0,0,0.2,0.0,0.0
MCH1247,"Nayak, Lala and Pillai",GROCERY,5,26726.77,6681.6925,1,0,0,5,0,0.2,0.0,0.0
MCH1393,HEGDE-BAHRI,MEDICAL_STORE,5,57037.25,14259.3125,1,0,0,0,0,0.2,0.0,0.0
MCH1421,,,5,48574.119999999995,12143.529999999999,1,0,0,0,0,0.2,0.0,0.0
MCH1439,Chawla Ltd,TRANSPORT,5,8202.34,2050.585,1,0,0,0,0,0.2,0.0,0.0
MCH1478,Sah0ta LLC,PHARMACY,5,41438.22,10359.555,1,0,0,0,0,0.2,0.0,0.0
MCH1540,mohan-hegde,PHARMACY,5,52758.77,10551.753999999999,1,0,0,5,0,0.2,0.0,0.0
MCH1591,Ramaswamy-Babu,DEPARTMENT STORE,5,45258.09,9051.617999999999,1,1,1,0,0,0.2,0.2,0.2
MCH1608,,,5,35034.08,11678.026666666667,1,0,0,0,0,0.2,0.0,0.0
MCH1684,,,5,38547.05,7709.410000000001,1,1,1,0,0,0.2,0.2,0.2
MCH1975,,,5,65697.86,13139.572,1,0,0,0,0,0.2,0.0,0.0
MCH2150,,,5,67123.52,13424.704000000002,1,0,0,0,0,0.2,0.0,0.0
MCH2230,,,5,19455.04,6485.013333333333,1,1,1,0,0,0.2,0.2,0.2
MCH2335,GaneshLtd,MISC_RETAIL,5,42108.65,8421.73,1,0,0,0,0,0.2,0.0,0.0
MCH2366,,,5,36774.75,12258.25,1,1,1,0,0,0.2,0.2,0.2
MCH2393,,,5,74203.63,14840.726,1,0,0,0,0,0.2,0.0,0.0
MCH2398,Kapur-Dani,DEPARTMENT STORE,5,63254.19,12650.838,1,0,0,0,0,0.2,0.0,0.0
MCH2424,PATIL LTD,PHARMACY,5,40587.329999999994,13529.109999999999,1,1,1,0,0,0.2,0.2,0.2
MCH2425,SURI-KURIAN,GROCERY,5,65359.6,13071.92,1,1,1,0,0,0.2,0.2,0.2
MCH2446,,,5,24587.44,4917.487999999999,1,1,1,0,0,0.2,0.2,0.2
MCH2482,,,5,40278.729999999996,10069.682499999999,1,0,0,0,0,0.2,0.0,0.0
MCH2552,"  Saran, Dyal and Wable  ",PHONE SERVICE,5,79379.24,15875.848000000002,1,0,0,0,0,0.2,0.0,0.0
MCH2571,Deep-Chakraborty,FOOD_SERVICES,5,64627.66,16156.915,1,0,0,5,0,0.2,0.0,0.0
MCH2723,Purohit-Dani,FOOD_SERVICES,5,49856.17,9971.234,1,0,0,0,0,0.2,0.0,0.0
MCH2783,,,5,27456.1,9152.033333333333,1,1,1,0,0,0.2,0.2,0.2
MCH2897,Bath Ltd,OTHER,5,70381.48,14076.295999999998,1,0,0,0,0,0.2,0.0,0.0
MCH2907,VARUGHESE-MANI,MEDICAL_STORE,5,45266.89,11316.7225,1,0,0,0,0,0.2,0.0,0.0
MCH3088,Suresh LLC,GROCERY,5,67968.67,16992.1675,1,1,1,0,0,0.2,0.2,0.2
MCH3111,Cherian-G0swami,TELECOM,5,59795.32,14948.83,1,0,0,0,0,0.2,0.0,0.0
MCH3132,,,5,58132.880000000005,11626.576000000001,1,1,1,0,0,0.2,0.2,0.2
MCH3134,Rajan PLC,DEPARTMENT STORE,5,59864.340000000004,11972.868,1,0,0,0,0,0.2,0.0,0.0
MCH3137,,,5,78433.16,15686.632000000001,1,0,0,0,0,0.2,0.0,0.0
MCH3141,,,5,77897.7,15579.539999999999,1,0,0,0,0,0.2,0.0,0.0
MCH3148,RaoLtd,TELECOM,5,87452.95,17490.59,1,1,1,0,0,0.2,0.2,0.2
MCH3292,  Murthy PLC  ,STATIONERY,5,40301.88,8060.375999999999,1,1,1,0,0,0.2,0.2,0.2
MCH3302,,,5,67203.15,13440.63,1,1,1,0,0,0.2,0.2,0.2
MCH3380,,,5,13972.17,3493.0425,1,0,0,0,0,0.2,0.0,0.0
MCH3469,Ha1der-Bains,TELECOM,5,72508.81999999999,14501.764,1,1,1,0,0,0.2,0.2,0.2
MCH3532,,,5,40688.17,10172.0425,1,0,0,0,0,0.2,0.0,0.0
MCH3748,Bedi-Cherian,RETAIL,5,45176.17,9035.234,1,1,1,0,0,0.2,0.2,0.2
MCH3844,,,5,34292.6,8573.15,1,0,0,0,0,0.2,0.0,0.0
MCH3935,Majumdar-Aggarwal,DEPARTMENT STORE,5,81416.64,16283.328,1,0,0,0,0,0.2,0.0,0.0
MCH4010,"  Barad, Mukherjee and Joshi  ",GROCERY,5,45071.520000000004,11267.880000000001,1,1,1,0,0,0.2,0.2,0.2
MCH4039,,,5,72346.88,14469.376,1,0,0,0,0,0.2,0.0,0.0
MCH4042,ROUT-MAHARAJ,MISC_RETAIL,5,65393.54,13078.708,1,0,0,0,0,0.2,0.0,0.0
MCH4084,Mitra PLC,DEPARTMENT STORE,5,42242.81,8448.562,1,1,1,0,0,0.2,0.2,0.2
MCH4202,,,5,55183.7,18394.566666666666,1,0,0,0,0,0.2,0.0,0.0
MCH4216,Ratta and Sons,STATIONERY,5,65298.29,16324.5725,1,1,1,0,0,0.2,0.2,0.2
MCH4220,GOPAL-DARA,APPAREL,5,56828.229999999996,14207.057499999999,1,0,0,0,0,0.2,0.0,0.0
MCH4297,,,5,100149.6,20029.920000000002,1,1,1,0,0,0.2,0.2,0.2
MCH4367,"wason, chanda and panchal",GROCERY,5,9332.190000000002,2333.0475000000006,1,0,0,0,0,0.2,0.0,0.0
MCH4407,,,5,68913.56,13782.712,1,1,1,0,0,0.2,0.2,0.2
MCH4690,  Natt-Bhattacharyya  ,DEPARTMENT STORE,5,41190.33,10297.5825,1,0,0,0,0,0.2,0.0,0.0
MCH4762,,,5,69884.13,13976.826000000001,1,0,0,0,0,0.2,0.0,0.0
MCH4768,,,5,26924.05,6731.0125,1,1,1,0,0,0.2,0.2,0.2
MCH4850,,,5,46314.68,9262.936,1,0,0,0,0,0.2,0.0,0.0
MCH4903,Khatri Gr0up,DEPARTMENT STORE,5,37175.04,9293.76,1,0,0,0,0,0.2,0.0,0.0
MCH5027,Mukhopadhyay-Brar,MISC_RETAIL,5,53706.3,10741.26,1,0,0,0,0,0.2,0.0,0.0
MCH5032,,,5,101827.26,20365.451999999997,1,1,1,0,0,0.2,0.2,0.2
MCH5045,More-Doctor,DEPARTMENT STORE,5,58606.9,11721.380000000001,1,1,1,5,0,0.2,0.2,0.2
MCH5084,Doshi LLC,BOOKS,5,58209.259999999995,11641.851999999999,1,0,0,0,0,0.2,0.0,0.0
MCH5119,,,5,61190.85,12238.17,1,0,0,0,0,0.2,0.0,0.0
MCH5142,,,5,96509.77,19301.954,1,0,0,0,0,0.2,0.0,0.0
MCH5164,"Yohannan,SahniandBasak",DEPARTMENT STORE,5,53940.58,10788.116,1,0,0,0,0,0.2,0.0,0.0
MCH5195,,,5,43109.93,10777.4825,1,1,1,0,0,0.2,0.2,0.2
MCH5320,Ramaswamy-Sarma,MOBILE RECHARGE,5,43884.53,8776.905999999999,1,0,0,0,0,0.2,0.0,0.0
MCH5350,,,5,67834.73,16958.6825,1,1,1,0,0,0.2,0.2,0.2
MCH5405,  Balan-Sabharwal  ,FOOD_SERVICES,5,66736.65,13347.329999999998,1,0,0,0,0,0.2,0.0,0.0
MCH5447,Chhabra-Bajaj,GROCERY,5,37077.97,7415.594,1,1,1,0,0,0.2,0.2,0.2
MCH5487,,,5,27767.52,5553.504,1,1,1,0,0,0.2,0.2,0.2
MCH5670,,,5,57577.76,11515.552,1,0,0,0,0,0.2,0.0,0.0
MCH5743,,,5,46282.32,11570.58,1,0,0,0,0,0.2,0.0,0.0
MCH5757,,,5,57837.8,19279.266666666666,1,0,0,0,0,0.2,0.0,0.0
MCH5769,,,5,31419.25,6283.85,1,0,0,0,0,0.2,0.0,0.0
MCH5798,DIVAN-MAHAL,FOOD_SERVICES,5,59583.86,11916.772,1,0,0,0,0,0.2,0.0,0.0
MCH5925,,,5,50918.52,10183.704,1,0,0,0,0,0.2,0.0,0.0
MCH5959,nigam group,BOOKS,5,51298.840000000004,12824.710000000001,1,0,0,0,0,0.2,0.0,0.0
MCH6134,,,5,478.869999999999,119.71749999999975,1,0,0,0,0,0.2,0.0,0.0
MCH6219,"Morar, Walla and Behl",MEDICAL_STORE,5,64762.340000000004,16190.585000000001,1,1,1,0,0,0.2,0.2,0.2
MCH6263,"Bahri, Bajaj and Mander",BOOKS,5,61514.67,12302.934,1,0,0,5,0,0.2,0.0,0.0
MCH6274,Mall Inc,HOTEL_LODGING,5,87186.42,17437.284,1,0,0,0,0,0.2,0.0,0.0
MCH6294,,,5,30700.14,6140.028,1,0,0,0,0,0.2,0.0,0.0
MCH6334,,,5,57410.880000000005,14352.720000000001,1,1,1,0,0,0.2,0.2,0.2
MCH6347,,,5,48274.87,12068.7175,1,0,0,0,0,0.2,0.0,0.0
MCH6402,,,5,56278.509999999995,14069.627499999999,1,0,0,0,0,0.2,0.0,0.0
MCH6420,Wadhwa and Sons,MEDICAL,5,60292.520000000004,12058.504,1,0,0,0,0,0.2,0.0,0.0
MCH6453,,,5,51601.06,10320.212,1,1,1,0,0,0.2,0.2,0.2
MCH6466,Randhawa LLC,RETAIL,5,71213.66,14242.732,1,0,0,0,0,0.2,0.0,0.0
MCH6518,,,5,19035.19,4758.7975,1,1,1,0,0,0.2,0.2,0.2
MCH6575,Sanghvi PLC,BOOKS,5,72664.93,14532.985999999999,1,1,1,0,0,0.2,0.2,0.2
MCH6593,"Thakur, V0hra and Kar",GROCERY,5,58094.31,11618.862,1,1,1,0,0,0.2,0.2,0.2
MCH6658,,,5,45704.21,11426.0525,1,0,0,0,0,0.2,0.0,0.0
MCH6677,"DESHMUKH, CHOUDHRY AND LAD",MEDICAL_STORE,5,44695.07,11173.7675,1,0,0,0,0,0.2,0.0,0.0
MCH6679,,,5,53037.78,13259.445,1,1,1,0,0,0.2,0.2,0.2
MCH6744,GREWAL INC,MISC_RETAIL,5,72947.8,14589.560000000001,1,1,1,0,0,0.2,0.2,0.2
MCH6762,,,5,47045.229999999996,11761.307499999999,1,1,1,0,0,0.2,0.2,0.2
MCH6818,"Bava, Badami and Sodhi",DEPARTMENT STORE,5,39918.77,7983.753999999999,1,1,1,0,0,0.2,0.2,0.2
MCH6897,,,5,58986.14,11797.228,1,0,0,0,0,0.2,0.0,0.0
MCH6907,Dhillon-Sama,FOOD_SERVICES,5,46037.869999999995,9207.573999999999,1,1,1,0,0,0.2,0.2,0.2
MCH6910,,,5,41400.520000000004,10350.130000000001,1,0,0,0,0,0.2,0.0,0.0
MCH6961,,,5,39816.59,7963.317999999999,1,1,1,0,0,0.2,0.2,0.2
MCH6988,,,5,61763.47,12352.694,1,1,1,0,0,0.2,0.2,0.2
MCH7033,Mani and Sons,APPAREL,5,93932.12,18786.424,1,1,1,0,0,0.2,0.2,0.2
MCH7179,,,5,37140.01,9285.0025,1,0,0,0,0,0.2,0.0,0.0
MCH7202,UPPAL PLC,TRANSPORT,5,67346.54,13469.307999999999,1,1,1,0,0,0.2,0.2,0.2
MCH7278,,,5,49019.86,12254.965,1,0,0,0,0,0.2,0.0,0.0
MCH7308,,,5,35490.04,7098.008,1,1,1,0,0,0.2,0.2,0.2
MCH7379,"Doctor, Dyal and Vaidya",MEDICAL,5,63310.47,12662.094000000001,1,0,0,0,0,0.2,0.0,0.0
MCH7411,"Bhasin, Soman and Savant",MOBILE RECHARGE,5,57945.49,14486.3725,1,1,1,0,0,0.2,0.2,0.2
MCH7453,,,5,43329.03,8665.806,1,0,0,0,0,0.2,0.0,0.0
MCH7518,,,5,73957.08,18489.27,1,0,0,0,0,0.2,0.0,0.0
MCH7559,,,5,62639.0,12527.8,1,1,1,0,0,0.2,0.2,0.2
MCH7574,Loke Ltd,DEPARTMENT STORE,5,36138.55,7227.710000000001,1,0,0,0,0,0.2,0.0,0.0
MCH7638,,,5,64456.41,16114.1025,1,1,1,0,0,0.2,0.2,0.2
MCH7726,Modi Ltd,DEPARTMENT STORE,5,86287.74,17257.548000000003,1,1,1,0,0,0.2,0.2,0.2
MCH7767,Nadkarni-Pathak,HOTEL_LODGING,5,65688.18,13137.635999999999,1,0,0,0,0,0.2,0.0,0.0
MCH7785,,,5,36067.39,7213.478,1,1,1,0,0,0.2,0.2,0.2
MCH7956,,,5,81688.73000000001,16337.746000000003,1,0,0,0,0,0.2,0.0,0.0
MCH7980,,,5,26755.39,5351.0779999999995,1,0,0,0,0,0.2,0.0,0.0
MCH7985,"Ba1ay, Mammen and Raman",FOOD_SERVICES,5,48894.86,12223.715,1,0,0,0,0,0.2,0.0,0.0
MCH8021,,,5,29550.59,5910.118,1,0,0,0,0,0.2,0.0,0.0
MCH8080,Brar PLC,TELECOM,5,36461.09,7292.217999999999,1,1,1,0,0,0.2,0.2,0.2
MCH8140,"  Chokshi, Johal and Sachdeva  ",FOOD_SERVICES,5,72926.8,18231.7,1,0,0,0,0,0.2,0.0,0.0
MCH8353,,,5,77807.41,15561.482,1,1,1,0,0,0.2,0.2,0.2
MCH8375,,,5,53489.54,10697.908,1,0,0,0,0,0.2,0.0,0.0
MCH8471,,,5,36133.82,9033.455,1,1,1,0,0,0.2,0.2,0.2
MCH8477,,,5,81908.78,16381.756,1,0,0,0,0,0.2,0.0,0.0
MCH8513,,,5,37500.76,12500.253333333334,1,1,1,0,0,0.2,0.2,0.2
MCH8566,Magar-Kota,TRANSPORT,5,75062.06999999999,18765.517499999998,1,1,1,0,0,0.2,0.2,0.2
MCH8657,,,5,69835.12999999999,13967.025999999998,1,1,1,0,0,0.2,0.2,0.2
MCH8698,"Boase, Bal and Mand",DEPARTMENT STORE,5,72541.68,14508.336,1,0,0,0,0,0.2,0.0,0.0
MCH8850,,,5,23063.66,5765.915,1,1,1,0,0,0.2,0.2,0.2
MCH8876,Apte and Sons,FOOD_SERVICES,5,50920.55,10184.11,1,0,0,0,0,0.2,0.0,0.0
MCH8898,,,5,73432.48,14686.496,1,1,1,0,0,0.2,0.2,0.2
MCH8900,Murthy-Vala,APPAREL,5,39092.06,9773.015,1,0,0,0,0,0.2,0.0,0.0
MCH8936,,,5,24143.75,8047.916666666667,1,0,0,0,0,0.2,0.0,0.0
MCH8999,"BORDE, REDDY AND MITAL",TRANSPORT,5,52517.78999999999,10503.557999999999,1,1,1,0,0,0.2,0.2,0.2
MCH9009,"Singhal, Patil and Brar",RETAIL,5,28751.9,7187.975,1,0,0,0,0,0.2,0.0,0.0
MCH9044,,,5,43021.98,8604.396,1,1,1,0,0,0.2,0.2,0.2
MCH9123,,,5,54552.42,10910.484,1,0,0,0,0,0.2,0.0,0.0
MCH9125,"mallick, walia and kanda",DEPARTMENT STORE,5,49657.82000000001,12414.455000000002,1,1,1,0,0,0.2,0.2,0.2
MCH9132,Shankar-Bahl,TELECOM,5,70106.35,14021.27,1,0,0,5,0,0.2,0.0,0.0
MCH9135,"NATH, SAMRA AND CHOPRA",MOBILE RECHARGE,5,41700.86,10425.215,1,1,1,0,0,0.2,0.2,0.2
MCH9364,,,5,39644.630000000005,9911.157500000001,1,0,0,0,0,0.2,0.0,0.0
MCH9376,,,5,64304.450000000004,12860.890000000001,1,1,1,0,0,0.2,0.2,0.2
MCH9451,,,5,48505.45,9701.09,1,1,1,0,0,0.2,0.2,0.2
MCH9562,,,5,68350.92,13670.184,1,1,1,0,0,0.2,0.2,0.2
MCH9620,chad plc,RETAIL,5,48068.27,9613.653999999999,1,0,0,0,0,0.2,0.0,0.0
MCH9622,,,5,43392.58,8678.516,1,0,0,0,0,0.2,0.0,0.0
MCH9743,Sahota-Krish,STATIONERY,5,29092.2,14546.1,1,0,0,0,0,0.2,0.0,0.0
MCH9748,,,5,61419.25,12283.85,1,0,0,0,0,0.2,0.0,0.0
MCH9841,,,5,36879.71,9219.9275,1,0,0,0,0,0.2,0.0,0.0
MCH9908,,,5,78741.28,15748.256,1,1,1,0,0,0.2,0.2,0.2
MCH1015,Mannan-Subramaniam,HOTEL_LODGING,6,45381.28,7563.546666666666,1,1,1,0,0,0.16666666666666666,0.16666666666666666,0.16666666666666666
MCH1543,,,6,65620.03,10936.671666666667,1,0,0,0,0,0.16666666666666666,0.0,0.0
MCH1577,,,6,64368.41,10728.068333333335,1,0,0,0,0,0.16666666666666666,0.0,0.0
MCH1834,,,6,85381.2,14230.199999999999,1,1,1,0,0,0.16666666666666666,0.16666666666666666,0.16666666666666666
MCH1887,Peri Inc,DEPARTMENT STORE,6,43321.93,10830.4825,1,0,0,0,0,0.16666666666666666,0.0,0.0
MCH1907,,,6,57124.06,11424.812,1,0,0,0,0,0.16666666666666666,0.0,0.0
MCH1949,,,6,67619.38,11269.896666666667,1,0,0,0,0,0.16666666666666666,0.0,0.0
MCH2195,,,6,91751.54,18350.307999999997,1,0,0,0,0,0.16666666666666666,0.0,0.0
MCH2299,Ahluwalia Inc,TRAVEL,6,78518.55,15703.710000000001,1,1,1,0,0,0.16666666666666666,0.16666666666666666,0.16666666666666666
MCH2527,,,6,90003.9,15000.65,1,1,1,0,0,0.16666666666666666,0.16666666666666666,0.16666666666666666
MCH2694,Misra PLC,APPAREL,6,41741.17,8348.234,1,0,0,0,0,0.16666666666666666,0.0,0.0
MCH2709,"Iyengar, Dugar and Chacko",HOTEL_LODGING,6,49433.81,8238.968333333332,1,0,0,0,0,0.16666666666666666,0.0,0.0
MCH2716,,,6,73093.99,14618.798,1,0,0,0,0,0.16666666666666666,0.0,0.0
MCH2883,,,6,44250.39,8850.078,1,1,1,0,0,0.16666666666666666,0.16666666666666666,0.16666666666666666
MCH3154,Bhardwaj Ltd,TRANSPORT,6,73487.26,14697.452,1,0,0,6,0,0.16666666666666666,0.0,0.0
MCH3434,,,6,73472.4,14694.48,1,0,0,0,0,0.16666666666666666,0.0,0.0
MCH3560,,,6,67315.09,11219.181666666665,1,0,0,0,0,0.16666666666666666,0.0,0.0
MCH3610,KHANNA-GOSWAMI,TELECOM,6,66400.45999999999,11066.743333333332,1,0,0,0,0,0.16666666666666666,0.0,0.0
MCH3624,,,6,46953.56,11738.39,1,0,0,0,0,0.16666666666666666,0.0,0.0
MCH3765,Mohanty LLC,DEPARTMENT STORE,6,70761.3,11793.550000000001,1,1,1,0,0,0.16666666666666666,0.16666666666666666,0.16666666666666666
MCH3791,,,6,23471.66,3911.943333333333,1,1,1,0,0,0.16666666666666666,0.16666666666666666,0.16666666666666666
MCH4070,,,6,49516.33,8252.721666666666,1,0,0,0,0,0.16666666666666666,0.0,0.0
MCH4106,Dey and Sons,GROCERY,6,45857.99,7642.998333333333,1,1,1,0,0,0.16666666666666666,0.16666666666666666,0.16666666666666666
MCH4350,,,6,82037.97,13672.995,1,0,0,0,0,0.16666666666666666,0.0,0.0
MCH4435,"Shere, Jain and Luthra",MISC_RETAIL,6,71164.33,11860.721666666666,1,0,0,0,0,0.16666666666666666,0.0,0.0
MCH4608,  Chandran Group  ,APPAREL,6,79411.76,13235.293333333333,1,0,0,0,0,0.16666666666666666,0.0,0.0
MCH4657,,,6,29459.56,5891.912,1,1,1,0,0,0.16666666666666666,0.16666666666666666,0.16666666666666666
MCH5172,,,6,97933.35,16322.225,1,0,0,0,0,0.16666666666666666,0.0,0.0
MCH5183,Chandra LLC,STATIONERY,6,63103.97,10517.328333333333,1,1,1,0,0,0.16666666666666666,0.16666666666666666,0.16666666666666666
MCH5280,Mani-Chada,TRANSPORT,6,73208.07,12201.345000000001,1,1,1,0,0,0.16666666666666666,0.16666666666666666,0.16666666666666666
MCH5287,Sachdeva PLC,TRAVEL,6,82634.56999999999,13772.428333333331,1,1,1,0,0,0.16666666666666666,0.16666666666666666,0.16666666666666666
MCH5401,"Sama, Ar0ra and Mem0n",BOOKS,6,18073.46,4518.365,1,1,1,0,0,0.16666666666666666,0.16666666666666666,0.16666666666666666
MCH5466,,,6,92333.83,15388.971666666666,1,1,1,0,0,0.16666666666666666,0.16666666666666666,0.16666666666666666
MCH5600,,,6,62806.59,10467.765,1,1,1,0,0,0.16666666666666666,0.16666666666666666,0.16666666666666666
MCH5706,,,6,67570.09,11261.681666666665,1,1,1,0,0,0.16666666666666666,0.16666666666666666,0.16666666666666666
MCH5963,Mukhopadhyay Ltd,OTHER,6,63845.68000000001,10640.946666666669,1,1,1,6,0,0.16666666666666666,0.16666666666666666,0.16666666666666666
MCH6240,"Dutta, Aggarwal and Devan",FOOD_SERVICES,6,47862.29,9572.458,1,1,1,0,0,0.16666666666666666,0.16666666666666666,0.16666666666666666
MCH6342,,,6,86157.92,14359.653333333334,1,0,0,0,0,0.16666666666666666,0.0,0.0
MCH6487,,,6,74197.43000000001,12366.238333333335,1,1,1,0,0,0.16666666666666666,0.16666666666666666,0.16666666666666666
MCH6705,,,6,53812.909999999996,13453.227499999999,1,0,0,0,0,0.16666666666666666,0.0,0.0
MCH6735,,,6,60074.689999999995,10012.448333333332,1,0,0,0,0,0.16666666666666666,0.0,0.0
MCH6772,"Sarin,KaleandBava",GROCERY,6,36474.33,6079.055,1,1,1,6,0,0.16666666666666666,0.16666666666666666,0.16666666666666666
MCH6944,"Ghosh, Hayre and Seth",APPAREL,6,66940.09,13388.018,1,0,0,0,0,0.16666666666666666,0.0,0.0
MCH7099,,,6,66430.5,11071.75,1,0,0,0,0,0.16666666666666666,0.0,0.0
MCH7304,,,6,51394.22,10278.844000000001,1,0,0,0,0,0.16666666666666666,0.0,0.0
MCH7305,Iyer-Nagi,APPAREL,6,53218.22,8869.703333333333,1,1,1,0,0,0.16666666666666666,0.16666666666666666,0.16666666666666666
MCH7427,,,6,49794.450000000004,8299.075,1,0,0,0,0,0.16666666666666666,0.0,0.0
MCH7451,,,6,71596.89,11932.815,1,1,1,0,0,0.16666666666666666,0.16666666666666666,0.16666666666666666
MCH7549,Narayan PLC,HOTEL_LODGING,6,61273.83,10212.305,1,0,0,0,0,0.16666666666666666,0.0,0.0
MCH7769,"Atwal, Loke and Prasad",TELECOM,6,59494.24,9915.706666666667,1,0,0,0,0,0.16666666666666666,0.0,0.0
MCH7889,,,6,71081.84,11846.973333333333,1,1,1,0,0,0.16666666666666666,0.16666666666666666,0.16666666666666666
MCH8271,Konda-Bawa,APPAREL,6,45519.399999999994,11379.849999999999,1,0,0,0,0,0.16666666666666666,0.0,0.0
MCH8289,"Ch0udhury, Chakrabarti and Kha1sa",TRANSPORT,6,56139.28,11227.856,1,0,0,0,0,0.16666666666666666,0.0,0.0
MCH8335,Bhatti-Keer,RETAIL,6,55816.88,11163.376,1,0,0,0,0,0.16666666666666666,0.0,0.0
MCH8387,,,6,76508.82,15301.764000000001,1,1,1,0,0,0.16666666666666666,0.16666666666666666,0.16666666666666666
MCH8437,"  Kurian, Yadav and Sidhu  ",FOOD_SERVICES,6,90150.45,15025.074999999999,1,1,1,0,0,0.16666666666666666,0.16666666666666666,0.16666666666666666
MCH8472,Guha-Sandhu,PHONE SERVICE,6,44634.08,8926.816,1,0,0,0,0,0.16666666666666666,0.0,0.0
MCH8614,Basu-Gola,TRAVEL,6,60833.17,12166.634,1,0,0,0,0,0.16666666666666666,0.0,0.0
MCH8669,,,6,101216.95999999999,16869.493333333332,1,0,0,0,0,0.16666666666666666,0.0,0.0
MCH8680,,,6,88639.53,14773.255,1,0,0,0,0,0.16666666666666666,0.0,0.0
MCH8846,,,6,63921.92,10653.653333333334,1,0,0,0,0,0.16666666666666666,0.0,0.0
MCH9043,Setty and Sons,HOTEL_LODGING,6,66608.36,11101.393333333333,1,0,0,0,0,0.16666666666666666,0.0,0.0
MCH9045,"  Kaul, Sethi and Vaidya  ",TELECOM,6,47760.22,7960.036666666667,1,1,1,0,0,0.16666666666666666,0.16666666666666666,0.16666666666666666
MCH9072,,,6,87113.65,14518.941666666666,1,1,1,0,0,0.16666666666666666,0.16666666666666666,0.16666666666666666
MCH9122,,,6,87416.69,17483.338,1,0,0,0,0,0.16666666666666666,0.0,0.0
MCH9316,Bandi Ltd,GROCERY,6,88647.67,17729.534,1,0,0,0,0,0.16666666666666666,0.0,0.0
MCH9501,,,6,69663.35,13932.670000000002,1,0,0,0,0,0.16666666666666666,0.0,0.0
MCH9670,,,6,54466.229999999996,9077.705,1,0,0,0,0,0.16666666666666666,0.0,0.0
MCH9694,,,6,107294.68,21458.935999999998,1,0,0,0,0,0.16666666666666666,0.0,0.0
MCH9951,Natt Group,PHARMACY,6,99676.19,16612.698333333334,1,1,1,0,0,0.16666666666666666,0.16666666666666666,0.16666666666666666
MCH3509,Tandon-Thakur,OTHER,7,74635.11,10662.158571428572,1,0,0,0,0,0.14285714285714285,0.0,0.0
MCH3699,borra and sons,STATIONERY,7,71838.1,10262.585714285715,1,0,0,0,0,0.14285714285714285,0.0,0.0
MCH4173,,,7,80265.25,13377.541666666666,1,1,1,0,0,0.14285714285714285,0.14285714285714285,0.14285714285714285
MCH4233,Parmar and Sons,MEDICAL_STORE,7,115990.51999999999,16570.074285714283,1,0,0,0,0,0.14285714285714285,0.0,0.0
MCH5213,Keer-Yadav,HOTEL_LODGING,7,85771.15,17154.23,1,0,0,0,0,0.14285714285714285,0.0,0.0
MCH5661,,,7,114392.13,16341.732857142857,1,1,1,0,0,0.14285714285714285,0.14285714285714285,0.14285714285714285
MCH5710,Karnik Ltd,BOOKS,7,89382.36,12768.908571428572,1,0,0,0,0,0.14285714285714285,0.0,0.0
MCH6302,Gour-Rattan,TRANSPORT,7,6603.57,1320.714,1,0,0,0,0,0.14285714285714285,0.0,0.0
MCH6454,Nagi-Ch0udhury,APPAREL,7,61371.32,10228.553333333333,1,0,0,7,0,0.14285714285714285,0.0,0.0
MCH7200,Madan PLC,APPAREL,7,64739.64000000001,10789.94,1,0,0,0,0,0.14285714285714285,0.0,0.0
MCH7473,"Nair, Ramachandran and Mane",RETAIL,7,68345.88,9763.697142857143,1,0,0,0,0,0.14285714285714285,0.0,0.0
MCH7583,,,7,67068.37,13413.673999999999,1,1,1,0,0,0.14285714285714285,0.14285714285714285,0.14285714285714285
MCH7593,,,7,82001.68,11714.525714285714,1,0,0,0,0,0.14285714285714285,0.0,0.0
MCH7932,SETHI LTD,TELECOM,7,84058.99,12008.427142857143,1,1,1,0,0,0.14285714285714285,0.14285714285714285,0.14285714285714285
MCH8057,Kalla Group,MEDICAL_STORE,7,64530.979999999996,9218.711428571429,1,1,1,0,0,0.14285714285714285,0.14285714285714285,0.14285714285714285
MCH8202,,,7,85116.44,14186.073333333334,1,1,1,0,0,0.14285714285714285,0.14285714285714285,0.14285714285714285
MCH8231,,,7,47776.560000000005,7962.760000000001,1,0,0,0,0,0.14285714285714285,0.0,0.0
MCH8319,,,7,93632.82,13376.117142857143,1,0,0,0,0,0.14285714285714285,0.0,0.0
MCH9299,Pathak-Menon,FOOD_SERVICES,7,114745.70999999999,16392.244285714285,1,1,1,0,0,0.14285714285714285,0.14285714285714285,0.14285714285714285
MCH9695,,,7,50003.92,8333.986666666666,1,0,0,0,0,0.14285714285714285,0.0,0.0
MCH9798,Mann-Gera,TRANSPORT,7,102847.06,14692.437142857143,1,1,1,0,0,0.14285714285714285,0.14285714285714285,0.14285714285714285
MCH2570,,,8,41719.63,5959.947142857142,1,1,1,0,0,0.125,0.125,0.125
MCH2600,Prabhakar and Sons,APPAREL,8,103311.19,12913.89875,1,1,1,0,0,0.125,0.125,0.125
MCH8081,,,8,106396.54000000001,13299.567500000001,1,0,0,0,0,0.125,0.0,0.0
MCH8560,,,8,75199.19,10742.74142857143,1,0,0,0,0,0.125,0.0,0.0
MCH9126,Anne-Chahal,GROCERY,8,56298.68,8042.668571428571,1,0,0,0,0,0.125,0.0,0.0
MCH6613,,,10,77817.72,9727.215,0,0,0,0,0,0.0,0.0,0.0
MCH6245,,,9,117893.73999999999,13099.304444444444,0,0,0,0,0,0.0,0.0,0.0
MCH5088,,,8,42727.35,5340.91875,0,0,0,0,0,0.0,0.0,0.0
MCH1127,,,7,79906.43,11415.204285714284,0,0,0,0,0,0.0,0.0,0.0
MCH1546,,,7,63855.920000000006,9122.274285714286,0,0,0,0,0,0.0,0.0,0.0
MCH3352,,,7,88372.43000000001,14728.738333333335,0,0,0,0,0,0.0,0.0,0.0
MCH3679,Kumer LLC,TELECOM,7,26642.07,6660.5175,0,0,0,0,0,0.0,0.0,0.0
MCH4312,Dada-Hari,APPAREL,7,73910.45,10558.635714285714,0,0,0,0,0,0.0,0.0,0.0
MCH4953,,,7,85923.9,14320.65,0,0,0,0,0,0.0,0.0,0.0
MCH5143,,,7,25840.54,5168.108,0,0,0,0,0,0.0,0.0,0.0
MCH5289,,,7,85841.26,14306.876666666665,0,0,0,0,0,0.0,0.0,0.0
MCH5317,Seth PLC,HOTEL_LODGING,7,55728.09,9288.015,0,0,0,0,0,0.0,0.0,0.0
MCH6824,"  Talwar, Ramesh and Hora  ",BOOKS,7,92001.95,15333.658333333333,0,0,0,0,0,0.0,0.0,0.0
MCH7557,,,7,103061.57,14723.08142857143,0,0,0,0,0,0.0,0.0,0.0
MCH7656,,,7,88786.61,14797.768333333333,0,0,0,0,0,0.0,0.0,0.0
MCH7997,"Rattan, Naik and Singh",MISC_RETAIL,7,45557.600000000006,6508.228571428573,0,0,0,0,0,0.0,0.0,0.0
MCH8117,,,7,63939.05,12787.810000000001,0,0,0,0,0,0.0,0.0,0.0
MCH9447,Singh and Sons,HOTEL_LODGING,7,12747.75,2549.55,0,0,0,0,0,0.0,0.0,0.0
MCH9656,,,7,63876.06,10646.01,0,0,0,0,0,0.0,0.0,0.0
MCH1073,"Dasgupta,RayandDara",MEDICAL_STORE,6,14997.510000000002,2499.5850000000005,0,0,0,6,0,0.0,0.0,0.0
MCH1225,,,6,83127.23,13854.538333333332,0,0,0,0,0,0.0,0.0,0.0
MCH1401,Din and Sons,GROCERY,6,80512.11,13418.685,0,0,0,0,0,0.0,0.0,0.0
MCH1438,"Memon, Chaudhuri and Choudhry",FOOD_SERVICES,6,96797.19,16132.865,0,0,0,0,0,0.0,0.0,0.0
MCH1450,"HORA, KUNDA AND DANI",DEPARTMENT STORE,6,93347.29000000001,15557.881666666668,0,0,0,0,0,0.0,0.0,0.0
MCH1494,Joshi-Bala,RETAIL,6,67627.44,13525.488000000001,0,0,0,0,0,0.0,0.0,0.0
MCH1507,,,6,58857.350000000006,9809.558333333334,0,0,0,0,0,0.0,0.0,0.0
MCH1605,ShethandSons,TRAVEL,6,58569.09,11713.818,0,0,0,0,0,0.0,0.0,0.0
MCH1644,,,6,68490.07,11415.011666666667,0,0,0,0,0,0.0,0.0,0.0
MCH1725,"Narayanan, Thaker and Sandhu",MISC_RETAIL,6,59217.68,11843.536,0,0,0,0,0,0.0,0.0,0.0
MCH1879,  Maharaj PLC  ,BOOKS,6,58207.869999999995,9701.311666666666,0,0,0,0,0,0.0,0.0,0.0
MCH1997,,,6,73325.52,12220.92,0,0,0,0,0,0.0,0.0,0.0
MCH2103,,,6,52456.52,10491.304,0,0,0,0,0,0.0,0.0,0.0
MCH2109,,,6,32091.260000000002,6418.252,0,0,0,0,0,0.0,0.0,0.0
MCH2132,,,6,48956.75,8159.458333333333,0,0,0,0,0,0.0,0.0,0.0
MCH2216,,,6,58442.53,14610.6325,0,0,0,0,0,0.0,0.0,0.0
MCH2573,,,6,59213.07,9868.845,0,0,0,0,0,0.0,0.0,0.0
MCH2617,Mander-Parmar,MOBILE RECHARGE,6,65768.89,16442.2225,0,0,0,0,0,0.0,0.0,0.0
MCH2635,,,6,53534.72,10706.944,0,0,0,0,0,0.0,0.0,0.0
MCH2698,KalaLLC,HOTEL_LODGING,6,74536.75,14907.35,0,0,0,6,0,0.0,0.0,0.0
MCH2789,Peri-Panchal,DEPARTMENT STORE,6,108300.2,18050.033333333333,0,0,0,0,0,0.0,0.0,0.0
MCH2983,,,6,54169.78,18056.593333333334,0,0,0,0,0,0.0,0.0,0.0
MCH3559,Chokshi Inc,FOOD_SERVICES,6,45005.0,11251.25,0,0,0,6,0,0.0,0.0,0.0
MCH3742,"Mall, Sarma and Merchant",MISC_RETAIL,6,95195.02,15865.836666666668,0,0,0,0,0,0.0,0.0,0.0
MCH4242,,,6,26605.260000000002,4434.21,0,0,0,0,0,0.0,0.0,0.0
MCH4379,,,6,58051.94,9675.323333333334,0,0,0,0,0,0.0,0.0,0.0
MCH4621,Ravel-Chaudhuri,STATIONERY,6,93950.46,15658.410000000002,0,0,0,0,0,0.0,0.0,0.0
MCH4733,  Sankar Inc  ,GROCERY,6,65845.99,10974.331666666667,0,0,0,0,0,0.0,0.0,0.0
MCH4970,,,6,58740.79,11748.158,0,0,0,0,0,0.0,0.0,0.0
MCH5147,,,6,63243.38,10540.563333333334,0,0,0,0,0,0.0,0.0,0.0
MCH5185,,,6,57567.29,11513.458,0,0,0,0,0,0.0,0.0,0.0
MCH5214,,,6,54261.59,9043.598333333333,0,0,0,0,0,0.0,0.0,0.0
MCH5458,"Korpal, Venkatesh and Choudhary",HOTEL_LODGING,6,97830.45,16305.074999999999,0,0,0,0,0,0.0,0.0,0.0
MCH5578,,,6,73210.23,12201.705,0,0,0,0,0,0.0,0.0,0.0
MCH5971,,,6,55184.1,9197.35,0,0,0,0,0,0.0,0.0,0.0
MCH6178,,,6,40403.130000000005,8080.626000000001,0,0,0,0,0,0.0,0.0,0.0
MCH6234,,,6,55837.75,11167.55,0,0,0,0,0,0.0,0.0,0.0
MCH6236,,,6,54648.4,9108.066666666668,0,0,0,0,0,0.0,0.0,0.0
MCH6246,  Zachariah Group  ,APPAREL,6,57670.439999999995,9611.74,0,0,0,0,0,0.0,0.0,0.0
MCH6258,"Mitra, Nori and Venkataraman",PHARMACY,6,24327.26,4054.543333333333,0,0,0,0,0,0.0,0.0,0.0
MCH6787,,,6,35315.74,7063.147999999999,0,0,0,0,0,0.0,0.0,0.0
MCH6914,,,6,44219.01,11054.7525,0,0,0,0,0,0.0,0.0,0.0
MCH6976,,,6,64158.38,10693.063333333334,0,0,0,0,0,0.0,0.0,0.0
MCH7199,MANDA AND SONS,BOOKS,6,28256.27,7064.0675,0,0,0,0,0,0.0,0.0,0.0
MCH7313,Sarma LLC,TRANSPORT,6,55809.310000000005,11161.862000000001,0,0,0,0,0,0.0,0.0,0.0
MCH7395,Bera Group,PHARMACY,6,107812.65,17968.774999999998,0,0,0,0,0,0.0,0.0,0.0
MCH7589,"Mangat, Din and Chatterjee",HOTEL_LODGING,6,94522.56,15753.76,0,0,0,0,0,0.0,0.0,0.0
MCH7735,Nanda PLC,PHARMACY,6,56759.700000000004,11351.94,0,0,0,0,0,0.0,0.0,0.0
MCH7874,,,6,60772.48,12154.496000000001,0,0,0,0,0,0.0,0.0,0.0
MCH8170,"Dyal, Chadha and Shenoy",PHONE SERVICE,6,76254.48,15250.895999999999,0,0,0,0,0,0.0,0.0,0.0
MCH8216,,,6,32890.87,6578.174000000001,0,0,0,0,0,0.0,0.0,0.0
MCH8247,"Pandya, Muni and Hora",PHONE SERVICE,6,65294.07000000001,10882.345000000001,0,0,0,0,0,0.0,0.0,0.0
MCH8259,Lall Group,STATIONERY,6,99741.78,16623.63,0,0,0,0,0,0.0,0.0,0.0
MCH8278,,,6,72179.78,12029.963333333333,0,0,0,0,0,0.0,0.0,0.0
MCH8443,,,6,73917.76999999999,12319.628333333332,0,0,0,0,0,0.0,0.0,0.0
MCH8750,"Bawa, Chatterjee and Sathe",HOTEL_LODGING,6,81958.4,16391.68,0,0,0,0,0,0.0,0.0,0.0
MCH8779,Tak-Wali,FOOD_SERVICES,6,78407.95999999999,13067.993333333332,0,0,0,0,0,0.0,0.0,0.0
MCH8809,"Doshi, Ghose and Amble",GROCERY,6,71662.49,11943.748333333335,0,0,0,0,0,0.0,0.0,0.0
MCH8872,,,6,33756.16,6751.232000000001,0,0,0,0,0,0.0,0.0,0.0
MCH8887,,,6,64080.73,12816.146,0,0,0,0,0,0.0,0.0,0.0
MCH8941,Iyer LLC,MISC_RETAIL,6,73637.79,12272.964999999998,0,0,0,0,0,0.0,0.0,0.0
MCH8997,,,6,55429.16,11085.832,0,0,0,0,0,0.0,0.0,0.0
MCH9246,"Krishna, Wable and Kanda",MOBILE RECHARGE,6,58078.65,11615.73,0,0,0,0,0,0.0,0.0,0.0
MCH9253,,,6,72350.64,14470.128,0,0,0,0,0,0.0,0.0,0.0
MCH9490,,,6,58284.15,11656.83,0,0,0,0,0,0.0,0.0,0.0
MCH9611,,,6,25943.519999999997,5188.704,0,0,0,0,0,0.0,0.0,0.0
MCH9852,,,6,67582.29,13516.457999999999,0,0,0,0,0,0.0,0.0,0.0
MCH1052,,,5,62222.29,12444.458,0,0,0,0,0,0.0,0.0,0.0
MCH1069,,,5,77360.17,19340.0425,0,0,0,0,0,0.0,0.0,0.0
MCH1093,"dubey, uppal and bhatt",FOOD_SERVICES,5,97943.56,19588.712,0,0,0,0,0,0.0,0.0,0.0
MCH1116,,,5,57306.590000000004,11461.318000000001,0,0,0,0,0,0.0,0.0,0.0
MCH1229,"Sen, Dewan and Tripathi",STATIONERY,5,73956.76,14791.351999999999,0,0,0,0,0,0.0,0.0,0.0
MCH1264,,,5,42455.71,8491.142,0,0,0,0,0,0.0,0.0,0.0
MCH1278,,,5,49089.29,9817.858,0,0,0,0,0,0.0,0.0,0.0
MCH1290,,,5,76165.48000000001,15233.096000000001,0,0,0,0,0,0.0,0.0,0.0
MCH1349,Verma-Rastogi,BOOKS,5,31362.440000000002,10454.146666666667,0,0,0,0,0,0.0,0.0,0.0
MCH1368,,,5,67435.34,22478.446666666667,0,0,0,0,0,0.0,0.0,0.0
MCH1418,,,5,33605.72,6721.144,0,0,0,0,0,0.0,0.0,0.0
MCH1424,"GOEL, BALAY AND DUA",HOTEL_LODGING,5,62153.240000000005,12430.648000000001,0,0,0,0,0,0.0,0.0,0.0
MCH1432,,,5,44362.92,11090.73,0,0,0,0,0,0.0,0.0,0.0
MCH1453,,,5,41296.49,13765.496666666666,0,0,0,0,0,0.0,0.0,0.0
MCH1489,,,5,52796.76,10559.352,0,0,0,0,0,0.0,0.0,0.0
MCH1491,"Sarna, Chand and Goda",TELECOM,5,55775.03,11155.006,0,0,0,0,0,0.0,0.0,0.0
MCH1500,,,5,42535.590000000004,10633.897500000001,0,0,0,0,0,0.0,0.0,0.0
MCH1566,,,5,64292.270000000004,16073.067500000001,0,0,0,0,0,0.0,0.0,0.0
MCH1638,,,5,32879.35,8219.8375,0,0,0,0,0,0.0,0.0,0.0
MCH1735,,,5,66828.94,16707.235,0,0,0,0,0,0.0,0.0,0.0
MCH1745,,,5,34359.98,11453.326666666668,0,0,0,0,0,0.0,0.0,0.0
MCH1893,,,5,74591.20999999999,18647.802499999998,0,0,0,0,0,0.0,0.0,0.0
MCH2011,,,5,67524.08,13504.816,0,0,0,0,0,0.0,0.0,0.0
MCH2118,Jani-Subramaniam,STATIONERY,5,89912.89,17982.578,0,0,0,0,0,0.0,0.0,0.0
MCH2133,Bose-Saraf,MISC_RETAIL,5,57244.25,14311.0625,0,0,0,0,0,0.0,0.0,0.0
MCH2163,,,5,52044.53,13011.1325,0,0,0,0,0,0.0,0.0,0.0
MCH2166,SANT-VENKATESH,PHARMACY,5,45674.83,9134.966,0,0,0,0,0,0.0,0.0,0.0
MCH2190,,,5,62689.240000000005,15672.310000000001,0,0,0,0,0,0.0,0.0,0.0
MCH2206,,,5,51189.130000000005,10237.826000000001,0,0,0,0,0,0.0,0.0,0.0
MCH2218,"Upadhyay, Sharma and Kothari",HOTEL_LODGING,5,73983.59,14796.717999999999,0,0,0,0,0,0.0,0.0,0.0
MCH2219,,,5,21851.89,5462.9725,0,0,0,0,0,0.0,0.0,0.0
MCH2232,Borde-Sule,DEPARTMENT STORE,5,69073.65,13814.73,0,0,0,0,0,0.0,0.0,0.0
MCH2258,Walia Group,DEPARTMENT STORE,5,44418.78999999999,14806.26333333333,0,0,0,0,0,0.0,0.0,0.0
MCH2298,,,5,82955.69,16591.138,0,0,0,0,0,0.0,0.0,0.0
MCH2341,,,5,73248.74,18312.185,0,0,0,0,0,0.0,0.0,0.0
MCH2355,,,5,40469.32,8093.864,0,0,0,0,0,0.0,0.0,0.0
MCH2386,,,5,95093.49,19018.698,0,0,0,0,0,0.0,0.0,0.0
MCH2511,,,5,40879.619999999995,10219.904999999999,0,0,0,0,0,0.0,0.0,0.0
MCH2533,Khatri-Devi,GROCERY,5,33294.83,8323.7075,0,0,0,0,0,0.0,0.0,0.0
MCH2637,Joshi Group,MISC_RETAIL,5,42153.61,10538.4025,0,0,0,0,0,0.0,0.0,0.0
MCH2670,,,5,34104.63,8526.1575,0,0,0,0,0,0.0,0.0,0.0
MCH2691,PATHAK AND SONS,HOTEL_LODGING,5,-11268.73,-2253.746,0,0,0,0,0,0.0,0.0,0.0
MCH2696,"Dave, Chaudhari and Bhatti",GROCERY,5,32455.75,6491.15,0,0,0,0,0,0.0,0.0,0.0
MCH2705,,,5,25141.809999999998,8380.603333333333,0,0,0,0,0,0.0,0.0,0.0
MCH2722,,,5,65226.11,13045.222,0,0,0,0,0,0.0,0.0,0.0
MCH2734,,,5,81018.4,16203.679999999998,0,0,0,0,0,0.0,0.0,0.0
MCH2881,J0ha1 PLC,FOOD_SERVICES,5,68001.35,13600.27,0,0,0,0,0,0.0,0.0,0.0
MCH2920,,,5,62498.11,12499.622,0,0,0,0,0,0.0,0.0,0.0
MCH2922,Chhabra-Jha,MISC_RETAIL,5,32833.93,10944.643333333333,0,0,0,0,0,0.0,0.0,0.0
MCH2930,,,5,72560.11,14512.022,0,0,0,0,0,0.0,0.0,0.0
MCH2937,,,5,25605.4,5121.08,0,0,0,0,0,0.0,0.0,0.0
MCH3001,,,5,47384.47,9476.894,0,0,0,0,0,0.0,0.0,0.0
MCH3002,"Dey, Chopra and Vig",APPAREL,5,60084.42,12016.884,0,0,0,0,0,0.0,0.0,0.0
MCH3015,,,5,23926.47,4785.294,0,0,0,0,0,0.0,0.0,0.0
MCH3059,,,5,46322.02,9264.403999999999,0,0,0,0,0,0.0,0.0,0.0
MCH3089,Tata PLC,STATIONERY,5,69396.56,13879.312,0,0,0,0,0,0.0,0.0,0.0
MCH3197,,,5,74321.92,14864.384,0,0,0,0,0,0.0,0.0,0.0
MCH3288,"Bains, Arya and Sanghvi",HOTEL_LODGING,5,49068.74,9813.748,0,0,0,0,0,0.0,0.0,0.0
MCH3381,,,5,67649.74,13529.948,0,0,0,0,0,0.0,0.0,0.0
MCH3435,"MITTER, CHAKRABARTI AND SWAMINATHAN",FOOD_SERVICES,5,71954.3,14390.86,0,0,0,0,0,0.0,0.0,0.0
MCH3436,,,5,17547.08,5849.026666666668,0,0,0,0,0,0.0,0.0,0.0
MCH3440,"  Sahni, Thakur and Kale  ",GROCERY,5,92708.89,18541.778,0,0,0,0,0,0.0,0.0,0.0
MCH3514,,,5,43228.78,8645.756,0,0,0,0,0,0.0,0.0,0.0
MCH3534,,,5,56152.32,14038.08,0,0,0,0,0,0.0,0.0,0.0
MCH3543,,,5,36068.520000000004,7213.704000000001,0,0,0,0,0,0.0,0.0,0.0
MCH3677,Choudhury-Radhakrishnan,HOTEL_LODGING,5,73867.70999999999,14773.541999999998,0,0,0,0,0,0.0,0.0,0.0
MCH3686,Prasad Inc,FOOD_SERVICES,5,56473.68,14118.42,0,0,0,0,0,0.0,0.0,0.0
MCH3706,,,5,59227.42,11845.484,0,0,0,0,0,0.0,0.0,0.0
MCH3715,BANSAL INC,BOOKS,5,23990.58,7996.860000000001,0,0,0,5,0,0.0,0.0,0.0
MCH3794,,,5,47464.03,15821.343333333332,0,0,0,0,0,0.0,0.0,0.0
MCH3795,Sinha-Ramesh,TELECOM,5,24331.0,12165.5,0,0,0,0,0,0.0,0.0,0.0
MCH3859,"mall, bassi and seshadri",GROCERY,5,81163.92,20290.98,0,0,0,0,0,0.0,0.0,0.0
MCH3893,Dhingra-Chaudhuri,MEDICAL_STORE,5,45950.409999999996,9190.081999999999,0,0,0,0,0,0.0,0.0,0.0
MCH3973,,,5,36884.81,7376.9619999999995,0,0,0,0,0,0.0,0.0,0.0
MCH3981,,,5,36102.19,9025.5475,0,0,0,0,0,0.0,0.0,0.0
MCH4020,,,5,73966.87,18491.7175,0,0,0,0,0,0.0,0.0,0.0
MCH4037,chaudhuri llc,DEPARTMENT STORE,5,54652.53999999999,18217.513333333332,0,0,0,0,0,0.0,0.0,0.0
MCH4044,,,5,75206.1,15041.220000000001,0,0,0,0,0,0.0,0.0,0.0
MCH4135,sunder ltd,GROCERY,5,66924.64,13384.928,0,0,0,0,0,0.0,0.0,0.0
MCH4170,Saha-Sangha,DEPARTMENT STORE,5,53360.03,10672.006,0,0,0,0,0,0.0,0.0,0.0
MCH4460,BUMB PLC,BOOKS,5,70215.47,14043.094000000001,0,0,0,0,0,0.0,0.0,0.0
MCH4487,Subramanian-Kannan,PHONE SERVICE,5,63639.21,15909.8025,0,0,0,0,0,0.0,0.0,0.0
MCH4557,,,5,11089.859999999999,2772.4649999999997,0,0,0,0,0,0.0,0.0,0.0
MCH4563,,,5,78199.58,15639.916000000001,0,0,0,0,0,0.0,0.0,0.0
MCH4564,,,5,67524.05,16881.0125,0,0,0,0,0,0.0,0.0,0.0
MCH4626,"Lalla, Handa and Ahuja",MISC_RETAIL,5,64275.96,12855.192,0,0,0,0,0,0.0,0.0,0.0
MCH4646,,,5,47303.21,11825.8025,0,0,0,0,0,0.0,0.0,0.0
MCH4650,,,5,47828.28,11957.07,0,0,0,0,0,0.0,0.0,0.0
MCH4659,,,5,25861.190000000002,6465.297500000001,0,0,0,0,0,0.0,0.0,0.0
MCH4774,Wadhwa PLC,DEPARTMENT STORE,5,61501.93,12300.386,0,0,0,0,0,0.0,0.0,0.0
MCH4791,,,5,73923.42,18480.855,0,0,0,0,0,0.0,0.0,0.0
MCH4906,Gaba LLC,FOOD_SERVICES,5,46445.15,11611.2875,0,0,0,0,0,0.0,0.0,0.0
MCH4909,"Sharaf, Lalla and Rattan",BOOKS,5,73642.79000000001,14728.558,0,0,0,0,0,0.0,0.0,0.0
MCH4929,,,5,36718.54,9179.635,0,0,0,0,0,0.0,0.0,0.0
MCH4955,,,5,17847.51,4461.8775,0,0,0,0,0,0.0,0.0,0.0
MCH4976,Walla and Sons,BOOKS,5,38048.0,12682.666666666666,0,0,0,0,0,0.0,0.0,0.0
MCH5034,,,5,37481.96,7496.392,0,0,0,0,0,0.0,0.0,0.0
MCH5070,krishnan group,MOBILE RECHARGE,5,67926.77,13585.354000000001,0,0,0,0,0,0.0,0.0,0.0
MCH5072,Shroff-Sangha,MISC_RETAIL,5,69464.87,13892.973999999998,0,0,0,0,0,0.0,0.0,0.0
MCH5082,,,5,67316.28,16829.07,0,0,0,0,0,0.0,0.0,0.0
MCH5122,"Chand, Gupta and Bhargava",FOOD_SERVICES,5,57948.17,14487.0425,0,0,0,0,0,0.0,0.0,0.0
MCH5166,Roy-Srinivasan,MOBILE RECHARGE,5,25271.64,5054.3279999999995,0,0,0,0,0,0.0,0.0,0.0
MCH5205,"Yogi, Minhas and Goda",DEPARTMENT STORE,5,68483.06999999999,17120.767499999998,0,0,0,5,0,0.0,0.0,0.0
MCH5224,Prabhakar-Baral,MISC_RETAIL,5,53462.33,10692.466,0,0,0,0,0,0.0,0.0,0.0
MCH5225,"Bera, Guha and Narayan",BOOKS,5,46956.48,9391.296,0,0,0,0,0,0.0,0.0,0.0
MCH5277,Kannan-Deshmukh,BOOKS,5,70889.92,14177.984,0,0,0,5,0,0.0,0.0,0.0
MCH5306,,,5,91851.57,18370.314000000002,0,0,0,0,0,0.0,0.0,0.0
MCH5324,,,5,45863.53,11465.8825,0,0,0,0,0,0.0,0.0,0.0
MCH5373,,,5,32977.36,8244.34,0,0,0,0,0,0.0,0.0,0.0
MCH5498,,,5,70225.1,14045.02,0,0,0,0,0,0.0,0.0,0.0
MCH5572,,,5,74096.27,18524.0675,0,0,0,0,0,0.0,0.0,0.0
MCH5575,  Sandal LLC  ,GROCERY,5,50353.3,16784.433333333334,0,0,0,0,0,0.0,0.0,0.0
MCH5596,Biswas Group,RETAIL,5,22854.160000000003,7618.053333333334,0,0,0,0,0,0.0,0.0,0.0
MCH5602,Kaul PLC,GROCERY,5,18366.489999999998,4591.6224999999995,0,0,0,5,0,0.0,0.0,0.0
MCH5615,,,5,69989.52,13997.904,0,0,0,0,0,0.0,0.0,0.0
MCH5617,,,5,76131.07,15226.214000000002,0,0,0,0,0,0.0,0.0,0.0
MCH5650,,,5,51875.45,10375.09,0,0,0,0,0,0.0,0.0,0.0
MCH5665,"Parikh, Ray and Lall",STATIONERY,5,18075.699999999997,6025.233333333333,0,0,0,0,0,0.0,0.0,0.0
MCH5742,,,5,80030.21,16006.042000000001,0,0,0,0,0,0.0,0.0,0.0
MCH5813,Nair Inc,MOBILE RECHARGE,5,64358.39,12871.678,0,0,0,0,0,0.0,0.0,0.0
MCH5839,,,5,20339.08,4067.8160000000003,0,0,0,0,0,0.0,0.0,0.0
MCH6002,Bal Group,MEDICAL_STORE,5,36320.1,9080.025,0,0,0,0,0,0.0,0.0,0.0
MCH6028,"Devan, Saha and Nagar",HOTEL_LODGING,5,75682.63,18920.6575,0,0,0,0,0,0.0,0.0,0.0
MCH6055,,,5,63339.19,15834.7975,0,0,0,0,0,0.0,0.0,0.0
MCH6061,nazareth plc,TRANSPORT,5,87402.38,17480.476000000002,0,0,0,5,0,0.0,0.0,0.0
MCH6074,,,5,68051.73,13610.346,0,0,0,0,0,0.0,0.0,0.0
MCH6080,,,5,63965.83,12793.166000000001,0,0,0,0,0,0.0,0.0,0.0
MCH6094,,,5,47444.64,11861.16,0,0,0,0,0,0.0,0.0,0.0
MCH6232,,,5,36280.590000000004,9070.147500000001,0,0,0,0,0,0.0,0.0,0.0
MCH6250,,,5,86276.76999999999,17255.354,0,0,0,0,0,0.0,0.0,0.0
MCH6406,,,5,52906.22,13226.555,0,0,0,0,0,0.0,0.0,0.0
MCH6477,Gopal-Dewan,APPAREL,5,64217.850000000006,12843.570000000002,0,0,0,0,0,0.0,0.0,0.0
MCH6479,,,5,85662.55,17132.510000000002,0,0,0,0,0,0.0,0.0,0.0
MCH6499,,,5,55761.97,11152.394,0,0,0,0,0,0.0,0.0,0.0
MCH6508,Varty Inc,PHARMACY,5,78513.84,15702.768,0,0,0,0,0,0.0,0.0,0.0
MCH6568,MINHAS PLC,HOTEL_LODGING,5,73044.55,14608.91,0,0,0,0,0,0.0,0.0,0.0
MCH6585,KARA-NATH,APPAREL,5,20155.77,6718.59,0,0,0,0,0,0.0,0.0,0.0
MCH6624,,,5,41543.75,13847.916666666666,0,0,0,0,0,0.0,0.0,0.0
MCH6647,,,5,56422.82,11284.564,0,0,0,0,0,0.0,0.0,0.0
MCH6674,,,5,41501.25,8300.25,0,0,0,0,0,0.0,0.0,0.0
MCH6905,,,5,63327.65,15831.9125,0,0,0,0,0,0.0,0.0,0.0
MCH6929,,,5,54395.15,10879.03,0,0,0,0,0,0.0,0.0,0.0
MCH6932,,,5,37432.26,7486.452,0,0,0,0,0,0.0,0.0,0.0
MCH6937,,,5,36681.35,12227.116666666667,0,0,0,0,0,0.0,0.0,0.0
MCH7122,,,5,80870.54,16174.107999999998,0,0,0,0,0,0.0,0.0,0.0
MCH7149,  Shanker-Kala  ,BOOKS,5,45991.54,9198.308,0,0,0,0,0,0.0,0.0,0.0
MCH7156,Lata-Som,FOOD_SERVICES,5,78965.06,15793.011999999999,0,0,0,0,0,0.0,0.0,0.0
MCH7185,agarwal plc,HOTEL_LODGING,5,22439.18,5609.795,0,0,0,0,0,0.0,0.0,0.0
MCH7186,,,5,57517.130000000005,14379.282500000001,0,0,0,0,0,0.0,0.0,0.0
MCH7187,Sandhu Inc,FOOD_SERVICES,5,18890.1,4722.525,0,0,0,0,0,0.0,0.0,0.0
MCH7221,,,5,52846.33,10569.266,0,0,0,0,0,0.0,0.0,0.0
MCH7247,,,5,51207.54,10241.508,0,0,0,0,0,0.0,0.0,0.0
MCH7255,,,5,23262.81,4652.562,0,0,0,0,0,0.0,0.0,0.0
MCH7276,Talwar-Kant,TRANSPORT,5,48349.880000000005,9669.976,0,0,0,0,0,0.0,0.0,0.0
MCH7299,,,5,40498.25,10124.5625,0,0,0,0,0,0.0,0.0,0.0
MCH7339,"PUROHIT, DHINGRA AND BARMAN",GROCERY,5,71763.88,14352.776000000002,0,0,0,0,0,0.0,0.0,0.0
MCH7344,Rama-Shukla,APPAREL,5,52813.41,13203.3525,0,0,0,0,0,0.0,0.0,0.0
MCH7401,,,5,38675.11,9668.7775,0,0,0,0,0,0.0,0.0,0.0
MCH7405,,,5,23821.7,4764.34,0,0,0,0,0,0.0,0.0,0.0
MCH7437,,,5,64591.83,12918.366,0,0,0,0,0,0.0,0.0,0.0
MCH7490,datta ltd,PHARMACY,5,72107.29000000001,14421.458000000002,0,0,0,0,0,0.0,0.0,0.0
MCH7502,GOKHALE LLC,DEPARTMENT STORE,5,43748.36,10937.09,0,0,0,0,0,0.0,0.0,0.0
MCH7568,Kumer-Gandhi,HOTEL_LODGING,5,88760.45999999999,17752.091999999997,0,0,0,0,0,0.0,0.0,0.0
MCH7577,"Gandhi, Golla and Arora",APPAREL,5,56449.44,11289.888,0,0,0,0,0,0.0,0.0,0.0
MCH7584,,,5,39334.38,7866.875999999999,0,0,0,0,0,0.0,0.0,0.0
MCH7591,Gour-Hora,FOOD_SERVICES,5,62846.16,15711.54,0,0,0,0,0,0.0,0.0,0.0
MCH7670,,,5,51761.09,10352.217999999999,0,0,0,0,0,0.0,0.0,0.0
MCH7770,,,5,47951.67,11987.9175,0,0,0,0,0,0.0,0.0,0.0
MCH7771,,,5,71861.99,14372.398000000001,0,0,0,0,0,0.0,0.0,0.0
MCH7777,,,5,41851.25000000001,8370.250000000002,0,0,0,0,0,0.0,0.0,0.0
MCH7783,,,5,74547.95,14909.59,0,0,0,0,0,0.0,0.0,0.0
MCH7792,,,5,85047.88,17009.576,0,0,0,0,0,0.0,0.0,0.0
MCH7856,"Sood, Dalal and Butala",HOTEL_LODGING,5,47074.86,15691.62,0,0,0,0,0,0.0,0.0,0.0
MCH7948,  Sachdeva-Buch  ,DEPARTMENT STORE,5,84949.79000000001,16989.958000000002,0,0,0,0,0,0.0,0.0,0.0
MCH7953,Deep Group,GROCERY,5,51291.68,12822.92,0,0,0,0,0,0.0,0.0,0.0
MCH8047,,,5,4053.3199999999997,1013.3299999999999,0,0,0,0,0,0.0,0.0,0.0
MCH8062,RANDHAWA-KATA,MISC_RETAIL,5,67947.39,13589.478,0,0,0,0,0,0.0,0.0,0.0
MCH8082,Contractor and Sons,HOTEL_LODGING,5,60655.7,12131.14,0,0,0,0,0,0.0,0.0,0.0
MCH8089,,,5,49087.39,12271.8475,0,0,0,0,0,0.0,0.0,0.0
MCH8109,"Nadkarni, Sawhney and Singh",PHARMACY,5,57180.45,11436.09,0,0,0,0,0,0.0,0.0,0.0
MCH8110,Kamdar-Raval,OTHER,5,48757.98,12189.495,0,0,0,5,0,0.0,0.0,0.0
MCH8129,"Devan, Ramesh and 0ak",DEPARTMENT STORE,5,22636.08,4527.216,0,0,0,0,0,0.0,0.0,0.0
MCH8246,,,5,76735.29000000001,15347.058,0,0,0,0,0,0.0,0.0,0.0
MCH8256,,,5,72264.15,14452.829999999998,0,0,0,0,0,0.0,0.0,0.0
MCH8273,,,5,51323.21,10264.642,0,0,0,0,0,0.0,0.0,0.0
MCH8282,,,5,63069.5,12613.9,0,0,0,0,0,0.0,0.0,0.0
MCH8324,Golla-Chaudhuri,HOTEL_LODGING,5,89029.59,17805.917999999998,0,0,0,0,0,0.0,0.0,0.0
MCH8380,Gola-Bal,PHONE SERVICE,5,34407.61,8601.9025,0,0,0,0,0,0.0,0.0,0.0
MCH8399,"La11a, Wadhwa and Bhardwaj",FOOD_SERVICES,5,34999.600000000006,11666.533333333335,0,0,0,0,0,0.0,0.0,0.0
MCH8406,,,5,46321.33,9264.266,0,0,0,0,0,0.0,0.0,0.0
MCH8441,,,5,47201.09,11800.2725,0,0,0,0,0,0.0,0.0,0.0
MCH8454,,,5,59102.06,11820.412,0,0,0,0,0,0.0,0.0,0.0
MCH8495,,,5,71295.36,14259.072,0,0,0,0,0,0.0,0.0,0.0
MCH8499,,,5,15922.320000000002,5307.4400000000005,0,0,0,0,0,0.0,0.0,0.0
MCH8577,,,5,27849.6,6962.4,0,0,0,0,0,0.0,0.0,0.0
MCH8589,,,5,42263.72,8452.744,0,0,0,0,0,0.0,0.0,0.0
MCH8667,,,5,63065.11,12613.022,0,0,0,0,0,0.0,0.0,0.0
MCH8679,Dutt-Goel,PHONE SERVICE,5,73770.66,14754.132000000001,0,0,0,0,0,0.0,0.0,0.0
MCH8702,,,5,28690.120000000003,7172.530000000001,0,0,0,0,0,0.0,0.0,0.0
MCH8710,,,5,40629.11,13543.036666666667,0,0,0,0,0,0.0,0.0,0.0
MCH8711,,,5,37030.189999999995,7406.037999999999,0,0,0,0,0,0.0,0.0,0.0
MCH8739,,,5,64291.18,12858.236,0,0,0,0,0,0.0,0.0,0.0
MCH8795,basak-bhavsar,BOOKS,5,38459.75,12819.916666666666,0,0,0,0,0,0.0,0.0,0.0
MCH8845,Varkey-Jha,OTHER,5,69147.31,13829.462,0,0,0,0,0,0.0,0.0,0.0
MCH8924,,,5,29631.309999999998,5926.262,0,0,0,0,0,0.0,0.0,0.0
MCH8962,,,5,61929.2,12385.84,0,0,0,0,0,0.0,0.0,0.0
MCH8967,Kade-Sama,APPAREL,5,42480.7,10620.175,0,0,0,0,0,0.0,0.0,0.0
MCH8975,"shanker, kothari and balasubramanian",TELECOM,5,47864.32,9572.864,0,0,0,0,0,0.0,0.0,0.0
MCH8989,,,5,44705.340000000004,8941.068000000001,0,0,0,0,0,0.0,0.0,0.0
MCH8992,,,5,61456.27,12291.253999999999,0,0,0,0,0,0.0,0.0,0.0
MCH8998,,,5,68773.31999999999,13754.663999999999,0,0,0,0,0,0.0,0.0,0.0
MCH9000,,,5,95792.52,19158.504,0,0,0,0,0,0.0,0.0,0.0
MCH9012,nagy-master,MISC_RETAIL,5,61621.28,15405.32,0,0,0,0,0,0.0,0.0,0.0
MCH9059,Shroff Ltd,DEPARTMENT STORE,5,49118.68,9823.736,0,0,0,0,0,0.0,0.0,0.0
MCH9079,,,5,44949.25,11237.3125,0,0,0,0,0,0.0,0.0,0.0
MCH9084,,,5,50709.42,10141.884,0,0,0,0,0,0.0,0.0,0.0
MCH9156,,,5,74769.73,14953.946,0,0,0,0,0,0.0,0.0,0.0
MCH9195,"Manne, Parsa and Ratta",DEPARTMENT STORE,5,80460.08,16092.016,0,0,0,0,0,0.0,0.0,0.0
MCH9231,Kala-Dugar,TRANSPORT,5,67035.72,16758.93,0,0,0,0,0,0.0,0.0,0.0
MCH9267,,,5,61565.95,15391.4875,0,0,0,0,0,0.0,0.0,0.0
MCH9275,,,5,69076.63,17269.1575,0,0,0,0,0,0.0,0.0,0.0
MCH9355,Vig PLC,PHARMACY,5,70100.58,14020.116,0,0,0,0,0,0.0,0.0,0.0
MCH9471,Sarma Ltd,APPAREL,5,59666.11,19888.703333333335,0,0,0,0,0,0.0,0.0,0.0
MCH9662,,,5,19659.95,3931.9900000000002,0,0,0,0,0,0.0,0.0,0.0
MCH9673,,,5,20993.28,6997.759999999999,0,0,0,0,0,0.0,0.0,0.0
MCH9818,,,5,54343.19,10868.638,0,0,0,0,0,0.0,0.0,0.0
MCH9845,Misra-Varghese,PHARMACY,5,53595.55,10719.11,0,0,0,0,0,0.0,0.0,0.0
MCH9875,,,5,41071.24,8214.248,0,0,0,0,0,0.0,0.0,0.0
MCH9970,,,5,38520.6,12840.199999999999,0,0,0,0,0,0.0,0.0,0.0
MCH9991,,,5,66792.45,16698.1125,0,0,0,0,0,0.0,0.0,0.0
MCH1001,Anand-Kothari,GROCERY,4,41758.0,13919.333333333334,0,0,0,0,0,0.0,0.0,0.0
MCH1025,,,4,57906.43,14476.6075,0,0,0,0,0,0.0,0.0,0.0
MCH1026,,,4,45325.67,11331.4175,0,0,0,0,0,0.0,0.0,0.0
MCH1053,"gera, grover and sehgal",MOBILE RECHARGE,4,60112.0,15028.0,0,0,0,0,0,0.0,0.0,0.0
MCH1054,  Cheema Ltd  ,DEPARTMENT STORE,4,65716.24,16429.06,0,0,0,0,0,0.0,0.0,0.0
MCH1096,Subramanian-Prasad,APPAREL,4,31409.059999999998,10469.686666666666,0,0,0,0,0,0.0,0.0,0.0
MCH1119,,,4,42109.82,14036.606666666667,0,0,0,0,0,0.0,0.0,0.0
MCH1164,Goda PLC,TRANSPORT,4,45858.05,11464.5125,0,0,0,0,0,0.0,0.0,0.0
MCH1187,,,4,36775.75,12258.583333333334,0,0,0,0,0,0.0,0.0,0.0
MCH1189,"rai, doctor and dar",APPAREL,4,22659.980000000003,7553.326666666668,0,0,0,0,0,0.0,0.0,0.0
MCH1196,,,4,25515.57,6378.8925,0,0,0,0,0,0.0,0.0,0.0
MCH1206,,,4,33987.630000000005,11329.210000000001,0,0,0,0,0,0.0,0.0,0.0
MCH1227,"Nazareth, Zacharia and Swaminathan",FOOD_SERVICES,4,29963.1,9987.699999999999,0,0,0,0,0,0.0,0.0,0.0
MCH1233,"Upadhyay, Lall and Kala",BOOKS,4,51647.57,12911.8925,0,0,0,0,0,0.0,0.0,0.0
MCH1235,,,4,49994.18,12498.545,0,0,0,0,0,0.0,0.0,0.0
MCH1253,,,4,54653.130000000005,18217.710000000003,0,0,0,0,0,0.0,0.0,0.0
MCH1255,La1a and S0ns,TELECOM,4,40019.770000000004,10004.942500000001,0,0,0,4,0,0.0,0.0,0.0
MCH1257,Varma-Maharaj,BOOKS,4,46247.99,11561.9975,0,0,0,0,0,0.0,0.0,0.0
MCH1259,"Wagle, Verma and Ramanathan",MEDICAL,4,24757.08,8252.36,0,0,0,0,0,0.0,0.0,0.0
MCH1260,OOMMEN-JHA,GROCERY,4,26221.42,8740.473333333333,0,0,0,0,0,0.0,0.0,0.0
MCH1273,,,4,33158.53,8289.6325,0,0,0,0,0,0.0,0.0,0.0
MCH1299,mutti plc,APPAREL,4,66696.20999999999,16674.052499999998,0,0,0,0,0,0.0,0.0,0.0
MCH1303,,,4,66270.01,22090.00333333333,0,0,0,0,0,0.0,0.0,0.0
MCH1348,,,4,30074.65,10024.883333333333,0,0,0,0,0,0.0,0.0,0.0
MCH1351,,,4,20411.089999999997,6803.696666666666,0,0,0,0,0,0.0,0.0,0.0
MCH1355,,,4,58854.81,14713.7025,0,0,0,0,0,0.0,0.0,0.0
MCH1392,Johal-Gaba,MEDICAL,4,61920.130000000005,15480.032500000001,0,0,0,4,0,0.0,0.0,0.0
MCH1396,,,4,49428.729999999996,12357.182499999999,0,0,0,0,0,0.0,0.0,0.0
MCH1400,Kapoor-Bhalla,APPAREL,4,49625.24,12406.31,0,0,0,0,0,0.0,0.0,0.0
MCH1412,,,4,32407.190000000002,10802.396666666667,0,0,0,0,0,0.0,0.0,0.0
MCH1446,Sunder-Sathe,DEPARTMENT STORE,4,22652.54,7550.846666666667,0,0,0,0,0,0.0,0.0,0.0
MCH1480,  Bala-Magar  ,MISC_RETAIL,4,54645.43,13661.3575,0,0,0,0,0,0.0,0.0,0.0
MCH1481,,,4,56949.86,14237.465,0,0,0,0,0,0.0,0.0,0.0
MCH1484,"  Uppal, Butala and Tata  ",HOTEL_LODGING,4,21358.97,10679.485,0,0,0,0,0,0.0,0.0,0.0
MCH1513,,,4,31911.719999999998,15955.859999999999,0,0,0,0,0,0.0,0.0,0.0
MCH1514,"Lata, Raja and Parsa",RETAIL,4,48446.43,12111.6075,0,0,0,0,0,0.0,0.0,0.0
MCH1528,,,4,42027.71000000001,14009.23666666667,0,0,0,0,0,0.0,0.0,0.0
MCH1533,Wason and Sons,FOOD_SERVICES,4,24501.5,8167.166666666667,0,0,0,0,0,0.0,0.0,0.0
MCH1550,,,4,34307.8,11435.933333333334,0,0,0,0,0,0.0,0.0,0.0
MCH1585,Khalsa-Kulkarni,DEPARTMENT STORE,4,47093.509999999995,15697.836666666664,0,0,0,0,0,0.0,0.0,0.0
MCH1647,NARULA LLC,APPAREL,4,22366.83,5591.7075,0,0,0,0,0,0.0,0.0,0.0
MCH1665,Salvi Group,APPAREL,4,43194.04,14398.013333333334,0,0,0,0,0,0.0,0.0,0.0
MCH1670,,,4,47380.9,11845.225,0,0,0,0,0,0.0,0.0,0.0
MCH1672,,,4,41351.0,10337.75,0,0,0,0,0,0.0,0.0,0.0
MCH1682,,,4,19613.3,6537.766666666666,0,0,0,0,0,0.0,0.0,0.0
MCH1683,"Sampath, Anne and Madan",FOOD_SERVICES,4,57129.6,14282.4,0,0,0,0,0,0.0,0.0,0.0
MCH1688,,,4,81786.16,20446.54,0,0,0,0,0,0.0,0.0,0.0
MCH1703,,,4,57137.12,14284.28,0,0,0,0,0,0.0,0.0,0.0
MCH1713,Dubey Inc,FOOD_SERVICES,4,44522.58,14840.86,0,0,0,0,0,0.0,0.0,0.0
MCH1737,,,4,78954.76,19738.69,0,0,0,0,0,0.0,0.0,0.0
MCH1753,,,4,51562.06,12890.515,0,0,0,0,0,0.0,0.0,0.0
MCH1756,Ben and Sons,MISC_RETAIL,4,43249.82000000001,10812.455000000002,0,0,0,0,0,0.0,0.0,0.0
MCH1757,,,4,58666.45,19555.483333333334,0,0,0,0,0,0.0,0.0,0.0
MCH1787,JOHAL AND SONS,BOOKS,4,38674.2,12891.4,0,0,0,0,0,0.0,0.0,0.0
MCH1789,Loke-Chanda,BOOKS,4,16735.61,4183.9025,0,0,0,0,0,0.0,0.0,0.0
MCH1790,,,4,22753.11,7584.37,0,0,0,0,0,0.0,0.0,0.0
MCH1799,,,4,59374.9,14843.725,0,0,0,0,0,0.0,0.0,0.0
MCH1802,,,4,49885.32000000001,16628.440000000002,0,0,0,0,0,0.0,0.0,0.0
MCH1807,,,4,40173.03,13391.01,0,0,0,0,0,0.0,0.0,0.0
MCH1814,,,4,59037.81,19679.27,0,0,0,0,0,0.0,0.0,0.0
MCH1828,  Goel PLC  ,APPAREL,4,36841.61,9210.4025,0,0,0,0,0,0.0,0.0,0.0
MCH1839,Krish Group,GROCERY,4,30352.909999999996,15176.454999999998,0,0,0,0,0,0.0,0.0,0.0
MCH1843,,,4,45580.7,15193.566666666666,0,0,0,0,0,0.0,0.0,0.0
MCH1868,,,4,63206.56,15801.64,0,0,0,0,0,0.0,0.0,0.0
MCH1878,Narula Group,HOTEL_LODGING,4,43591.45,10897.8625,0,0,0,0,0,0.0,0.0,0.0
MCH1886,,,4,33865.13,8466.2825,0,0,0,0,0,0.0,0.0,0.0
MCH1894,Setty-Doshi,FOOD_SERVICES,4,26985.26,8995.086666666666,0,0,0,0,0,0.0,0.0,0.0
MCH1897,,,4,21566.170000000002,5391.5425000000005,0,0,0,0,0,0.0,0.0,0.0
MCH1914,,,4,72917.84,18229.46,0,0,0,0,0,0.0,0.0,0.0
MCH1925,,,4,64806.69,16201.6725,0,0,0,0,0,0.0,0.0,0.0
MCH2017,,,4,72500.19,18125.0475,0,0,0,0,0,0.0,0.0,0.0
MCH2024,"Ram, Manda and Chopra",TRANSPORT,4,33033.88,16516.94,0,0,0,0,0,0.0,0.0,0.0
MCH2034,,,4,36417.51,9104.3775,0,0,0,0,0,0.0,0.0,0.0
MCH2052,"Saraf, Maharaj and Kakar",MISC_RETAIL,4,4442.82,1480.9399999999998,0,0,0,0,0,0.0,0.0,0.0
MCH2108,  Sankar-Desai  ,PHARMACY,4,55985.57000000001,13996.392500000002,0,0,0,0,0,0.0,0.0,0.0
MCH2142,"Banerjee, Ghose and Parekh",BOOKS,4,43854.89,10963.7225,0,0,0,0,0,0.0,0.0,0.0
MCH2148,Dora Ltd,PHARMACY,4,55881.91,13970.4775,0,0,0,0,0,0.0,0.0,0.0
MCH2152,"Choudhry, Chauhan and Dayal",STATIONERY,4,49801.200000000004,16600.4,0,0,0,0,0,0.0,0.0,0.0
MCH2207,,,4,43846.89,14615.63,0,0,0,0,0,0.0,0.0,0.0
MCH2220,Tailor and Sons,DEPARTMENT STORE,4,38332.21,9583.0525,0,0,0,0,0,0.0,0.0,0.0
MCH2229,  Maharaj Group  ,MISC_RETAIL,4,24408.16,8136.053333333333,0,0,0,0,0,0.0,0.0,0.0
MCH2245,,,4,15900.91,5300.303333333333,0,0,0,0,0,0.0,0.0,0.0
MCH2274,"KUNDA, VIG AND PARSA",OTHER,4,33557.17,8389.2925,0,0,0,0,0,0.0,0.0,0.0
MCH2287,Baral Inc,MEDICAL,4,60592.509999999995,15148.127499999999,0,0,0,0,0,0.0,0.0,0.0
MCH2300,,,4,48291.32,12072.83,0,0,0,0,0,0.0,0.0,0.0
MCH2302,"Sekhon, Tak and Dhingra",BOOKS,4,63529.77,21176.59,0,0,0,0,0,0.0,0.0,0.0
MCH2315,,,4,33341.3,8335.325,0,0,0,0,0,0.0,0.0,0.0
MCH2346,Palla-Mannan,APPAREL,4,73847.56,18461.89,0,0,0,0,0,0.0,0.0,0.0
MCH2369,,,4,47544.55,15848.183333333334,0,0,0,0,0,0.0,0.0,0.0
MCH2397,,,4,19548.34,4887.085,0,0,0,0,0,0.0,0.0,0.0
MCH2402,  Dhillon Group  ,PHARMACY,4,42858.61,10714.6525,0,0,0,0,0,0.0,0.0,0.0
MCH2414,,,4,34871.02,8717.755,0,0,0,0,0,0.0,0.0,0.0
MCH2444,Barman-Prakash,MISC_RETAIL,4,65778.41,16444.6025,0,0,0,0,0,0.0,0.0,0.0
MCH2458,,,4,29238.54,9746.18,0,0,0,0,0,0.0,0.0,0.0
MCH2467,,,4,68731.12,17182.78,0,0,0,0,0,0.0,0.0,0.0
MCH2501,ravel inc,PHARMACY,4,5280.799999999999,1320.1999999999998,0,0,0,0,0,0.0,0.0,0.0
MCH2515,,,4,30032.6,7508.15,0,0,0,0,0,0.0,0.0,0.0
MCH2522,SINGHAL-CHANA,MISC_RETAIL,4,29308.5,9769.5,0,0,0,4,0,0.0,0.0,0.0
MCH2541,,,4,57184.729999999996,14296.182499999999,0,0,0,0,0,0.0,0.0,0.0
MCH2548,ANNE LLC,FOOD_SERVICES,4,58275.44,14568.86,0,0,0,0,0,0.0,0.0,0.0
MCH2556,"ZACHARIAH, MANNE AND BEDI",BOOKS,4,41313.15,10328.2875,0,0,0,0,0,0.0,0.0,0.0
MCH2633,,,4,14042.92,3510.73,0,0,0,0,0,0.0,0.0,0.0
MCH2652,,,4,7797.190000000001,1949.2975000000004,0,0,0,0,0,0.0,0.0,0.0
MCH2690,nagarajan inc,MEDICAL,4,40954.47,13651.49,0,0,0,4,0,0.0,0.0,0.0
MCH2707,,,4,64464.25,16116.0625,0,0,0,0,0,0.0,0.0,0.0
MCH2727,"viswanathan, kamdar and raman",TELECOM,4,59239.51,14809.8775,0,0,0,0,0,0.0,0.0,0.0
MCH2730,hans llc,MISC_RETAIL,4,52032.14,13008.035,0,0,0,0,0,0.0,0.0,0.0
MCH2733,CHAUHAN LTD,GROCERY,4,44089.63,14696.543333333333,0,0,0,0,0,0.0,0.0,0.0
MCH2744,"DIVAN, NARANG AND JHAVERI",MEDICAL_STORE,4,61301.22,15325.305,0,0,0,4,0,0.0,0.0,0.0
MCH2758,,,4,31012.53,7753.1325,0,0,0,0,0,0.0,0.0,0.0
MCH2776,"MITTAL, SHAH AND KADE",GROCERY,4,57392.47,14348.1175,0,0,0,0,0,0.0,0.0,0.0
MCH2816,Yogi-Palan,MISC_RETAIL,4,40639.37,10159.8425,0,0,0,4,0,0.0,0.0,0.0
MCH2836,RAI AND SONS,PHARMACY,4,55687.6,13921.9,0,0,0,0,0,0.0,0.0,0.0
MCH2876,,,4,47164.91,11791.2275,0,0,0,0,0,0.0,0.0,0.0
MCH2886,"Kurian, Dash and Walla",HOTEL_LODGING,4,29337.0,9779.0,0,0,0,4,0,0.0,0.0,0.0
MCH2889,,,4,35093.44,8773.36,0,0,0,0,0,0.0,0.0,0.0
MCH2909,,,4,10899.86,5449.93,0,0,0,0,0,0.0,0.0,0.0
MCH2916,,,4,45582.729999999996,15194.243333333332,0,0,0,0,0,0.0,0.0,0.0
MCH2925,,,4,61725.22,15431.305,0,0,0,0,0,0.0,0.0,0.0
MCH2927,,,4,72739.87,18184.9675,0,0,0,0,0,0.0,0.0,0.0
MCH2931,,,4,46433.95,15477.983333333332,0,0,0,0,0,0.0,0.0,0.0
MCH2976,,,4,14300.34,3575.085,0,0,0,0,0,0.0,0.0,0.0
MCH2979,"Kurian, Guha and Gaba",MISC_RETAIL,4,75775.07,18943.7675,0,0,0,0,0,0.0,0.0,0.0
MCH2981,"PAREKH, ANAND AND NAGI",TRAVEL,4,20304.05,10152.025,0,0,0,0,0,0.0,0.0,0.0
MCH2999,,,4,27878.060000000005,6969.515000000001,0,0,0,0,0,0.0,0.0,0.0
MCH3009,,,4,59678.45,14919.6125,0,0,0,0,0,0.0,0.0,0.0
MCH3022,,,4,36039.9,12013.300000000001,0,0,0,0,0,0.0,0.0,0.0
MCH3029,hegde-sood,APPAREL,4,68400.43,17100.1075,0,0,0,0,0,0.0,0.0,0.0
MCH3066,,,4,42435.92,10608.98,0,0,0,0,0,0.0,0.0,0.0
MCH3095,HANS-SHAN,MISC_RETAIL,4,26637.29,13318.645,0,0,0,0,0,0.0,0.0,0.0
MCH3108,,,4,34784.32,17392.16,0,0,0,0,0,0.0,0.0,0.0
MCH3138,,,4,51170.31,12792.5775,0,0,0,0,0,0.0,0.0,0.0
MCH3156,"Bal, Deo and Kala",MISC_RETAIL,4,61343.770000000004,15335.942500000001,0,0,0,0,0,0.0,0.0,0.0
MCH3187,"Mand, Singhal and Raman",PHARMACY,4,42166.96,10541.74,0,0,0,0,0,0.0,0.0,0.0
MCH3205,,,4,50921.04,12730.26,0,0,0,0,0,0.0,0.0,0.0
MCH3207,"Gala, Khatri and Khalsa",PHARMACY,4,28676.49,7169.1225,0,0,0,0,0,0.0,0.0,0.0
MCH3214,Dubey Inc,TRANSPORT,4,29726.25,7431.5625,0,0,0,0,0,0.0,0.0,0.0
MCH3219,Aggarwal Group,DEPARTMENT STORE,4,34717.25,8679.3125,0,0,0,0,0,0.0,0.0,0.0
MCH3227,,,4,51564.33,12891.0825,0,0,0,0,0,0.0,0.0,0.0
MCH3262,,,4,28053.5,7013.375,0,0,0,0,0,0.0,0.0,0.0
MCH3269,Kara-Ramaswamy,FOOD_SERVICES,4,44816.15,11204.0375,0,0,0,0,0,0.0,0.0,0.0
MCH3312,,,4,17111.38,5703.793333333334,0,0,0,0,0,0.0,0.0,0.0
MCH3338,"Mistry, Majumdar and Ghosh",MOBILE RECHARGE,4,57272.82,14318.205,0,0,0,0,0,0.0,0.0,0.0
MCH3358,,,4,54693.61,13673.4025,0,0,0,0,0,0.0,0.0,0.0
MCH3365,,,4,28601.28,7150.32,0,0,0,0,0,0.0,0.0,0.0
MCH3386,"balay, chacko and dani",DEPARTMENT STORE,4,67534.01000000001,16883.502500000002,0,0,0,0,0,0.0,0.0,0.0
MCH3431,Ghosh and Sons,FOOD_SERVICES,4,33906.77,8476.6925,0,0,0,4,0,0.0,0.0,0.0
MCH3447,ANDRA-EDWIN,APPAREL,4,30897.0,7724.25,0,0,0,0,0,0.0,0.0,0.0
MCH3448,,,4,56141.92999999999,18713.976666666666,0,0,0,0,0,0.0,0.0,0.0
MCH3454,Rajagopal-Wason,FOOD_SERVICES,4,42280.21000000001,10570.052500000002,0,0,0,0,0,0.0,0.0,0.0
MCH3474,,,4,54247.47,13561.8675,0,0,0,0,0,0.0,0.0,0.0
MCH3515,,,4,74833.49,18708.3725,0,0,0,0,0,0.0,0.0,0.0
MCH3544,,,4,53052.66,13263.165,0,0,0,0,0,0.0,0.0,0.0
MCH3565,,,4,51770.68,12942.67,0,0,0,0,0,0.0,0.0,0.0
MCH3567,Kala Ltd,TELECOM,4,36029.05,12009.683333333334,0,0,0,0,0,0.0,0.0,0.0
MCH3572,"V0hra, Chander and Padmanabhan",FOOD_SERVICES,4,49967.73,12491.9325,0,0,0,0,0,0.0,0.0,0.0
MCH3578,"badal, gopal and walla",TRANSPORT,4,1204.800000000001,401.60000000000036,0,0,0,0,0,0.0,0.0,0.0
MCH3585,,,4,43204.8,10801.2,0,0,0,0,0,0.0,0.0,0.0
MCH3602,"Panchal, Karpe and Bhatti",HOTEL_LODGING,4,72950.25,18237.5625,0,0,0,0,0,0.0,0.0,0.0
MCH3603,,,4,54602.27,13650.5675,0,0,0,0,0,0.0,0.0,0.0
MCH3613,LAD-CHACKO,MOBILE RECHARGE,4,65389.78,16347.445,0,0,0,0,0,0.0,0.0,0.0
MCH3615,,,4,60142.62,15035.655,0,0,0,0,0,0.0,0.0,0.0
MCH3621,,,4,24851.14,12425.57,0,0,0,0,0,0.0,0.0,0.0
MCH3643,,,4,63602.42,15900.605,0,0,0,0,0,0.0,0.0,0.0
MCH3680,Gala and Sons,TRANSPORT,4,26423.28,8807.76,0,0,0,0,0,0.0,0.0,0.0
MCH3698,"Prashad, Viswanathan and Sama",RETAIL,4,70169.68,17542.42,0,0,0,0,0,0.0,0.0,0.0
MCH3705,"Prakash, Korpal and Narasimhan",FOOD_SERVICES,4,70623.95,17655.9875,0,0,0,0,0,0.0,0.0,0.0
MCH3710,,,4,23073.93,7691.31,0,0,0,0,0,0.0,0.0,0.0
MCH3723,wagle-dugar,GROCERY,4,57359.07,14339.7675,0,0,0,0,0,0.0,0.0,0.0
MCH3726,Varughese PLC,PHONE SERVICE,4,32404.14,10801.38,0,0,0,0,0,0.0,0.0,0.0
MCH3749,,,4,6672.74,3336.37,0,0,0,0,0,0.0,0.0,0.0
MCH3792,,,4,17893.73,17893.73,0,0,0,0,0,0.0,0.0,0.0
MCH3802,,,4,24640.100000000002,12320.050000000001,0,0,0,0,0,0.0,0.0,0.0
MCH3814,,,4,41950.0,10487.5,0,0,0,0,0,0.0,0.0,0.0
MCH3828,,,4,-12956.110000000002,-4318.703333333334,0,0,0,0,0,0.0,0.0,0.0
MCH3833,,,4,57014.95,14253.7375,0,0,0,0,0,0.0,0.0,0.0
MCH3852,,,4,26282.480000000003,6570.620000000001,0,0,0,0,0,0.0,0.0,0.0
MCH3907,"Andra, Chakrabarti and Khalsa",DEPARTMENT STORE,4,42536.11,10634.0275,0,0,0,0,0,0.0,0.0,0.0
MCH3911,"  Majumdar, Sane and Raval  ",FOOD_SERVICES,4,31204.15,10401.383333333333,0,0,0,0,0,0.0,0.0,0.0
MCH3923,,,4,30999.57,10333.19,0,0,0,0,0,0.0,0.0,0.0
MCH3928,,,4,65310.58,16327.645,0,0,0,0,0,0.0,0.0,0.0
MCH3949,,,4,39433.14,13144.38,0,0,0,0,0,0.0,0.0,0.0
MCH3950,,,4,46490.35,11622.5875,0,0,0,0,0,0.0,0.0,0.0
MCH3961,,,4,48150.399999999994,12037.599999999999,0,0,0,0,0,0.0,0.0,0.0
MCH3963,,,4,33063.6,8265.9,0,0,0,0,0,0.0,0.0,0.0
MCH3970,"Chawla, Sami and Mani",BOOKS,4,42745.17,14248.39,0,0,0,0,0,0.0,0.0,0.0
MCH4051,Sharma-Viswanathan,TRANSPORT,4,23242.39,7747.463333333333,0,0,0,0,0,0.0,0.0,0.0
MCH4065,,,4,25699.86,8566.62,0,0,0,0,0,0.0,0.0,0.0
MCH4086,"Kannan, Varghese and Lalla",RETAIL,4,25979.550000000003,6494.887500000001,0,0,0,0,0,0.0,0.0,0.0
MCH4090,DubeGroup,DEPARTMENT STORE,4,53708.46,13427.115,0,0,0,0,0,0.0,0.0,0.0
MCH4095,,,4,43178.869999999995,10794.717499999999,0,0,0,0,0,0.0,0.0,0.0
MCH4124,"Dara, Salvi and Sawhney",GROCERY,4,57329.100000000006,19109.7,0,0,0,0,0,0.0,0.0,0.0
MCH4158,,,4,51553.649999999994,12888.412499999999,0,0,0,0,0,0.0,0.0,0.0
MCH4161,,,4,30674.07,7668.5175,0,0,0,0,0,0.0,0.0,0.0
MCH4176,Sani-Bhalla,HOTEL_LODGING,4,27944.0,13972.0,0,0,0,0,0,0.0,0.0,0.0
MCH4185,Nath-Chaudhuri,TELECOM,4,25827.33,8609.11,0,0,0,0,0,0.0,0.0,0.0
MCH4208,devi-mangal,BOOKS,4,41907.22,10476.805,0,0,0,0,0,0.0,0.0,0.0
MCH4221,"Rastogi, Goda and Naidu",MISC_RETAIL,4,42389.350000000006,10597.337500000001,0,0,0,0,0,0.0,0.0,0.0
MCH4232,sehgal-rama,GROCERY,4,29792.08,14896.04,0,0,0,0,0,0.0,0.0,0.0
MCH4278,Thakkar-Gupta,DEPARTMENT STORE,4,49910.29,16636.763333333332,0,0,0,0,0,0.0,0.0,0.0
MCH4284,Chawla LLC,TRAVEL,4,42979.75,21489.875,0,0,0,0,0,0.0,0.0,0.0
MCH4289,singhal-dasgupta,APPAREL,4,69190.35,17297.5875,0,0,0,0,0,0.0,0.0,0.0
MCH4304,,,4,33279.32,8319.83,0,0,0,0,0,0.0,0.0,0.0
MCH4309,,,4,35046.44,8761.61,0,0,0,0,0,0.0,0.0,0.0
MCH4353,"Sha, Thaman and Bhasin",APPAREL,4,47132.409999999996,15710.803333333331,0,0,0,0,0,0.0,0.0,0.0
MCH4355,Sur-Pandit,APPAREL,4,46407.52,11601.88,0,0,0,0,0,0.0,0.0,0.0
MCH4368,,,4,31488.4,7872.1,0,0,0,0,0,0.0,0.0,0.0
MCH4371,Chahal-Chaudhari,PHONE SERVICE,4,51405.62,12851.405,0,0,0,4,0,0.0,0.0,0.0
MCH4400,,,4,35421.759999999995,17710.879999999997,0,0,0,0,0,0.0,0.0,0.0
MCH4404,,,4,54338.32,13584.58,0,0,0,0,0,0.0,0.0,0.0
MCH4420,,,4,54256.42,13564.105,0,0,0,0,0,0.0,0.0,0.0
MCH4443,Sachar-Banik,STATIONERY,4,52844.44,17614.813333333335,0,0,0,0,0,0.0,0.0,0.0
MCH4475,"Ray, Kulkarni and Suresh",DEPARTMENT STORE,4,41296.48,10324.12,0,0,0,0,0,0.0,0.0,0.0
MCH4477,Edwin Group,PHARMACY,4,14275.92,4758.64,0,0,0,0,0,0.0,0.0,0.0
MCH4482,Sawhney-Raman,HOTEL_LODGING,4,50481.78,12620.445,0,0,0,0,0,0.0,0.0,0.0
MCH4496,"Shroff,AhujaandKumar",TELECOM,4,56763.63,14190.9075,0,0,0,0,0,0.0,0.0,0.0
MCH4522,,,4,61917.25,15479.3125,0,0,0,0,0,0.0,0.0,0.0
MCH4549,,,4,24089.71,8029.903333333333,0,0,0,0,0,0.0,0.0,0.0
MCH4554,,,4,48023.37,12005.8425,0,0,0,0,0,0.0,0.0,0.0
MCH4556,Parmar and S0ns,HOTEL_LODGING,4,53458.899999999994,13364.724999999999,0,0,0,0,0,0.0,0.0,0.0
MCH4558,,,4,51857.420000000006,12964.355000000001,0,0,0,0,0,0.0,0.0,0.0
MCH4562,,,4,65361.33,16340.3325,0,0,0,0,0,0.0,0.0,0.0
MCH4577,"Acharya, Apte and Bajwa",MISC_RETAIL,4,37443.11,9360.7775,0,0,0,0,0,0.0,0.0,0.0
MCH4587,Karnik and Sons,RETAIL,4,12414.880000000001,6207.4400000000005,0,0,0,0,0,0.0,0.0,0.0
MCH4643,Barad and Sons,BOOKS,4,31350.09,7837.5225,0,0,0,0,0,0.0,0.0,0.0
MCH4644,,,4,77057.45999999999,19264.364999999998,0,0,0,0,0,0.0,0.0,0.0
MCH4645,,,4,45195.33,11298.8325,0,0,0,0,0,0.0,0.0,0.0
MCH4648,Tara-Pandya,APPAREL,4,41255.979999999996,13751.993333333332,0,0,0,0,0,0.0,0.0,0.0
MCH4652,Mistry Inc,FOOD_SERVICES,4,61778.11,20592.703333333335,0,0,0,0,0,0.0,0.0,0.0
MCH4666,,,4,14622.48,4874.16,0,0,0,0,0,0.0,0.0,0.0
MCH4685,Mukhopadhyay-Cheema,BOOKS,4,10703.090000000004,2675.772500000001,0,0,0,4,0,0.0,0.0,0.0
MCH4686,,,4,20967.11,6989.036666666667,0,0,0,0,0,0.0,0.0,0.0
MCH4704,,,4,87843.81,21960.9525,0,0,0,0,0,0.0,0.0,0.0
MCH4706,GHOSH-TAILOR,PHARMACY,4,49197.509999999995,12299.377499999999,0,0,0,0,0,0.0,0.0,0.0
MCH4730,,,4,38730.6,9682.65,0,0,0,0,0,0.0,0.0,0.0
MCH4747,issac plc,TRAVEL,4,51644.31,17214.77,0,0,0,0,0,0.0,0.0,0.0
MCH4770,Mahal-Sood,GROCERY,4,48599.18,12149.795,0,0,0,0,0,0.0,0.0,0.0
MCH4779,,,4,53783.85,13445.9625,0,0,0,0,0,0.0,0.0,0.0
MCH4798,,,4,58675.65,14668.9125,0,0,0,0,0,0.0,0.0,0.0
MCH4805,JOSHI PLC,OTHER,4,92617.23,23154.3075,0,0,0,0,0,0.0,0.0,0.0
MCH4848,"Borra, Balakrishnan and Chad",APPAREL,4,44594.31,22297.155,0,0,0,0,0,0.0,0.0,0.0
MCH4860,,,4,37494.06,9373.515,0,0,0,0,0,0.0,0.0,0.0
MCH4863,GILL PLC,FOOD_SERVICES,4,43568.649999999994,10892.162499999999,0,0,0,0,0,0.0,0.0,0.0
MCH4872,,,4,46085.689999999995,11521.422499999999,0,0,0,0,0,0.0,0.0,0.0
MCH4878,,,4,63840.840000000004,15960.210000000001,0,0,0,0,0,0.0,0.0,0.0
MCH4888,chanda and sons,MEDICAL_STORE,4,51699.45,17233.149999999998,0,0,0,0,0,0.0,0.0,0.0
MCH4892,,,4,25852.93,8617.643333333333,0,0,0,0,0,0.0,0.0,0.0
MCH4895,,,4,44418.53,14806.176666666666,0,0,0,0,0,0.0,0.0,0.0
MCH4905,,,4,43299.8,10824.95,0,0,0,0,0,0.0,0.0,0.0
MCH4915,,,4,63303.44,15825.86,0,0,0,0,0,0.0,0.0,0.0
MCH4916,  Rama-Patel  ,BOOKS,4,37012.24,9253.06,0,0,0,0,0,0.0,0.0,0.0
MCH4964,SARKAR-GODA,DEPARTMENT STORE,4,66454.31,16613.5775,0,0,0,4,0,0.0,0.0,0.0
MCH4965,"  Shukla, Brahmbhatt and Natarajan  ",APPAREL,4,72774.26000000001,18193.565000000002,0,0,0,0,0,0.0,0.0,0.0
MCH4968,Choudhry Inc,MOBILE RECHARGE,4,48925.93,16308.643333333333,0,0,0,0,0,0.0,0.0,0.0
MCH4971,"Gopal, Jayaraman and Narayan",BOOKS,4,30242.18,7560.545,0,0,0,0,0,0.0,0.0,0.0
MCH5011,,,4,41921.49,13973.83,0,0,0,0,0,0.0,0.0,0.0
MCH5040,Lala-Pandit,GROCERY,4,68531.42,17132.855,0,0,0,0,0,0.0,0.0,0.0
MCH5051,,,4,46782.29,11695.5725,0,0,0,0,0,0.0,0.0,0.0
MCH5054,"Kara, Mandal and Mitra",FOOD_SERVICES,4,74782.32,18695.58,0,0,0,0,0,0.0,0.0,0.0
MCH5060,,,4,71179.31,17794.8275,0,0,0,0,0,0.0,0.0,0.0
MCH5068,,,4,27850.56,6962.64,0,0,0,0,0,0.0,0.0,0.0
MCH5073,,,4,48001.78,16000.593333333332,0,0,0,0,0,0.0,0.0,0.0
MCH5104,,,4,60526.39,15131.5975,0,0,0,0,0,0.0,0.0,0.0
MCH5107,,,4,65426.020000000004,16356.505000000001,0,0,0,0,0,0.0,0.0,0.0
MCH5112,nigam-chawla,TRANSPORT,4,53771.119999999995,13442.779999999999,0,0,0,0,0,0.0,0.0,0.0
MCH5129,"kant, chaudhari and sarna",TRANSPORT,4,10896.490000000002,3632.163333333334,0,0,0,0,0,0.0,0.0,0.0
MCH5146,Wadhwa-Swamy,DEPARTMENT STORE,4,36005.82,12001.94,0,0,0,0,0,0.0,0.0,0.0
MCH5212,,,4,13808.71,4602.903333333333,0,0,0,0,0,0.0,0.0,0.0
MCH5230,Bajaj Ltd,TRANSPORT,4,48661.89,12165.4725,0,0,0,0,0,0.0,0.0,0.0
MCH5237,Deep-Raja,MISC_RETAIL,4,35501.939999999995,8875.484999999999,0,0,0,0,0,0.0,0.0,0.0
MCH5264,,,4,56003.97,14000.9925,0,0,0,0,0,0.0,0.0,0.0
MCH5270,"  Kannan, Goda and Kade  ",HOTEL_LODGING,4,45890.49,11472.6225,0,0,0,0,0,0.0,0.0,0.0
MCH5300,,,4,28168.13,9389.376666666667,0,0,0,0,0,0.0,0.0,0.0
MCH5310,,,4,39401.08,9850.27,0,0,0,0,0,0.0,0.0,0.0
MCH5316,Madan Ltd,DEPARTMENT STORE,4,36405.700000000004,9101.425000000001,0,0,0,0,0,0.0,0.0,0.0
MCH5344,,,4,50096.05,16698.683333333334,0,0,0,0,0,0.0,0.0,0.0
MCH5345,,,4,44592.659999999996,14864.22,0,0,0,0,0,0.0,0.0,0.0
MCH5356,"Solanki, Kala and Loke",MOBILE RECHARGE,4,20709.170000000002,10354.585000000001,0,0,0,0,0,0.0,0.0,0.0
MCH5374,,,4,40404.71,10101.1775,0,0,0,0,0,0.0,0.0,0.0
MCH5418,,,4,35101.02,8775.255,0,0,0,0,0,0.0,0.0,0.0
MCH5420,Sahni-Ghosh,HOTEL_LODGING,4,48664.57,12166.1425,0,0,0,0,0,0.0,0.0,0.0
MCH5437,,,4,43551.31,10887.8275,0,0,0,0,0,0.0,0.0,0.0
MCH5443,LOYAL-NARASIMHAN,HOTEL_LODGING,4,25701.78,8567.26,0,0,0,0,0,0.0,0.0,0.0
MCH5445,Ganesan Ltd,RETAIL,4,50793.45999999999,12698.364999999998,0,0,0,0,0,0.0,0.0,0.0
MCH5448,"Bala, Sha and Bera",DEPARTMENT STORE,4,71063.97,17765.9925,0,0,0,0,0,0.0,0.0,0.0
MCH5452,,,4,70173.87,17543.4675,0,0,0,0,0,0.0,0.0,0.0
MCH5462,,,4,23052.14,5763.035,0,0,0,0,0,0.0,0.0,0.0
MCH5471,,,4,34475.2,11491.733333333332,0,0,0,0,0,0.0,0.0,0.0
MCH5492,,,4,23532.12,5883.03,0,0,0,0,0,0.0,0.0,0.0
MCH5554,,,4,50897.81,12724.4525,0,0,0,0,0,0.0,0.0,0.0
MCH5563,"Dubey, Wali and Yadav",APPAREL,4,63456.6,15864.15,0,0,0,0,0,0.0,0.0,0.0
MCH5621,,,4,13492.73,4497.576666666667,0,0,0,0,0,0.0,0.0,0.0
MCH5632,  Tandon Ltd  ,DEPARTMENT STORE,4,21090.78,5272.695,0,0,0,0,0,0.0,0.0,0.0
MCH5637,Desai-Sankaran,BOOKS,4,45801.81,11450.4525,0,0,0,0,0,0.0,0.0,0.0
MCH5673,Palan-Memon,TRANSPORT,4,47054.08,11763.52,0,0,0,0,0,0.0,0.0,0.0
MCH5688,,,4,68131.53,17032.8825,0,0,0,0,0,0.0,0.0,0.0
MCH5735,,,4,40926.659999999996,10231.664999999999,0,0,0,0,0,0.0,0.0,0.0
MCH5759,,,4,39297.75,13099.25,0,0,0,0,0,0.0,0.0,0.0
MCH5800,,,4,61231.58,15307.895,0,0,0,0,0,0.0,0.0,0.0
MCH5806,,,4,30810.230000000003,10270.076666666668,0,0,0,0,0,0.0,0.0,0.0
MCH5846,,,4,51262.23,17087.41,0,0,0,0,0,0.0,0.0,0.0
MCH5867,,,4,39957.13,13319.043333333333,0,0,0,0,0,0.0,0.0,0.0
MCH5868,,,4,65230.03,16307.5075,0,0,0,0,0,0.0,0.0,0.0
MCH5883,,,4,57509.85,14377.4625,0,0,0,0,0,0.0,0.0,0.0
MCH5884,Raman and Sons,TRANSPORT,4,58005.770000000004,14501.442500000001,0,0,0,0,0,0.0,0.0,0.0
MCH5886,,,4,35886.439999999995,8971.609999999999,0,0,0,0,0,0.0,0.0,0.0
MCH5904,,,4,29298.28,9766.093333333332,0,0,0,0,0,0.0,0.0,0.0
MCH5947,,,4,59662.32,14915.58,0,0,0,0,0,0.0,0.0,0.0
MCH5983,"Morar, Memon and Kala",DEPARTMENT STORE,4,21017.85,7005.95,0,0,0,0,0,0.0,0.0,0.0
MCH6008,,,4,53630.119999999995,13407.529999999999,0,0,0,0,0,0.0,0.0,0.0
MCH6009,"Nagar, Chowdhury and Raghavan",STATIONERY,4,79151.28,19787.82,0,0,0,0,0,0.0,0.0,0.0
MCH6012,,,4,51536.64,12884.16,0,0,0,0,0,0.0,0.0,0.0
MCH6050,"Choudhary, Shanker and Rajan",FOOD_SERVICES,4,35028.17,8757.0425,0,0,0,0,0,0.0,0.0,0.0
MCH6071,nagy inc,DEPARTMENT STORE,4,67951.02,16987.755,0,0,0,0,0,0.0,0.0,0.0
MCH6081,,,4,54433.33,13608.3325,0,0,0,0,0,0.0,0.0,0.0
MCH6101,Rout-Barman,FOOD_SERVICES,4,32959.26,8239.815,0,0,0,0,0,0.0,0.0,0.0
MCH6109,Sampath Ltd,TELECOM,4,44400.78,14800.26,0,0,0,0,0,0.0,0.0,0.0
MCH6137,"  Sidhu, Ahuja and Kumar  ",FOOD_SERVICES,4,32959.08,8239.77,0,0,0,0,0,0.0,0.0,0.0
MCH6138,,,4,20103.68,5025.92,0,0,0,0,0,0.0,0.0,0.0
MCH6140,,,4,55718.66,13929.665,0,0,0,0,0,0.0,0.0,0.0
MCH6145,,,4,41308.36,13769.453333333333,0,0,0,0,0,0.0,0.0,0.0
MCH6152,Dasgupta-Das,BOOKS,4,39301.240000000005,9825.310000000001,0,0,0,0,0,0.0,0.0,0.0
MCH6157,,,4,58035.19,19345.063333333335,0,0,0,0,0,0.0,0.0,0.0
MCH6176,"TANDON, BADAL AND NATARAJAN",TRAVEL,4,62024.13,15506.0325,0,0,0,0,0,0.0,0.0,0.0
MCH6243,,,4,72059.19,18014.7975,0,0,0,0,0,0.0,0.0,0.0
MCH6259,,,4,47346.39,11836.5975,0,0,0,0,0,0.0,0.0,0.0
MCH6280,Khanna-Kanda,APPAREL,4,39886.62,9971.655,0,0,0,0,0,0.0,0.0,0.0
MCH6291,"Bal, Divan and Natt",HOTEL_LODGING,4,45390.47,11347.6175,0,0,0,0,0,0.0,0.0,0.0
MCH6292,,,4,44704.09,11176.0225,0,0,0,0,0,0.0,0.0,0.0
MCH6293,Bora-Nigam,DEPARTMENT STORE,4,5099.790000000001,1699.9300000000003,0,0,0,0,0,0.0,0.0,0.0
MCH6295,,,4,26376.93,8792.31,0,0,0,0,0,0.0,0.0,0.0
MCH6323,,,4,54074.45,13518.6125,0,0,0,0,0,0.0,0.0,0.0
MCH6328,"  Ray, Pandit and Bala  ",PHONE SERVICE,4,22486.02,5621.505,0,0,0,0,0,0.0,0.0,0.0
MCH6333,"kumer, butala and sawhney",APPAREL,4,25510.23,6377.5575,0,0,0,0,0,0.0,0.0,0.0
MCH6366,"hora, edwin and zacharia",MOBILE RECHARGE,4,53357.549999999996,13339.387499999999,0,0,0,0,0,0.0,0.0,0.0
MCH6368,,,4,60931.53,15232.8825,0,0,0,0,0,0.0,0.0,0.0
MCH6370,"Dass, Hegde and Viswanathan",FOOD_SERVICES,4,29376.93,7344.2325,0,0,0,0,0,0.0,0.0,0.0
MCH6446,upadhyay-upadhyay,FOOD_SERVICES,4,18594.98,6198.326666666667,0,0,0,0,0,0.0,0.0,0.0
MCH6456,,,4,68095.92,22698.64,0,0,0,0,0,0.0,0.0,0.0
MCH6473,  Tata Group  ,FOOD_SERVICES,4,39771.95,9942.9875,0,0,0,4,0,0.0,0.0,0.0
MCH6475,,,4,43078.54,10769.635,0,0,0,0,0,0.0,0.0,0.0
MCH6493,"SUBRAMANIAM, PRASHAD AND PARMER",TRANSPORT,4,18672.43,6224.143333333333,0,0,0,0,0,0.0,0.0,0.0
MCH6511,"Doctor, Sur and Badal",GROCERY,4,58516.49,14629.1225,0,0,0,0,0,0.0,0.0,0.0
MCH6530,  Muni-Rout  ,APPAREL,4,43882.0,10970.5,0,0,0,0,0,0.0,0.0,0.0
MCH6566,"  Kala, Talwar and Keer  ",DEPARTMENT STORE,4,37891.56,12630.519999999999,0,0,0,0,0,0.0,0.0,0.0
MCH6576,,,4,78164.26,19541.065,0,0,0,0,0,0.0,0.0,0.0
MCH6596,,,4,20554.19,6851.3966666666665,0,0,0,0,0,0.0,0.0,0.0
MCH6597,,,4,50106.759999999995,12526.689999999999,0,0,0,0,0,0.0,0.0,0.0
MCH6598,"Sachar, Thakkar and Sachar",APPAREL,4,41953.5,10488.375,0,0,0,0,0,0.0,0.0,0.0
MCH6607,Bedi-Bhandari,FOOD_SERVICES,4,28753.93,9584.643333333333,0,0,0,0,0,0.0,0.0,0.0
MCH6632,"  Om, Mall and Sandhu  ",TRANSPORT,4,47245.72,15748.573333333334,0,0,0,0,0,0.0,0.0,0.0
MCH6640,,,4,55528.65,13882.1625,0,0,0,0,0,0.0,0.0,0.0
MCH6656,uppal llc,FOOD_SERVICES,4,29640.02,9880.006666666666,0,0,0,0,0,0.0,0.0,0.0
MCH6657,Atwal-Sarraf,GROCERY,4,35709.5,8927.375,0,0,0,0,0,0.0,0.0,0.0
MCH6665,WadhwaInc,DEPARTMENT STORE,4,49183.67,12295.9175,0,0,0,0,0,0.0,0.0,0.0
MCH6696,,,4,67663.66,16915.915,0,0,0,0,0,0.0,0.0,0.0
MCH6750,,,4,51952.79,12988.1975,0,0,0,0,0,0.0,0.0,0.0
MCH6753,,,4,51678.479999999996,17226.16,0,0,0,0,0,0.0,0.0,0.0
MCH6799,,,4,47141.82,11785.455,0,0,0,0,0,0.0,0.0,0.0
MCH6801,,,4,27173.21,9057.736666666666,0,0,0,0,0,0.0,0.0,0.0
MCH6803,  Babu-Aggarwal  ,STATIONERY,4,58258.130000000005,14564.532500000001,0,0,0,0,0,0.0,0.0,0.0
MCH6815,"Borra, Talwar and Jha",TELECOM,4,35092.399999999994,8773.099999999999,0,0,0,0,0,0.0,0.0,0.0
MCH6826,,,4,42697.31,10674.3275,0,0,0,0,0,0.0,0.0,0.0
MCH6841,,,4,46947.31,15649.103333333333,0,0,0,0,0,0.0,0.0,0.0
MCH6867,,,4,43754.76,10938.69,0,0,0,0,0,0.0,0.0,0.0
MCH6873,Dar and Sons,DEPARTMENT STORE,4,47709.28,11927.32,0,0,0,0,0,0.0,0.0,0.0
MCH6881,,,4,58005.380000000005,14501.345000000001,0,0,0,0,0,0.0,0.0,0.0
MCH6889,Behl-Deep,BOOKS,4,53844.75,13461.1875,0,0,0,0,0,0.0,0.0,0.0
MCH6896,Padmanabhan-Purohit,TELECOM,4,38627.0,12875.666666666666,0,0,0,0,0,0.0,0.0,0.0
MCH6899,,,4,50301.619999999995,12575.404999999999,0,0,0,0,0,0.0,0.0,0.0
MCH6918,Sant Ltd,TRANSPORT,4,67125.96,16781.49,0,0,0,0,0,0.0,0.0,0.0
MCH6931,,,4,26237.88,8745.960000000001,0,0,0,0,0,0.0,0.0,0.0
MCH6966,,,4,45300.53,11325.1325,0,0,0,0,0,0.0,0.0,0.0
MCH6971,,,4,39504.69,13168.230000000001,0,0,0,0,0,0.0,0.0,0.0
MCH6980,sarna-rajagopal,MISC_RETAIL,4,39059.74,9764.935,0,0,0,0,0,0.0,0.0,0.0
MCH6982,Manda and Sons,MOBILE RECHARGE,4,35681.229999999996,11893.743333333332,0,0,0,4,0,0.0,0.0,0.0
MCH7007,Sastry-Soni,HOTEL_LODGING,4,51395.87,12848.9675,0,0,0,0,0,0.0,0.0,0.0
MCH7023,Mannan-Mallick,MISC_RETAIL,4,28845.7,7211.425,0,0,0,0,0,0.0,0.0,0.0
MCH7071,,,4,12355.8,4118.599999999999,0,0,0,0,0,0.0,0.0,0.0
MCH7074,Lalla-Iyengar,PHARMACY,4,50397.43,16799.143333333333,0,0,0,0,0,0.0,0.0,0.0
MCH7115,,,4,37757.86,9439.465,0,0,0,0,0,0.0,0.0,0.0
MCH7138,Shere-Shankar,GROCERY,4,59167.15,14791.7875,0,0,0,0,0,0.0,0.0,0.0
MCH7177,,,4,45022.38,11255.595,0,0,0,0,0,0.0,0.0,0.0
MCH7190,Som-Kibe,APPAREL,4,16462.93,5487.643333333333,0,0,0,0,0,0.0,0.0,0.0
MCH7207,,,4,57559.51,14389.8775,0,0,0,0,0,0.0,0.0,0.0
MCH7208,,,4,39286.91,13095.636666666667,0,0,0,0,0,0.0,0.0,0.0
MCH7210,,,4,63632.95,15908.2375,0,0,0,0,0,0.0,0.0,0.0
MCH7234,,,4,45455.97,11363.9925,0,0,0,0,0,0.0,0.0,0.0
MCH7240,,,4,33960.87,8490.2175,0,0,0,0,0,0.0,0.0,0.0
MCH7265,,,4,27153.72,13576.86,0,0,0,0,0,0.0,0.0,0.0
MCH7306,Devi-Narang,TRANSPORT,4,94863.98,23715.995,0,0,0,0,0,0.0,0.0,0.0
MCH7319,,,4,31848.940000000002,7962.235000000001,0,0,0,0,0,0.0,0.0,0.0
MCH7329,,,4,35433.59,8858.3975,0,0,0,0,0,0.0,0.0,0.0
MCH7334,,,4,26836.98,8945.66,0,0,0,0,0,0.0,0.0,0.0
MCH7338,"Verma, Rai and Patla",MEDICAL,4,61506.72,15376.68,0,0,0,0,0,0.0,0.0,0.0
MCH7351,,,4,34403.63,8600.9075,0,0,0,0,0,0.0,0.0,0.0
MCH7357,Varkey LLC,HOTEL_LODGING,4,42882.259999999995,10720.564999999999,0,0,0,0,0,0.0,0.0,0.0
MCH7362,kothari plc,BOOKS,4,4118.549999999999,1372.8499999999997,0,0,0,0,0,0.0,0.0,0.0
MCH7370,Peri LLC,TRANSPORT,4,38478.229999999996,9619.557499999999,0,0,0,0,0,0.0,0.0,0.0
MCH7388,,,4,53786.06,13446.515,0,0,0,0,0,0.0,0.0,0.0
MCH7397,,,4,62661.3,15665.325,0,0,0,0,0,0.0,0.0,0.0
MCH7398,  Bhavsar and Sons  ,DEPARTMENT STORE,4,53410.96,13352.74,0,0,0,0,0,0.0,0.0,0.0
MCH7403,"Naik, Badami and Raj",DEPARTMENT STORE,4,55160.54,13790.135,0,0,0,0,0,0.0,0.0,0.0
MCH7418,,,4,35541.28,8885.32,0,0,0,0,0,0.0,0.0,0.0
MCH7457,,,4,27996.15,9332.050000000001,0,0,0,0,0,0.0,0.0,0.0
MCH7482,"Bail, Verma and Sur",APPAREL,4,62145.76,15536.44,0,0,0,0,0,0.0,0.0,0.0
MCH7501,Jayaraman Inc,DEPARTMENT STORE,4,41641.24,10410.31,0,0,0,0,0,0.0,0.0,0.0
MCH7506,,,4,28253.719999999998,9417.906666666666,0,0,0,0,0,0.0,0.0,0.0
MCH7513,Buch Inc,FOOD_SERVICES,4,43339.04,10834.76,0,0,0,0,0,0.0,0.0,0.0
MCH7539,"Kalita, Din and Ganesh",RETAIL,4,16459.87,4114.9675,0,0,0,0,0,0.0,0.0,0.0
MCH7570,,,4,25192.39,8397.463333333333,0,0,0,0,0,0.0,0.0,0.0
MCH7572,"Nori, Kibe and Das",APPAREL,4,62025.78,15506.445,0,0,0,0,0,0.0,0.0,0.0
MCH7610,,,4,69504.48999999999,17376.122499999998,0,0,0,0,0,0.0,0.0,0.0
MCH7622,Banerjee-Raman,FOOD_SERVICES,4,57648.82,14412.205,0,0,0,0,0,0.0,0.0,0.0
MCH7633,,,4,49021.25,12255.3125,0,0,0,0,0,0.0,0.0,0.0
MCH7655,,,4,30660.33,7665.0825,0,0,0,0,0,0.0,0.0,0.0
MCH7658,,,4,53437.83,13359.4575,0,0,0,0,0,0.0,0.0,0.0
MCH7715,Patla-Memon,APPAREL,4,57753.89,14438.4725,0,0,0,0,0,0.0,0.0,0.0
MCH7729,Keer LLC,BOOKS,4,45250.66,11312.665,0,0,0,0,0,0.0,0.0,0.0
MCH7734,,,4,30043.760000000002,15021.880000000001,0,0,0,0,0,0.0,0.0,0.0
MCH7744,NATH PLC,RETAIL,4,19654.41,4913.6025,0,0,0,0,0,0.0,0.0,0.0
MCH7776,,,4,28294.86,9431.62,0,0,0,0,0,0.0,0.0,0.0
MCH7780,Jain PLC,MEDICAL_STORE,4,62417.08,15604.27,0,0,0,0,0,0.0,0.0,0.0
MCH7784,dave-babu,MEDICAL,4,23670.88,11835.44,0,0,0,0,0,0.0,0.0,0.0
MCH7787,,,4,72767.06999999999,18191.767499999998,0,0,0,0,0,0.0,0.0,0.0
MCH7796,"Kari, Sridhar and J0ha1",GROCERY,4,65108.43,16277.1075,0,0,0,0,0,0.0,0.0,0.0
MCH7802,Venkatesh LLC,MEDICAL,4,64309.240000000005,16077.310000000001,0,0,0,0,0,0.0,0.0,0.0
MCH7809,,,4,54805.99,13701.4975,0,0,0,0,0,0.0,0.0,0.0
MCH7816,,,4,5110.379999999997,1277.5949999999993,0,0,0,0,0,0.0,0.0,0.0
MCH7833,"Chopra, Baral and Hayre",BOOKS,4,29625.62,7406.405,0,0,0,4,0,0.0,0.0,0.0
MCH7841,Manda Group,BOOKS,4,48739.25,12184.8125,0,0,0,0,0,0.0,0.0,0.0
MCH7852,,,4,26685.63,8895.210000000001,0,0,0,0,0,0.0,0.0,0.0
MCH7882,,,4,61636.5,15409.125,0,0,0,0,0,0.0,0.0,0.0
MCH7903,,,4,45129.8,11282.45,0,0,0,0,0,0.0,0.0,0.0
MCH7904,Kapadia-Pandya,BOOKS,4,42878.29,10719.5725,0,0,0,0,0,0.0,0.0,0.0
MCH7914,,,4,52216.21,13054.0525,0,0,0,0,0,0.0,0.0,0.0
MCH7934,Srinivasan-Maharaj,FOOD_SERVICES,4,17571.8,4392.95,0,0,0,4,0,0.0,0.0,0.0
MCH7937,,,4,26674.14,8891.38,0,0,0,0,0,0.0,0.0,0.0
MCH7950,Om-Andra,GROCERY,4,51019.68,17006.56,0,0,0,0,0,0.0,0.0,0.0
MCH7983,Karpe-Raval,DEPARTMENT STORE,4,48948.44,12237.11,0,0,0,0,0,0.0,0.0,0.0
MCH7998,,,4,21934.21,5483.5525,0,0,0,0,0,0.0,0.0,0.0
MCH8031,CHOKSHI LTD,HOTEL_LODGING,4,65948.31,16487.0775,0,0,0,0,0,0.0,0.0,0.0
MCH8032,,,4,14181.6,4727.2,0,0,0,0,0,0.0,0.0,0.0
MCH8054,"Kant, Gara and Grewal",TRANSPORT,4,23244.79,7748.263333333333,0,0,0,0,0,0.0,0.0,0.0
MCH8063,,,4,70208.15,17552.0375,0,0,0,0,0,0.0,0.0,0.0
MCH8071,,,4,75347.67,18836.9175,0,0,0,0,0,0.0,0.0,0.0
MCH8074,Prakash-Bera,TELECOM,4,46793.369999999995,11698.342499999999,0,0,0,0,0,0.0,0.0,0.0
MCH8083,,,4,46625.37,11656.3425,0,0,0,0,0,0.0,0.0,0.0
MCH8101,"Jani, Varghese and Barman",APPAREL,4,68345.59,17086.3975,0,0,0,4,0,0.0,0.0,0.0
MCH8121,,,4,53494.119999999995,17831.373333333333,0,0,0,0,0,0.0,0.0,0.0
MCH8134,,,4,76171.92,19042.98,0,0,0,0,0,0.0,0.0,0.0
MCH8136,Bora Inc,HOTEL_LODGING,4,30123.07,7530.7675,0,0,0,0,0,0.0,0.0,0.0
MCH8141,,,4,82891.84,20722.96,0,0,0,0,0,0.0,0.0,0.0
MCH8151,Dalal PLC,APPAREL,4,39313.729999999996,13104.576666666666,0,0,0,0,0,0.0,0.0,0.0
MCH8155,,,4,53145.96,17715.32,0,0,0,0,0,0.0,0.0,0.0
MCH8189,BAJAJ-SURA,TRANSPORT,4,46032.350000000006,11508.087500000001,0,0,0,0,0,0.0,0.0,0.0
MCH8192,"oza, sant and loke",GROCERY,4,38236.19,9559.0475,0,0,0,0,0,0.0,0.0,0.0
MCH8207,,,4,8699.97,8699.97,0,0,0,0,0,0.0,0.0,0.0
MCH8208,TAK-SHANKAR,HOTEL_LODGING,4,21392.620000000003,7130.873333333334,0,0,0,0,0,0.0,0.0,0.0
MCH8224,,,4,13980.829999999998,3495.2074999999995,0,0,0,0,0,0.0,0.0,0.0
MCH8235,Konda-Pillai,STATIONERY,4,28309.54,9436.513333333334,0,0,0,0,0,0.0,0.0,0.0
MCH8281,Kakar and S0ns,PHONE SERVICE,4,40627.81,13542.603333333333,0,0,0,0,0,0.0,0.0,0.0
MCH8293,,,4,29749.47,7437.3675,0,0,0,0,0,0.0,0.0,0.0
MCH8327,Men0n Ltd,MISC_RETAIL,4,22277.26,7425.753333333333,0,0,0,0,0,0.0,0.0,0.0
MCH8328,Raman-Dass,GROCERY,4,70378.4,17594.6,0,0,0,0,0,0.0,0.0,0.0
MCH8331,Yogi Inc,MISC_RETAIL,4,58668.17,14667.0425,0,0,0,4,0,0.0,0.0,0.0
MCH8347,,,4,50719.12,16906.373333333333,0,0,0,0,0,0.0,0.0,0.0
MCH8369,Samra-Radhakrishnan,APPAREL,4,56847.11,14211.7775,0,0,0,0,0,0.0,0.0,0.0
MCH8370,"ramaswamy, dugal and upadhyay",TRANSPORT,4,55750.47,13937.6175,0,0,0,0,0,0.0,0.0,0.0
MCH8389,Thaman Group,FOOD_SERVICES,4,31656.35,10552.116666666667,0,0,0,4,0,0.0,0.0,0.0
MCH8403,,,4,19727.48,4931.87,0,0,0,0,0,0.0,0.0,0.0
MCH8404,,,4,51138.95,17046.316666666666,0,0,0,0,0,0.0,0.0,0.0
MCH8451,setty inc,TELECOM,4,41658.6,10414.65,0,0,0,0,0,0.0,0.0,0.0
MCH8455,Chauhan-Raju,DEPARTMENT STORE,4,36778.82,12259.606666666667,0,0,0,0,0,0.0,0.0,0.0
MCH8476,,,4,41842.25,10460.5625,0,0,0,0,0,0.0,0.0,0.0
MCH8504,gala-bath,GROCERY,4,34627.07,8656.7675,0,0,0,0,0,0.0,0.0,0.0
MCH8535,,,4,30309.31,7577.3275,0,0,0,0,0,0.0,0.0,0.0
MCH8543,,,4,57579.39,14394.8475,0,0,0,0,0,0.0,0.0,0.0
MCH8576,,,4,67632.61,16908.1525,0,0,0,0,0,0.0,0.0,0.0
MCH8580,,,4,39396.689999999995,13132.229999999998,0,0,0,0,0,0.0,0.0,0.0
MCH8611,,,4,25325.08,8441.693333333335,0,0,0,0,0,0.0,0.0,0.0
MCH8613,Comar-Tata,FOOD_SERVICES,4,65798.75,16449.6875,0,0,0,0,0,0.0,0.0,0.0
MCH8617,,,4,48892.549999999996,12223.137499999999,0,0,0,0,0,0.0,0.0,0.0
MCH8638,ramanathan-apte,BOOKS,4,27124.47,9041.49,0,0,0,0,0,0.0,0.0,0.0
MCH8683,,,4,27857.660000000003,6964.415000000001,0,0,0,0,0,0.0,0.0,0.0
MCH8684,,,4,24707.16,6176.79,0,0,0,0,0,0.0,0.0,0.0
MCH8685,,,4,71309.7,17827.425,0,0,0,0,0,0.0,0.0,0.0
MCH8695,,,4,26090.83,8696.943333333335,0,0,0,0,0,0.0,0.0,0.0
MCH8707,,,4,39243.6,9810.9,0,0,0,0,0,0.0,0.0,0.0
MCH8708,"Mukherjee, Sami and Purohit",MISC_RETAIL,4,35023.23,11674.410000000002,0,0,0,4,0,0.0,0.0,0.0
MCH8709,,,4,54251.86,13562.965,0,0,0,0,0,0.0,0.0,0.0
MCH8716,"Naik, Chada and Divan",OTHER,4,51761.21000000001,12940.302500000002,0,0,0,0,0,0.0,0.0,0.0
MCH8769,Dara-Keer,PHARMACY,4,38046.82,9511.705,0,0,0,0,0,0.0,0.0,0.0
MCH8796,,,4,34171.51,11390.503333333334,0,0,0,0,0,0.0,0.0,0.0
MCH8808,"  Kothari, Bansal and Gupta  ",STATIONERY,4,46952.84,11738.21,0,0,0,0,0,0.0,0.0,0.0
MCH8831,,,4,54555.57,18185.19,0,0,0,0,0,0.0,0.0,0.0
MCH8913,,,4,27535.58,9178.526666666667,0,0,0,0,0,0.0,0.0,0.0
MCH8976,PRAKASH PLC,APPAREL,4,41511.04,10377.76,0,0,0,4,0,0.0,0.0,0.0
MCH8986,,,4,53119.78,13279.945,0,0,0,0,0,0.0,0.0,0.0
MCH8988,"Ratti, Rattan and Menon",STATIONERY,4,5377.87,1344.4675,0,0,0,0,0,0.0,0.0,0.0
MCH9004,Vaidya-Subramanian,PHARMACY,4,16295.96,5431.986666666667,0,0,0,4,0,0.0,0.0,0.0
MCH9034,,,4,44450.5,11112.625,0,0,0,0,0,0.0,0.0,0.0
MCH9046,,,4,65179.340000000004,16294.835000000001,0,0,0,0,0,0.0,0.0,0.0
MCH9099,,,4,48901.69,12225.4225,0,0,0,0,0,0.0,0.0,0.0
MCH9104,Goel PLC,DEPARTMENT STORE,4,40533.76,13511.253333333334,0,0,0,0,0,0.0,0.0,0.0
MCH9134,Edwin-Viswanathan,APPAREL,4,64420.62,16105.155,0,0,0,0,0,0.0,0.0,0.0
MCH9154,"Mangat, Sarkar and Vasa",RETAIL,4,48608.84,12152.21,0,0,0,0,0,0.0,0.0,0.0
MCH9170,,,4,51966.02,12991.505,0,0,0,0,0,0.0,0.0,0.0
MCH9171,,,4,33523.31,11174.436666666666,0,0,0,0,0,0.0,0.0,0.0
MCH9179,,,4,30528.67,7632.1675,0,0,0,0,0,0.0,0.0,0.0
MCH9184,,,4,34012.59,11337.529999999999,0,0,0,0,0,0.0,0.0,0.0
MCH9187,MANE AND SONS,FOOD_SERVICES,4,34813.12,8703.28,0,0,0,0,0,0.0,0.0,0.0
MCH9193,Shroff Inc,GROCERY,4,60694.36,15173.59,0,0,0,0,0,0.0,0.0,0.0
MCH9201,  Ramachandran PLC  ,PHONE SERVICE,4,62225.770000000004,15556.442500000001,0,0,0,0,0,0.0,0.0,0.0
MCH9213,,,4,55121.83,13780.4575,0,0,0,0,0,0.0,0.0,0.0
MCH9224,,,4,86358.28,21589.57,0,0,0,0,0,0.0,0.0,0.0
MCH9226,  Bhatnagar-Magar  ,FOOD_SERVICES,4,40999.38,10249.845,0,0,0,4,0,0.0,0.0,0.0
MCH9240,,,4,70618.66,17654.665,0,0,0,0,0,0.0,0.0,0.0
MCH9254,,,4,39181.13,9795.2825,0,0,0,0,0,0.0,0.0,0.0
MCH9257,Deep-Venkataraman,HOTEL_LODGING,4,36132.36,12044.12,0,0,0,0,0,0.0,0.0,0.0
MCH9261,Gupta-Manne,FOOD_SERVICES,4,47683.990000000005,15894.663333333336,0,0,0,0,0,0.0,0.0,0.0
MCH9272,,,4,38658.689999999995,9664.672499999999,0,0,0,0,0,0.0,0.0,0.0
MCH9283,,,4,44323.479999999996,11080.869999999999,0,0,0,0,0,0.0,0.0,0.0
MCH9293,,,4,40139.159999999996,10034.789999999999,0,0,0,0,0,0.0,0.0,0.0
MCH9297,,,4,73019.26,18254.815,0,0,0,0,0,0.0,0.0,0.0
MCH9305,,,4,40013.64,13337.88,0,0,0,0,0,0.0,0.0,0.0
MCH9317,,,4,60656.11,15164.0275,0,0,0,0,0,0.0,0.0,0.0
MCH9354,"SRINIVASAN, BHARGAVA AND SATHE",HOTEL_LODGING,4,35784.93,11928.31,0,0,0,0,0,0.0,0.0,0.0
MCH9370,Mallick-Gola,MISC_RETAIL,4,35369.43,17684.715,0,0,0,0,0,0.0,0.0,0.0
MCH9388,"mahajan, dixit and memon",HOTEL_LODGING,4,59737.09,14934.2725,0,0,0,0,0,0.0,0.0,0.0
MCH9396,"Solanki, Kara and Saha",HOTEL_LODGING,4,52676.93000000001,13169.232500000002,0,0,0,0,0,0.0,0.0,0.0
MCH9411,,,4,64949.05,16237.2625,0,0,0,0,0,0.0,0.0,0.0
MCH9445,,,4,43199.49,14399.83,0,0,0,0,0,0.0,0.0,0.0
MCH9448,"  Sant, Manda and Khurana  ",APPAREL,4,1549.5199999999986,387.37999999999965,0,0,0,4,0,0.0,0.0,0.0
MCH9449,,,4,45041.47,15013.823333333334,0,0,0,0,0,0.0,0.0,0.0
MCH9453,,,4,42006.78,14002.26,0,0,0,0,0,0.0,0.0,0.0
MCH9499,,,4,72914.23,18228.5575,0,0,0,0,0,0.0,0.0,0.0
MCH9504,,,4,72209.06999999999,18052.267499999998,0,0,0,0,0,0.0,0.0,0.0
MCH9580,"murthy, virk and lad",DEPARTMENT STORE,4,68840.35,17210.0875,0,0,0,0,0,0.0,0.0,0.0
MCH9583,"Borra, Mutti and Chaudhary",FOOD_SERVICES,4,46377.66,15459.220000000001,0,0,0,0,0,0.0,0.0,0.0
MCH9587,Krishnamurthy-Contractor,MOBILE RECHARGE,4,48251.74,12062.935,0,0,0,0,0,0.0,0.0,0.0
MCH9594,Ben Group,DEPARTMENT STORE,4,27089.09,9029.696666666667,0,0,0,0,0,0.0,0.0,0.0
MCH9595,Kapur Inc,MISC_RETAIL,4,10222.43,3407.476666666667,0,0,0,0,0,0.0,0.0,0.0
MCH9609,Saran-Iyengar,FOOD_SERVICES,4,54455.74,13613.935,0,0,0,0,0,0.0,0.0,0.0
MCH9623,Mangat PLC,TELECOM,4,63479.79,15869.9475,0,0,0,0,0,0.0,0.0,0.0
MCH9624,Brar-Chad,DEPARTMENT STORE,4,34212.78,11404.26,0,0,0,0,0,0.0,0.0,0.0
MCH9667,,,4,45191.090000000004,11297.772500000001,0,0,0,0,0,0.0,0.0,0.0
MCH9682,,,4,47286.229999999996,11821.557499999999,0,0,0,0,0,0.0,0.0,0.0
MCH9684,Bhasin Inc,PHARMACY,4,66869.71,22289.903333333335,0,0,0,4,0,0.0,0.0,0.0
MCH9700,,,4,69352.18000000001,17338.045000000002,0,0,0,0,0,0.0,0.0,0.0
MCH9702,Ranganathan-Madan,HOTEL_LODGING,4,47604.18,11901.045,0,0,0,0,0,0.0,0.0,0.0
MCH9708,,,4,48790.76,12197.69,0,0,0,0,0,0.0,0.0,0.0
MCH9714,Issac-Pall,PHARMACY,4,42644.19,10661.0475,0,0,0,4,0,0.0,0.0,0.0
MCH9731,Chaudhry-Pillay,DEPARTMENT STORE,4,37188.18,12396.06,0,0,0,0,0,0.0,0.0,0.0
MCH9733,SATHE-HARI,TRANSPORT,4,15295.11,3823.7775,0,0,0,0,0,0.0,0.0,0.0
MCH9769,"Kota, Dara and Sarin",TRAVEL,4,4522.469999999999,1130.6174999999998,0,0,0,0,0,0.0,0.0,0.0
MCH9812,,,4,83660.85,20915.2125,0,0,0,0,0,0.0,0.0,0.0
MCH9815,"NARASIMHAN, VASA AND GOSWAMI",BOOKS,4,59068.259999999995,19689.42,0,0,0,0,0,0.0,0.0,0.0
MCH9820,"Rai, Saha and Lalla",HOTEL_LODGING,4,34187.57,11395.856666666667,0,0,0,0,0,0.0,0.0,0.0
MCH9822,Thaman-Parsa,DEPARTMENT STORE,4,31102.23,7775.5575,0,0,0,0,0,0.0,0.0,0.0
MCH9902,,,4,49842.869999999995,12460.717499999999,0,0,0,0,0,0.0,0.0,0.0
MCH9914,"Parmar, Sekhon and Kakar",TRANSPORT,4,54010.79,13502.6975,0,0,0,0,0,0.0,0.0,0.0
MCH9919,"Ramaswamy,PallandBahri",PHARMACY,4,3524.8099999999995,1174.9366666666665,0,0,0,0,0,0.0,0.0,0.0
MCH9971,,,4,19188.47,6396.156666666667,0,0,0,0,0,0.0,0.0,0.0
MCH1019,Iyer-Thaker,APPAREL,3,32130.27,10710.09,0,0,0,0,0,0.0,0.0,0.0
MCH1021,VARGHESE-RAMACHANDRAN,FOOD_SERVICES,3,61852.69,20617.563333333335,0,0,0,0,0,0.0,0.0,0.0
MCH1030,,,3,4072.67,1357.5566666666666,0,0,0,0,0,0.0,0.0,0.0
MCH1032,Nori-Nigam,HOTEL_LODGING,3,41319.15,20659.575,0,0,0,0,0,0.0,0.0,0.0
MCH1033,Sidhu and Sons,PHONE SERVICE,3,42284.92,14094.973333333333,0,0,0,0,0,0.0,0.0,0.0
MCH1035,  Minhas-Khatri  ,FOOD_SERVICES,3,39992.83,13330.943333333335,0,0,0,0,0,0.0,0.0,0.0
MCH1037,,,3,47725.25,15908.416666666666,0,0,0,0,0,0.0,0.0,0.0
MCH1038,,,3,52771.18,17590.393333333333,0,0,0,0,0,0.0,0.0,0.0
MCH1039,Lal-Barad,TELECOM,3,29255.440000000002,9751.813333333334,0,0,0,0,0,0.0,0.0,0.0
MCH1042,,,3,26085.81,8695.27,0,0,0,0,0,0.0,0.0,0.0
MCH1044,"Jha, Salvi and Setty",RETAIL,3,32513.96,16256.98,0,0,0,0,0,0.0,0.0,0.0
MCH1049,,,3,48368.15,16122.716666666667,0,0,0,0,0,0.0,0.0,0.0
MCH1057,,,3,-3004.0,-1001.3333333333334,0,0,0,0,0,0.0,0.0,0.0
MCH1059,,,3,45995.04,15331.68,0,0,0,0,0,0.0,0.0,0.0
MCH1066,,,3,32487.62,10829.206666666667,0,0,0,0,0,0.0,0.0,0.0
MCH1068,Mall-Palan,OTHER,3,26408.800000000003,8802.933333333334,0,0,0,0,0,0.0,0.0,0.0
MCH1081,Mistry Group,FOOD_SERVICES,3,33718.899999999994,11239.633333333331,0,0,0,0,0,0.0,0.0,0.0
MCH1091,,,3,48599.71000000001,16199.903333333335,0,0,0,0,0,0.0,0.0,0.0
MCH1094,,,3,13282.93,4427.643333333333,0,0,0,0,0,0.0,0.0,0.0
MCH1106,"narang, wali and aurora",GROCERY,3,24466.01,12233.005,0,0,0,0,0,0.0,0.0,0.0
MCH1110,,,3,21186.41,10593.205,0,0,0,0,0,0.0,0.0,0.0
MCH1114,,,3,32360.510000000002,10786.836666666668,0,0,0,0,0,0.0,0.0,0.0
MCH1118,ChokshiInc,TRANSPORT,3,45832.64,15277.546666666667,0,0,0,0,0,0.0,0.0,0.0
MCH1135,,,3,24092.49,24092.49,0,0,0,0,0,0.0,0.0,0.0
MCH1145,,,3,55858.62,18619.54,0,0,0,0,0,0.0,0.0,0.0
MCH1147,Dayal-Sabharwal,PHONE SERVICE,3,-6760.389999999998,-2253.4633333333327,0,0,0,0,0,0.0,0.0,0.0
MCH1149,,,3,29603.0,9867.666666666666,0,0,0,0,0,0.0,0.0,0.0
MCH1194,,,3,3041.4,3041.4,0,0,0,0,0,0.0,0.0,0.0
MCH1202,KOSHY-BORDE,RETAIL,3,33205.07,16602.535,0,0,0,0,0,0.0,0.0,0.0
MCH1208,,,3,50492.34,16830.78,0,0,0,0,0,0.0,0.0,0.0
MCH1210,"Dua, Buch and Kaul",BOOKS,3,34337.72,11445.906666666668,0,0,0,3,0,0.0,0.0,0.0
MCH1217,,,3,27184.14,9061.38,0,0,0,0,0,0.0,0.0,0.0
MCH1218,,,3,49378.69,16459.563333333335,0,0,0,0,0,0.0,0.0,0.0
MCH1234,Comar-Kari,TRANSPORT,3,28743.79,14371.895,0,0,0,0,0,0.0,0.0,0.0
MCH1237,,,3,30567.69,10189.23,0,0,0,0,0,0.0,0.0,0.0
MCH1238,,,3,7341.890000000001,2447.296666666667,0,0,0,0,0,0.0,0.0,0.0
MCH1244,,,3,23558.91,7852.97,0,0,0,0,0,0.0,0.0,0.0
MCH1252,,,3,36250.28,12083.426666666666,0,0,0,0,0,0.0,0.0,0.0
MCH1263,Krishnan-Venkataraman,TELECOM,3,45022.25,15007.416666666666,0,0,0,0,0,0.0,0.0,0.0
MCH1269,SHUKLA PLC,APPAREL,3,34628.46,11542.82,0,0,0,0,0,0.0,0.0,0.0
MCH1277,Deol-Nayak,TRANSPORT,3,39886.16,19943.08,0,0,0,0,0,0.0,0.0,0.0
MCH1284,,,3,28506.25,14253.125,0,0,0,0,0,0.0,0.0,0.0
MCH1292,Gera-Nayak,HOTEL_LODGING,3,-14022.97,-14022.97,0,0,0,0,0,0.0,0.0,0.0
MCH1300,,,3,52602.45,17534.149999999998,0,0,0,0,0,0.0,0.0,0.0
MCH1304,sama ltd,MEDICAL_STORE,3,20999.340000000004,6999.780000000002,0,0,0,0,0,0.0,0.0,0.0
MCH1321,Borah-Dhaliwal,HOTEL_LODGING,3,27835.230000000003,9278.410000000002,0,0,0,0,0,0.0,0.0,0.0
MCH1323,DHAR AND SONS,BOOKS,3,24472.55,12236.275,0,0,0,0,0,0.0,0.0,0.0
MCH1330,,,3,14338.109999999997,4779.369999999999,0,0,0,0,0,0.0,0.0,0.0
MCH1334,"KALITA, SARRAF AND BHARDWAJ",MISC_RETAIL,3,19531.12,6510.373333333333,0,0,0,0,0,0.0,0.0,0.0
MCH1339,,,3,43896.85,14632.283333333333,0,0,0,0,0,0.0,0.0,0.0
MCH1345,Bhat Inc,DEPARTMENT STORE,3,32438.12,10812.706666666667,0,0,0,0,0,0.0,0.0,0.0
MCH1354,,,3,11448.11,3816.036666666667,0,0,0,0,0,0.0,0.0,0.0
MCH1361,,,3,28312.78,9437.593333333332,0,0,0,0,0,0.0,0.0,0.0
MCH1378,Patil-Deshmukh,DEPARTMENT STORE,3,34076.79,11358.93,0,0,0,0,0,0.0,0.0,0.0
MCH1380,Mahal-Khare,MISC_RETAIL,3,40569.91,20284.955,0,0,0,0,0,0.0,0.0,0.0
MCH1381,,,3,22660.36,11330.18,0,0,0,0,0,0.0,0.0,0.0
MCH1398,,,3,4096.33,2048.165,0,0,0,0,0,0.0,0.0,0.0
MCH1422,Merchant and Sons,PHARMACY,3,15710.7,5236.900000000001,0,0,0,0,0,0.0,0.0,0.0
MCH1428,De-Natarajan,TRANSPORT,3,23174.79,11587.395,0,0,0,0,0,0.0,0.0,0.0
MCH1431,,,3,52480.56,17493.52,0,0,0,0,0,0.0,0.0,0.0
MCH1447,"Dara, Om and Chaudhry",APPAREL,3,29835.84,9945.28,0,0,0,0,0,0.0,0.0,0.0
MCH1449,"Chadha, Ramakrishnan and Badami",HOTEL_LODGING,3,29194.29,9731.43,0,0,0,0,0,0.0,0.0,0.0
MCH1455,,,3,49501.91,16500.63666666667,0,0,0,0,0,0.0,0.0,0.0
MCH1460,,,3,18915.2,6305.066666666667,0,0,0,0,0,0.0,0.0,0.0
MCH1466,,,3,28878.31,9626.103333333334,0,0,0,0,0,0.0,0.0,0.0
MCH1474,"sami, sur and tank",TRANSPORT,3,53948.340000000004,17982.780000000002,0,0,0,0,0,0.0,0.0,0.0
MCH1485,,,3,21793.31,7264.436666666667,0,0,0,0,0,0.0,0.0,0.0
MCH1488,"Chada, Gopal and Rajagopal",MOBILE RECHARGE,3,52743.5,17581.166666666668,0,0,0,0,0,0.0,0.0,0.0
MCH1496,,,3,42755.81,14251.936666666666,0,0,0,0,0,0.0,0.0,0.0
MCH1502,,,3,20751.6,6917.2,0,0,0,0,0,0.0,0.0,0.0
MCH1505,,,3,41273.16,13757.720000000001,0,0,0,0,0,0.0,0.0,0.0
MCH1519,,,3,13070.95,4356.983333333334,0,0,0,0,0,0.0,0.0,0.0
MCH1524,,,3,25895.55,8631.85,0,0,0,0,0,0.0,0.0,0.0
MCH1539,,,3,48035.259999999995,16011.753333333332,0,0,0,0,0,0.0,0.0,0.0
MCH1547,,,3,38237.15,12745.716666666667,0,0,0,0,0,0.0,0.0,0.0
MCH1555,Raj LLC,STATIONERY,3,35648.17,17824.085,0,0,0,0,0,0.0,0.0,0.0
MCH1557,,,3,34615.08,11538.36,0,0,0,0,0,0.0,0.0,0.0
MCH1564,,,3,37475.409999999996,12491.803333333331,0,0,0,0,0,0.0,0.0,0.0
MCH1572,,,3,33522.29,11174.096666666666,0,0,0,0,0,0.0,0.0,0.0
MCH1573,"Tailor, Som and Soni",PHONE SERVICE,3,31582.230000000003,10527.410000000002,0,0,0,0,0,0.0,0.0,0.0
MCH1578,gala ltd,MISC_RETAIL,3,7727.47,3863.735,0,0,0,0,0,0.0,0.0,0.0
MCH1590,,,3,51254.99,17084.996666666666,0,0,0,0,0,0.0,0.0,0.0
MCH1593,Wali-Murthy,MISC_RETAIL,3,35883.68,17941.84,0,0,0,0,0,0.0,0.0,0.0
MCH1595,,,3,49251.05,16417.016666666666,0,0,0,0,0,0.0,0.0,0.0
MCH1601,,,3,27066.07,9022.023333333333,0,0,0,0,0,0.0,0.0,0.0
MCH1603,,,3,46299.99,15433.33,0,0,0,0,0,0.0,0.0,0.0
MCH1604,,,3,28589.769999999997,9529.923333333332,0,0,0,0,0,0.0,0.0,0.0
MCH1609,Ram-Palla,MOBILE RECHARGE,3,33671.79,16835.895,0,0,0,0,0,0.0,0.0,0.0
MCH1612,"Andra, Chana and Saha",FOOD_SERVICES,3,27444.89,9148.296666666667,0,0,0,0,0,0.0,0.0,0.0
MCH1621,pandey-soni,FOOD_SERVICES,3,23738.19,11869.095,0,0,0,0,0,0.0,0.0,0.0
MCH1623,,,3,34256.0,11418.666666666666,0,0,0,0,0,0.0,0.0,0.0
MCH1633,,,3,40258.54,13419.513333333334,0,0,0,0,0,0.0,0.0,0.0
MCH1646,Golla and Sons,GROCERY,3,21852.71,7284.236666666667,0,0,0,3,0,0.0,0.0,0.0
MCH1651,Kumar Inc,BOOKS,3,20965.1,6988.366666666666,0,0,0,0,0,0.0,0.0,0.0
MCH1677,,,3,27614.850000000002,13807.425000000001,0,0,0,0,0,0.0,0.0,0.0
MCH1678,,,3,26855.93,8951.976666666667,0,0,0,0,0,0.0,0.0,0.0
MCH1679,"Chawla, Sura and Pal",TRANSPORT,3,47612.61,15870.87,0,0,0,3,0,0.0,0.0,0.0
MCH1693,,,3,27469.769999999997,9156.589999999998,0,0,0,0,0,0.0,0.0,0.0
MCH1712,,,3,11221.65,5610.825,0,0,0,0,0,0.0,0.0,0.0
MCH1720,,,3,45148.86,15049.62,0,0,0,0,0,0.0,0.0,0.0
MCH1722,Patel-Warrior,HOTEL_LODGING,3,45198.6,15066.199999999999,0,0,0,0,0,0.0,0.0,0.0
MCH1729,VORA LLC,FOOD_SERVICES,3,7000.769999999997,2333.589999999999,0,0,0,0,0,0.0,0.0,0.0
MCH1734,,,3,53554.57,17851.523333333334,0,0,0,0,0,0.0,0.0,0.0
MCH1746,,,3,27382.14,13691.07,0,0,0,0,0,0.0,0.0,0.0
MCH1759,,,3,17066.05,8533.025,0,0,0,0,0,0.0,0.0,0.0
MCH1761,,,3,18858.27,6286.09,0,0,0,0,0,0.0,0.0,0.0
MCH1765,,,3,29991.96,9997.32,0,0,0,0,0,0.0,0.0,0.0
MCH1776,Vohra and Sons,MISC_RETAIL,3,24746.23,8248.743333333334,0,0,0,0,0,0.0,0.0,0.0
MCH1797,,,3,43501.880000000005,14500.626666666669,0,0,0,0,0,0.0,0.0,0.0
MCH1798,,,3,38565.97,12855.323333333334,0,0,0,0,0,0.0,0.0,0.0
MCH1813,Balan-Deo,DEPARTMENT STORE,3,31279.210000000003,10426.403333333334,0,0,0,0,0,0.0,0.0,0.0
MCH1822,,,3,55411.06,18470.353333333333,0,0,0,0,0,0.0,0.0,0.0
MCH1832,Mistry-Chaudhary,OTHER,3,35780.0,11926.666666666666,0,0,0,3,0,0.0,0.0,0.0
MCH1833,"Bhatnagar, Bhavsar and Iyengar",TRANSPORT,3,32300.18,10766.726666666667,0,0,0,0,0,0.0,0.0,0.0
MCH1846,Kurian-Chad,HOTEL_LODGING,3,36149.42,12049.806666666665,0,0,0,0,0,0.0,0.0,0.0
MCH1859,,,3,37424.54,12474.846666666666,0,0,0,0,0,0.0,0.0,0.0
MCH1861,Vora-Balan,GROCERY,3,36035.95,12011.983333333332,0,0,0,0,0,0.0,0.0,0.0
MCH1866,,,3,10335.92,5167.96,0,0,0,0,0,0.0,0.0,0.0
MCH1867,,,3,-3296.0200000000013,-1098.6733333333339,0,0,0,0,0,0.0,0.0,0.0
MCH1872,rege llc,PHONE SERVICE,3,27473.82,9157.94,0,0,0,0,0,0.0,0.0,0.0
MCH1873,Oak-Ramachandran,PHONE SERVICE,3,44391.600000000006,22195.800000000003,0,0,0,0,0,0.0,0.0,0.0
MCH1876,"Deol, Sandal and Nagi",MISC_RETAIL,3,46328.32,15442.773333333333,0,0,0,0,0,0.0,0.0,0.0
MCH1880,,,3,36522.439999999995,12174.146666666666,0,0,0,0,0,0.0,0.0,0.0
MCH1903,,,3,69618.16,23206.053333333333,0,0,0,0,0,0.0,0.0,0.0
MCH1911,,,3,38876.47,12958.823333333334,0,0,0,0,0,0.0,0.0,0.0
MCH1926,"Bail, Bala and Bahl",BOOKS,3,54216.35,18072.116666666665,0,0,0,0,0,0.0,0.0,0.0
MCH1928,,,3,28097.25,9365.75,0,0,0,0,0,0.0,0.0,0.0
MCH1938,,,3,58676.78,19558.926666666666,0,0,0,0,0,0.0,0.0,0.0
MCH1940,ANNE GROUP,TRANSPORT,3,39340.33,13113.443333333335,0,0,0,0,0,0.0,0.0,0.0
MCH1945,,,3,31398.44,10466.146666666666,0,0,0,0,0,0.0,0.0,0.0
MCH1946,  Kanda Group  ,FOOD_SERVICES,3,67577.01,22525.67,0,0,0,0,0,0.0,0.0,0.0
MCH1952,Madan Inc,BOOKS,3,23268.84,23268.84,0,0,0,0,0,0.0,0.0,0.0
MCH1953,"Banerjee, Maharaj and Rege",HOTEL_LODGING,3,10265.2,5132.6,0,0,0,0,0,0.0,0.0,0.0
MCH1955,"SRINIVAS, KHURANA AND CHOUDHRY",MISC_RETAIL,3,36876.950000000004,12292.316666666668,0,0,0,0,0,0.0,0.0,0.0
MCH1982,"Behl, Jayaraman and Divan",APPAREL,3,52420.51,17473.503333333334,0,0,0,0,0,0.0,0.0,0.0
MCH2003,,,3,43209.66,14403.220000000001,0,0,0,0,0,0.0,0.0,0.0
MCH2006,,,3,49850.29,16616.763333333332,0,0,0,0,0,0.0,0.0,0.0
MCH2015,Gulati LLC,PHONE SERVICE,3,35337.12,11779.04,0,0,0,0,0,0.0,0.0,0.0
MCH2016,"Amble, Yadav and Dube",MISC_RETAIL,3,25181.46,8393.82,0,0,0,0,0,0.0,0.0,0.0
MCH2020,Prabhu-Kar,APPAREL,3,35428.14,11809.38,0,0,0,3,0,0.0,0.0,0.0
MCH2030,Singh-Banerjee,TRANSPORT,3,51032.130000000005,17010.710000000003,0,0,0,0,0,0.0,0.0,0.0
MCH2037,Kadakia LLC,GROCERY,3,51255.67,17085.22333333333,0,0,0,0,0,0.0,0.0,0.0
MCH2041,"Sagar, Chakraborty and Kurian",TRAVEL,3,11505.87,3835.2900000000004,0,0,0,3,0,0.0,0.0,0.0
MCH2050,,,3,20358.6,6786.2,0,0,0,0,0,0.0,0.0,0.0
MCH2053,,,3,32311.18,16155.59,0,0,0,0,0,0.0,0.0,0.0
MCH2055,,,3,44399.72,14799.906666666668,0,0,0,0,0,0.0,0.0,0.0
MCH2058,,,3,49717.41,16572.47,0,0,0,0,0,0.0,0.0,0.0
MCH2062,,,3,46967.24,15655.746666666666,0,0,0,0,0,0.0,0.0,0.0
MCH2063,Bhavsar Gr0up,TRANSPORT,3,18283.89,6094.63,0,0,0,0,0,0.0,0.0,0.0
MCH2070,,,3,24199.59,8066.53,0,0,0,0,0,0.0,0.0,0.0
MCH2075,"Dhar,DeoandRau",PHARMACY,3,41099.8,13699.933333333334,0,0,0,0,0,0.0,0.0,0.0
MCH2078,Chada-Dubey,DEPARTMENT STORE,3,37778.36,12592.786666666667,0,0,0,0,0,0.0,0.0,0.0
MCH2110,,,3,48041.729999999996,16013.909999999998,0,0,0,0,0,0.0,0.0,0.0
MCH2114,,,3,39893.46,13297.82,0,0,0,0,0,0.0,0.0,0.0
MCH2116,Chaudhari and Sons,APPAREL,3,13320.55,4440.183333333333,0,0,0,0,0,0.0,0.0,0.0
MCH2122,"Bava, Bal and Mittal",MEDICAL_STORE,3,43546.98,14515.660000000002,0,0,0,0,0,0.0,0.0,0.0
MCH2123,Lala and Sons,DEPARTMENT STORE,3,43636.33,21818.165,0,0,0,0,0,0.0,0.0,0.0
MCH2134,,,3,26488.35,13244.175,0,0,0,0,0,0.0,0.0,0.0
MCH2156,,,3,47194.729999999996,15731.576666666666,0,0,0,0,0,0.0,0.0,0.0
MCH2175,,,3,21859.25,10929.625,0,0,0,0,0,0.0,0.0,0.0
MCH2176,,,3,-14471.18,-7235.59,0,0,0,0,0,0.0,0.0,0.0
MCH2182,,,3,18714.96,9357.48,0,0,0,0,0,0.0,0.0,0.0
MCH2183,Savant LLC,TRAVEL,3,33488.72,16744.36,0,0,0,0,0,0.0,0.0,0.0
MCH2189,"  Mammen, Balakrishnan and Prakash  ",RETAIL,3,30094.38,15047.19,0,0,0,0,0,0.0,0.0,0.0
MCH2196,Badal-Ghosh,TRANSPORT,3,19949.059999999998,6649.686666666666,0,0,0,0,0,0.0,0.0,0.0
MCH2200,Choudhry-Vig,TELECOM,3,6660.8,2220.266666666667,0,0,0,0,0,0.0,0.0,0.0
MCH2209,,,3,32298.98,16149.49,0,0,0,0,0,0.0,0.0,0.0
MCH2217,"Rai, Bala and Shenoy",GROCERY,3,22639.0,7546.333333333333,0,0,0,0,0,0.0,0.0,0.0
MCH2233,,,3,36980.75,12326.916666666666,0,0,0,0,0,0.0,0.0,0.0
MCH2234,,,3,13313.99,6656.995,0,0,0,0,0,0.0,0.0,0.0
MCH2249,Bahri-Nagarajan,HOTEL_LODGING,3,33508.229999999996,11169.409999999998,0,0,0,0,0,0.0,0.0,0.0
MCH2253,,,3,16454.75,8227.375,0,0,0,0,0,0.0,0.0,0.0
MCH2259,,,3,40104.369999999995,20052.184999999998,0,0,0,0,0,0.0,0.0,0.0
MCH2267,Bobal and Sons,HOTEL_LODGING,3,20843.0,6947.666666666667,0,0,0,0,0,0.0,0.0,0.0
MCH2284,Nayak Group,APPAREL,3,42912.04,14304.013333333334,0,0,0,3,0,0.0,0.0,0.0
MCH2286,,,3,41596.0,13865.333333333334,0,0,0,0,0,0.0,0.0,0.0
MCH2289,Tank-Datta,FOOD_SERVICES,3,11645.79,3881.9300000000003,0,0,0,0,0,0.0,0.0,0.0
MCH2291,,,3,45076.649999999994,15025.549999999997,0,0,0,0,0,0.0,0.0,0.0
MCH2294,,,3,31284.67,10428.223333333333,0,0,0,0,0,0.0,0.0,0.0
MCH2311,,,3,45286.47,15095.49,0,0,0,0,0,0.0,0.0,0.0
MCH2314,"  Tank, Bera and Dash  ",FOOD_SERVICES,3,13473.449999999999,6736.724999999999,0,0,0,0,0,0.0,0.0,0.0
MCH2316,,,3,22306.46,7435.486666666667,0,0,0,0,0,0.0,0.0,0.0
MCH2323,,,3,26913.17,8971.056666666665,0,0,0,0,0,0.0,0.0,0.0
MCH2326,,,3,30384.660000000003,10128.220000000001,0,0,0,0,0,0.0,0.0,0.0
MCH2350,Tata-Palla,APPAREL,3,23957.08,7985.693333333334,0,0,0,0,0,0.0,0.0,0.0
MCH2354,"TOOR, NAGI AND DARA",MEDICAL,3,14824.43,7412.215,0,0,0,0,0,0.0,0.0,0.0
MCH2356,"Vyas, Chhabra and Kala",HOTEL_LODGING,3,72012.16,24004.053333333333,0,0,0,0,0,0.0,0.0,0.0
MCH2362,,,3,50790.19,16930.063333333335,0,0,0,0,0,0.0,0.0,0.0
MCH2367,,,3,27241.75,13620.875,0,0,0,0,0,0.0,0.0,0.0
MCH2368,Chadha-Barman,PHARMACY,3,32168.85,10722.949999999999,0,0,0,0,0,0.0,0.0,0.0
MCH2377,,,3,6464.18,2154.726666666667,0,0,0,0,0,0.0,0.0,0.0
MCH2383,Dewan-Misra,MOBILE RECHARGE,3,32449.54,10816.513333333334,0,0,0,0,0,0.0,0.0,0.0
MCH2384,"ATWAL, SAWHNEY AND MAGAR",MISC_RETAIL,3,25974.41,8658.136666666667,0,0,0,0,0,0.0,0.0,0.0
MCH2395,Sathe-Dixit,TRANSPORT,3,20355.07,10177.535,0,0,0,0,0,0.0,0.0,0.0
MCH2399,,,3,61186.66,20395.553333333333,0,0,0,0,0,0.0,0.0,0.0
MCH2403,Chana-Yohannan,GROCERY,3,62194.73,20731.576666666668,0,0,0,0,0,0.0,0.0,0.0
MCH2407,,,3,43472.82,14490.94,0,0,0,0,0,0.0,0.0,0.0
MCH2418,Majumdar-Hegde,GROCERY,3,24328.949999999997,12164.474999999999,0,0,0,0,0,0.0,0.0,0.0
MCH2421,Chanda PLC,TRANSPORT,3,50207.86,16735.953333333335,0,0,0,0,0,0.0,0.0,0.0
MCH2431,,,3,6139.740000000002,3069.870000000001,0,0,0,0,0,0.0,0.0,0.0
MCH2435,"BADAL, CHADA AND NARANG",APPAREL,3,16777.899999999998,5592.633333333332,0,0,0,0,0,0.0,0.0,0.0
MCH2438,Saxena-Sagar,MISC_RETAIL,3,11703.55,3901.183333333333,0,0,0,0,0,0.0,0.0,0.0
MCH2439,,,3,18559.88,18559.88,0,0,0,0,0,0.0,0.0,0.0
MCH2447,anand llc,TRANSPORT,3,30381.230000000003,10127.076666666668,0,0,0,0,0,0.0,0.0,0.0
MCH2451,"HALDER, KANNAN AND DIXIT",HOTEL_LODGING,3,42635.41,14211.803333333335,0,0,0,0,0,0.0,0.0,0.0
MCH2470,Chadha LLC,MISC_RETAIL,3,48388.86,16129.62,0,0,0,0,0,0.0,0.0,0.0
MCH2480,Banik-Nagar,FOOD_SERVICES,3,31341.269999999997,15670.634999999998,0,0,0,0,0,0.0,0.0,0.0
MCH2483,,,3,31144.159999999996,10381.386666666665,0,0,0,0,0,0.0,0.0,0.0
MCH2496,,,3,23928.74,7976.246666666667,0,0,0,0,0,0.0,0.0,0.0
MCH2505,,,3,13480.17,4493.39,0,0,0,0,0,0.0,0.0,0.0
MCH2512,,,3,51695.55,17231.850000000002,0,0,0,0,0,0.0,0.0,0.0
MCH2518,,,3,25880.1,12940.05,0,0,0,0,0,0.0,0.0,0.0
MCH2528,  Cherian Ltd  ,MISC_RETAIL,3,34455.229999999996,17227.614999999998,0,0,0,0,0,0.0,0.0,0.0
MCH2536,  Divan-Radhakrishnan  ,TRANSPORT,3,29740.92,9913.64,0,0,0,0,0,0.0,0.0,0.0
MCH2553,,,3,29162.379999999997,14581.189999999999,0,0,0,0,0,0.0,0.0,0.0
MCH2554,,,3,21742.92,7247.639999999999,0,0,0,0,0,0.0,0.0,0.0
MCH2572,,,3,42785.66,14261.886666666667,0,0,0,0,0,0.0,0.0,0.0
MCH2576,"Shan,SemandPau",DEPARTMENT STORE,3,28478.69,9492.896666666666,0,0,0,0,0,0.0,0.0,0.0
MCH2579,More Inc,BOOKS,3,49661.13,16553.71,0,0,0,0,0,0.0,0.0,0.0
MCH2581,,,3,24444.940000000002,8148.313333333334,0,0,0,0,0,0.0,0.0,0.0
MCH2596,Vasa PLC,TRANSPORT,3,41203.68,13734.56,0,0,0,0,0,0.0,0.0,0.0
MCH2609,,,3,28172.519999999997,14086.259999999998,0,0,0,0,0,0.0,0.0,0.0
MCH2622,,,3,40335.299999999996,13445.099999999999,0,0,0,0,0,0.0,0.0,0.0
MCH2626,,,3,31109.07,10369.69,0,0,0,0,0,0.0,0.0,0.0
MCH2627,SHANKER PLC,RETAIL,3,50197.86,16732.62,0,0,0,0,0,0.0,0.0,0.0
MCH2628,Muni PLC,DEPARTMENT STORE,3,38820.67,12940.223333333333,0,0,0,0,0,0.0,0.0,0.0
MCH2642,,,3,19265.190000000002,6421.7300000000005,0,0,0,0,0,0.0,0.0,0.0
MCH2643,,,3,52726.62,17575.54,0,0,0,0,0,0.0,0.0,0.0
MCH2645,,,3,25551.230000000003,8517.076666666668,0,0,0,0,0,0.0,0.0,0.0
MCH2650,Choudhary Ltd,STATIONERY,3,22199.1,7399.7,0,0,0,3,0,0.0,0.0,0.0
MCH2663,,,3,31118.1,15559.05,0,0,0,0,0,0.0,0.0,0.0
MCH2665,"  Arora, Bir and Mahal  ",RETAIL,3,20461.149999999998,6820.383333333332,0,0,0,3,0,0.0,0.0,0.0
MCH2677,,,3,35315.93,17657.965,0,0,0,0,0,0.0,0.0,0.0
MCH2678,,,3,20954.78,6984.926666666666,0,0,0,0,0,0.0,0.0,0.0
MCH2687,,,3,41782.26,13927.42,0,0,0,0,0,0.0,0.0,0.0
MCH2702,,,3,32055.149999999998,10685.05,0,0,0,0,0,0.0,0.0,0.0
MCH2708,"Mand, Zacharia and Vora",TRAVEL,3,41111.490000000005,13703.830000000002,0,0,0,0,0,0.0,0.0,0.0
MCH2711,,,3,27512.5,9170.833333333334,0,0,0,0,0,0.0,0.0,0.0
MCH2718,"Krishna, Prabhu and Kara",HOTEL_LODGING,3,13695.45,4565.150000000001,0,0,0,0,0,0.0,0.0,0.0
MCH2726,"Shukla, Trivedi and Balan",GROCERY,3,11968.92,5984.46,0,0,0,0,0,0.0,0.0,0.0
MCH2737,,,3,37684.96,12561.653333333334,0,0,0,0,0,0.0,0.0,0.0
MCH2745,,,3,24434.72,8144.906666666667,0,0,0,0,0,0.0,0.0,0.0
MCH2747,,,3,5796.91,2898.455,0,0,0,0,0,0.0,0.0,0.0
MCH2748,"Banerjee, Wason and Dyal",FOOD_SERVICES,3,37584.270000000004,12528.090000000002,0,0,0,0,0,0.0,0.0,0.0
MCH2749,issac and sons,MEDICAL_STORE,3,42014.479999999996,14004.826666666666,0,0,0,0,0,0.0,0.0,0.0
MCH2751,,,3,37410.09,12470.029999999999,0,0,0,0,0,0.0,0.0,0.0
MCH2752,Palla LLC,TRAVEL,3,45083.35,15027.783333333333,0,0,0,0,0,0.0,0.0,0.0
MCH2760,,,3,24443.17,8147.723333333332,0,0,0,0,0,0.0,0.0,0.0
MCH2765,Buch LLC,TELECOM,3,18965.69,9482.845,0,0,0,0,0,0.0,0.0,0.0
MCH2771,,,3,46628.94,15542.980000000001,0,0,0,0,0,0.0,0.0,0.0
MCH2773,,,3,23117.03,23117.03,0,0,0,0,0,0.0,0.0,0.0
MCH2780,,,3,39718.38,13239.46,0,0,0,0,0,0.0,0.0,0.0
MCH2787,,,3,42302.490000000005,14100.830000000002,0,0,0,0,0,0.0,0.0,0.0
MCH2788,,,3,17789.100000000002,5929.700000000001,0,0,0,0,0,0.0,0.0,0.0
MCH2799,KADAKIA-NAYAK,FOOD_SERVICES,3,37419.34,12473.113333333333,0,0,0,0,0,0.0,0.0,0.0
MCH2804,,,3,31296.56,15648.28,0,0,0,0,0,0.0,0.0,0.0
MCH2807,,,3,28918.68,9639.56,0,0,0,0,0,0.0,0.0,0.0
MCH2808,,,3,26282.94,8760.98,0,0,0,0,0,0.0,0.0,0.0
MCH2813,"Sha, Bhatia and Vig",DEPARTMENT STORE,3,20816.63,10408.315,0,0,0,0,0,0.0,0.0,0.0
MCH2815,,,3,19408.18,9704.09,0,0,0,0,0,0.0,0.0,0.0
MCH2822,,,3,45585.770000000004,15195.256666666668,0,0,0,0,0,0.0,0.0,0.0
MCH2829,Narain Ltd,MISC_RETAIL,3,1699.699999999999,566.5666666666663,0,0,0,0,0,0.0,0.0,0.0
MCH2833,Kapoor-Shankar,HOTEL_LODGING,3,9866.66,3288.8866666666668,0,0,0,0,0,0.0,0.0,0.0
MCH2844,Misra-Seth,TRANSPORT,3,13869.470000000001,4623.156666666667,0,0,0,0,0,0.0,0.0,0.0
MCH2855,,,3,32953.3,10984.433333333334,0,0,0,0,0,0.0,0.0,0.0
MCH2856,,,3,35149.69,11716.563333333334,0,0,0,0,0,0.0,0.0,0.0
MCH2862,Bhasin Group,APPAREL,3,18059.72,9029.86,0,0,0,0,0,0.0,0.0,0.0
MCH2863,,,3,20724.32,10362.16,0,0,0,0,0,0.0,0.0,0.0
MCH2894,NORI-KURIAN,FOOD_SERVICES,3,29930.989999999998,14965.494999999999,0,0,0,0,0,0.0,0.0,0.0
MCH2906,,,3,39394.82,13131.606666666667,0,0,0,0,0,0.0,0.0,0.0
MCH2915,"Vohra, Pathak and Bumb",PHARMACY,3,45946.56,15315.519999999999,0,0,0,0,0,0.0,0.0,0.0
MCH2917,Gole-Rau,FOOD_SERVICES,3,12412.980000000001,4137.660000000001,0,0,0,0,0,0.0,0.0,0.0
MCH2956,"wali, khatri and mistry",MOBILE RECHARGE,3,37005.97,18502.985,0,0,0,3,0,0.0,0.0,0.0
MCH2958,,,3,36676.97,18338.485,0,0,0,0,0,0.0,0.0,0.0
MCH2982,,,3,33470.77,11156.923333333332,0,0,0,0,0,0.0,0.0,0.0
MCH2991,,,3,8325.89,2775.2966666666666,0,0,0,0,0,0.0,0.0,0.0
MCH2994,Kumar PLC,MOBILE RECHARGE,3,11008.76,5504.38,0,0,0,0,0,0.0,0.0,0.0
MCH2996,Rege-Khanna,GROCERY,3,47710.520000000004,15903.506666666668,0,0,0,0,0,0.0,0.0,0.0
MCH3000,,,3,40686.59,13562.196666666665,0,0,0,0,0,0.0,0.0,0.0
MCH3013,,,3,26791.870000000003,8930.623333333335,0,0,0,0,0,0.0,0.0,0.0
MCH3016,,,3,34965.380000000005,11655.126666666669,0,0,0,0,0,0.0,0.0,0.0
MCH3019,,,3,27866.16,13933.08,0,0,0,0,0,0.0,0.0,0.0
MCH3031,Morar and Sons,GROCERY,3,35520.44,11840.146666666667,0,0,0,0,0,0.0,0.0,0.0
MCH3036,,,3,27911.52,9303.84,0,0,0,0,0,0.0,0.0,0.0
MCH3037,Gokhale PLC,GROCERY,3,20388.39,6796.13,0,0,0,0,0,0.0,0.0,0.0
MCH3045,,,3,28389.49,9463.163333333334,0,0,0,0,0,0.0,0.0,0.0
MCH3046,Walla PLC,BOOKS,3,13198.450000000003,4399.4833333333345,0,0,0,0,0,0.0,0.0,0.0
MCH3051,Hora-Mahajan,APPAREL,3,23467.23,7822.41,0,0,0,0,0,0.0,0.0,0.0
MCH3056,,,3,26131.940000000002,13065.970000000001,0,0,0,0,0,0.0,0.0,0.0
MCH3062,,,3,49397.48,16465.826666666668,0,0,0,0,0,0.0,0.0,0.0
MCH3065,,,3,34438.82,11479.606666666667,0,0,0,0,0,0.0,0.0,0.0
MCH3068,,,3,17076.05,5692.016666666666,0,0,0,0,0,0.0,0.0,0.0
MCH3069,MAGAR INC,APPAREL,3,21660.6,10830.3,0,0,0,0,0,0.0,0.0,0.0
MCH3084,Mani-Chowdhury,APPAREL,3,44216.92999999999,14738.976666666664,0,0,0,0,0,0.0,0.0,0.0
MCH3107,KAPOOR INC,MEDICAL,3,29322.33,9774.11,0,0,0,0,0,0.0,0.0,0.0
MCH3110,,,3,32039.309999999998,10679.769999999999,0,0,0,0,0,0.0,0.0,0.0
MCH3114,,,3,13831.99,6915.995,0,0,0,0,0,0.0,0.0,0.0
MCH3119,CHANA-DESHMUKH,DEPARTMENT STORE,3,13541.43,6770.715,0,0,0,0,0,0.0,0.0,0.0
MCH3121,,,3,45113.880000000005,15037.960000000001,0,0,0,0,0,0.0,0.0,0.0
MCH3124,,,3,5004.09,1668.03,0,0,0,0,0,0.0,0.0,0.0
MCH3125,Din-Dara,APPAREL,3,45275.270000000004,15091.756666666668,0,0,0,0,0,0.0,0.0,0.0
MCH3127,,,3,11543.61,11543.61,0,0,0,0,0,0.0,0.0,0.0
MCH3130,"arora, karnik and sarraf",BOOKS,3,44341.399999999994,14780.466666666665,0,0,0,3,0,0.0,0.0,0.0
MCH3131,,,3,28273.809999999998,9424.603333333333,0,0,0,0,0,0.0,0.0,0.0
MCH3146,Batta-Sharaf,TRANSPORT,3,28442.260000000002,14221.130000000001,0,0,0,0,0,0.0,0.0,0.0
MCH3150,,,3,10842.52,5421.26,0,0,0,0,0,0.0,0.0,0.0
MCH3172,KumarandSons,DEPARTMENT STORE,3,41167.04,13722.346666666666,0,0,0,0,0,0.0,0.0,0.0
MCH3182,,,3,29752.4,14876.2,0,0,0,0,0,0.0,0.0,0.0
MCH3188,,,3,62191.770000000004,20730.59,0,0,0,0,0,0.0,0.0,0.0
MCH3198,,,3,5086.82,5086.82,0,0,0,0,0,0.0,0.0,0.0
MCH3200,,,3,8532.82,2844.273333333333,0,0,0,0,0,0.0,0.0,0.0
MCH3206,Ahuja-Din,RETAIL,3,34528.979999999996,11509.659999999998,0,0,0,0,0,0.0,0.0,0.0
MCH3212,Merchant LLC,MISC_RETAIL,3,9301.630000000001,4650.8150000000005,0,0,0,0,0,0.0,0.0,0.0
MCH3218,"KEER, SONI AND DESHPANDE",PHARMACY,3,20440.86,10220.43,0,0,0,0,0,0.0,0.0,0.0
MCH3225,,,3,26103.14,13051.57,0,0,0,0,0,0.0,0.0,0.0
MCH3226,,,3,21239.61,7079.87,0,0,0,0,0,0.0,0.0,0.0
MCH3229,Keer-Kale,PHARMACY,3,10663.779999999999,5331.889999999999,0,0,0,0,0,0.0,0.0,0.0
MCH3250,Bose-Kalita,DEPARTMENT STORE,3,19396.510000000002,9698.255000000001,0,0,0,0,0,0.0,0.0,0.0
MCH3251,BALAN-KUNDA,GROCERY,3,48610.61,16203.536666666667,0,0,0,0,0,0.0,0.0,0.0
MCH3286,,,3,29570.1,14785.05,0,0,0,0,0,0.0,0.0,0.0
MCH3289,Tripathi-Mandal,TELECOM,3,27686.87,9228.956666666667,0,0,0,0,0,0.0,0.0,0.0
MCH3291,Sanghvi-Nair,HOTEL_LODGING,3,55719.82,18573.273333333334,0,0,0,0,0,0.0,0.0,0.0
MCH3298,"kurian, sheth and bains",APPAREL,3,40263.24,20131.62,0,0,0,0,0,0.0,0.0,0.0
MCH3309,,,3,29204.02,9734.673333333334,0,0,0,0,0,0.0,0.0,0.0
MCH3332,,,3,27962.79,9320.93,0,0,0,0,0,0.0,0.0,0.0
MCH3340,VARTY-CHOKSHI,MISC_RETAIL,3,38319.17,19159.585,0,0,0,0,0,0.0,0.0,0.0
MCH3350,,,3,65857.65,21952.55,0,0,0,0,0,0.0,0.0,0.0
MCH3360,,,3,33722.09,11240.696666666665,0,0,0,0,0,0.0,0.0,0.0
MCH3364,,,3,18961.14,6320.38,0,0,0,0,0,0.0,0.0,0.0
MCH3369,"yadav, deep and bassi",MISC_RETAIL,3,793.010000000002,396.505000000001,0,0,0,0,0,0.0,0.0,0.0
MCH3382,"  Patla, Thakur and Kaur  ",TRANSPORT,3,30206.82,10068.94,0,0,0,0,0,0.0,0.0,0.0
MCH3416,"Rau, Baral and Karan",PHONE SERVICE,3,39233.3,13077.766666666668,0,0,0,0,0,0.0,0.0,0.0
MCH3419,"bansal, naidu and baria",PHARMACY,3,61123.55,20374.516666666666,0,0,0,0,0,0.0,0.0,0.0
MCH3420,"Mani, Kota and Deol",TRAVEL,3,21216.88,10608.44,0,0,0,3,0,0.0,0.0,0.0
MCH3433,"  Pathak, Sathe and Rama  ",GROCERY,3,61836.39,20612.13,0,0,0,0,0,0.0,0.0,0.0
MCH3437,,,3,31272.190000000002,10424.063333333334,0,0,0,0,0,0.0,0.0,0.0
MCH3441,"Naidu, Nayar and Chand",BOOKS,3,48051.08,16017.026666666667,0,0,0,0,0,0.0,0.0,0.0
MCH3444,,,3,40365.01,13455.003333333334,0,0,0,0,0,0.0,0.0,0.0
MCH3450,,,3,17002.440000000002,8501.220000000001,0,0,0,0,0,0.0,0.0,0.0
MCH3452,"Tandon, Oza and Sharma",GROCERY,3,25142.41,8380.803333333333,0,0,0,0,0,0.0,0.0,0.0
MCH3461,"  Balakrishnan, Sachdeva and Sekhon  ",MISC_RETAIL,3,30719.489999999998,10239.83,0,0,0,0,0,0.0,0.0,0.0
MCH3463,,,3,49931.32,16643.773333333334,0,0,0,0,0,0.0,0.0,0.0
MCH3476,,,3,36831.97,18415.985,0,0,0,0,0,0.0,0.0,0.0
MCH3488,  Sarna-Ramaswamy  ,APPAREL,3,26932.89,8977.63,0,0,0,0,0,0.0,0.0,0.0
MCH3489,Bahl-Bhavsar,TRANSPORT,3,42783.92,14261.306666666665,0,0,0,0,0,0.0,0.0,0.0
MCH3511,"Konda, Venkatesh and Jha",GROCERY,3,38312.71,12770.903333333334,0,0,0,0,0,0.0,0.0,0.0
MCH3519,,,3,41444.69,20722.345,0,0,0,0,0,0.0,0.0,0.0
MCH3523,"Khare, Radhakrishnan and Gala",FOOD_SERVICES,3,14432.9,4810.966666666666,0,0,0,0,0,0.0,0.0,0.0
MCH3527,,,3,30175.789999999997,15087.894999999999,0,0,0,0,0,0.0,0.0,0.0
MCH3535,"Mammen, Patla and Kala",TRAVEL,3,34649.84,11549.946666666665,0,0,0,0,0,0.0,0.0,0.0
MCH3536,Shankar Group,BOOKS,3,41275.96,13758.653333333334,0,0,0,0,0,0.0,0.0,0.0
MCH3550,,,3,20895.57,6965.19,0,0,0,0,0,0.0,0.0,0.0
MCH3553,"Bajwa, Tata and Narula",MEDICAL_STORE,3,22292.41,11146.205,0,0,0,0,0,0.0,0.0,0.0
MCH3563,Devi-Dasgupta,TRANSPORT,3,35976.5,17988.25,0,0,0,0,0,0.0,0.0,0.0
MCH3566,,,3,23892.32,11946.16,0,0,0,0,0,0.0,0.0,0.0
MCH3569,Choudhury-Prashad,STATIONERY,3,39032.149999999994,19516.074999999997,0,0,0,0,0,0.0,0.0,0.0
MCH3575,,,3,35140.78,17570.39,0,0,0,0,0,0.0,0.0,0.0
MCH3576,,,3,22226.809999999998,7408.936666666666,0,0,0,0,0,0.0,0.0,0.0
MCH3580,,,3,-28157.21,-14078.605,0,0,0,0,0,0.0,0.0,0.0
MCH3581,"Chadha, Sankaran and Pau",APPAREL,3,53558.96,17852.986666666668,0,0,0,0,0,0.0,0.0,0.0
MCH3582,,,3,45707.37,15235.79,0,0,0,0,0,0.0,0.0,0.0
MCH3605,Bhasin Ltd,TRAVEL,3,31639.649999999998,10546.55,0,0,0,0,0,0.0,0.0,0.0
MCH3608,"  Raj, Sarin and Sibal  ",TELECOM,3,32661.21,10887.07,0,0,0,0,0,0.0,0.0,0.0
MCH3618,"Narang, Atwal and Merchant",MEDICAL,3,39711.12,13237.04,0,0,0,0,0,0.0,0.0,0.0
MCH3620,,,3,59701.40000000001,19900.46666666667,0,0,0,0,0,0.0,0.0,0.0
MCH3635,,,3,40929.7,13643.233333333332,0,0,0,0,0,0.0,0.0,0.0
MCH3639,,,3,40542.36,20271.18,0,0,0,0,0,0.0,0.0,0.0
MCH3646,,,3,46327.39,15442.463333333333,0,0,0,0,0,0.0,0.0,0.0
MCH3653,,,3,10630.07,3543.3566666666666,0,0,0,0,0,0.0,0.0,0.0
MCH3673,,,3,26610.54,8870.18,0,0,0,0,0,0.0,0.0,0.0
MCH3675,Grewal and Sons,PHONE SERVICE,3,28470.06,14235.03,0,0,0,0,0,0.0,0.0,0.0
MCH3676,,,3,10287.220000000001,3429.0733333333337,0,0,0,0,0,0.0,0.0,0.0
MCH3681,,,3,39164.950000000004,13054.983333333335,0,0,0,0,0,0.0,0.0,0.0
MCH3683,Mander Group,GROCERY,3,40128.69,13376.230000000001,0,0,0,0,0,0.0,0.0,0.0
MCH3684,Chahal-Reddy,GROCERY,3,37211.77,12403.923333333332,0,0,0,0,0,0.0,0.0,0.0
MCH3713,,,3,43630.05,14543.35,0,0,0,0,0,0.0,0.0,0.0
MCH3718,"S0m, Barman and Bhavsar",GROCERY,3,30167.68,10055.893333333333,0,0,0,0,0,0.0,0.0,0.0
MCH3719,,,3,4686.62,2343.31,0,0,0,0,0,0.0,0.0,0.0
MCH3720,"Bedi, Sanghvi and Balakrishnan",GROCERY,3,35574.54,17787.27,0,0,0,0,0,0.0,0.0,0.0
MCH3741,,,3,28316.670000000002,9438.890000000001,0,0,0,0,0,0.0,0.0,0.0
MCH3751,,,3,24714.020000000004,8238.006666666668,0,0,0,0,0,0.0,0.0,0.0
MCH3761,"Bal,MittalandPrabhakar",OTHER,3,18799.28,6266.426666666666,0,0,0,0,0,0.0,0.0,0.0
MCH3775,,,3,31534.41,10511.47,0,0,0,0,0,0.0,0.0,0.0
MCH3778,Karnik Inc,PHARMACY,3,40379.53,13459.843333333332,0,0,0,0,0,0.0,0.0,0.0
MCH3783,,,3,23596.5,11798.25,0,0,0,0,0,0.0,0.0,0.0
MCH3793,"Sankar, Parsa and Shere",HOTEL_LODGING,3,35586.79,11862.263333333334,0,0,0,0,0,0.0,0.0,0.0
MCH3796,Mani-Saha,FOOD_SERVICES,3,10855.18,5427.59,0,0,0,0,0,0.0,0.0,0.0
MCH3803,"  Tara, Wali and Sachdev  ",BOOKS,3,45206.8,15068.933333333334,0,0,0,0,0,0.0,0.0,0.0
MCH3806,ParmerLLC,GROCERY,3,15444.2,5148.066666666667,0,0,0,0,0,0.0,0.0,0.0
MCH3808,,,3,31650.24,10550.08,0,0,0,0,0,0.0,0.0,0.0
MCH3825,,,3,32587.190000000002,10862.396666666667,0,0,0,0,0,0.0,0.0,0.0
MCH3826,,,3,18979.28,9489.64,0,0,0,0,0,0.0,0.0,0.0
MCH3845,Hora-Bath,TRANSPORT,3,23373.64,11686.82,0,0,0,0,0,0.0,0.0,0.0
MCH3864,,,3,35464.6,11821.533333333333,0,0,0,0,0,0.0,0.0,0.0
MCH3869,HEGDE LTD,DEPARTMENT STORE,3,23885.04,7961.68,0,0,0,0,0,0.0,0.0,0.0
MCH3883,Vohra and Sons,HOTEL_LODGING,3,25364.769999999997,8454.923333333332,0,0,0,0,0,0.0,0.0,0.0
MCH3884,,,3,20549.66,6849.886666666666,0,0,0,0,0,0.0,0.0,0.0
MCH3894,,,3,49138.600000000006,16379.533333333335,0,0,0,0,0,0.0,0.0,0.0
MCH3896,"  Bansal, Thakkar and Dar  ",BOOKS,3,45899.93,15299.976666666667,0,0,0,0,0,0.0,0.0,0.0
MCH3912,,,3,25677.870000000003,8559.29,0,0,0,0,0,0.0,0.0,0.0
MCH3916,"Parmer, Chakrabarti and Sibal",TRANSPORT,3,26243.780000000002,8747.926666666668,0,0,0,0,0,0.0,0.0,0.0
MCH3917,CHOWDHURY-PANDIT,APPAREL,3,21774.64,7258.213333333333,0,0,0,0,0,0.0,0.0,0.0
MCH3941,"Khanna, Sama and Korpal",MISC_RETAIL,3,23015.379999999997,11507.689999999999,0,0,0,0,0,0.0,0.0,0.0
MCH3944,,,3,32508.649999999998,16254.324999999999,0,0,0,0,0,0.0,0.0,0.0
MCH3948,,,3,55810.36,18603.453333333335,0,0,0,0,0,0.0,0.0,0.0
MCH3959,"Kant, Goel and Pradhan",MISC_RETAIL,3,11228.630000000001,5614.3150000000005,0,0,0,0,0,0.0,0.0,0.0
MCH3966,NATH-DIXIT,GROCERY,3,40448.37,13482.79,0,0,0,0,0,0.0,0.0,0.0
MCH3983,"Magar, Tara and Gera",MEDICAL,3,34640.31,17320.155,0,0,0,0,0,0.0,0.0,0.0
MCH3986,,,3,39510.380000000005,19755.190000000002,0,0,0,0,0,0.0,0.0,0.0
MCH3997,Chatterjee Group,MISC_RETAIL,3,10257.180000000002,3419.060000000001,0,0,0,3,0,0.0,0.0,0.0
MCH4005,,,3,16527.43,5509.143333333333,0,0,0,0,0,0.0,0.0,0.0
MCH4024,Choudhury Ltd,MISC_RETAIL,3,19144.5,9572.25,0,0,0,0,0,0.0,0.0,0.0
MCH4026,NAGY LTD,FOOD_SERVICES,3,33841.75,11280.583333333334,0,0,0,0,0,0.0,0.0,0.0
MCH4034,Tiwari-Lad,OTHER,3,57652.81,19217.603333333333,0,0,0,3,0,0.0,0.0,0.0
MCH4041,Salvi-Mishra,FOOD_SERVICES,3,27210.760000000002,13605.380000000001,0,0,0,0,0,0.0,0.0,0.0
MCH4053,,,3,22576.0,22576.0,0,0,0,0,0,0.0,0.0,0.0
MCH4069,,,3,27286.59,9095.53,0,0,0,0,0,0.0,0.0,0.0
MCH4072,Singhal-Natarajan,FOOD_SERVICES,3,24356.49,12178.245,0,0,0,0,0,0.0,0.0,0.0
MCH4075,  Sankar-Mandal  ,FOOD_SERVICES,3,48014.56,16004.853333333333,0,0,0,0,0,0.0,0.0,0.0
MCH4079,,,3,33243.5,11081.166666666666,0,0,0,0,0,0.0,0.0,0.0
MCH4081,Srinivasan-Bahri,MOBILE RECHARGE,3,29480.72,14740.36,0,0,0,0,0,0.0,0.0,0.0
MCH4082,Khurana Inc,OTHER,3,38329.47,19164.735,0,0,0,3,0,0.0,0.0,0.0
MCH4096,"Bhat, Kapoor and Borah",MISC_RETAIL,3,4219.29,2109.645,0,0,0,0,0,0.0,0.0,0.0
MCH4098,,,3,21175.64,10587.82,0,0,0,0,0,0.0,0.0,0.0
MCH4099,,,3,53521.06,17840.353333333333,0,0,0,0,0,0.0,0.0,0.0
MCH4130,,,3,38386.22,19193.11,0,0,0,0,0,0.0,0.0,0.0
MCH4132,,,3,28951.07,14475.535,0,0,0,0,0,0.0,0.0,0.0
MCH4133,Buch-Hayre,PHARMACY,3,32070.11,10690.036666666667,0,0,0,0,0,0.0,0.0,0.0
MCH4140,,,3,28232.190000000002,14116.095000000001,0,0,0,0,0,0.0,0.0,0.0
MCH4149,,,3,13478.969999999998,4492.989999999999,0,0,0,0,0,0.0,0.0,0.0
MCH4151,,,3,40193.78,13397.926666666666,0,0,0,0,0,0.0,0.0,0.0
MCH4152,,,3,23840.8,7946.933333333333,0,0,0,0,0,0.0,0.0,0.0
MCH4153,Shroff Ltd,MISC_RETAIL,3,53342.65,17780.883333333335,0,0,0,0,0,0.0,0.0,0.0
MCH4155,,,3,32917.68,10972.56,0,0,0,0,0,0.0,0.0,0.0
MCH4166,,,3,40521.93,13507.31,0,0,0,0,0,0.0,0.0,0.0
MCH4187,"Tella, Hayre and Patla",FOOD_SERVICES,3,31015.36,10338.453333333333,0,0,0,3,0,0.0,0.0,0.0
MCH4204,,,3,24631.04,8210.346666666666,0,0,0,0,0,0.0,0.0,0.0
MCH4207,,,3,7392.26,2464.0866666666666,0,0,0,0,0,0.0,0.0,0.0
MCH4213,,,3,11405.96,3801.986666666666,0,0,0,0,0,0.0,0.0,0.0
MCH4253,MANDER-SAGAR,MISC_RETAIL,3,14671.720000000001,4890.573333333334,0,0,0,0,0,0.0,0.0,0.0
MCH4263,Kari and Sons,MOBILE RECHARGE,3,52574.71,17524.903333333332,0,0,0,0,0,0.0,0.0,0.0
MCH4281,,,3,26193.4,8731.133333333333,0,0,0,0,0,0.0,0.0,0.0
MCH4291,,,3,37190.83,12396.943333333335,0,0,0,0,0,0.0,0.0,0.0
MCH4295,,,3,20516.12,10258.06,0,0,0,0,0,0.0,0.0,0.0
MCH4311,,,3,46712.6,15570.866666666667,0,0,0,0,0,0.0,0.0,0.0
MCH4315,,,3,57315.770000000004,19105.256666666668,0,0,0,0,0,0.0,0.0,0.0
MCH4327,,,3,43718.240000000005,14572.746666666668,0,0,0,0,0,0.0,0.0,0.0
MCH4329,,,3,26719.41,13359.705,0,0,0,0,0,0.0,0.0,0.0
MCH4357,Som and Sons,RETAIL,3,38557.270000000004,12852.423333333334,0,0,0,0,0,0.0,0.0,0.0
MCH4358,,,3,47165.52,15721.839999999998,0,0,0,0,0,0.0,0.0,0.0
MCH4360,Khurana Ltd,APPAREL,3,28606.789999999997,9535.596666666666,0,0,0,0,0,0.0,0.0,0.0
MCH4366,,,3,26869.1,13434.55,0,0,0,0,0,0.0,0.0,0.0
MCH4375,"Mani, Pillai and Soman",DEPARTMENT STORE,3,25472.190000000002,12736.095000000001,0,0,0,0,0,0.0,0.0,0.0
MCH4381,,,3,38953.9,12984.633333333333,0,0,0,0,0,0.0,0.0,0.0
MCH4387,,,3,40670.600000000006,13556.866666666669,0,0,0,0,0,0.0,0.0,0.0
MCH4392,,,3,25353.99,8451.33,0,0,0,0,0,0.0,0.0,0.0
MCH4402,,,3,39721.08,13240.36,0,0,0,0,0,0.0,0.0,0.0
MCH4429,,,3,36427.62,18213.81,0,0,0,0,0,0.0,0.0,0.0
MCH4446,,,3,38169.31,12723.103333333333,0,0,0,0,0,0.0,0.0,0.0
MCH4448,Gara and Sons,MISC_RETAIL,3,48314.3,16104.766666666668,0,0,0,3,0,0.0,0.0,0.0
MCH4449,,,3,29104.53,9701.51,0,0,0,0,0,0.0,0.0,0.0
MCH4451,Bansal-Tak,HOTEL_LODGING,3,40363.270000000004,20181.635000000002,0,0,0,0,0,0.0,0.0,0.0
MCH4453,,,3,17407.22,5802.406666666667,0,0,0,0,0,0.0,0.0,0.0
MCH4454,"varghese, shenoy and mahajan",FOOD_SERVICES,3,34879.09,11626.363333333333,0,0,0,0,0,0.0,0.0,0.0
MCH4459,Agate-Majumdar,TRANSPORT,3,14650.44,14650.44,0,0,0,0,0,0.0,0.0,0.0
MCH4461,,,3,47165.05,15721.683333333334,0,0,0,0,0,0.0,0.0,0.0
MCH4480,,,3,9582.13,9582.13,0,0,0,0,0,0.0,0.0,0.0
MCH4490,"DOSHI, RAJ AND BUMB",GROCERY,3,37727.35,12575.783333333333,0,0,0,0,0,0.0,0.0,0.0
MCH4491,,,3,29296.630000000005,9765.543333333335,0,0,0,0,0,0.0,0.0,0.0
MCH4502,,,3,30989.4,10329.800000000001,0,0,0,0,0,0.0,0.0,0.0
MCH4506,,,3,50190.19,16730.063333333335,0,0,0,0,0,0.0,0.0,0.0
MCH4511,"Walla, Kala and Devi",TRANSPORT,3,49457.61,16485.87,0,0,0,0,0,0.0,0.0,0.0
MCH4512,,,3,26505.97,8835.323333333334,0,0,0,0,0,0.0,0.0,0.0
MCH4517,"Madan, Gola and Srivastava",FOOD_SERVICES,3,53164.72,17721.573333333334,0,0,0,0,0,0.0,0.0,0.0
MCH4519,,,3,38903.880000000005,12967.960000000001,0,0,0,0,0,0.0,0.0,0.0
MCH4521,Raman PLC,APPAREL,3,39438.149999999994,13146.049999999997,0,0,0,0,0,0.0,0.0,0.0
MCH4523,,,3,32649.82,10883.273333333333,0,0,0,0,0,0.0,0.0,0.0
MCH4532,,,3,33306.59,11102.196666666665,0,0,0,0,0,0.0,0.0,0.0
MCH4534,BUMB-GANGULY,APPAREL,3,17970.98,5990.326666666667,0,0,0,0,0,0.0,0.0,0.0
MCH4535,,,3,25542.28,12771.14,0,0,0,0,0,0.0,0.0,0.0
MCH4541,,,3,28335.77,9445.256666666666,0,0,0,0,0,0.0,0.0,0.0
MCH4545,,,3,13844.06,4614.6866666666665,0,0,0,0,0,0.0,0.0,0.0
MCH4550,,,3,36860.56,12286.853333333333,0,0,0,0,0,0.0,0.0,0.0
MCH4551,SURA GROUP,APPAREL,3,38029.020000000004,12676.340000000002,0,0,0,0,0,0.0,0.0,0.0
MCH4572,,,3,24820.17,24820.17,0,0,0,0,0,0.0,0.0,0.0
MCH4573,"Edwin, Manda and Biswas",PHARMACY,3,21715.16,7238.386666666666,0,0,0,0,0,0.0,0.0,0.0
MCH4580,,,3,31596.47,10532.156666666668,0,0,0,0,0,0.0,0.0,0.0
MCH4588,"Gole, Raval and Hans",FOOD_SERVICES,3,41116.11,20558.055,0,0,0,0,0,0.0,0.0,0.0
MCH4590,,,3,23854.24,11927.12,0,0,0,0,0,0.0,0.0,0.0
MCH4609,,,3,20543.75,10271.875,0,0,0,0,0,0.0,0.0,0.0
MCH4611,,,3,28225.1,9408.366666666667,0,0,0,0,0,0.0,0.0,0.0
MCH4630,MODI AND SONS,APPAREL,3,26122.73,13061.365,0,0,0,0,0,0.0,0.0,0.0
MCH4631,,,3,38809.259999999995,19404.629999999997,0,0,0,0,0,0.0,0.0,0.0
MCH4636,Sura and Sons,APPAREL,3,46837.72,15612.573333333334,0,0,0,0,0,0.0,0.0,0.0
MCH4653,,,3,35290.39,11763.463333333333,0,0,0,0,0,0.0,0.0,0.0
MCH4661,,,3,17046.850000000002,8523.425000000001,0,0,0,0,0,0.0,0.0,0.0
MCH4663,,,3,43222.0,14407.333333333334,0,0,0,0,0,0.0,0.0,0.0
MCH4675,"MINHAS, NARAYAN AND BANDI",BOOKS,3,25780.82,8593.606666666667,0,0,0,0,0,0.0,0.0,0.0
MCH4683,,,3,32593.52,10864.506666666666,0,0,0,0,0,0.0,0.0,0.0
MCH4694,,,3,25943.56,8647.853333333334,0,0,0,0,0,0.0,0.0,0.0
MCH4700,"rajan, garg and ray",APPAREL,3,34958.56,11652.853333333333,0,0,0,0,0,0.0,0.0,0.0
MCH4710,,,3,37726.03,12575.343333333332,0,0,0,0,0,0.0,0.0,0.0
MCH4719,,,3,13660.61,4553.536666666667,0,0,0,0,0,0.0,0.0,0.0
MCH4723,kanda ltd,MISC_RETAIL,3,47996.67,15998.89,0,0,0,0,0,0.0,0.0,0.0
MCH4734,,,3,45648.409999999996,15216.136666666665,0,0,0,0,0,0.0,0.0,0.0
MCH4742,,,3,32293.260000000002,10764.42,0,0,0,0,0,0.0,0.0,0.0
MCH4744,Tiwari-Bedi,STATIONERY,3,28639.8,14319.9,0,0,0,0,0,0.0,0.0,0.0
MCH4746,"Srivastava, Bhattacharyya and Morar",MISC_RETAIL,3,36242.619999999995,12080.873333333331,0,0,0,0,0,0.0,0.0,0.0
MCH4760,"Kalla, Mammen and Purohit",PHONE SERVICE,3,26504.35,8834.783333333333,0,0,0,0,0,0.0,0.0,0.0
MCH4764,,,3,57557.76,19185.920000000002,0,0,0,0,0,0.0,0.0,0.0
MCH4772,,,3,32698.03,10899.343333333332,0,0,0,0,0,0.0,0.0,0.0
MCH4782,Salvi-Comar,HOTEL_LODGING,3,7524.499999999998,2508.166666666666,0,0,0,0,0,0.0,0.0,0.0
MCH4786,EDWIN PLC,APPAREL,3,43097.369999999995,21548.684999999998,0,0,0,0,0,0.0,0.0,0.0
MCH4787,,,3,7741.41,3870.705,0,0,0,0,0,0.0,0.0,0.0
MCH4792,Agrawal-Prabhu,FOOD_SERVICES,3,36191.94,12063.980000000001,0,0,0,0,0,0.0,0.0,0.0
MCH4800,,,3,26177.489999999998,8725.83,0,0,0,0,0,0.0,0.0,0.0
MCH4807,"Dutt, Pandey and Tella",PHARMACY,3,30466.29,10155.43,0,0,0,0,0,0.0,0.0,0.0
MCH4816,,,3,43567.100000000006,14522.366666666669,0,0,0,0,0,0.0,0.0,0.0
MCH4821,"Kade, Dhawan and Kadakia",GROCERY,3,41149.549999999996,13716.516666666665,0,0,0,0,0,0.0,0.0,0.0
MCH4822,SAMA-KEER,TRANSPORT,3,25915.149999999998,8638.383333333333,0,0,0,0,0,0.0,0.0,0.0
MCH4826,,,3,39088.130000000005,13029.376666666669,0,0,0,0,0,0.0,0.0,0.0
MCH4831,GALA GROUP,DEPARTMENT STORE,3,43555.69,14518.563333333334,0,0,0,0,0,0.0,0.0,0.0
MCH4838,,,3,22892.36,11446.18,0,0,0,0,0,0.0,0.0,0.0
MCH4845,,,3,46556.12,15518.706666666667,0,0,0,0,0,0.0,0.0,0.0
MCH4852,,,3,29369.25,9789.75,0,0,0,0,0,0.0,0.0,0.0
MCH4853,,,3,37222.76,18611.38,0,0,0,0,0,0.0,0.0,0.0
MCH4856,Aurora Ltd,PHONE SERVICE,3,32094.480000000003,16047.240000000002,0,0,0,3,0,0.0,0.0,0.0
MCH4883,,,3,29186.809999999998,9728.936666666666,0,0,0,0,0,0.0,0.0,0.0
MCH4893,,,3,44747.61,14915.87,0,0,0,0,0,0.0,0.0,0.0
MCH4894,,,3,32081.65,10693.883333333333,0,0,0,0,0,0.0,0.0,0.0
MCH4918,GANESH INC,HOTEL_LODGING,3,26.33,26.33,0,0,0,0,0,0.0,0.0,0.0
MCH4928,"NARANG, BEDI AND SACHAR",APPAREL,3,13727.22,6863.61,0,0,0,0,0,0.0,0.0,0.0
MCH4932,KHOSLA AND SONS,FOOD_SERVICES,3,48625.21,16208.403333333334,0,0,0,0,0,0.0,0.0,0.0
MCH4934,Gill LLC,FOOD_SERVICES,3,-12724.95,-4241.650000000001,0,0,0,0,0,0.0,0.0,0.0
MCH4935,,,3,45678.26,15226.086666666668,0,0,0,0,0,0.0,0.0,0.0
MCH4938,,,3,25657.72,8552.573333333334,0,0,0,0,0,0.0,0.0,0.0
MCH4941,,,3,38233.75,12744.583333333334,0,0,0,0,0,0.0,0.0,0.0
MCH4942,,,3,54771.270000000004,18257.09,0,0,0,0,0,0.0,0.0,0.0
MCH4947,M0han-Sah0ta,TRANSPORT,3,10126.119999999999,5063.0599999999995,0,0,0,0,0,0.0,0.0,0.0
MCH4950,,,3,11719.96,3906.653333333333,0,0,0,0,0,0.0,0.0,0.0
MCH4951,Cheema-Dugal,DEPARTMENT STORE,3,25426.08,12713.04,0,0,0,0,0,0.0,0.0,0.0
MCH4954,,,3,14874.619999999999,7437.3099999999995,0,0,0,0,0,0.0,0.0,0.0
MCH4957,Natt Ltd,APPAREL,3,13107.5,6553.75,0,0,0,0,0,0.0,0.0,0.0
MCH4960,,,3,39404.6,13134.866666666667,0,0,0,0,0,0.0,0.0,0.0
MCH4969,"Bobal, Garde and Upadhyay",MOBILE RECHARGE,3,53966.229999999996,17988.743333333332,0,0,0,0,0,0.0,0.0,0.0
MCH4978,,,3,10243.87,10243.87,0,0,0,0,0,0.0,0.0,0.0
MCH4989,Khanna and Sons,HOTEL_LODGING,3,30440.65,10146.883333333333,0,0,0,0,0,0.0,0.0,0.0
MCH4992,VISWANATHAN-PANDEY,HOTEL_LODGING,3,11091.61,5545.805,0,0,0,3,0,0.0,0.0,0.0
MCH4997,,,3,14201.71,7100.855,0,0,0,0,0,0.0,0.0,0.0
MCH5004,,,3,14354.93,4784.9766666666665,0,0,0,0,0,0.0,0.0,0.0
MCH5006,,,3,52749.22,17583.073333333334,0,0,0,0,0,0.0,0.0,0.0
MCH5013,,,3,18079.48,6026.493333333333,0,0,0,0,0,0.0,0.0,0.0
MCH5014,,,3,24867.85,8289.283333333333,0,0,0,0,0,0.0,0.0,0.0
MCH5015,"Pall, Mand and Balakrishnan",FOOD_SERVICES,3,28090.36,9363.453333333333,0,0,0,0,0,0.0,0.0,0.0
MCH5037,"SEKHON, DHILLON AND BATH",FOOD_SERVICES,3,34176.61,17088.305,0,0,0,3,0,0.0,0.0,0.0
MCH5039,,,3,53141.82,17713.94,0,0,0,0,0,0.0,0.0,0.0
MCH5047,,,3,3543.1800000000003,1771.5900000000001,0,0,0,0,0,0.0,0.0,0.0
MCH5064,bassi inc,FOOD_SERVICES,3,65789.6,21929.86666666667,0,0,0,3,0,0.0,0.0,0.0
MCH5087,,,3,32740.979999999996,10913.659999999998,0,0,0,0,0,0.0,0.0,0.0
MCH5090,Chacko-Dora,GROCERY,3,36675.06,12225.019999999999,0,0,0,0,0,0.0,0.0,0.0
MCH5091,Rau-Ratta,FOOD_SERVICES,3,20330.48,6776.826666666667,0,0,0,0,0,0.0,0.0,0.0
MCH5099,,,3,25256.8,12628.4,0,0,0,0,0,0.0,0.0,0.0
MCH5101,,,3,35706.61,11902.203333333333,0,0,0,0,0,0.0,0.0,0.0
MCH5105,,,3,23218.48,11609.24,0,0,0,0,0,0.0,0.0,0.0
MCH5113,Mani-Buch,APPAREL,3,25549.05,8516.35,0,0,0,0,0,0.0,0.0,0.0
MCH5114,Lal Group,GROCERY,3,37782.7,12594.233333333332,0,0,0,0,0,0.0,0.0,0.0
MCH5115,,,3,36455.229999999996,12151.743333333332,0,0,0,0,0,0.0,0.0,0.0
MCH5117,"Parikh, Sengupta and Chander",HOTEL_LODGING,3,995.05,995.05,0,0,0,3,0,0.0,0.0,0.0
MCH5123,,,3,22074.949999999997,7358.316666666666,0,0,0,0,0,0.0,0.0,0.0
MCH5140,,,3,25959.019999999997,12979.509999999998,0,0,0,0,0,0.0,0.0,0.0
MCH5148,"Bose, Ranganathan and Bose",GROCERY,3,48949.520000000004,16316.506666666668,0,0,0,0,0,0.0,0.0,0.0
MCH5171,"pandya, bawa and kibe",TRANSPORT,3,23088.940000000002,11544.470000000001,0,0,0,0,0,0.0,0.0,0.0
MCH5173,,,3,24496.55,8165.516666666666,0,0,0,0,0,0.0,0.0,0.0
MCH5174,,,3,35027.08,11675.693333333335,0,0,0,0,0,0.0,0.0,0.0
MCH5175,,,3,45192.119999999995,15064.039999999999,0,0,0,0,0,0.0,0.0,0.0
MCH5184,,,3,32360.66,10786.886666666667,0,0,0,0,0,0.0,0.0,0.0
MCH5194,,,3,41574.07000000001,13858.023333333336,0,0,0,0,0,0.0,0.0,0.0
MCH5208,mann inc,GROCERY,3,29436.48,9812.16,0,0,0,0,0,0.0,0.0,0.0
MCH5238,,,3,49944.28,16648.093333333334,0,0,0,0,0,0.0,0.0,0.0
MCH5252,,,3,24195.8,8065.266666666666,0,0,0,0,0,0.0,0.0,0.0
MCH5255,,,3,30660.49,10220.163333333334,0,0,0,0,0,0.0,0.0,0.0
MCH5269,"Lala, Raval and Sahni",BOOKS,3,25156.190000000002,12578.095000000001,0,0,0,0,0,0.0,0.0,0.0
MCH5279,,,3,29761.3,9920.433333333332,0,0,0,0,0,0.0,0.0,0.0
MCH5283,"  Verma, Narasimhan and Balan  ",PHARMACY,3,33813.97,16906.985,0,0,0,3,0,0.0,0.0,0.0
MCH5321,Maharaj Ltd,PHARMACY,3,42506.47,21253.235,0,0,0,3,0,0.0,0.0,0.0
MCH5322,Parsa LLC,PHARMACY,3,32027.43,10675.81,0,0,0,0,0,0.0,0.0,0.0
MCH5325,,,3,44768.729999999996,14922.909999999998,0,0,0,0,0,0.0,0.0,0.0
MCH5327,,,3,34779.99,11593.33,0,0,0,0,0,0.0,0.0,0.0
MCH5333,  Rajagopal-Agate  ,TELECOM,3,49921.61,16640.536666666667,0,0,0,3,0,0.0,0.0,0.0
MCH5334,,,3,37523.6,12507.866666666667,0,0,0,0,0,0.0,0.0,0.0
MCH5336,,,3,39847.990000000005,13282.663333333336,0,0,0,0,0,0.0,0.0,0.0
MCH5341,,,3,44009.15,14669.716666666667,0,0,0,0,0,0.0,0.0,0.0
MCH5357,,,3,14764.75,14764.75,0,0,0,0,0,0.0,0.0,0.0
MCH5375,"Zacharia, Krishnamurthy and Talwar",APPAREL,3,46917.0,15639.0,0,0,0,0,0,0.0,0.0,0.0
MCH5376,"Narayanan, Palla and Tripathi",PHONE SERVICE,3,55961.78,18653.926666666666,0,0,0,0,0,0.0,0.0,0.0
MCH5379,,,3,11119.3,5559.65,0,0,0,0,0,0.0,0.0,0.0
MCH5382,,,3,17321.47,8660.735,0,0,0,0,0,0.0,0.0,0.0
MCH5386,"Hari, Handa and Madan",MOBILE RECHARGE,3,53488.68,17829.56,0,0,0,0,0,0.0,0.0,0.0
MCH5412,,,3,52174.34,17391.446666666667,0,0,0,0,0,0.0,0.0,0.0
MCH5413,"K0shy, Batra and K0h1i",DEPARTMENT STORE,3,11947.68,3982.56,0,0,0,0,0,0.0,0.0,0.0
MCH5425,"Bora, Kibe and Yadav",TELECOM,3,34035.63,17017.815,0,0,0,3,0,0.0,0.0,0.0
MCH5434,,,3,41943.130000000005,13981.043333333335,0,0,0,0,0,0.0,0.0,0.0
MCH5438,"Krishna, Vohra and Ghose",PHARMACY,3,44361.43,14787.143333333333,0,0,0,0,0,0.0,0.0,0.0
MCH5470,,,3,5566.81,5566.81,0,0,0,0,0,0.0,0.0,0.0
MCH5472,,,3,39415.06,13138.353333333333,0,0,0,0,0,0.0,0.0,0.0
MCH5497,Dayal and Sons,MISC_RETAIL,3,56129.880000000005,18709.960000000003,0,0,0,0,0,0.0,0.0,0.0
MCH5509,,,3,14174.17,4724.723333333333,0,0,0,0,0,0.0,0.0,0.0
MCH5520,,,3,13545.78,6772.89,0,0,0,0,0,0.0,0.0,0.0
MCH5526,,,3,44736.65,14912.216666666667,0,0,0,0,0,0.0,0.0,0.0
MCH5527,,,3,29179.47,9726.49,0,0,0,0,0,0.0,0.0,0.0
MCH5529,"  Ganguly, Mukherjee and Boase  ",GROCERY,3,10764.9,5382.45,0,0,0,0,0,0.0,0.0,0.0
MCH5534,,,3,36810.76,18405.38,0,0,0,0,0,0.0,0.0,0.0
MCH5541,Sheth and Sons,FOOD_SERVICES,3,44945.909999999996,14981.97,0,0,0,0,0,0.0,0.0,0.0
MCH5545,  Parikh-Raja  ,BOOKS,3,31000.04,15500.02,0,0,0,0,0,0.0,0.0,0.0
MCH5562,Savant-Narayan,TRAVEL,3,36971.56,18485.78,0,0,0,0,0,0.0,0.0,0.0
MCH5571,,,3,60357.54,20119.18,0,0,0,0,0,0.0,0.0,0.0
MCH5577,,,3,44696.08,14898.693333333335,0,0,0,0,0,0.0,0.0,0.0
MCH5584,,,3,22377.75,11188.875,0,0,0,0,0,0.0,0.0,0.0
MCH5590,"Bhandari, M0re and Bhatti",TRAVEL,3,3303.0199999999995,1651.5099999999998,0,0,0,0,0,0.0,0.0,0.0
MCH5604,,,3,18056.16,6018.72,0,0,0,0,0,0.0,0.0,0.0
MCH5609,,,3,33474.44,16737.22,0,0,0,0,0,0.0,0.0,0.0
MCH5620,,,3,30370.179999999997,10123.393333333332,0,0,0,0,0,0.0,0.0,0.0
MCH5647,,,3,42958.24,14319.413333333332,0,0,0,0,0,0.0,0.0,0.0
MCH5648,Morar and Sons,HOTEL_LODGING,3,28145.449999999997,14072.724999999999,0,0,0,0,0,0.0,0.0,0.0
MCH5656,Sen-Dube,BOOKS,3,30993.14,10331.046666666667,0,0,0,3,0,0.0,0.0,0.0
MCH5676,Kohli-Bir,MOBILE RECHARGE,3,21296.57,10648.285,0,0,0,0,0,0.0,0.0,0.0
MCH5677,,,3,22295.7,7431.900000000001,0,0,0,0,0,0.0,0.0,0.0
MCH5680,,,3,30272.35,10090.783333333333,0,0,0,0,0,0.0,0.0,0.0
MCH5681,,,3,60769.13,20256.376666666667,0,0,0,0,0,0.0,0.0,0.0
MCH5689,,,3,39420.4,19710.2,0,0,0,0,0,0.0,0.0,0.0
MCH5690,,,3,14082.97,4694.323333333333,0,0,0,0,0,0.0,0.0,0.0
MCH5696,Mittal Group,GROCERY,3,19574.84,6524.946666666667,0,0,0,0,0,0.0,0.0,0.0
MCH5699,,,3,29100.21,14550.105,0,0,0,0,0,0.0,0.0,0.0
MCH5711,,,3,4967.139999999999,2483.5699999999997,0,0,0,0,0,0.0,0.0,0.0
MCH5716,nadig inc,PHONE SERVICE,3,46818.11,15606.036666666667,0,0,0,0,0,0.0,0.0,0.0
MCH5717,"Kuruvilla, Deol and Rama",STATIONERY,3,5138.5,2569.25,0,0,0,0,0,0.0,0.0,0.0
MCH5720,Karnik Group,BOOKS,3,20195.17,6731.723333333332,0,0,0,0,0,0.0,0.0,0.0
MCH5732,,,3,35736.57,17868.285,0,0,0,0,0,0.0,0.0,0.0
MCH5737,Ben Inc,APPAREL,3,38585.01,12861.67,0,0,0,3,0,0.0,0.0,0.0
MCH5739,,,3,30157.54,10052.513333333334,0,0,0,0,0,0.0,0.0,0.0
MCH5740,  Dayal-Desai  ,APPAREL,3,45559.93,15186.643333333333,0,0,0,0,0,0.0,0.0,0.0
MCH5752,,,3,23901.88,7967.293333333334,0,0,0,0,0,0.0,0.0,0.0
MCH5754,,,3,28350.8,9450.266666666666,0,0,0,0,0,0.0,0.0,0.0
MCH5755,,,3,58805.240000000005,19601.74666666667,0,0,0,0,0,0.0,0.0,0.0
MCH5758,"aggarwal, hayer and nayar",MISC_RETAIL,3,12977.37,6488.685,0,0,0,0,0,0.0,0.0,0.0
MCH5766,Varkey-Datta,TELECOM,3,47291.619999999995,15763.873333333331,0,0,0,0,0,0.0,0.0,0.0
MCH5771,,,3,20183.45,10091.725,0,0,0,0,0,0.0,0.0,0.0
MCH5787,Bassi Inc,HOTEL_LODGING,3,21676.21,7225.403333333333,0,0,0,0,0,0.0,0.0,0.0
MCH5807,  Madan Ltd  ,DEPARTMENT STORE,3,35277.47,11759.156666666668,0,0,0,0,0,0.0,0.0,0.0
MCH5811,,,3,34882.74,17441.37,0,0,0,0,0,0.0,0.0,0.0
MCH5812,aurora and sons,HOTEL_LODGING,3,25174.449999999997,12587.224999999999,0,0,0,0,0,0.0,0.0,0.0
MCH5817,,,3,15437.68,15437.68,0,0,0,0,0,0.0,0.0,0.0
MCH5821,,,3,20420.079999999998,10210.039999999999,0,0,0,0,0,0.0,0.0,0.0
MCH5830,,,3,25950.42,12975.21,0,0,0,0,0,0.0,0.0,0.0
MCH5834,Sundaram-Sarkar,FOOD_SERVICES,3,48525.28,16175.093333333332,0,0,0,0,0,0.0,0.0,0.0
MCH5849,,,3,4519.599999999999,2259.7999999999997,0,0,0,0,0,0.0,0.0,0.0
MCH5857,"VARUGHESE, VORA AND CHOKSHI",TELECOM,3,37622.619999999995,12540.873333333331,0,0,0,3,0,0.0,0.0,0.0
MCH5860,,,3,15757.670000000002,7878.835000000001,0,0,0,0,0,0.0,0.0,0.0
MCH5861,MANNE-CHATTERJEE,FOOD_SERVICES,3,37754.82,12584.94,0,0,0,0,0,0.0,0.0,0.0
MCH5862,,,3,23601.78,7867.259999999999,0,0,0,0,0,0.0,0.0,0.0
MCH5866,,,3,26906.54,8968.846666666666,0,0,0,0,0,0.0,0.0,0.0
MCH5874,pandya plc,HOTEL_LODGING,3,41939.3,13979.766666666668,0,0,0,3,0,0.0,0.0,0.0
MCH5878,,,3,29573.05,9857.683333333332,0,0,0,0,0,0.0,0.0,0.0
MCH5885,,,3,47036.06,23518.03,0,0,0,0,0,0.0,0.0,0.0
MCH5895,Dey LLC,TRAVEL,3,3798.75,3798.75,0,0,0,0,0,0.0,0.0,0.0
MCH5916,,,3,45824.79,22912.395,0,0,0,0,0,0.0,0.0,0.0
MCH5918,bora-rege,APPAREL,3,38797.6,19398.8,0,0,0,0,0,0.0,0.0,0.0
MCH5923,"  Banik, Yogi and Seth  ",MOBILE RECHARGE,3,19892.2,9946.1,0,0,0,0,0,0.0,0.0,0.0
MCH5926,,,3,29350.32,14675.16,0,0,0,0,0,0.0,0.0,0.0
MCH5929,Chaudry-Pal,HOTEL_LODGING,3,16358.759999999998,8179.379999999999,0,0,0,0,0,0.0,0.0,0.0
MCH5935,,,3,34423.59,11474.529999999999,0,0,0,0,0,0.0,0.0,0.0
MCH5964,,,3,36616.979999999996,18308.489999999998,0,0,0,0,0,0.0,0.0,0.0
MCH5967,,,3,42831.79,14277.263333333334,0,0,0,0,0,0.0,0.0,0.0
MCH5976,,,3,38331.94,12777.313333333334,0,0,0,0,0,0.0,0.0,0.0
MCH5987,,,3,31947.14,10649.046666666667,0,0,0,0,0,0.0,0.0,0.0
MCH5988,,,3,23301.760000000002,11650.880000000001,0,0,0,0,0,0.0,0.0,0.0
MCH5990,,,3,33411.72,11137.24,0,0,0,0,0,0.0,0.0,0.0
MCH5997,"Kothari,BasuandKothari",MEDICAL,3,25826.94,12913.47,0,0,0,0,0,0.0,0.0,0.0
MCH6005,,,3,48640.69,16213.563333333334,0,0,0,0,0,0.0,0.0,0.0
MCH6006,,,3,48242.29,16080.763333333334,0,0,0,0,0,0.0,0.0,0.0
MCH6011,,,3,36839.35,12279.783333333333,0,0,0,0,0,0.0,0.0,0.0
MCH6014,,,3,47907.78,15969.26,0,0,0,0,0,0.0,0.0,0.0
MCH6016,Batta-Roy,BOOKS,3,59739.4,19913.133333333335,0,0,0,0,0,0.0,0.0,0.0
MCH6036,chhabra group,APPAREL,3,17564.6,17564.6,0,0,0,0,0,0.0,0.0,0.0
MCH6053,Barad-Sen,MISC_RETAIL,3,40250.24,13416.746666666666,0,0,0,0,0,0.0,0.0,0.0
MCH6056,IYENGAR-HEGDE,TRANSPORT,3,38215.25,12738.416666666666,0,0,0,0,0,0.0,0.0,0.0
MCH6062,Kata PLC,APPAREL,3,20253.63,20253.63,0,0,0,0,0,0.0,0.0,0.0
MCH6063,,,3,54277.78,18092.593333333334,0,0,0,0,0,0.0,0.0,0.0
MCH6065,,,3,19054.17,19054.17,0,0,0,0,0,0.0,0.0,0.0
MCH6067,Chaw1a-Gangu1y,HOTEL_LODGING,3,21674.510000000002,7224.836666666667,0,0,0,3,0,0.0,0.0,0.0
MCH6112,LUTHRA-GROVER,BOOKS,3,40914.67,13638.223333333333,0,0,0,0,0,0.0,0.0,0.0
MCH6115,Padmanabhan-Chahal,RETAIL,3,48368.51,16122.836666666668,0,0,0,0,0,0.0,0.0,0.0
MCH6121,"more, sandhu and dugar",APPAREL,3,52390.0,17463.333333333332,0,0,0,0,0,0.0,0.0,0.0
MCH6128,,,3,60212.509999999995,20070.836666666666,0,0,0,0,0,0.0,0.0,0.0
MCH6131,"Dhar, Dada and Bakshi",APPAREL,3,11605.11,5802.555,0,0,0,0,0,0.0,0.0,0.0
MCH6154,,,3,16622.35,5540.783333333333,0,0,0,0,0,0.0,0.0,0.0
MCH6156,,,3,40890.49,13630.163333333332,0,0,0,0,0,0.0,0.0,0.0
MCH6168,"raj, sharma and panchal",TRANSPORT,3,28336.38,14168.19,0,0,0,0,0,0.0,0.0,0.0
MCH6170,Gh0se-Mann,MISC_RETAIL,3,32268.42,10756.14,0,0,0,0,0,0.0,0.0,0.0
MCH6172,Raja Inc,FOOD_SERVICES,3,28662.29,9554.096666666666,0,0,0,0,0,0.0,0.0,0.0
MCH6174,,,3,10255.58,3418.5266666666666,0,0,0,0,0,0.0,0.0,0.0
MCH6180,Thakur and Sons,APPAREL,3,42612.93,14204.31,0,0,0,0,0,0.0,0.0,0.0
MCH6183,"Goel, Swaminathan and Padmanabhan",GROCERY,3,53359.229999999996,17786.41,0,0,0,0,0,0.0,0.0,0.0
MCH6184,Peri-R0ut,TRANSPORT,3,41720.54,13906.846666666666,0,0,0,0,0,0.0,0.0,0.0
MCH6197,VIRK-VERMA,TRANSPORT,3,33356.98,11118.993333333334,0,0,0,0,0,0.0,0.0,0.0
MCH6211,,,3,51501.72,17167.24,0,0,0,0,0,0.0,0.0,0.0
MCH6230,,,3,39502.06,13167.353333333333,0,0,0,0,0,0.0,0.0,0.0
MCH6237,,,3,29319.370000000003,9773.123333333335,0,0,0,0,0,0.0,0.0,0.0
MCH6238,,,3,29537.579999999998,9845.859999999999,0,0,0,0,0,0.0,0.0,0.0
MCH6262,Saran Ltd,DEPARTMENT STORE,3,11171.689999999999,3723.896666666666,0,0,0,0,0,0.0,0.0,0.0
MCH6267,Mandal-Badal,PHONE SERVICE,3,23597.879999999997,11798.939999999999,0,0,0,0,0,0.0,0.0,0.0
MCH6272,,,3,36167.479999999996,12055.826666666666,0,0,0,0,0,0.0,0.0,0.0
MCH6281,,,3,45328.83,15109.61,0,0,0,0,0,0.0,0.0,0.0
MCH6286,,,3,-467.8700000000008,-155.95666666666693,0,0,0,0,0,0.0,0.0,0.0
MCH6297,,,3,30470.76,10156.92,0,0,0,0,0,0.0,0.0,0.0
MCH6298,,,3,17533.44,5844.48,0,0,0,0,0,0.0,0.0,0.0
MCH6308,  Seshadri LLC  ,APPAREL,3,52626.869999999995,17542.289999999997,0,0,0,0,0,0.0,0.0,0.0
MCH6314,Tella-Sachdeva,TRANSPORT,3,60741.47,20247.156666666666,0,0,0,0,0,0.0,0.0,0.0
MCH6315,PRABHAKAR-SOMAN,BOOKS,3,14001.34,7000.67,0,0,0,0,0,0.0,0.0,0.0
MCH6337,Chander LLC,PHARMACY,3,32298.05,16149.025,0,0,0,0,0,0.0,0.0,0.0
MCH6339,,,3,25752.84,8584.28,0,0,0,0,0,0.0,0.0,0.0
MCH6351,Mahal-Padmanabhan,FOOD_SERVICES,3,39188.869999999995,19594.434999999998,0,0,0,0,0,0.0,0.0,0.0
MCH6357,,,3,63158.92,21052.97333333333,0,0,0,0,0,0.0,0.0,0.0
MCH6360,"Garg, Char and Sharaf",MEDICAL_STORE,3,7916.879999999999,2638.9599999999996,0,0,0,0,0,0.0,0.0,0.0
MCH6369,"Chaudhry, Batra and Rama",TRANSPORT,3,54123.22,18041.073333333334,0,0,0,0,0,0.0,0.0,0.0
MCH6376,"Naik, Dhillon and Sama",BOOKS,3,15333.289999999999,7666.6449999999995,0,0,0,0,0,0.0,0.0,0.0
MCH6377,"Sharma, Bedi and Pandya",FOOD_SERVICES,3,20775.14,6925.046666666666,0,0,0,3,0,0.0,0.0,0.0
MCH6379,CHANA-MAHAJAN,BOOKS,3,16795.39,8397.695,0,0,0,0,0,0.0,0.0,0.0
MCH6381,,,3,49200.04,16400.013333333332,0,0,0,0,0,0.0,0.0,0.0
MCH6383,Shere-Mander,TRANSPORT,3,16355.84,5451.946666666667,0,0,0,0,0,0.0,0.0,0.0
MCH6394,YogiInc,APPAREL,3,42155.36,14051.786666666667,0,0,0,0,0,0.0,0.0,0.0
MCH6396,Mani-Puri,MISC_RETAIL,3,47570.93,15856.976666666667,0,0,0,0,0,0.0,0.0,0.0
MCH6397,"SURI, AGRAWAL AND NATARAJAN",BOOKS,3,23206.91,11603.455,0,0,0,0,0,0.0,0.0,0.0
MCH6399,,,3,27916.65,9305.550000000001,0,0,0,0,0,0.0,0.0,0.0
MCH6404,Tailor Group,OTHER,3,47193.51,15731.17,0,0,0,3,0,0.0,0.0,0.0
MCH6411,,,3,66768.89,22256.296666666665,0,0,0,0,0,0.0,0.0,0.0
MCH6415,,,3,6577.849999999999,3288.9249999999997,0,0,0,0,0,0.0,0.0,0.0
MCH6424,,,3,212.62,212.62,0,0,0,0,0,0.0,0.0,0.0
MCH6427,Bose Inc,MISC_RETAIL,3,29307.58,14653.79,0,0,0,0,0,0.0,0.0,0.0
MCH6436,,,3,18672.85,9336.425,0,0,0,0,0,0.0,0.0,0.0
MCH6437,,,3,30373.55,10124.516666666666,0,0,0,0,0,0.0,0.0,0.0
MCH6452,,,3,31496.04,15748.02,0,0,0,0,0,0.0,0.0,0.0
MCH6455,Luthra-Wable,MISC_RETAIL,3,18537.16,9268.58,0,0,0,0,0,0.0,0.0,0.0
MCH6457,,,3,10273.58,5136.79,0,0,0,0,0,0.0,0.0,0.0
MCH6476,,,3,28188.32,9396.106666666667,0,0,0,0,0,0.0,0.0,0.0
MCH6482,Mitra-Agate,DEPARTMENT STORE,3,28169.260000000002,9389.753333333334,0,0,0,3,0,0.0,0.0,0.0
MCH6504,"wagle, choudhry and patla",STATIONERY,3,49603.36,16534.453333333335,0,0,0,0,0,0.0,0.0,0.0
MCH6512,"Sagar, Deep and Rao",MOBILE RECHARGE,3,52674.72,17558.24,0,0,0,0,0,0.0,0.0,0.0
MCH6514,Lalla-Palan,FOOD_SERVICES,3,17673.7,8836.85,0,0,0,0,0,0.0,0.0,0.0
MCH6524,  Chaudry-Lall  ,HOTEL_LODGING,3,29362.370000000003,14681.185000000001,0,0,0,0,0,0.0,0.0,0.0
MCH6528,,,3,20820.27,10410.135,0,0,0,0,0,0.0,0.0,0.0
MCH6531,,,3,7613.6,2537.866666666667,0,0,0,0,0,0.0,0.0,0.0
MCH6535,Nagy and Sons,GROCERY,3,19828.76,6609.586666666666,0,0,0,0,0,0.0,0.0,0.0
MCH6539,,,3,-4694.59,-1564.8633333333335,0,0,0,0,0,0.0,0.0,0.0
MCH6543,Nagi-Pradhan,GROCERY,3,22906.42,11453.21,0,0,0,0,0,0.0,0.0,0.0
MCH6544,,,3,54654.7,18218.233333333334,0,0,0,0,0,0.0,0.0,0.0
MCH6545,"Chanda, Mittal and Venkatesh",PHARMACY,3,44658.32,14886.106666666667,0,0,0,0,0,0.0,0.0,0.0
MCH6554,vora llc,HOTEL_LODGING,3,37465.05,12488.35,0,0,0,3,0,0.0,0.0,0.0
MCH6561,,,3,21432.690000000002,7144.2300000000005,0,0,0,0,0,0.0,0.0,0.0
MCH6564,,,3,27838.52,9279.506666666666,0,0,0,0,0,0.0,0.0,0.0
MCH6571,,,3,30083.14,10027.713333333333,0,0,0,0,0,0.0,0.0,0.0
MCH6573,,,3,41606.54,13868.846666666666,0,0,0,0,0,0.0,0.0,0.0
MCH6578,"Varty, Mutti and Banik",BOOKS,3,34350.18,17175.09,0,0,0,0,0,0.0,0.0,0.0
MCH6579,,,3,38889.63,12963.21,0,0,0,0,0,0.0,0.0,0.0
MCH6580,,,3,12971.619999999999,6485.8099999999995,0,0,0,0,0,0.0,0.0,0.0
MCH6581,,,3,35549.630000000005,11849.876666666669,0,0,0,0,0,0.0,0.0,0.0
MCH6588,,,3,26616.14,8872.046666666667,0,0,0,0,0,0.0,0.0,0.0
MCH6595,More-Sharma,HOTEL_LODGING,3,31534.489999999998,10511.496666666666,0,0,0,0,0,0.0,0.0,0.0
MCH6608,"puri, dar and mann",GROCERY,3,52049.0,17349.666666666668,0,0,0,0,0,0.0,0.0,0.0
MCH6615,PILLAY GROUP,BOOKS,3,27877.050000000003,13938.525000000001,0,0,0,0,0,0.0,0.0,0.0
MCH6616,,,3,39561.770000000004,13187.256666666668,0,0,0,0,0,0.0,0.0,0.0
MCH6617,Buch Group,APPAREL,3,29956.629999999997,9985.543333333333,0,0,0,0,0,0.0,0.0,0.0
MCH6625,,,3,-7194.51,-2398.17,0,0,0,0,0,0.0,0.0,0.0
MCH6629,,,3,39778.78,13259.593333333332,0,0,0,0,0,0.0,0.0,0.0
MCH6630,"  Kalla, Vyas and Lanka  ",STATIONERY,3,51887.14,17295.713333333333,0,0,0,0,0,0.0,0.0,0.0
MCH6643,"BALA, PALLA AND SRINIVAS",STATIONERY,3,52910.32,17636.773333333334,0,0,0,0,0,0.0,0.0,0.0
MCH6646,,,3,3002.8,3002.8,0,0,0,0,0,0.0,0.0,0.0
MCH6661,,,3,25133.18,8377.726666666667,0,0,0,0,0,0.0,0.0,0.0
MCH6672,"Mittal, Bajwa and Guha",FOOD_SERVICES,3,31170.420000000002,10390.140000000001,0,0,0,0,0,0.0,0.0,0.0
MCH6681,Baria PLC,TRANSPORT,3,41339.39,20669.695,0,0,0,3,0,0.0,0.0,0.0
MCH6697,"Chanda, Chakraborty and Mand",TELECOM,3,32083.22,10694.406666666668,0,0,0,0,0,0.0,0.0,0.0
MCH6699,,,3,9377.61,4688.805,0,0,0,0,0,0.0,0.0,0.0
MCH6707,Chandra Group,MOBILE RECHARGE,3,45986.770000000004,15328.923333333334,0,0,0,0,0,0.0,0.0,0.0
MCH6708,Wali LLC,HOTEL_LODGING,3,19754.65,6584.883333333334,0,0,0,0,0,0.0,0.0,0.0
MCH6714,,,3,64128.4,21376.133333333335,0,0,0,0,0,0.0,0.0,0.0
MCH6718,Chaudry-Ramachandran,PHONE SERVICE,3,-3466.0199999999986,-1733.0099999999993,0,0,0,0,0,0.0,0.0,0.0
MCH6725,,,3,54811.75,18270.583333333332,0,0,0,0,0,0.0,0.0,0.0
MCH6733,,,3,36490.909999999996,12163.636666666665,0,0,0,0,0,0.0,0.0,0.0
MCH6745,Chaudry PLC,HOTEL_LODGING,3,29664.18,14832.09,0,0,0,3,0,0.0,0.0,0.0
MCH6756,Mangal PLC,FOOD_SERVICES,3,37034.51,12344.836666666668,0,0,0,0,0,0.0,0.0,0.0
MCH6777,LALL-DATE,GROCERY,3,41714.04,13904.68,0,0,0,0,0,0.0,0.0,0.0
MCH6781,,,3,14648.22,7324.11,0,0,0,0,0,0.0,0.0,0.0
MCH6782,  Basu PLC  ,FOOD_SERVICES,3,30498.690000000002,10166.230000000001,0,0,0,0,0,0.0,0.0,0.0
MCH6790,,,3,50346.03999999999,16782.013333333332,0,0,0,0,0,0.0,0.0,0.0
MCH6793,,,3,40350.29,13450.096666666666,0,0,0,0,0,0.0,0.0,0.0
MCH6794,,,3,31806.56,10602.186666666666,0,0,0,0,0,0.0,0.0,0.0
MCH6806,Badal-Bhasin,GROCERY,3,38714.729999999996,19357.364999999998,0,0,0,0,0,0.0,0.0,0.0
MCH6809,  Reddy-Bhatt  ,APPAREL,3,13338.119999999999,6669.0599999999995,0,0,0,0,0,0.0,0.0,0.0
MCH6812,"Gade, Badami and Choudhary",MOBILE RECHARGE,3,47160.67,15720.223333333333,0,0,0,0,0,0.0,0.0,0.0
MCH6823,,,3,-5352.509999999999,-2676.2549999999997,0,0,0,0,0,0.0,0.0,0.0
MCH6825,Viswanathan Ltd,PHARMACY,3,17225.8,8612.9,0,0,0,0,0,0.0,0.0,0.0
MCH6833,,,3,58479.84,19493.28,0,0,0,0,0,0.0,0.0,0.0
MCH6840,saini group,GROCERY,3,43769.57,14589.856666666667,0,0,0,0,0,0.0,0.0,0.0
MCH6843,TATA-BORAH,BOOKS,3,32024.39,10674.796666666667,0,0,0,0,0,0.0,0.0,0.0
MCH6847,,,3,26274.75,13137.375,0,0,0,0,0,0.0,0.0,0.0
MCH6852,Swamy-Srinivas,TELECOM,3,32217.11,10739.036666666667,0,0,0,0,0,0.0,0.0,0.0
MCH6853,Prashad PLC,HOTEL_LODGING,3,12663.04,4221.013333333333,0,0,0,0,0,0.0,0.0,0.0
MCH6855,"Soman, Ravel and Anand",GROCERY,3,34068.86,11356.286666666667,0,0,0,0,0,0.0,0.0,0.0
MCH6860,buch plc,APPAREL,3,29429.15,9809.716666666667,0,0,0,0,0,0.0,0.0,0.0
MCH6893,,,3,36756.08,12252.026666666667,0,0,0,0,0,0.0,0.0,0.0
MCH6900,,,3,33096.71,11032.236666666666,0,0,0,0,0,0.0,0.0,0.0
MCH6912,,,3,14224.89,7112.445,0,0,0,0,0,0.0,0.0,0.0
MCH6922,"bassi, dara and dutt",APPAREL,3,25854.379999999997,8618.126666666665,0,0,0,0,0,0.0,0.0,0.0
MCH6923,,,3,46497.479999999996,15499.159999999998,0,0,0,0,0,0.0,0.0,0.0
MCH6925,,,3,50746.51,16915.503333333334,0,0,0,0,0,0.0,0.0,0.0
MCH6926,Bhattacharyya and S0ns,MEDICAL_STORE,3,51462.76,17154.253333333334,0,0,0,0,0,0.0,0.0,0.0
MCH6934,,,3,29354.739999999998,9784.913333333332,0,0,0,0,0,0.0,0.0,0.0
MCH6935,"Sagar,BadalandJha",PHARMACY,3,11581.239999999998,3860.4133333333325,0,0,0,0,0,0.0,0.0,0.0
MCH6936,,,3,46806.12,15602.04,0,0,0,0,0,0.0,0.0,0.0
MCH6945,Barad LLC,RETAIL,3,58426.33,19475.443333333333,0,0,0,0,0,0.0,0.0,0.0
MCH6950,"Bal, Swaminathan and Desai",PHARMACY,3,24289.16,8096.386666666666,0,0,0,0,0,0.0,0.0,0.0
MCH6951,,,3,43890.35,14630.116666666667,0,0,0,0,0,0.0,0.0,0.0
MCH6959,,,3,51488.78,17162.926666666666,0,0,0,0,0,0.0,0.0,0.0
MCH6962,,,3,45297.35,15099.116666666667,0,0,0,0,0,0.0,0.0,0.0
MCH6964,,,3,18178.43,6059.4766666666665,0,0,0,0,0,0.0,0.0,0.0
MCH6968,,,3,26718.61,13359.305,0,0,0,0,0,0.0,0.0,0.0
MCH6983,Barman-Chand,DEPARTMENT STORE,3,27331.22,13665.61,0,0,0,0,0,0.0,0.0,0.0
MCH6985,Devi-Radhakrishnan,STATIONERY,3,39138.68,13046.226666666667,0,0,0,0,0,0.0,0.0,0.0
MCH6987,,,3,30705.449999999997,10235.15,0,0,0,0,0,0.0,0.0,0.0
MCH6990,Apte-Choudhary,TRANSPORT,3,1433.13,1433.13,0,0,0,0,0,0.0,0.0,0.0
MCH6991,dani ltd,TRANSPORT,3,23993.21,7997.736666666667,0,0,0,0,0,0.0,0.0,0.0
MCH6996,,,3,21076.77,7025.59,0,0,0,0,0,0.0,0.0,0.0
MCH7000,,,3,40312.850000000006,20156.425000000003,0,0,0,0,0,0.0,0.0,0.0
MCH7001,Das LLC,TELECOM,3,41071.72,13690.573333333334,0,0,0,0,0,0.0,0.0,0.0
MCH7008,,,3,31710.78,10570.26,0,0,0,0,0,0.0,0.0,0.0
MCH7012,,,3,18231.96,6077.32,0,0,0,0,0,0.0,0.0,0.0
MCH7026,Ganesan-Manda,HOTEL_LODGING,3,21721.54,7240.513333333333,0,0,0,0,0,0.0,0.0,0.0
MCH7031,Chander Inc,TELECOM,3,45838.06,15279.353333333333,0,0,0,0,0,0.0,0.0,0.0
MCH7036,,,3,37378.0,18689.0,0,0,0,0,0,0.0,0.0,0.0
MCH7047,BATTA-BHAVSAR,PHONE SERVICE,3,0.0,,0,0,0,0,0,0.0,0.0,0.0
MCH7052,,,3,44548.990000000005,14849.663333333336,0,0,0,0,0,0.0,0.0,0.0
MCH7055,,,3,35379.54,11793.18,0,0,0,0,0,0.0,0.0,0.0
MCH7056,,,3,47865.91,15955.303333333335,0,0,0,0,0,0.0,0.0,0.0
MCH7057,"Lad, Kala and Bhagat",TELECOM,3,33012.89,11004.296666666667,0,0,0,0,0,0.0,0.0,0.0
MCH7086,,,3,39942.770000000004,13314.256666666668,0,0,0,0,0,0.0,0.0,0.0
MCH7087,Prashad LLC,DEPARTMENT STORE,3,54664.149999999994,18221.38333333333,0,0,0,0,0,0.0,0.0,0.0
MCH7093,Pai-Pau,HOTEL_LODGING,3,20981.46,6993.82,0,0,0,3,0,0.0,0.0,0.0
MCH7102,,,3,25303.170000000002,12651.585000000001,0,0,0,0,0,0.0,0.0,0.0
MCH7110,,,3,18279.48,9139.74,0,0,0,0,0,0.0,0.0,0.0
MCH7113,"Jain,BhattiandSha",BOOKS,3,30436.19,10145.396666666666,0,0,0,3,0,0.0,0.0,0.0
MCH7114,,,3,29425.65,9808.550000000001,0,0,0,0,0,0.0,0.0,0.0
MCH7128,Agarwal Group,PHARMACY,3,52051.5,17350.5,0,0,0,0,0,0.0,0.0,0.0
MCH7129,,,3,36989.759999999995,12329.919999999998,0,0,0,0,0,0.0,0.0,0.0
MCH7136,,,3,16850.07,5616.69,0,0,0,0,0,0.0,0.0,0.0
MCH7143,,,3,21278.5,7092.833333333333,0,0,0,0,0,0.0,0.0,0.0
MCH7159,,,3,26091.91,13045.955,0,0,0,0,0,0.0,0.0,0.0
MCH7170,,,3,18435.52,6145.173333333333,0,0,0,0,0,0.0,0.0,0.0
MCH7171,,,3,42523.759999999995,14174.586666666664,0,0,0,0,0,0.0,0.0,0.0
MCH7182,,,3,49137.19,16379.063333333334,0,0,0,0,0,0.0,0.0,0.0
MCH7189,,,3,36825.979999999996,12275.326666666666,0,0,0,0,0,0.0,0.0,0.0
MCH7193,,,3,22148.84,11074.42,0,0,0,0,0,0.0,0.0,0.0
MCH7220,Rege-Sharaf,FOOD_SERVICES,3,49214.19,16404.73,0,0,0,0,0,0.0,0.0,0.0
MCH7222,  Verma and Sons  ,TELECOM,3,31389.72,10463.24,0,0,0,0,0,0.0,0.0,0.0
MCH7225,APTE-WADHWA,FOOD_SERVICES,3,25013.94,8337.98,0,0,0,0,0,0.0,0.0,0.0
MCH7230,,,3,31931.46,15965.73,0,0,0,0,0,0.0,0.0,0.0
MCH7236,"Ramanathan, Varkey and Iyengar",FOOD_SERVICES,3,23894.43,11947.215,0,0,0,0,0,0.0,0.0,0.0
MCH7237,Reddy-Majumdar,FOOD_SERVICES,3,19162.16,9581.08,0,0,0,0,0,0.0,0.0,0.0
MCH7243,,,3,21147.52,10573.76,0,0,0,0,0,0.0,0.0,0.0
MCH7246,LATA LTD,APPAREL,3,24930.260000000002,8310.086666666668,0,0,0,0,0,0.0,0.0,0.0
MCH7251,,,3,18715.18,9357.59,0,0,0,0,0,0.0,0.0,0.0
MCH7258,"om, swaminathan and ray",APPAREL,3,63175.8,21058.600000000002,0,0,0,3,0,0.0,0.0,0.0
MCH7275,,,3,36164.63,12054.876666666665,0,0,0,0,0,0.0,0.0,0.0
MCH7280,"Sathe, Shan and Oommen",GROCERY,3,32472.31,16236.155,0,0,0,0,0,0.0,0.0,0.0
MCH7284,,,3,51355.3,17118.433333333334,0,0,0,0,0,0.0,0.0,0.0
MCH7314,Mahajan-B0rde,MISC_RETAIL,3,43568.520000000004,14522.840000000002,0,0,0,0,0,0.0,0.0,0.0
MCH7317,,,3,62780.39,20926.796666666665,0,0,0,0,0,0.0,0.0,0.0
MCH7328,,,3,6030.239999999998,2010.0799999999992,0,0,0,0,0,0.0,0.0,0.0
MCH7333,,,3,23853.92,7951.306666666666,0,0,0,0,0,0.0,0.0,0.0
MCH7343,Dixit Ltd,PHARMACY,3,51983.43,17327.81,0,0,0,0,0,0.0,0.0,0.0
MCH7354,"CHATTERJEE, SARNA AND HANDA",APPAREL,3,28602.949999999997,9534.316666666666,0,0,0,0,0,0.0,0.0,0.0
MCH7359,Rajagopalan-Rattan,MEDICAL,3,19452.89,6484.296666666666,0,0,0,0,0,0.0,0.0,0.0
MCH7361,,,3,32578.449999999997,16289.224999999999,0,0,0,0,0,0.0,0.0,0.0
MCH7372,,,3,36886.91,12295.636666666667,0,0,0,0,0,0.0,0.0,0.0
MCH7374,,,3,31197.8,10399.266666666666,0,0,0,0,0,0.0,0.0,0.0
MCH7376,,,3,20484.13,10242.065,0,0,0,0,0,0.0,0.0,0.0
MCH7392,,,3,1497.52,1497.52,0,0,0,0,0,0.0,0.0,0.0
MCH7394,Brahmbhatt PLC,FOOD_SERVICES,3,41638.950000000004,13879.650000000001,0,0,0,0,0,0.0,0.0,0.0
MCH7399,,,3,32835.229999999996,10945.076666666666,0,0,0,0,0,0.0,0.0,0.0
MCH7406,,,3,49302.630000000005,16434.210000000003,0,0,0,0,0,0.0,0.0,0.0
MCH7410,,,3,34764.5,17382.25,0,0,0,0,0,0.0,0.0,0.0
MCH7430,Pingle-Lata,DEPARTMENT STORE,3,23163.8,7721.266666666666,0,0,0,0,0,0.0,0.0,0.0
MCH7450,,,3,17019.08,5673.026666666668,0,0,0,0,0,0.0,0.0,0.0
MCH7456,,,3,20092.93,10046.465,0,0,0,0,0,0.0,0.0,0.0
MCH7460,,,3,22666.71,7555.57,0,0,0,0,0,0.0,0.0,0.0
MCH7464,DuttaLLC,TRAVEL,3,47746.009999999995,15915.336666666664,0,0,0,0,0,0.0,0.0,0.0
MCH7466,,,3,21007.559999999998,7002.5199999999995,0,0,0,0,0,0.0,0.0,0.0
MCH7486,,,3,9028.07,4514.035,0,0,0,0,0,0.0,0.0,0.0
MCH7496,,,3,27437.739999999998,13718.869999999999,0,0,0,0,0,0.0,0.0,0.0
MCH7511,,,3,20104.79,10052.395,0,0,0,0,0,0.0,0.0,0.0
MCH7514,Ahuja-Bobal,RETAIL,3,57363.7,19121.233333333334,0,0,0,0,0,0.0,0.0,0.0
MCH7522,,,3,45280.64,15093.546666666667,0,0,0,0,0,0.0,0.0,0.0
MCH7534,,,3,16297.619999999999,5432.54,0,0,0,0,0,0.0,0.0,0.0
MCH7560,  Chakraborty and Sons  ,DEPARTMENT STORE,3,-6099.6900000000005,-3049.8450000000003,0,0,0,0,0,0.0,0.0,0.0
MCH7567,Bora-Venkatesh,MEDICAL_STORE,3,39629.82,13209.94,0,0,0,0,0,0.0,0.0,0.0
MCH7573,,,3,37892.68,12630.893333333333,0,0,0,0,0,0.0,0.0,0.0
MCH7592,,,3,19307.67,9653.835,0,0,0,0,0,0.0,0.0,0.0
MCH7597,Vohra-Mitter,TRANSPORT,3,31125.43,10375.143333333333,0,0,0,0,0,0.0,0.0,0.0
MCH7611,,,3,36869.88,12289.96,0,0,0,0,0,0.0,0.0,0.0
MCH7627,Lata-Ray,TRANSPORT,3,27560.38,9186.793333333333,0,0,0,0,0,0.0,0.0,0.0
MCH7628,"Mander, Guha and Varty",PHONE SERVICE,3,25185.300000000003,8395.1,0,0,0,0,0,0.0,0.0,0.0
MCH7630,"RAMA, KALITA AND JHA",TRANSPORT,3,13391.140000000003,4463.713333333334,0,0,0,0,0,0.0,0.0,0.0
MCH7645,Majumdar-Nagarajan,MEDICAL_STORE,3,39616.4,13205.466666666667,0,0,0,0,0,0.0,0.0,0.0
MCH7647,"Bala, Mody and Kumer",MEDICAL,3,50584.56,16861.52,0,0,0,0,0,0.0,0.0,0.0
MCH7652,,,3,206.34000000000015,103.17000000000007,0,0,0,0,0,0.0,0.0,0.0
MCH7653,Mishra LLC,APPAREL,3,36534.05,12178.016666666668,0,0,0,0,0,0.0,0.0,0.0
MCH7685,"Badal, Khurana and Bansal",DEPARTMENT STORE,3,39618.36,19809.18,0,0,0,0,0,0.0,0.0,0.0
MCH7687,Devan Inc,APPAREL,3,63538.87,21179.623333333333,0,0,0,0,0,0.0,0.0,0.0
MCH7696,,,3,48229.8,16076.6,0,0,0,0,0,0.0,0.0,0.0
MCH7707,,,3,50223.75,16741.25,0,0,0,0,0,0.0,0.0,0.0
MCH7720,Agate-Krishnamurthy,HOTEL_LODGING,3,39049.45,13016.483333333332,0,0,0,0,0,0.0,0.0,0.0
MCH7724,  Kapoor-Parmar  ,RETAIL,3,38574.68,19287.34,0,0,0,0,0,0.0,0.0,0.0
MCH7730,,,3,39899.65,19949.825,0,0,0,0,0,0.0,0.0,0.0
MCH7731,DalalPLC,HOTEL_LODGING,3,27511.55,9170.516666666666,0,0,0,0,0,0.0,0.0,0.0
MCH7749,"dhaliwal, chaudhari and lad",TRANSPORT,3,47604.64,15868.213333333333,0,0,0,0,0,0.0,0.0,0.0
MCH7751,"  Vig, Iyer and Andra  ",RETAIL,3,43296.66,14432.220000000001,0,0,0,0,0,0.0,0.0,0.0
MCH7753,,,3,39332.56,13110.853333333333,0,0,0,0,0,0.0,0.0,0.0
MCH7754,,,3,21966.53,10983.265,0,0,0,0,0,0.0,0.0,0.0
MCH7755,,,3,21769.05,10884.525,0,0,0,0,0,0.0,0.0,0.0
MCH7756,,,3,24117.49,24117.49,0,0,0,0,0,0.0,0.0,0.0
MCH7759,"SANKARAN, PATEL AND NARAIN",APPAREL,3,31722.329999999998,10574.109999999999,0,0,0,0,0,0.0,0.0,0.0
MCH7772,"Chatterjee, Wason and Nadkarni",DEPARTMENT STORE,3,-2040.0999999999995,-1020.0499999999997,0,0,0,0,0,0.0,0.0,0.0
MCH7799,,,3,11969.15,3989.7166666666667,0,0,0,0,0,0.0,0.0,0.0
MCH7804,Deo-Pandya,FOOD_SERVICES,3,27048.61,9016.203333333333,0,0,0,3,0,0.0,0.0,0.0
MCH7808,,,3,16259.65,5419.883333333333,0,0,0,0,0,0.0,0.0,0.0
MCH7817,Lata PLC,FOOD_SERVICES,3,24410.74,8136.913333333334,0,0,0,0,0,0.0,0.0,0.0
MCH7818,,,3,30993.190000000002,15496.595000000001,0,0,0,0,0,0.0,0.0,0.0
MCH7823,,,3,51962.88,17320.96,0,0,0,0,0,0.0,0.0,0.0
MCH7826,,,3,43438.83,14479.61,0,0,0,0,0,0.0,0.0,0.0
MCH7834,,,3,45808.31,22904.155,0,0,0,0,0,0.0,0.0,0.0
MCH7835,"DUGAR, DHAWAN AND DE",HOTEL_LODGING,3,31262.56,10420.853333333334,0,0,0,0,0,0.0,0.0,0.0
MCH7836,,,3,31975.170000000002,10658.390000000001,0,0,0,0,0,0.0,0.0,0.0
MCH7843,Rastogi-Das,FOOD_SERVICES,3,10685.25,3561.75,0,0,0,0,0,0.0,0.0,0.0
MCH7847,Ramakrishnan-Misra,GROCERY,3,38264.67,12754.89,0,0,0,0,0,0.0,0.0,0.0
MCH7854,,,3,40882.66,13627.553333333335,0,0,0,0,0,0.0,0.0,0.0
MCH7855,,,3,40243.99,13414.663333333332,0,0,0,0,0,0.0,0.0,0.0
MCH7857,,,3,34712.450000000004,11570.816666666668,0,0,0,0,0,0.0,0.0,0.0
MCH7878,,,3,24427.15,8142.383333333334,0,0,0,0,0,0.0,0.0,0.0
MCH7881,MENON PLC,DEPARTMENT STORE,3,39914.03,19957.015,0,0,0,0,0,0.0,0.0,0.0
MCH7885,Atwal-Jha,TRANSPORT,3,48071.31,16023.769999999999,0,0,0,0,0,0.0,0.0,0.0
MCH7886,,,3,49465.58,16488.52666666667,0,0,0,0,0,0.0,0.0,0.0
MCH7895,Pau PLC,MISC_RETAIL,3,29859.68,9953.226666666667,0,0,0,0,0,0.0,0.0,0.0
MCH7897,,,3,31150.06,10383.353333333334,0,0,0,0,0,0.0,0.0,0.0
MCH7909,,,3,19400.45,6466.816666666667,0,0,0,0,0,0.0,0.0,0.0
MCH7910,Shenoy LLC,FOOD_SERVICES,3,21861.21,21861.21,0,0,0,0,0,0.0,0.0,0.0
MCH7912,Sarma-Arya,APPAREL,3,38758.729999999996,12919.576666666666,0,0,0,0,0,0.0,0.0,0.0
MCH7918,Purohit LLC,BOOKS,3,10686.599999999999,3562.1999999999994,0,0,0,0,0,0.0,0.0,0.0
MCH7935,,,3,48294.130000000005,16098.043333333335,0,0,0,0,0,0.0,0.0,0.0
MCH7939,Mand LLC,FOOD_SERVICES,3,40259.35,13419.783333333333,0,0,0,0,0,0.0,0.0,0.0
MCH7941,,,3,28414.44,9471.48,0,0,0,0,0,0.0,0.0,0.0
MCH7944,Bassi-Dyal,TRANSPORT,3,24063.36,8021.12,0,0,0,0,0,0.0,0.0,0.0
MCH7945,"Barad, Wagle and Raju",PHARMACY,3,27155.25,9051.75,0,0,0,0,0,0.0,0.0,0.0
MCH7946,,,3,51251.96,17083.986666666668,0,0,0,0,0,0.0,0.0,0.0
MCH7952,,,3,58359.02,19453.006666666664,0,0,0,0,0,0.0,0.0,0.0
MCH7955,Sura Gr0up,FOOD_SERVICES,3,33318.02,16659.01,0,0,0,0,0,0.0,0.0,0.0
MCH7958,,,3,50585.21,16861.736666666668,0,0,0,0,0,0.0,0.0,0.0
MCH7974,"Verma, Koshy and Bhardwaj",GROCERY,3,26813.88,8937.960000000001,0,0,0,0,0,0.0,0.0,0.0
MCH7975,,,3,51754.53,17251.51,0,0,0,0,0,0.0,0.0,0.0
MCH7984,,,3,31187.870000000003,15593.935000000001,0,0,0,0,0,0.0,0.0,0.0
MCH7990,,,3,31385.91,15692.955,0,0,0,0,0,0.0,0.0,0.0
MCH8004,hayre-agate,MISC_RETAIL,3,13737.27,6868.635,0,0,0,0,0,0.0,0.0,0.0
MCH8008,,,3,44961.86,14987.286666666667,0,0,0,0,0,0.0,0.0,0.0
MCH8012,,,3,40599.409999999996,13533.136666666665,0,0,0,0,0,0.0,0.0,0.0
MCH8014,Mukherjee Inc,PHARMACY,3,21008.18,10504.09,0,0,0,0,0,0.0,0.0,0.0
MCH8020,,,3,5187.33,2593.665,0,0,0,0,0,0.0,0.0,0.0
MCH8033,"  Kala, Mahal and Dash  ",DEPARTMENT STORE,3,53210.72,17736.906666666666,0,0,0,3,0,0.0,0.0,0.0
MCH8034,,,3,67115.2,22371.733333333334,0,0,0,0,0,0.0,0.0,0.0
MCH8039,"Kibe,BrahmbhattandJaggi",APPAREL,3,45971.33,15323.776666666667,0,0,0,0,0,0.0,0.0,0.0
MCH8052,  Mangat-Ganesh  ,TRANSPORT,3,49209.71,16403.236666666668,0,0,0,0,0,0.0,0.0,0.0
MCH8066,Sane-Shukla,GROCERY,3,27010.75,9003.583333333334,0,0,0,0,0,0.0,0.0,0.0
MCH8068,Narula-Nadkarni,TRANSPORT,3,8065.619999999999,2688.5399999999995,0,0,0,0,0,0.0,0.0,0.0
MCH8070,,,3,28301.309999999998,9433.769999999999,0,0,0,0,0,0.0,0.0,0.0
MCH8075,,,3,42814.009999999995,21407.004999999997,0,0,0,0,0,0.0,0.0,0.0
MCH8077,,,3,40178.78,20089.39,0,0,0,0,0,0.0,0.0,0.0
MCH8078,thaman-ganguly,PHARMACY,3,32435.0,10811.666666666666,0,0,0,0,0,0.0,0.0,0.0
MCH8087,,,3,42660.05,21330.025,0,0,0,0,0,0.0,0.0,0.0
MCH8096,Srinivas-Verma,MOBILE RECHARGE,3,7488.589999999999,3744.2949999999996,0,0,0,0,0,0.0,0.0,0.0
MCH8116,,,3,21554.22,7184.740000000001,0,0,0,0,0,0.0,0.0,0.0
MCH8128,,,3,31288.36,10429.453333333333,0,0,0,0,0,0.0,0.0,0.0
MCH8139,"mani, kala and verma",DEPARTMENT STORE,3,39578.17,13192.723333333333,0,0,0,0,0,0.0,0.0,0.0
MCH8149,"Chandran, Mander and Parmar",FOOD_SERVICES,3,27516.350000000002,9172.116666666667,0,0,0,0,0,0.0,0.0,0.0
MCH8159,Yogi Group,APPAREL,3,21549.34,10774.67,0,0,0,0,0,0.0,0.0,0.0
MCH8160,Amble and Sons,APPAREL,3,20103.73,10051.865,0,0,0,0,0,0.0,0.0,0.0
MCH8161,,,3,26187.210000000003,13093.605000000001,0,0,0,0,0,0.0,0.0,0.0
MCH8168,,,3,23150.72,7716.906666666667,0,0,0,0,0,0.0,0.0,0.0
MCH8169,,,3,28984.58,9661.526666666667,0,0,0,0,0,0.0,0.0,0.0
MCH8172,,,3,59605.66,19868.553333333333,0,0,0,0,0,0.0,0.0,0.0
MCH8178,,,3,27940.449999999997,9313.483333333332,0,0,0,0,0,0.0,0.0,0.0
MCH8195,,,3,27562.65,13781.325,0,0,0,0,0,0.0,0.0,0.0
MCH8203,lad-suresh,OTHER,3,50144.14,16714.713333333333,0,0,0,0,0,0.0,0.0,0.0
MCH8213,,,3,36648.01,12216.003333333334,0,0,0,0,0,0.0,0.0,0.0
MCH8220,sarkar plc,GROCERY,3,33103.4,11034.466666666667,0,0,0,0,0,0.0,0.0,0.0
MCH8233,Patel Ltd,GROCERY,3,17437.21,5812.403333333333,0,0,0,0,0,0.0,0.0,0.0
MCH8244,,,3,43204.93,21602.465,0,0,0,0,0,0.0,0.0,0.0
MCH8248,,,3,43261.68,14420.56,0,0,0,0,0,0.0,0.0,0.0
MCH8250,,,3,33581.3,11193.766666666668,0,0,0,0,0,0.0,0.0,0.0
MCH8252,,,3,46301.5,15433.833333333334,0,0,0,0,0,0.0,0.0,0.0
MCH8260,,,3,47287.6,15762.533333333333,0,0,0,0,0,0.0,0.0,0.0
MCH8265,,,3,66458.11,22152.703333333335,0,0,0,0,0,0.0,0.0,0.0
MCH8268,Krishnamurthy-Chopra,BOOKS,3,33047.81,16523.905,0,0,0,0,0,0.0,0.0,0.0
MCH8283,Nadkarni LLC,TRAVEL,3,42186.84,14062.279999999999,0,0,0,0,0,0.0,0.0,0.0
MCH8291,walia inc,HOTEL_LODGING,3,44960.83,14986.943333333335,0,0,0,0,0,0.0,0.0,0.0
MCH8295,MAMMEN LLC,MISC_RETAIL,3,34585.18,11528.393333333333,0,0,0,0,0,0.0,0.0,0.0
MCH8297,Natarajan-Gill,MOBILE RECHARGE,3,35816.22,17908.11,0,0,0,0,0,0.0,0.0,0.0
MCH8330,trivedi-shan,FOOD_SERVICES,3,26008.65,13004.325,0,0,0,0,0,0.0,0.0,0.0
MCH8332,"Sethi, Buch and Sachdeva",HOTEL_LODGING,3,49438.28,16479.426666666666,0,0,0,0,0,0.0,0.0,0.0
MCH8337,padmanabhan-nanda,MISC_RETAIL,3,44377.880000000005,14792.626666666669,0,0,0,0,0,0.0,0.0,0.0
MCH8340,,,3,9437.0,3145.6666666666665,0,0,0,0,0,0.0,0.0,0.0
MCH8345,"Srinivas, Bali and Bhatt",HOTEL_LODGING,3,37417.02,12472.339999999998,0,0,0,3,0,0.0,0.0,0.0
MCH8352,Tailor and Sons,HOTEL_LODGING,3,25315.88,8438.626666666667,0,0,0,0,0,0.0,0.0,0.0
MCH8360,,,3,31497.700000000004,10499.233333333335,0,0,0,0,0,0.0,0.0,0.0
MCH8362,,,3,53303.96,17767.986666666668,0,0,0,0,0,0.0,0.0,0.0
MCH8371,,,3,45269.17,15089.723333333333,0,0,0,0,0,0.0,0.0,0.0
MCH8377,"Agate, Suresh and Bahri",DEPARTMENT STORE,3,41177.09,13725.696666666665,0,0,0,0,0,0.0,0.0,0.0
MCH8379,"B0rah, Kaur and Gera",PHARMACY,3,38790.9,12930.300000000001,0,0,0,0,0,0.0,0.0,0.0
MCH8416,"Bal, Kant and Gola",GROCERY,3,19276.4,6425.466666666667,0,0,0,0,0,0.0,0.0,0.0
MCH8422,Kakar-Bera,APPAREL,3,32157.06,16078.53,0,0,0,0,0,0.0,0.0,0.0
MCH8430,,,3,20249.48,10124.74,0,0,0,0,0,0.0,0.0,0.0
MCH8433,"Gill, Taneja and Bhardwaj",GROCERY,3,43538.17,14512.723333333333,0,0,0,0,0,0.0,0.0,0.0
MCH8434,,,3,5047.93,2523.965,0,0,0,0,0,0.0,0.0,0.0
MCH8438,,,3,25028.93,12514.465,0,0,0,0,0,0.0,0.0,0.0
MCH8447,,,3,51738.19,17246.063333333335,0,0,0,0,0,0.0,0.0,0.0
MCH8473,"Tella, Dara and Krish",PHONE SERVICE,3,43032.53,14344.176666666666,0,0,0,0,0,0.0,0.0,0.0
MCH8475,"Karpe, Iyer and Gole",STATIONERY,3,39410.01,13136.67,0,0,0,0,0,0.0,0.0,0.0
MCH8480,Doshi-Sarin,TRANSPORT,3,49478.51,16492.836666666666,0,0,0,0,0,0.0,0.0,0.0
MCH8503,,,3,56111.57,18703.856666666667,0,0,0,0,0,0.0,0.0,0.0
MCH8506,"HANDA, SAHNI AND SAWHNEY",TELECOM,3,13138.599999999999,6569.299999999999,0,0,0,0,0,0.0,0.0,0.0
MCH8507,,,3,29602.89,14801.445,0,0,0,0,0,0.0,0.0,0.0
MCH8516,,,3,35089.48,11696.493333333334,0,0,0,0,0,0.0,0.0,0.0
MCH8522,,,3,50936.99,16978.996666666666,0,0,0,0,0,0.0,0.0,0.0
MCH8529,Pradhan PLC,STATIONERY,3,63919.56,21306.52,0,0,0,0,0,0.0,0.0,0.0
MCH8530,Chopra-Khanna,DEPARTMENT STORE,3,31755.71,10585.236666666666,0,0,0,0,0,0.0,0.0,0.0
MCH8531,,,3,50540.8,16846.933333333334,0,0,0,0,0,0.0,0.0,0.0
MCH8546,jani plc,DEPARTMENT STORE,3,22543.29,11271.645,0,0,0,0,0,0.0,0.0,0.0
MCH8549,"Amb1e, Sangha and C0mar",TELECOM,3,37029.380000000005,18514.690000000002,0,0,0,0,0,0.0,0.0,0.0
MCH8553,"Sane, Chaudhari and Rai",PHONE SERVICE,3,22952.27,7650.756666666667,0,0,0,3,0,0.0,0.0,0.0
MCH8557,,,3,38553.82,19276.91,0,0,0,0,0,0.0,0.0,0.0
MCH8568,Krishna-Agrawal,MOBILE RECHARGE,3,25000.89,8333.63,0,0,0,3,0,0.0,0.0,0.0
MCH8570,  Reddy Ltd  ,BOOKS,3,44004.42,14668.14,0,0,0,0,0,0.0,0.0,0.0
MCH8584,,,3,51095.89,17031.963333333333,0,0,0,0,0,0.0,0.0,0.0
MCH8603,mane ltd,FOOD_SERVICES,3,24609.7,8203.233333333334,0,0,0,0,0,0.0,0.0,0.0
MCH8619,Salvi-Nazareth,GROCERY,3,35176.81,17588.405,0,0,0,0,0,0.0,0.0,0.0
MCH8643,"Kota, Aurora and Dugal",APPAREL,3,30959.28,10319.76,0,0,0,0,0,0.0,0.0,0.0
MCH8648,"KUMER, PRADHAN AND PAI",PHARMACY,3,19828.309999999998,9914.154999999999,0,0,0,0,0,0.0,0.0,0.0
MCH8649,,,3,20591.85,6863.95,0,0,0,0,0,0.0,0.0,0.0
MCH8662,,,3,31558.69,10519.563333333334,0,0,0,0,0,0.0,0.0,0.0
MCH8672,"Ganguly, Sarin and Merchant",RETAIL,3,33818.17,16909.085,0,0,0,3,0,0.0,0.0,0.0
MCH8688,,,3,21641.13,7213.71,0,0,0,0,0,0.0,0.0,0.0
MCH8697,Karnik Ltd,MISC_RETAIL,3,14750.92,4916.973333333333,0,0,0,0,0,0.0,0.0,0.0
MCH8700,,,3,33013.06,11004.353333333333,0,0,0,0,0,0.0,0.0,0.0
MCH8720,,,3,31833.379999999997,10611.126666666665,0,0,0,0,0,0.0,0.0,0.0
MCH8721,Bera-Chhabra,TRAVEL,3,-8263.11,-4131.555,0,0,0,0,0,0.0,0.0,0.0
MCH8731,,,3,-48.0,-16.0,0,0,0,0,0,0.0,0.0,0.0
MCH8732,,,3,13122.019999999999,6561.009999999999,0,0,0,0,0,0.0,0.0,0.0
MCH8736,Mitter-Sura,FOOD_SERVICES,3,41023.39,13674.463333333333,0,0,0,0,0,0.0,0.0,0.0
MCH8742,,,3,50172.53,16724.176666666666,0,0,0,0,0,0.0,0.0,0.0
MCH8743,,,3,34882.21,11627.403333333334,0,0,0,0,0,0.0,0.0,0.0
MCH8744,Prashad LLC,BOOKS,3,28887.829999999998,9629.276666666667,0,0,0,0,0,0.0,0.0,0.0
MCH8753,"Bhandari, Trivedi and Bora",TRAVEL,3,42703.090000000004,14234.363333333335,0,0,0,0,0,0.0,0.0,0.0
MCH8762,Dani-Saha,TRANSPORT,3,27093.44,9031.146666666666,0,0,0,0,0,0.0,0.0,0.0
MCH8774,,,3,66611.47,22203.823333333334,0,0,0,0,0,0.0,0.0,0.0
MCH8777,Kibe PLC,HOTEL_LODGING,3,28644.89,9548.296666666667,0,0,0,3,0,0.0,0.0,0.0
MCH8789,,,3,20646.489999999998,10323.244999999999,0,0,0,0,0,0.0,0.0,0.0
MCH8792,NagarLLC,GROCERY,3,27054.61,13527.305,0,0,0,0,0,0.0,0.0,0.0
MCH8793,,,3,22333.09,11166.545,0,0,0,0,0,0.0,0.0,0.0
MCH8804,,,3,32632.79,10877.596666666666,0,0,0,0,0,0.0,0.0,0.0
MCH8807,,,3,-1850.29,-925.145,0,0,0,0,0,0.0,0.0,0.0
MCH8814,,,3,26386.23,8795.41,0,0,0,0,0,0.0,0.0,0.0
MCH8818,,,3,28994.35,14497.175,0,0,0,0,0,0.0,0.0,0.0
MCH8822,,,3,20103.37,6701.123333333333,0,0,0,0,0,0.0,0.0,0.0
MCH8825,"mandal, chaudhari and savant",APPAREL,3,25110.519999999997,12555.259999999998,0,0,0,0,0,0.0,0.0,0.0
MCH8826,Mallick-Dasgupta,DEPARTMENT STORE,3,41608.28,13869.426666666666,0,0,0,0,0,0.0,0.0,0.0
MCH8832,Gour Ltd,BOOKS,3,39916.24,13305.413333333332,0,0,0,0,0,0.0,0.0,0.0
MCH8838,"KALA, SIDHU AND KURUVILLA",PHARMACY,3,16574.449999999997,8287.224999999999,0,0,0,3,0,0.0,0.0,0.0
MCH8847,,,3,38490.39,12830.13,0,0,0,0,0,0.0,0.0,0.0
MCH8856,,,3,35057.979999999996,11685.993333333332,0,0,0,0,0,0.0,0.0,0.0
MCH8865,Wali-Yogi,BOOKS,3,32215.96,16107.98,0,0,0,0,0,0.0,0.0,0.0
MCH8866,,,3,14778.76,14778.76,0,0,0,0,0,0.0,0.0,0.0
MCH8871,,,3,43501.759999999995,14500.586666666664,0,0,0,0,0,0.0,0.0,0.0
MCH8877,,,3,44086.68,14695.56,0,0,0,0,0,0.0,0.0,0.0
MCH8884,"Dubey, Srinivasan and Pillai",STATIONERY,3,19135.14,6378.38,0,0,0,0,0,0.0,0.0,0.0
MCH8896,Yadav-Padmanabhan,TRANSPORT,3,21571.36,7190.453333333334,0,0,0,0,0,0.0,0.0,0.0
MCH8897,,,3,17516.760000000002,5838.920000000001,0,0,0,0,0,0.0,0.0,0.0
MCH8914,,,3,38177.56,12725.853333333333,0,0,0,0,0,0.0,0.0,0.0
MCH8915,Sur Ltd,FOOD_SERVICES,3,26094.64,8698.213333333333,0,0,0,0,0,0.0,0.0,0.0
MCH8919,Parmar Ltd,TRANSPORT,3,41750.52,13916.839999999998,0,0,0,0,0,0.0,0.0,0.0
MCH8921,"Palla, Kanda and Kohli",GROCERY,3,30981.08,10327.026666666667,0,0,0,3,0,0.0,0.0,0.0
MCH8925,,,3,35539.619999999995,17769.809999999998,0,0,0,0,0,0.0,0.0,0.0
MCH8926,Roy-Nagarajan,APPAREL,3,30138.039999999997,10046.013333333332,0,0,0,0,0,0.0,0.0,0.0
MCH8930,,,3,49052.03,16350.676666666666,0,0,0,0,0,0.0,0.0,0.0
MCH8938,,,3,29030.239999999998,9676.746666666666,0,0,0,0,0,0.0,0.0,0.0
MCH8939,"DHAWAN, KAMDAR AND DALAL",FOOD_SERVICES,3,23342.260000000002,11671.130000000001,0,0,0,0,0,0.0,0.0,0.0
MCH8950,Handa Inc,TRAVEL,3,41563.05,13854.35,0,0,0,0,0,0.0,0.0,0.0
MCH8953,Narayan-Uppal,PHARMACY,3,33672.740000000005,16836.370000000003,0,0,0,0,0,0.0,0.0,0.0
MCH8961,,,3,44860.19,14953.396666666667,0,0,0,0,0,0.0,0.0,0.0
MCH8968,"Mukherjee,MorarandDesai",GROCERY,3,43774.95,14591.65,0,0,0,0,0,0.0,0.0,0.0
MCH8972,VIG INC,GROCERY,3,25116.75,12558.375,0,0,0,0,0,0.0,0.0,0.0
MCH8982,deo-nath,FOOD_SERVICES,3,56533.95,18844.649999999998,0,0,0,0,0,0.0,0.0,0.0
MCH8993,,,3,32383.510000000002,16191.755000000001,0,0,0,0,0,0.0,0.0,0.0
MCH9011,,,3,29565.61,9855.203333333333,0,0,0,0,0,0.0,0.0,0.0
MCH9013,,,3,19755.52,6585.173333333333,0,0,0,0,0,0.0,0.0,0.0
MCH9019,,,3,22502.97,7500.990000000001,0,0,0,0,0,0.0,0.0,0.0
MCH9024,,,3,45707.4,15235.800000000001,0,0,0,0,0,0.0,0.0,0.0
MCH9028,,,3,24877.92,12438.96,0,0,0,0,0,0.0,0.0,0.0
MCH9037,Varty-Vaidya,TRANSPORT,3,49697.07,16565.69,0,0,0,0,0,0.0,0.0,0.0
MCH9041,Kade-Sahota,TRANSPORT,3,55228.93,18409.643333333333,0,0,0,0,0,0.0,0.0,0.0
MCH9050,Bali Ltd,TRANSPORT,3,48033.92,16011.306666666665,0,0,0,3,0,0.0,0.0,0.0
MCH9060,"RAMASWAMY, SINGHAL AND DEEP",MISC_RETAIL,3,38482.21,12827.403333333334,0,0,0,0,0,0.0,0.0,0.0
MCH9063,"Bhatt, Sabharwal and Devi",APPAREL,3,44210.66,22105.33,0,0,0,3,0,0.0,0.0,0.0
MCH9068,Rege-Rao,HOTEL_LODGING,3,45284.119999999995,15094.706666666665,0,0,0,0,0,0.0,0.0,0.0
MCH9069,,,3,41614.04,13871.346666666666,0,0,0,0,0,0.0,0.0,0.0
MCH9073,,,3,53876.65,17958.883333333335,0,0,0,0,0,0.0,0.0,0.0
MCH9078,,,3,52142.19,17380.73,0,0,0,0,0,0.0,0.0,0.0
MCH9086,,,3,30451.22,10150.406666666668,0,0,0,0,0,0.0,0.0,0.0
MCH9088,Bhardwaj-Bala,MISC_RETAIL,3,37492.96,12497.653333333334,0,0,0,0,0,0.0,0.0,0.0
MCH9102,sastry-wali,BOOKS,3,34113.59,17056.795,0,0,0,0,0,0.0,0.0,0.0
MCH9109,"Som, Mittal and Wable",APPAREL,3,9591.720000000001,4795.860000000001,0,0,0,0,0,0.0,0.0,0.0
MCH9111,"  Dhar, Thaker and Madan  ",MISC_RETAIL,3,28443.67,9481.223333333333,0,0,0,0,0,0.0,0.0,0.0
MCH9137,Chakrabarti PLC,TRANSPORT,3,39969.96,13323.32,0,0,0,0,0,0.0,0.0,0.0
MCH9146,,,3,26885.719999999998,8961.906666666666,0,0,0,0,0,0.0,0.0,0.0
MCH9162,Shankar-Shah,MISC_RETAIL,3,35984.03,11994.676666666666,0,0,0,0,0,0.0,0.0,0.0
MCH9165,"Iyengar, Raja and Bhasin",GROCERY,3,9550.49,4775.245,0,0,0,0,0,0.0,0.0,0.0
MCH9169,,,3,20615.4,10307.7,0,0,0,0,0,0.0,0.0,0.0
MCH9172,,,3,52919.63,17639.876666666667,0,0,0,0,0,0.0,0.0,0.0
MCH9176,Jayaraman PLC,DEPARTMENT STORE,3,39250.909999999996,13083.636666666665,0,0,0,3,0,0.0,0.0,0.0
MCH9185,Om Ltd,FOOD_SERVICES,3,35899.5,11966.5,0,0,0,0,0,0.0,0.0,0.0
MCH9188,Randhawa PLC,MOBILE RECHARGE,3,36773.51,12257.836666666668,0,0,0,0,0,0.0,0.0,0.0
MCH9194,,,3,12030.77,6015.385,0,0,0,0,0,0.0,0.0,0.0
MCH9205,Lala Ltd,TRANSPORT,3,41754.6,13918.199999999999,0,0,0,3,0,0.0,0.0,0.0
MCH9207,"JANI, MITTAL AND NARASIMHAN",GROCERY,3,34281.68,17140.84,0,0,0,0,0,0.0,0.0,0.0
MCH9214,,,3,17075.67,5691.889999999999,0,0,0,0,0,0.0,0.0,0.0
MCH9230,,,3,11484.36,5742.18,0,0,0,0,0,0.0,0.0,0.0
MCH9232,Ahuja-Chaudhry,TRANSPORT,3,15263.77,7631.885,0,0,0,0,0,0.0,0.0,0.0
MCH9237,GOKHALE INC,MEDICAL_STORE,3,49303.7,16434.566666666666,0,0,0,0,0,0.0,0.0,0.0
MCH9243,,,3,35799.09,11933.029999999999,0,0,0,0,0,0.0,0.0,0.0
MCH9249,"Aggarwal, Agarwal and Naidu",APPAREL,3,44297.130000000005,14765.710000000001,0,0,0,0,0,0.0,0.0,0.0
MCH9255,"Hegde, Dass and Sehgal",APPAREL,3,37647.66,12549.220000000001,0,0,0,0,0,0.0,0.0,0.0
MCH9282,,,3,9173.59,4586.795,0,0,0,0,0,0.0,0.0,0.0
MCH9287,Sathe Group,MOBILE RECHARGE,3,38530.14,19265.07,0,0,0,0,0,0.0,0.0,0.0
MCH9288,,,3,25392.18,8464.06,0,0,0,0,0,0.0,0.0,0.0
MCH9289,LALL LLC,HOTEL_LODGING,3,43037.97,14345.99,0,0,0,0,0,0.0,0.0,0.0
MCH9291,"Mukhopadhyay, Dua and Dada",APPAREL,3,20252.79,6750.93,0,0,0,0,0,0.0,0.0,0.0
MCH9311,Sathe Group,BOOKS,3,23395.449999999997,7798.483333333333,0,0,0,0,0,0.0,0.0,0.0
MCH9314,,,3,17856.010000000002,5952.003333333334,0,0,0,0,0,0.0,0.0,0.0
MCH9325,"  Patel, Parikh and Kaul  ",TELECOM,3,29472.940000000002,14736.470000000001,0,0,0,0,0,0.0,0.0,0.0
MCH9328,,,3,31151.38,10383.793333333333,0,0,0,0,0,0.0,0.0,0.0
MCH9334,,,3,31230.75,10410.25,0,0,0,0,0,0.0,0.0,0.0
MCH9335,srinivasan-shere,DEPARTMENT STORE,3,62956.66,20985.553333333333,0,0,0,0,0,0.0,0.0,0.0
MCH9344,,,3,45052.32,15017.44,0,0,0,0,0,0.0,0.0,0.0
MCH9353,"Baral, Raj and Mishra",GROCERY,3,24292.3,8097.433333333333,0,0,0,0,0,0.0,0.0,0.0
MCH9360,,,3,27384.96,9128.32,0,0,0,0,0,0.0,0.0,0.0
MCH9362,"Lala, Oza and Chahal",PHARMACY,3,57885.96,19295.32,0,0,0,0,0,0.0,0.0,0.0
MCH9367,Luthra and Sons,BOOKS,3,41373.68,13791.226666666667,0,0,0,0,0,0.0,0.0,0.0
MCH9372,,,3,19246.120000000003,9623.060000000001,0,0,0,0,0,0.0,0.0,0.0
MCH9390,"Minhas,PauandNarayanan",TRAVEL,3,30842.49,10280.83,0,0,0,0,0,0.0,0.0,0.0
MCH9420,,,3,15613.48,7806.74,0,0,0,0,0,0.0,0.0,0.0
MCH9436,,,3,35329.93,11776.643333333333,0,0,0,0,0,0.0,0.0,0.0
MCH9437,,,3,46791.89,15597.296666666667,0,0,0,0,0,0.0,0.0,0.0
MCH9441,,,3,47849.22,15949.74,0,0,0,0,0,0.0,0.0,0.0
MCH9459,Bala and Sons,GROCERY,3,10195.77,3398.59,0,0,0,0,0,0.0,0.0,0.0
MCH9463,Boase and Sons,BOOKS,3,48407.31,16135.769999999999,0,0,0,0,0,0.0,0.0,0.0
MCH9478,"desai, borah and dugar",OTHER,3,8421.22,4210.61,0,0,0,0,0,0.0,0.0,0.0
MCH9481,Kata LLC,PHONE SERVICE,3,33028.189999999995,11009.396666666666,0,0,0,0,0,0.0,0.0,0.0
MCH9492,Sahni-Ravel,DEPARTMENT STORE,3,36663.44,12221.146666666667,0,0,0,0,0,0.0,0.0,0.0
MCH9505,,,3,35331.74,11777.246666666666,0,0,0,0,0,0.0,0.0,0.0
MCH9515,,,3,33331.64,11110.546666666667,0,0,0,0,0,0.0,0.0,0.0
MCH9516,"SULE, BORRA AND RATTAN",FOOD_SERVICES,3,50382.33,16794.11,0,0,0,0,0,0.0,0.0,0.0
MCH9529,Dubey Inc,MOBILE RECHARGE,3,46374.810000000005,15458.270000000002,0,0,0,0,0,0.0,0.0,0.0
MCH9547,Anne-Narasimhan,DEPARTMENT STORE,3,34182.46,11394.153333333334,0,0,0,0,0,0.0,0.0,0.0
MCH9551,Chaudhari-Dugar,BOOKS,3,53766.840000000004,17922.280000000002,0,0,0,0,0,0.0,0.0,0.0
MCH9581,,,3,36184.16,18092.08,0,0,0,0,0,0.0,0.0,0.0
MCH9597,,,3,50436.35,16812.116666666665,0,0,0,0,0,0.0,0.0,0.0
MCH9599,,,3,37429.38,12476.46,0,0,0,0,0,0.0,0.0,0.0
MCH9612,,,3,35083.55,11694.516666666668,0,0,0,0,0,0.0,0.0,0.0
MCH9616,,,3,28447.660000000003,9482.553333333335,0,0,0,0,0,0.0,0.0,0.0
MCH9625,tripathi plc,PHONE SERVICE,3,29338.25,9779.416666666666,0,0,0,0,0,0.0,0.0,0.0
MCH9632,KADE-SHERE,DEPARTMENT STORE,3,47946.97,15982.323333333334,0,0,0,0,0,0.0,0.0,0.0
MCH9635,Konda-Verma,BOOKS,3,40716.86,13572.286666666667,0,0,0,0,0,0.0,0.0,0.0
MCH9637,,,3,48894.56,24447.28,0,0,0,0,0,0.0,0.0,0.0
MCH9640,Basu Group,DEPARTMENT STORE,3,47101.509999999995,15700.503333333332,0,0,0,0,0,0.0,0.0,0.0
MCH9646,,,3,41771.46,13923.82,0,0,0,0,0,0.0,0.0,0.0
MCH9650,,,3,33527.54,11175.846666666666,0,0,0,0,0,0.0,0.0,0.0
MCH9653,,,3,26162.559999999998,8720.853333333333,0,0,0,0,0,0.0,0.0,0.0
MCH9655,,,3,30732.260000000002,15366.130000000001,0,0,0,0,0,0.0,0.0,0.0
MCH9661,Ramanathan Group,HOTEL_LODGING,3,34696.55,11565.516666666668,0,0,0,0,0,0.0,0.0,0.0
MCH9668,,,3,8741.51,2913.8366666666666,0,0,0,0,0,0.0,0.0,0.0
MCH9671,,,3,45822.729999999996,15274.243333333332,0,0,0,0,0,0.0,0.0,0.0
MCH9677,,,3,30902.77,15451.385,0,0,0,0,0,0.0,0.0,0.0
MCH9679,RAMAN LTD,HOTEL_LODGING,3,6379.6900000000005,3189.8450000000003,0,0,0,0,0,0.0,0.0,0.0
MCH9680,,,3,25162.41,8387.47,0,0,0,0,0,0.0,0.0,0.0
MCH9689,,,3,9943.739999999998,3314.5799999999995,0,0,0,0,0,0.0,0.0,0.0
MCH9697,Walla Ltd,TELECOM,3,8072.91,4036.455,0,0,0,0,0,0.0,0.0,0.0
MCH9698,,,3,24455.37,8151.79,0,0,0,0,0,0.0,0.0,0.0
MCH9717,,,3,28664.35,9554.783333333333,0,0,0,0,0,0.0,0.0,0.0
MCH9720,Hayre Ltd,STATIONERY,3,42225.63,14075.21,0,0,0,0,0,0.0,0.0,0.0
MCH9726,,,3,33755.32,16877.66,0,0,0,0,0,0.0,0.0,0.0
MCH9732,Pal-Kaur,APPAREL,3,8308.27,4154.135,0,0,0,0,0,0.0,0.0,0.0
MCH9738,Barman-Rastogi,GROCERY,3,12788.170000000002,6394.085000000001,0,0,0,0,0,0.0,0.0,0.0
MCH9751,Memon-Sinha,FOOD_SERVICES,3,27838.719999999998,9279.573333333332,0,0,0,0,0,0.0,0.0,0.0
MCH9764,More-Bhavsar,PHARMACY,3,34323.899999999994,11441.299999999997,0,0,0,0,0,0.0,0.0,0.0
MCH9767,,,3,55252.42,18417.47333333333,0,0,0,0,0,0.0,0.0,0.0
MCH9768,,,3,29526.18,9842.06,0,0,0,0,0,0.0,0.0,0.0
MCH9782,"Prashad, Sura and Mutti",DEPARTMENT STORE,3,-4489.199999999997,-1496.399999999999,0,0,0,0,0,0.0,0.0,0.0
MCH9813,Modi Group,PHARMACY,3,32525.079999999998,10841.693333333333,0,0,0,3,0,0.0,0.0,0.0
MCH9827,Chaudry and Sons,DEPARTMENT STORE,3,47831.14,15943.713333333333,0,0,0,0,0,0.0,0.0,0.0
MCH9834,"Gill, Varghese and Ganesh",MEDICAL_STORE,3,35979.229999999996,17989.614999999998,0,0,0,0,0,0.0,0.0,0.0
MCH9848,B0rde Inc,RETAIL,3,53306.990000000005,17768.99666666667,0,0,0,0,0,0.0,0.0,0.0
MCH9863,,,3,31575.28,10525.093333333332,0,0,0,0,0,0.0,0.0,0.0
MCH9864,,,3,29457.269999999997,9819.089999999998,0,0,0,0,0,0.0,0.0,0.0
MCH9871,,,3,33477.56,11159.186666666666,0,0,0,0,0,0.0,0.0,0.0
MCH9880,,,3,35994.729999999996,11998.243333333332,0,0,0,0,0,0.0,0.0,0.0
MCH9884,Sidhu Group,HOTEL_LODGING,3,43657.79,14552.596666666666,0,0,0,0,0,0.0,0.0,0.0
MCH9892,,,3,9421.85,3140.616666666667,0,0,0,0,0,0.0,0.0,0.0
MCH9899,,,3,42918.81,14306.269999999999,0,0,0,0,0,0.0,0.0,0.0
MCH9900,,,3,12973.839999999998,4324.613333333333,0,0,0,0,0,0.0,0.0,0.0
MCH9903,,,3,18270.17,6090.056666666666,0,0,0,0,0,0.0,0.0,0.0
MCH9912,,,3,23870.33,7956.776666666668,0,0,0,0,0,0.0,0.0,0.0
MCH9918,"Jha, Kumer and Srivastava",APPAREL,3,43498.68,14499.56,0,0,0,0,0,0.0,0.0,0.0
MCH9922,Chand-Jain,GROCERY,3,36434.770000000004,12144.923333333334,0,0,0,0,0,0.0,0.0,0.0
MCH9929,,,3,16314.87,5438.29,0,0,0,0,0,0.0,0.0,0.0
MCH9931,"Wadhwa, Loyal and Bhat",TELECOM,3,12501.6,6250.8,0,0,0,0,0,0.0,0.0,0.0
MCH9936,,,3,29210.72,9736.906666666668,0,0,0,0,0,0.0,0.0,0.0
MCH9940,"Thakur, Chokshi and Char",APPAREL,3,48092.75,16030.916666666666,0,0,0,0,0,0.0,0.0,0.0
MCH9948,,,3,19973.27,19973.27,0,0,0,0,0,0.0,0.0,0.0
MCH9949,Lanka Ltd,TRAVEL,3,19974.89,9987.445,0,0,0,0,0,0.0,0.0,0.0
MCH9950,,,3,31410.02,10470.006666666666,0,0,0,0,0,0.0,0.0,0.0
MCH9954,"Dutta, J0ha1 and Char",APPAREL,3,38701.81,12900.603333333333,0,0,0,0,0,0.0,0.0,0.0
MCH9961,,,3,52002.229999999996,17334.076666666664,0,0,0,0,0,0.0,0.0,0.0
MCH1003,"Nayar, Batta and Barad",APPAREL,2,18029.879999999997,9014.939999999999,0,0,0,0,0,0.0,0.0,0.0
MCH1004,Pillai-Mohan,TRAVEL,2,9870.740000000002,4935.370000000001,0,0,0,0,0,0.0,0.0,0.0
MCH1005,SAGAR AND SONS,MEDICAL_STORE,2,14599.21,7299.605,0,0,0,0,0,0.0,0.0,0.0
MCH1006,,,2,13964.060000000001,6982.030000000001,0,0,0,0,0,0.0,0.0,0.0
MCH1009,Bha11a-Dave,TRANSPORT,2,32937.47,16468.735,0,0,0,0,0,0.0,0.0,0.0
MCH1016,"Reddy, Amble and Parmar",TELECOM,2,30550.47,15275.235,0,0,0,0,0,0.0,0.0,0.0
MCH1020,Garg-Kale,TRANSPORT,2,22912.47,11456.235,0,0,0,0,0,0.0,0.0,0.0
MCH1022,Ramesh-Bhat,OTHER,2,35774.61,17887.305,0,0,0,0,0,0.0,0.0,0.0
MCH1024,,,2,22788.01,11394.005,0,0,0,0,0,0.0,0.0,0.0
MCH1034,DEVI-CHAUDHARI,HOTEL_LODGING,2,9679.1,4839.55,0,0,0,0,0,0.0,0.0,0.0
MCH1047,Rana-Aurora,TELECOM,2,16082.83,8041.415,0,0,0,0,0,0.0,0.0,0.0
MCH1055,Dhingra-Kapoor,RETAIL,2,27225.28,13612.64,0,0,0,0,0,0.0,0.0,0.0
MCH1056,Mital-Jhaveri,DEPARTMENT STORE,2,25903.170000000002,12951.585000000001,0,0,0,0,0,0.0,0.0,0.0
MCH1062,,,2,16069.170000000002,8034.585000000001,0,0,0,0,0,0.0,0.0,0.0
MCH1063,"Samra, Sur and Venkataraman",MISC_RETAIL,2,37797.42,18898.71,0,0,0,0,0,0.0,0.0,0.0
MCH1100,swamy inc,RETAIL,2,24870.09,12435.045,0,0,0,2,0,0.0,0.0,0.0
MCH1103,,,2,13854.54,6927.27,0,0,0,0,0,0.0,0.0,0.0
MCH1128,Natt-Keer,MISC_RETAIL,2,4003.8500000000004,2001.9250000000002,0,0,0,0,0,0.0,0.0,0.0
MCH1130,"K0thari, Singh and Sura",DEPARTMENT STORE,2,28180.04,14090.02,0,0,0,0,0,0.0,0.0,0.0
MCH1132,Cheema Inc,MISC_RETAIL,2,18170.32,9085.16,0,0,0,0,0,0.0,0.0,0.0
MCH1134,"Sani, Uppal and Pillai",PHARMACY,2,23434.6,11717.3,0,0,0,0,0,0.0,0.0,0.0
MCH1136,"bahri, kanda and seth",BOOKS,2,30824.799999999996,15412.399999999998,0,0,0,0,0,0.0,0.0,0.0
MCH1148,Deep-Manda,TRANSPORT,2,24264.29,12132.145,0,0,0,0,0,0.0,0.0,0.0
MCH1155,Sha LLC,TRANSPORT,2,-3913.1399999999994,-1956.5699999999997,0,0,0,0,0,0.0,0.0,0.0
MCH1156,,,2,16735.89,8367.945,0,0,0,0,0,0.0,0.0,0.0
MCH1158,,,2,7604.06,3802.03,0,0,0,0,0,0.0,0.0,0.0
MCH1159,Sabharwal-Gole,TELECOM,2,22642.06,11321.03,0,0,0,0,0,0.0,0.0,0.0
MCH1161,"Kuruvilla, Pall and Ravel",GROCERY,2,30372.559999999998,15186.279999999999,0,0,0,0,0,0.0,0.0,0.0
MCH1165,,,2,12593.93,12593.93,0,0,0,0,0,0.0,0.0,0.0
MCH1167,,,2,23441.03,11720.515,0,0,0,0,0,0.0,0.0,0.0
MCH1172,,,2,11474.62,11474.62,0,0,0,0,0,0.0,0.0,0.0
MCH1174,,,2,-14466.0,-7233.0,0,0,0,0,0,0.0,0.0,0.0
MCH1185,"Buch, Barad and Toor",OTHER,2,32752.04,16376.02,0,0,0,0,0,0.0,0.0,0.0
MCH1188,M0rar Ltd,PHARMACY,2,19562.15,9781.075,0,0,0,0,0,0.0,0.0,0.0
MCH1190,,,2,8321.18,4160.59,0,0,0,0,0,0.0,0.0,0.0
MCH1198,,,2,27661.93,13830.965,0,0,0,0,0,0.0,0.0,0.0
MCH1200,  Vora and Sons  ,APPAREL,2,8454.16,8454.16,0,0,0,0,0,0.0,0.0,0.0
MCH1213,Ray LLC,PHARMACY,2,27778.83,13889.415,0,0,0,0,0,0.0,0.0,0.0
MCH1215,,,2,29019.82,14509.91,0,0,0,0,0,0.0,0.0,0.0
MCH1216,"Agarwal, Dave and Vala",HOTEL_LODGING,2,10757.02,5378.51,0,0,0,0,0,0.0,0.0,0.0
MCH1219,Khare-Puri,FOOD_SERVICES,2,36141.869999999995,18070.934999999998,0,0,0,0,0,0.0,0.0,0.0
MCH1222,Dass-Dugar,GROCERY,2,28402.3,14201.15,0,0,0,0,0,0.0,0.0,0.0
MCH1231,,,2,24485.5,12242.75,0,0,0,0,0,0.0,0.0,0.0
MCH1232,,,2,27975.33,13987.665,0,0,0,0,0,0.0,0.0,0.0
MCH1241,,,2,9562.58,9562.58,0,0,0,0,0,0.0,0.0,0.0
MCH1242,,,2,20070.11,10035.055,0,0,0,0,0,0.0,0.0,0.0
MCH1250,Ben-Thaman,GROCERY,2,19895.079999999998,9947.539999999999,0,0,0,0,0,0.0,0.0,0.0
MCH1266,,,2,23593.190000000002,11796.595000000001,0,0,0,0,0,0.0,0.0,0.0
MCH1268,Vyas Ltd,RETAIL,2,23332.13,23332.13,0,0,0,0,0,0.0,0.0,0.0
MCH1271,,,2,23677.14,11838.57,0,0,0,0,0,0.0,0.0,0.0
MCH1272,  Garg Inc  ,TRANSPORT,2,16220.59,16220.59,0,0,0,0,0,0.0,0.0,0.0
MCH1282,,,2,19846.23,19846.23,0,0,0,0,0,0.0,0.0,0.0
MCH1285,hayer plc,MEDICAL,2,37871.020000000004,18935.510000000002,0,0,0,0,0,0.0,0.0,0.0
MCH1293,"Kohli, Rajan and Nair",APPAREL,2,17012.71,8506.355,0,0,0,0,0,0.0,0.0,0.0
MCH1294,Rajagopalan Group,MEDICAL,2,34821.93,17410.965,0,0,0,0,0,0.0,0.0,0.0
MCH1295,,,2,10856.18,10856.18,0,0,0,0,0,0.0,0.0,0.0
MCH1298,"Raghavan,ReddyandSangha",STATIONERY,2,13232.29,13232.29,0,0,0,0,0,0.0,0.0,0.0
MCH1306,,,2,20656.54,10328.27,0,0,0,0,0,0.0,0.0,0.0
MCH1311,"Dugal, Munshi and Kunda",TELECOM,2,8245.529999999999,4122.764999999999,0,0,0,0,0,0.0,0.0,0.0
MCH1313,,,2,39674.240000000005,19837.120000000003,0,0,0,0,0,0.0,0.0,0.0
MCH1315,,,2,32749.0,16374.5,0,0,0,0,0,0.0,0.0,0.0
MCH1317,,,2,33698.71,16849.355,0,0,0,0,0,0.0,0.0,0.0
MCH1319,,,2,40970.31,20485.155,0,0,0,0,0,0.0,0.0,0.0
MCH1322,,,2,32346.15,16173.075,0,0,0,0,0,0.0,0.0,0.0
MCH1324,"EDWIN, SAVANT AND TANDON",HOTEL_LODGING,2,18877.75,9438.875,0,0,0,0,0,0.0,0.0,0.0
MCH1326,"Chaudhry, Agrawa1 and Sridhar",BOOKS,2,15542.54,7771.27,0,0,0,0,0,0.0,0.0,0.0
MCH1333,Sastry PLC,PHONE SERVICE,2,4670.91,4670.91,0,0,0,0,0,0.0,0.0,0.0
MCH1335,"Wagle, Kamdar and Mallick",HOTEL_LODGING,2,10978.64,5489.32,0,0,0,2,0,0.0,0.0,0.0
MCH1337,,,2,5637.93,5637.93,0,0,0,0,0,0.0,0.0,0.0
MCH1338,,,2,22507.38,11253.69,0,0,0,0,0,0.0,0.0,0.0
MCH1344,,,2,27578.97,13789.485,0,0,0,0,0,0.0,0.0,0.0
MCH1350,"KRISHNAMURTHY, DUTT AND SURA",PHONE SERVICE,2,34830.409999999996,17415.204999999998,0,0,0,0,0,0.0,0.0,0.0
MCH1352,MUKHERJEE-SETHI,FOOD_SERVICES,2,11455.79,11455.79,0,0,0,0,0,0.0,0.0,0.0
MCH1360,,,2,187.22,187.22,0,0,0,0,0,0.0,0.0,0.0
MCH1383,dubey group,GROCERY,2,1268.57,1268.57,0,0,0,0,0,0.0,0.0,0.0
MCH1385,,,2,33196.94,16598.47,0,0,0,0,0,0.0,0.0,0.0
MCH1386,,,2,19278.02,9639.01,0,0,0,0,0,0.0,0.0,0.0
MCH1387,HANDA-TALWAR,TRAVEL,2,28445.72,14222.86,0,0,0,0,0,0.0,0.0,0.0
MCH1390,,,2,26695.22,13347.61,0,0,0,0,0,0.0,0.0,0.0
MCH1391,,,2,36336.490000000005,18168.245000000003,0,0,0,0,0,0.0,0.0,0.0
MCH1394,,,2,8917.51,4458.755,0,0,0,0,0,0.0,0.0,0.0
MCH1399,,,2,27958.61,13979.305,0,0,0,0,0,0.0,0.0,0.0
MCH1402,,,2,21154.829999999998,10577.414999999999,0,0,0,0,0,0.0,0.0,0.0
MCH1405,Sawhney-Naru1a,MEDICAL_STORE,2,40855.869999999995,20427.934999999998,0,0,0,2,0,0.0,0.0,0.0
MCH1406,Parmer-Goswami,HOTEL_LODGING,2,10790.83,10790.83,0,0,0,0,0,0.0,0.0,0.0
MCH1408,,,2,29570.84,14785.42,0,0,0,0,0,0.0,0.0,0.0
MCH1411,,,2,23184.92,11592.46,0,0,0,0,0,0.0,0.0,0.0
MCH1413,,,2,20951.7,10475.85,0,0,0,0,0,0.0,0.0,0.0
MCH1415,,,2,21461.27,10730.635,0,0,0,0,0,0.0,0.0,0.0
MCH1419,,,2,30698.16,15349.08,0,0,0,0,0,0.0,0.0,0.0
MCH1423,,,2,15958.02,7979.01,0,0,0,0,0,0.0,0.0,0.0
MCH1427,,,2,20139.96,10069.98,0,0,0,0,0,0.0,0.0,0.0
MCH1440,,,2,29177.48,14588.74,0,0,0,0,0,0.0,0.0,0.0
MCH1442,  Wadhwa-Walla  ,HOTEL_LODGING,2,0.0,,0,0,0,0,0,0.0,0.0,0.0
MCH1445,Wali PLC,GROCERY,2,19229.71,9614.855,0,0,0,0,0,0.0,0.0,0.0
MCH1451,,,2,11155.68,11155.68,0,0,0,0,0,0.0,0.0,0.0
MCH1461,,,2,16080.5,8040.25,0,0,0,0,0,0.0,0.0,0.0
MCH1464,,,2,26584.04,13292.02,0,0,0,0,0,0.0,0.0,0.0
MCH1470,,,2,12572.82,6286.41,0,0,0,0,0,0.0,0.0,0.0
MCH1471,,,2,18705.12,9352.56,0,0,0,0,0,0.0,0.0,0.0
MCH1475,"Bora, Bhakta and Aurora",DEPARTMENT STORE,2,9564.6,4782.3,0,0,0,0,0,0.0,0.0,0.0
MCH1477,Ahluwalia-Devan,MEDICAL_STORE,2,26984.47,13492.235,0,0,0,0,0,0.0,0.0,0.0
MCH1483,Mohan-Kari,BOOKS,2,36582.4,18291.2,0,0,0,0,0,0.0,0.0,0.0
MCH1504,,,2,21879.59,21879.59,0,0,0,0,0,0.0,0.0,0.0
MCH1510,,,2,9546.6,9546.6,0,0,0,0,0,0.0,0.0,0.0
MCH1520,,,2,12302.25,6151.125,0,0,0,0,0,0.0,0.0,0.0
MCH1532,,,2,8362.75,8362.75,0,0,0,0,0,0.0,0.0,0.0
MCH1534,,,2,12633.26,6316.63,0,0,0,0,0,0.0,0.0,0.0
MCH1535,,,2,32493.440000000002,16246.720000000001,0,0,0,0,0,0.0,0.0,0.0
MCH1536,,,2,35447.14,17723.57,0,0,0,0,0,0.0,0.0,0.0
MCH1541,Bhattacharyya-Hans,HOTEL_LODGING,2,20028.31,10014.155,0,0,0,0,0,0.0,0.0,0.0
MCH1548,,,2,37740.69,18870.345,0,0,0,0,0,0.0,0.0,0.0
MCH1549,,,2,24354.35,12177.175,0,0,0,0,0,0.0,0.0,0.0
MCH1551,malhotra-subramanian,FOOD_SERVICES,2,28629.1,14314.55,0,0,0,0,0,0.0,0.0,0.0
MCH1561,Gera-Kota,BOOKS,2,37091.94,18545.97,0,0,0,0,0,0.0,0.0,0.0
MCH1567,  Samra PLC  ,APPAREL,2,3099.73,1549.865,0,0,0,0,0,0.0,0.0,0.0
MCH1568,Chandran Ltd,HOTEL_LODGING,2,42361.42,21180.71,0,0,0,0,0,0.0,0.0,0.0
MCH1569,"Bal, Wali and Sheth",MOBILE RECHARGE,2,18507.47,9253.735,0,0,0,0,0,0.0,0.0,0.0
MCH1571,"Rao, Viswanathan and Joshi",TRANSPORT,2,34583.45,17291.725,0,0,0,0,0,0.0,0.0,0.0
MCH1575,,,2,10674.11,5337.055,0,0,0,0,0,0.0,0.0,0.0
MCH1580,"  Subramaniam, Krishnamurthy and Din  ",MISC_RETAIL,2,36620.44,18310.22,0,0,0,0,0,0.0,0.0,0.0
MCH1596,,,2,25347.11,12673.555,0,0,0,0,0,0.0,0.0,0.0
MCH1597,,,2,14060.4,7030.2,0,0,0,0,0,0.0,0.0,0.0
MCH1598,,,2,27080.34,13540.17,0,0,0,0,0,0.0,0.0,0.0
MCH1599,RASTOGI-KUMER,DEPARTMENT STORE,2,15645.01,15645.01,0,0,0,0,0,0.0,0.0,0.0
MCH1602,,,2,42859.43,21429.715,0,0,0,0,0,0.0,0.0,0.0
MCH1607,,,2,23864.08,11932.04,0,0,0,0,0,0.0,0.0,0.0
MCH1611,Karan-Kibe,GROCERY,2,28691.14,14345.57,0,0,0,0,0,0.0,0.0,0.0
MCH1622,,,2,16579.05,16579.05,0,0,0,0,0,0.0,0.0,0.0
MCH1626,,,2,31413.8,15706.9,0,0,0,0,0,0.0,0.0,0.0
MCH1627,DUA LTD,MISC_RETAIL,2,22298.17,11149.085,0,0,0,0,0,0.0,0.0,0.0
MCH1628,,,2,44396.59,22198.295,0,0,0,0,0,0.0,0.0,0.0
MCH1631,,,2,11188.1,11188.1,0,0,0,0,0,0.0,0.0,0.0
MCH1634,,,2,18613.04,18613.04,0,0,0,0,0,0.0,0.0,0.0
MCH1637,,,2,9536.279999999999,4768.139999999999,0,0,0,0,0,0.0,0.0,0.0
MCH1639,Halder Inc,GROCERY,2,17528.65,8764.325,0,0,0,0,0,0.0,0.0,0.0
MCH1645,,,2,6777.45,6777.45,0,0,0,0,0,0.0,0.0,0.0
MCH1648,,,2,28081.06,14040.53,0,0,0,0,0,0.0,0.0,0.0
MCH1653,  Mitra Inc  ,HOTEL_LODGING,2,23881.15,11940.575,0,0,0,0,0,0.0,0.0,0.0
MCH1656,Dhar PLC,DEPARTMENT STORE,2,9156.67,9156.67,0,0,0,0,0,0.0,0.0,0.0
MCH1660,,,2,35831.38,17915.69,0,0,0,0,0,0.0,0.0,0.0
MCH1663,"Edwin, Kala and Barad",TRANSPORT,2,42118.62,21059.31,0,0,0,0,0,0.0,0.0,0.0
MCH1664,Karan Ltd,TRAVEL,2,34642.7,17321.35,0,0,0,0,0,0.0,0.0,0.0
MCH1668,,,2,17613.670000000002,8806.835000000001,0,0,0,0,0,0.0,0.0,0.0
MCH1669,,,2,28696.129999999997,14348.064999999999,0,0,0,0,0,0.0,0.0,0.0
MCH1675,"sarma, saxena and chandran",DEPARTMENT STORE,2,25225.8,12612.9,0,0,0,2,0,0.0,0.0,0.0
MCH1680,"Dube, Sekhon and Nagarajan",APPAREL,2,37415.79,18707.895,0,0,0,0,0,0.0,0.0,0.0
MCH1686,Chokshi and Sons,STATIONERY,2,35664.11,17832.055,0,0,0,0,0,0.0,0.0,0.0
MCH1689,,,2,18345.39,9172.695,0,0,0,0,0,0.0,0.0,0.0
MCH1694,,,2,13310.36,6655.18,0,0,0,0,0,0.0,0.0,0.0
MCH1696,Rai and Sons,DEPARTMENT STORE,2,14936.84,14936.84,0,0,0,0,0,0.0,0.0,0.0
MCH1697,Sodhi-Ramakrishnan,TELECOM,2,28537.73,14268.865,0,0,0,2,0,0.0,0.0,0.0
MCH1699,,,2,26615.5,13307.75,0,0,0,0,0,0.0,0.0,0.0
MCH1717,,,2,18981.09,9490.545,0,0,0,0,0,0.0,0.0,0.0
MCH1726,RAJA AND SONS,TRANSPORT,2,28851.440000000002,14425.720000000001,0,0,0,0,0,0.0,0.0,0.0
MCH1732,Badal-Chacko,TRAVEL,2,22456.59,11228.295,0,0,0,0,0,0.0,0.0,0.0
MCH1736,Barman Inc,TRANSPORT,2,17609.54,17609.54,0,0,0,0,0,0.0,0.0,0.0
MCH1749,,,2,31125.31,15562.655,0,0,0,0,0,0.0,0.0,0.0
MCH1752,,,2,15674.630000000001,7837.3150000000005,0,0,0,0,0,0.0,0.0,0.0
MCH1754,,,2,38094.619999999995,19047.309999999998,0,0,0,0,0,0.0,0.0,0.0
MCH1763,  Dhillon Ltd  ,DEPARTMENT STORE,2,8197.470000000001,4098.735000000001,0,0,0,0,0,0.0,0.0,0.0
MCH1768,"  Mody, Tata and Chatterjee  ",TRANSPORT,2,4982.6900000000005,2491.3450000000003,0,0,0,0,0,0.0,0.0,0.0
MCH1770,Prabhu Inc,GROCERY,2,27788.690000000002,13894.345000000001,0,0,0,0,0,0.0,0.0,0.0
MCH1771,,,2,24088.16,12044.08,0,0,0,0,0,0.0,0.0,0.0
MCH1773,Prakash-Malhotra,GROCERY,2,19528.29,9764.145,0,0,0,0,0,0.0,0.0,0.0
MCH1774,"chawla, luthra and kapur",PHONE SERVICE,2,31924.21,15962.105,0,0,0,0,0,0.0,0.0,0.0
MCH1777,,,2,11359.98,5679.99,0,0,0,0,0,0.0,0.0,0.0
MCH1780,,,2,11349.85,5674.925,0,0,0,0,0,0.0,0.0,0.0
MCH1793,Jaggi PLC,HOTEL_LODGING,2,22780.0,11390.0,0,0,0,0,0,0.0,0.0,0.0
MCH1794,,,2,9234.99,4617.495,0,0,0,0,0,0.0,0.0,0.0
MCH1804,,,2,5356.9,5356.9,0,0,0,0,0,0.0,0.0,0.0
MCH1806,Thaker-Dutt,APPAREL,2,12729.6,6364.8,0,0,0,0,0,0.0,0.0,0.0
MCH1809,Grewal Inc,DEPARTMENT STORE,2,14698.16,7349.08,0,0,0,0,0,0.0,0.0,0.0
MCH1812,Om PLC,FOOD_SERVICES,2,22850.57,11425.285,0,0,0,0,0,0.0,0.0,0.0
MCH1816,Aurora-Kata,RETAIL,2,34066.020000000004,17033.010000000002,0,0,0,0,0,0.0,0.0,0.0
MCH1817,Wadhwa Group,TELECOM,2,24676.769999999997,12338.384999999998,0,0,0,0,0,0.0,0.0,0.0
MCH1821,,,2,25380.719999999998,12690.359999999999,0,0,0,0,0,0.0,0.0,0.0
MCH1824,,,2,12405.86,12405.86,0,0,0,0,0,0.0,0.0,0.0
MCH1825,,,2,3192.5300000000007,1596.2650000000003,0,0,0,0,0,0.0,0.0,0.0
MCH1827,  Saha Ltd  ,OTHER,2,35763.130000000005,17881.565000000002,0,0,0,0,0,0.0,0.0,0.0
MCH1829,Ramaswamy Group,TRANSPORT,2,27279.45,13639.725,0,0,0,0,0,0.0,0.0,0.0
MCH1835,,,2,20269.739999999998,10134.869999999999,0,0,0,0,0,0.0,0.0,0.0
MCH1836,"  Nazareth, Bahl and Manda  ",GROCERY,2,14955.13,7477.565,0,0,0,0,0,0.0,0.0,0.0
MCH1851,,,2,40741.229999999996,20370.614999999998,0,0,0,0,0,0.0,0.0,0.0
MCH1852,Prabhu Group,GROCERY,2,36404.45,18202.225,0,0,0,0,0,0.0,0.0,0.0
MCH1857,,,2,16468.77,8234.385,0,0,0,0,0,0.0,0.0,0.0
MCH1863,  Sachar-Gokhale  ,BOOKS,2,26678.510000000002,13339.255000000001,0,0,0,0,0,0.0,0.0,0.0
MCH1871,,,2,28338.89,14169.445,0,0,0,0,0,0.0,0.0,0.0
MCH1883,"BAHL, KASHYAP AND SIBAL",FOOD_SERVICES,2,38737.85,19368.925,0,0,0,0,0,0.0,0.0,0.0
MCH1888,,,2,24075.379999999997,12037.689999999999,0,0,0,0,0,0.0,0.0,0.0
MCH1891,,,2,23202.9,11601.45,0,0,0,0,0,0.0,0.0,0.0
MCH1896,,,2,38168.07,19084.035,0,0,0,0,0,0.0,0.0,0.0
MCH1906,"TANEJA, MAHAJAN AND SARNA",RETAIL,2,28451.8,14225.9,0,0,0,0,0,0.0,0.0,0.0
MCH1909,murthy and sons,BOOKS,2,23668.23,11834.115,0,0,0,0,0,0.0,0.0,0.0
MCH1913,"Sandal, Srinivas and Lata",PHARMACY,2,10989.02,5494.51,0,0,0,0,0,0.0,0.0,0.0
MCH1915,,,2,23514.33,11757.165,0,0,0,0,0,0.0,0.0,0.0
MCH1918,,,2,0.0,,0,0,0,0,0,0.0,0.0,0.0
MCH1920,,,2,12652.34,6326.17,0,0,0,0,0,0.0,0.0,0.0
MCH1923,Barad-Devan,APPAREL,2,27332.88,13666.44,0,0,0,0,0,0.0,0.0,0.0
MCH1927,,,2,23191.739999999998,11595.869999999999,0,0,0,0,0,0.0,0.0,0.0
MCH1931,,,2,13564.24,13564.24,0,0,0,0,0,0.0,0.0,0.0
MCH1932,,,2,38513.59,19256.795,0,0,0,0,0,0.0,0.0,0.0
MCH1933,,,2,34334.54,17167.27,0,0,0,0,0,0.0,0.0,0.0
MCH1935,,,2,7959.91,3979.955,0,0,0,0,0,0.0,0.0,0.0
MCH1939,"Lal,SahniandChopra",HOTEL_LODGING,2,27147.32,13573.66,0,0,0,0,0,0.0,0.0,0.0
MCH1950,,,2,33720.29,16860.145,0,0,0,0,0,0.0,0.0,0.0
MCH1954,"Kunda, Kata and Shetty",TELECOM,2,13773.64,13773.64,0,0,0,0,0,0.0,0.0,0.0
MCH1961,,,2,27969.56,13984.78,0,0,0,0,0,0.0,0.0,0.0
MCH1972,,,2,24065.3,12032.65,0,0,0,0,0,0.0,0.0,0.0
MCH1974,Kap00r LLC,TRANSPORT,2,22661.97,11330.985,0,0,0,0,0,0.0,0.0,0.0
MCH1977,Mukherjee-Menon,DEPARTMENT STORE,2,12914.08,6457.04,0,0,0,0,0,0.0,0.0,0.0
MCH1980,,,2,35488.53,17744.265,0,0,0,0,0,0.0,0.0,0.0
MCH1983,,,2,18249.39,9124.695,0,0,0,0,0,0.0,0.0,0.0
MCH1984,"Lala, Wagle and Bal",APPAREL,2,33246.090000000004,16623.045000000002,0,0,0,0,0,0.0,0.0,0.0
MCH1985,,,2,9740.85,9740.85,0,0,0,0,0,0.0,0.0,0.0
MCH1986,"Bains, Chanda and Gh0sh",RETAIL,2,1022.11,1022.11,0,0,0,0,0,0.0,0.0,0.0
MCH1995,"Mand, Halder and Rajagopalan",BOOKS,2,36560.84,18280.42,0,0,0,0,0,0.0,0.0,0.0
MCH1999,,,2,23725.03,23725.03,0,0,0,0,0,0.0,0.0,0.0
MCH2009,"Tiwari, Naidu and Muni",APPAREL,2,9248.8,4624.4,0,0,0,0,0,0.0,0.0,0.0
MCH2033,"Munshi, Sundaram and Bhasin",APPAREL,2,-7823.630000000001,-3911.8150000000005,0,0,0,0,0,0.0,0.0,0.0
MCH2035,HORA-GROVER,TRANSPORT,2,16251.42,8125.71,0,0,0,0,0,0.0,0.0,0.0
MCH2038,DARA-SAMA,HOTEL_LODGING,2,-15403.48,-15403.48,0,0,0,0,0,0.0,0.0,0.0
MCH2039,,,2,19129.36,9564.68,0,0,0,0,0,0.0,0.0,0.0
MCH2046,Konda-Garde,GROCERY,2,34553.11,17276.555,0,0,0,0,0,0.0,0.0,0.0
MCH2056,"  Kadakia, Nagi and Ramakrishnan  ",APPAREL,2,39758.51,19879.255,0,0,0,0,0,0.0,0.0,0.0
MCH2057,,,2,12100.21,6050.105,0,0,0,0,0,0.0,0.0,0.0
MCH2060,Grover-Dugar,HOTEL_LODGING,2,6968.4400000000005,3484.2200000000003,0,0,0,0,0,0.0,0.0,0.0
MCH2080,,,2,25163.910000000003,12581.955000000002,0,0,0,0,0,0.0,0.0,0.0
MCH2081,Swaminathan and Sons,HOTEL_LODGING,2,32464.26,16232.13,0,0,0,0,0,0.0,0.0,0.0
MCH2085,Loke Inc,HOTEL_LODGING,2,14625.49,7312.745,0,0,0,0,0,0.0,0.0,0.0
MCH2094,,,2,13454.29,6727.145,0,0,0,0,0,0.0,0.0,0.0
MCH2095,,,2,40118.64,20059.32,0,0,0,0,0,0.0,0.0,0.0
MCH2096,"Taneja, Basu and Bal",TELECOM,2,31054.03,15527.015,0,0,0,0,0,0.0,0.0,0.0
MCH2106,"  Doctor, Karnik and Sridhar  ",MISC_RETAIL,2,14559.54,7279.77,0,0,0,0,0,0.0,0.0,0.0
MCH2119,Kashyap Ltd,APPAREL,2,32250.01,16125.005,0,0,0,0,0,0.0,0.0,0.0
MCH2120,"Yohannan, Patla and Parmer",HOTEL_LODGING,2,26189.6,13094.8,0,0,0,0,0,0.0,0.0,0.0
MCH2127,,,2,45525.74,22762.87,0,0,0,0,0,0.0,0.0,0.0
MCH2136,,,2,9832.19,4916.095,0,0,0,0,0,0.0,0.0,0.0
MCH2147,,,2,24150.93,12075.465,0,0,0,0,0,0.0,0.0,0.0
MCH2157,"Ramaswamy, Sundaram and Sachdev",TRANSPORT,2,41201.81,20600.905,0,0,0,0,0,0.0,0.0,0.0
MCH2160,,,2,10487.6,10487.6,0,0,0,0,0,0.0,0.0,0.0
MCH2165,  Venkataraman-Seshadri  ,MEDICAL_STORE,2,-4359.470000000001,-2179.7350000000006,0,0,0,0,0,0.0,0.0,0.0
MCH2167,,,2,28156.120000000003,14078.060000000001,0,0,0,0,0,0.0,0.0,0.0
MCH2170,,,2,7748.92,7748.92,0,0,0,0,0,0.0,0.0,0.0
MCH2178,,,2,30739.93,15369.965,0,0,0,0,0,0.0,0.0,0.0
MCH2185,,,2,20256.780000000002,10128.390000000001,0,0,0,0,0,0.0,0.0,0.0
MCH2186,Venkatesh and Sons,MEDICAL,2,25772.760000000002,12886.380000000001,0,0,0,0,0,0.0,0.0,0.0
MCH2188,"Sundaram, Prakash and Sheth",APPAREL,2,28878.5,14439.25,0,0,0,0,0,0.0,0.0,0.0
MCH2191,"CHOUDHRY, RAI AND CHOKSHI",BOOKS,2,35643.37,17821.685,0,0,0,0,0,0.0,0.0,0.0
MCH2198,"Arya, Dalal and Keer",FOOD_SERVICES,2,2112.73,1056.365,0,0,0,0,0,0.0,0.0,0.0
MCH2199,Subramanian Inc,DEPARTMENT STORE,2,33822.37,16911.185,0,0,0,0,0,0.0,0.0,0.0
MCH2201,"DATE, MUNI AND DASGUPTA",MISC_RETAIL,2,17207.39,8603.695,0,0,0,0,0,0.0,0.0,0.0
MCH2202,"dass, vala and goda",PHARMACY,2,29518.59,14759.295,0,0,0,0,0,0.0,0.0,0.0
MCH2203,"DAR, KHURANA AND VASA",FOOD_SERVICES,2,31522.02,15761.01,0,0,0,0,0,0.0,0.0,0.0
MCH2205,Mannan and Sons,MISC_RETAIL,2,38957.09,19478.545,0,0,0,0,0,0.0,0.0,0.0
MCH2210,,,2,31026.28,15513.14,0,0,0,0,0,0.0,0.0,0.0
MCH2226,,,2,25783.09,12891.545,0,0,0,0,0,0.0,0.0,0.0
MCH2236,Yohannan-Chada,DEPARTMENT STORE,2,15440.4,7720.2,0,0,0,2,0,0.0,0.0,0.0
MCH2237,Chatterjee-Din,TELECOM,2,0.0,,0,0,0,0,0,0.0,0.0,0.0
MCH2240,"Shenoy, Tara and Kala",MEDICAL,2,5027.91,2513.955,0,0,0,0,0,0.0,0.0,0.0
MCH2243,,,2,24611.25,12305.625,0,0,0,0,0,0.0,0.0,0.0
MCH2246,,,2,35789.11,17894.555,0,0,0,0,0,0.0,0.0,0.0
MCH2248,  Mutti-Manne  ,FOOD_SERVICES,2,26698.489999999998,13349.244999999999,0,0,0,2,0,0.0,0.0,0.0
MCH2251,,,2,23281.969999999998,11640.984999999999,0,0,0,0,0,0.0,0.0,0.0
MCH2260,,,2,12406.83,6203.415,0,0,0,0,0,0.0,0.0,0.0
MCH2261,Gr0ver Inc,FOOD_SERVICES,2,20879.83,10439.915,0,0,0,0,0,0.0,0.0,0.0
MCH2268,"  Verma, Aurora and De  ",MISC_RETAIL,2,17095.65,17095.65,0,0,0,0,0,0.0,0.0,0.0
MCH2281,,,2,40163.55,20081.775,0,0,0,0,0,0.0,0.0,0.0
MCH2282,mall group,RETAIL,2,29874.92,14937.46,0,0,0,0,0,0.0,0.0,0.0
MCH2295,,,2,25961.04,12980.52,0,0,0,0,0,0.0,0.0,0.0
MCH2296,Buch Ltd,TRANSPORT,2,7258.24,7258.24,0,0,0,0,0,0.0,0.0,0.0
MCH2297,Mutti and Sons,BOOKS,2,11382.68,5691.34,0,0,0,0,0,0.0,0.0,0.0
MCH2307,,,2,15369.92,15369.92,0,0,0,0,0,0.0,0.0,0.0
MCH2309,TripathiPLC,GROCERY,2,39843.73,19921.865,0,0,0,0,0,0.0,0.0,0.0
MCH2330,,,2,27973.7,13986.85,0,0,0,0,0,0.0,0.0,0.0
MCH2333,,,2,25604.6,12802.3,0,0,0,0,0,0.0,0.0,0.0
MCH2345,"Kibe, Verma and Koshy",PHONE SERVICE,2,4644.570000000001,2322.2850000000003,0,0,0,0,0,0.0,0.0,0.0
MCH2349,,,2,19256.199999999997,9628.099999999999,0,0,0,0,0,0.0,0.0,0.0
MCH2353,sood-vasa,GROCERY,2,17403.68,8701.84,0,0,0,0,0,0.0,0.0,0.0
MCH2365,,,2,24960.68,12480.34,0,0,0,0,0,0.0,0.0,0.0
MCH2371,,,2,9276.76,4638.38,0,0,0,0,0,0.0,0.0,0.0
MCH2392,,,2,13597.1,13597.1,0,0,0,0,0,0.0,0.0,0.0
MCH2394,RAJAGOPALAN LLC,FOOD_SERVICES,2,20824.01,20824.01,0,0,0,0,0,0.0,0.0,0.0
MCH2405,,,2,16340.829999999998,8170.414999999999,0,0,0,0,0,0.0,0.0,0.0
MCH2406,,,2,25158.32,12579.16,0,0,0,0,0,0.0,0.0,0.0
MCH2417,"Reddy, Patel and Manda",PHARMACY,2,16795.15,8397.575,0,0,0,0,0,0.0,0.0,0.0
MCH2426,,,2,34081.09,17040.545,0,0,0,0,0,0.0,0.0,0.0
MCH2434,,,2,29272.44,14636.22,0,0,0,0,0,0.0,0.0,0.0
MCH2436,SHETTY-GOUR,MISC_RETAIL,2,29569.88,14784.94,0,0,0,0,0,0.0,0.0,0.0
MCH2440,Hans-Master,HOTEL_LODGING,2,38233.94,19116.97,0,0,0,0,0,0.0,0.0,0.0
MCH2442,Gole PLC,FOOD_SERVICES,2,21587.68,10793.84,0,0,0,0,0,0.0,0.0,0.0
MCH2449,,,2,34568.82,17284.41,0,0,0,0,0,0.0,0.0,0.0
MCH2450,bail plc,FOOD_SERVICES,2,13952.1,6976.05,0,0,0,0,0,0.0,0.0,0.0
MCH2452,,,2,15284.43,7642.215,0,0,0,0,0,0.0,0.0,0.0
MCH2454,,,2,19332.69,9666.345,0,0,0,0,0,0.0,0.0,0.0
MCH2455,,,2,47692.08,23846.04,0,0,0,0,0,0.0,0.0,0.0
MCH2457,,,2,28534.120000000003,14267.060000000001,0,0,0,0,0,0.0,0.0,0.0
MCH2460,,,2,15060.08,7530.04,0,0,0,0,0,0.0,0.0,0.0
MCH2461,,,2,14407.96,7203.98,0,0,0,0,0,0.0,0.0,0.0
MCH2464,,,2,46149.990000000005,23074.995000000003,0,0,0,0,0,0.0,0.0,0.0
MCH2465,,,2,32127.37,16063.685,0,0,0,0,0,0.0,0.0,0.0
MCH2481,,,2,7302.66,7302.66,0,0,0,0,0,0.0,0.0,0.0
MCH2487,"Virk, Ganguly and Saraf",FOOD_SERVICES,2,27509.71,13754.855,0,0,0,0,0,0.0,0.0,0.0
MCH2492,Chandran Group,FOOD_SERVICES,2,11387.76,5693.88,0,0,0,0,0,0.0,0.0,0.0
MCH2493,"Tella, Lata and Tripathi",TELECOM,2,36084.8,18042.4,0,0,0,0,0,0.0,0.0,0.0
MCH2503,Ravel PLC,MOBILE RECHARGE,2,29794.909999999996,14897.454999999998,0,0,0,0,0,0.0,0.0,0.0
MCH2513,BhallaInc,APPAREL,2,15875.31,7937.655,0,0,0,0,0,0.0,0.0,0.0
MCH2517,,,2,46842.5,23421.25,0,0,0,0,0,0.0,0.0,0.0
MCH2521,,,2,13049.740000000002,6524.870000000001,0,0,0,0,0,0.0,0.0,0.0
MCH2525,NARAYAN-MALLICK,MEDICAL_STORE,2,38551.7,19275.85,0,0,0,0,0,0.0,0.0,0.0
MCH2538,,,2,27759.07,13879.535,0,0,0,0,0,0.0,0.0,0.0
MCH2544,,,2,27145.31,13572.655,0,0,0,0,0,0.0,0.0,0.0
MCH2549,,,2,28427.2,14213.6,0,0,0,0,0,0.0,0.0,0.0
MCH2561,,,2,23544.710000000003,11772.355000000001,0,0,0,0,0,0.0,0.0,0.0
MCH2564,Bumb and Sons,HOTEL_LODGING,2,9707.35,9707.35,0,0,0,0,0,0.0,0.0,0.0
MCH2565,,,2,19350.15,9675.075,0,0,0,0,0,0.0,0.0,0.0
MCH2567,"Magar, Hora and Khare",TRANSPORT,2,24043.190000000002,12021.595000000001,0,0,0,0,0,0.0,0.0,0.0
MCH2584,,,2,25817.31,12908.655,0,0,0,0,0,0.0,0.0,0.0
MCH2593,Gour Inc,MISC_RETAIL,2,14222.46,7111.23,0,0,0,0,0,0.0,0.0,0.0
MCH2601,"Mangal, Lalla and Desai",TRANSPORT,2,6323.68,3161.84,0,0,0,0,0,0.0,0.0,0.0
MCH2602,,,2,13555.27,6777.635,0,0,0,0,0,0.0,0.0,0.0
MCH2603,,,2,20281.9,10140.95,0,0,0,0,0,0.0,0.0,0.0
MCH2605,Gera-Karpe,APPAREL,2,4947.38,2473.69,0,0,0,0,0,0.0,0.0,0.0
MCH2608,"Loyal, Ghosh and Gaba",OTHER,2,21155.58,10577.79,0,0,0,0,0,0.0,0.0,0.0
MCH2611,,,2,27693.879999999997,13846.939999999999,0,0,0,0,0,0.0,0.0,0.0
MCH2614,,,2,14913.88,14913.88,0,0,0,0,0,0.0,0.0,0.0
MCH2616,,,2,44503.61,22251.805,0,0,0,0,0,0.0,0.0,0.0
MCH2621,,,2,22217.8,11108.9,0,0,0,0,0,0.0,0.0,0.0
MCH2624,Pandya Group,DEPARTMENT STORE,2,23663.24,23663.24,0,0,0,0,0,0.0,0.0,0.0
MCH2630,,,2,30461.55,15230.775,0,0,0,0,0,0.0,0.0,0.0
MCH2634,"Duga1, G0pa1 and La1a",HOTEL_LODGING,2,13375.6,6687.8,0,0,0,0,0,0.0,0.0,0.0
MCH2639,Sunder-Keer,GROCERY,2,31443.9,15721.95,0,0,0,0,0,0.0,0.0,0.0
MCH2646,Parsa-Gole,MISC_RETAIL,2,45890.869999999995,22945.434999999998,0,0,0,0,0,0.0,0.0,0.0
MCH2648,Batta LLC,MISC_RETAIL,2,25697.96,12848.98,0,0,0,0,0,0.0,0.0,0.0
MCH2656,"Patla, Deo and Babu",PHARMACY,2,6423.98,6423.98,0,0,0,0,0,0.0,0.0,0.0
MCH2657,,,2,19592.76,9796.38,0,0,0,0,0,0.0,0.0,0.0
MCH2658,"Parmar, Purohit and Bhasin",FOOD_SERVICES,2,15661.09,7830.545,0,0,0,0,0,0.0,0.0,0.0
MCH2659,,,2,19094.03,9547.015,0,0,0,0,0,0.0,0.0,0.0
MCH2662,,,2,44934.04,22467.02,0,0,0,0,0,0.0,0.0,0.0
MCH2667,,,2,43230.58,21615.29,0,0,0,0,0,0.0,0.0,0.0
MCH2672,,,2,21817.45,10908.725,0,0,0,0,0,0.0,0.0,0.0
MCH2673,,,2,21476.94,10738.47,0,0,0,0,0,0.0,0.0,0.0
MCH2680,,,2,24748.730000000003,12374.365000000002,0,0,0,0,0,0.0,0.0,0.0
MCH2686,,,2,15319.91,7659.955,0,0,0,0,0,0.0,0.0,0.0
MCH2695,Patil Inc,GROCERY,2,28857.85,14428.925,0,0,0,0,0,0.0,0.0,0.0
MCH2700,,,2,37983.66,18991.83,0,0,0,0,0,0.0,0.0,0.0
MCH2706,,,2,24621.61,24621.61,0,0,0,0,0,0.0,0.0,0.0
MCH2710,"Ramanathan, Bandi and Edwin",GROCERY,2,39224.46000000001,19612.230000000003,0,0,0,0,0,0.0,0.0,0.0
MCH2713,Dayal Group,APPAREL,2,10965.85,10965.85,0,0,0,0,0,0.0,0.0,0.0
MCH2714,,,2,18341.45,9170.725,0,0,0,0,0,0.0,0.0,0.0
MCH2715,,,2,26160.32,13080.16,0,0,0,0,0,0.0,0.0,0.0
MCH2720,,,2,667.1,667.1,0,0,0,0,0,0.0,0.0,0.0
MCH2724,Aggarwal Group,FOOD_SERVICES,2,27099.59,13549.795,0,0,0,0,0,0.0,0.0,0.0
MCH2725,Varma-Loke,FOOD_SERVICES,2,28467.61,14233.805,0,0,0,0,0,0.0,0.0,0.0
MCH2731,Krishna-Kumar,DEPARTMENT STORE,2,15697.65,15697.65,0,0,0,0,0,0.0,0.0,0.0
MCH2738,Yadav Group,OTHER,2,23101.69,11550.845,0,0,0,0,0,0.0,0.0,0.0
MCH2739,,,2,31955.0,15977.5,0,0,0,0,0,0.0,0.0,0.0
MCH2740,,,2,26539.809999999998,13269.904999999999,0,0,0,0,0,0.0,0.0,0.0
MCH2741,"Palan, Bhalla and Srinivasan",FOOD_SERVICES,2,14972.44,7486.22,0,0,0,0,0,0.0,0.0,0.0
MCH2742,"Vasa, Devan and Tandon",APPAREL,2,40995.229999999996,20497.614999999998,0,0,0,0,0,0.0,0.0,0.0
MCH2743,Joshi PLC,PHARMACY,2,22211.98,11105.99,0,0,0,0,0,0.0,0.0,0.0
MCH2746,"tella, mane and pillai",HOTEL_LODGING,2,16652.92,8326.46,0,0,0,0,0,0.0,0.0,0.0
MCH2750,Rao-Narayanan,BOOKS,2,29658.47,14829.235,0,0,0,0,0,0.0,0.0,0.0
MCH2754,Chahal Group,FOOD_SERVICES,2,40277.899999999994,20138.949999999997,0,0,0,0,0,0.0,0.0,0.0
MCH2756,,,2,39403.84,19701.92,0,0,0,0,0,0.0,0.0,0.0
MCH2761,Sabharwa1-Pati1,OTHER,2,8552.02,8552.02,0,0,0,0,0,0.0,0.0,0.0
MCH2763,Thaman-Virk,PHARMACY,2,35179.7,17589.85,0,0,0,0,0,0.0,0.0,0.0
MCH2764,"Yogi, Jani and Choudhry",PHONE SERVICE,2,10199.63,10199.63,0,0,0,0,0,0.0,0.0,0.0
MCH2766,"chakraborty, nazareth and dasgupta",GROCERY,2,9254.72,4627.36,0,0,0,0,0,0.0,0.0,0.0
MCH2767,"Patel, Jhaveri and Dugar",TELECOM,2,28022.04,14011.02,0,0,0,0,0,0.0,0.0,0.0
MCH2781,,,2,20918.289999999997,10459.144999999999,0,0,0,0,0,0.0,0.0,0.0
MCH2785,,,2,1017.94,1017.94,0,0,0,0,0,0.0,0.0,0.0
MCH2786,Gola Inc,APPAREL,2,18841.55,9420.775,0,0,0,0,0,0.0,0.0,0.0
MCH2790,,,2,18248.97,9124.485,0,0,0,0,0,0.0,0.0,0.0
MCH2792,KrishnamurthyPLC,HOTEL_LODGING,2,5881.36,5881.36,0,0,0,0,0,0.0,0.0,0.0
MCH2794,,,2,32153.64,16076.82,0,0,0,0,0,0.0,0.0,0.0
MCH2798,,,2,14523.41,14523.41,0,0,0,0,0,0.0,0.0,0.0
MCH2803,,,2,35602.41,17801.205,0,0,0,0,0,0.0,0.0,0.0
MCH2805,,,2,28728.45,14364.225,0,0,0,0,0,0.0,0.0,0.0
MCH2806,Jhaveri-Babu,HOTEL_LODGING,2,8928.16,4464.08,0,0,0,0,0,0.0,0.0,0.0
MCH2810,,,2,19521.739999999998,9760.869999999999,0,0,0,0,0,0.0,0.0,0.0
MCH2814,"SANI, KHARE AND RAMACHANDRAN",MEDICAL_STORE,2,20238.74,20238.74,0,0,0,0,0,0.0,0.0,0.0
MCH2823,,,2,16417.96,8208.98,0,0,0,0,0,0.0,0.0,0.0
MCH2825,Ku1karni Inc,PHONE SERVICE,2,20387.13,10193.565,0,0,0,0,0,0.0,0.0,0.0
MCH2832,Parmer Inc,RETAIL,2,22712.97,11356.485,0,0,0,0,0,0.0,0.0,0.0
MCH2839,"brar, varughese and cherian",GROCERY,2,28528.33,14264.165,0,0,0,0,0,0.0,0.0,0.0
MCH2840,,,2,40048.39,20024.195,0,0,0,0,0,0.0,0.0,0.0
MCH2848,,,2,31115.72,15557.86,0,0,0,0,0,0.0,0.0,0.0
MCH2852,,,2,29212.64,14606.32,0,0,0,0,0,0.0,0.0,0.0
MCH2859,"Doctor, Bir and Lanka",GROCERY,2,42451.25,21225.625,0,0,0,0,0,0.0,0.0,0.0
MCH2864,,,2,17317.51,17317.51,0,0,0,0,0,0.0,0.0,0.0
MCH2865,,,2,2611.7,2611.7,0,0,0,0,0,0.0,0.0,0.0
MCH2875,Chander-Parmer,DEPARTMENT STORE,2,17222.66,8611.33,0,0,0,0,0,0.0,0.0,0.0
MCH2877,,,2,11167.41,5583.705,0,0,0,0,0,0.0,0.0,0.0
MCH2895,,,2,4605.96,4605.96,0,0,0,0,0,0.0,0.0,0.0
MCH2905,Goyal-Gopal,MEDICAL,2,26817.28,13408.64,0,0,0,2,0,0.0,0.0,0.0
MCH2908,,,2,8986.63,8986.63,0,0,0,0,0,0.0,0.0,0.0
MCH2914,BASSI-VARGHESE,FOOD_SERVICES,2,28256.149999999998,14128.074999999999,0,0,0,0,0,0.0,0.0,0.0
MCH2918,,,2,18373.65,9186.825,0,0,0,0,0,0.0,0.0,0.0
MCH2935,,,2,38319.83,19159.915,0,0,0,0,0,0.0,0.0,0.0
MCH2946,Divan Inc,TELECOM,2,19999.79,9999.895,0,0,0,0,0,0.0,0.0,0.0
MCH2947,,,2,10020.88,10020.88,0,0,0,0,0,0.0,0.0,0.0
MCH2948,,,2,19746.24,19746.24,0,0,0,0,0,0.0,0.0,0.0
MCH2950,"Rastogi, Bhavsar and Varghese",STATIONERY,2,3161.62,3161.62,0,0,0,0,0,0.0,0.0,0.0
MCH2962,"  Bala, Grover and Dutta  ",GROCERY,2,37148.45,18574.225,0,0,0,0,0,0.0,0.0,0.0
MCH2965,shroff-prabhakar,GROCERY,2,15358.97,7679.485,0,0,0,0,0,0.0,0.0,0.0
MCH2966,,,2,13994.08,6997.04,0,0,0,0,0,0.0,0.0,0.0
MCH2972,,,2,29441.01,14720.505,0,0,0,0,0,0.0,0.0,0.0
MCH2973,"Bhargava, Dani and Krishnamurthy",TRANSPORT,2,14538.35,14538.35,0,0,0,0,0,0.0,0.0,0.0
MCH2990,Rout and Sons,HOTEL_LODGING,2,33710.12,16855.06,0,0,0,0,0,0.0,0.0,0.0
MCH2995,  Patil Ltd  ,HOTEL_LODGING,2,4615.69,4615.69,0,0,0,0,0,0.0,0.0,0.0
MCH2998,,,2,23568.489999999998,11784.244999999999,0,0,0,0,0,0.0,0.0,0.0
MCH3006,BISWAS-RAM,MISC_RETAIL,2,8402.05,8402.05,0,0,0,0,0,0.0,0.0,0.0
MCH3011,"Ahluwalia, Contractor and Comar",DEPARTMENT STORE,2,38513.42,19256.71,0,0,0,0,0,0.0,0.0,0.0
MCH3012,Sathe LLC,GROCERY,2,16407.57,8203.785,0,0,0,0,0,0.0,0.0,0.0
MCH3023,Raj-Bajwa,TRANSPORT,2,11794.85,11794.85,0,0,0,0,0,0.0,0.0,0.0
MCH3026,,,2,29104.07,14552.035,0,0,0,0,0,0.0,0.0,0.0
MCH3033,,,2,21268.59,10634.295,0,0,0,0,0,0.0,0.0,0.0
MCH3041,,,2,41709.47,20854.735,0,0,0,0,0,0.0,0.0,0.0
MCH3048,Kala Group,HOTEL_LODGING,2,22994.0,11497.0,0,0,0,0,0,0.0,0.0,0.0
MCH3053,,,2,18346.06,18346.06,0,0,0,0,0,0.0,0.0,0.0
MCH3057,Nagy-Banik,DEPARTMENT STORE,2,38387.35,19193.675,0,0,0,0,0,0.0,0.0,0.0
MCH3076,,,2,33921.94,16960.97,0,0,0,0,0,0.0,0.0,0.0
MCH3080,lad-soman,GROCERY,2,33056.89,16528.445,0,0,0,0,0,0.0,0.0,0.0
MCH3085,"SARKAR, MEMON AND MAND",TRANSPORT,2,30824.94,15412.47,0,0,0,0,0,0.0,0.0,0.0
MCH3086,Nori-Mishra,PHARMACY,2,34033.82,17016.91,0,0,0,2,0,0.0,0.0,0.0
MCH3092,"Dutta, Vasa and Jayaraman",MISC_RETAIL,2,29551.13,14775.565,0,0,0,0,0,0.0,0.0,0.0
MCH3093,"DUBE, VENKATESH AND JHA",MISC_RETAIL,2,24840.98,12420.49,0,0,0,0,0,0.0,0.0,0.0
MCH3097,,,2,42199.22,21099.61,0,0,0,0,0,0.0,0.0,0.0
MCH3100,,,2,31508.8,15754.4,0,0,0,0,0,0.0,0.0,0.0
MCH3103,,,2,-2012.3099999999995,-1006.1549999999997,0,0,0,0,0,0.0,0.0,0.0
MCH3104,,,2,8234.74,4117.37,0,0,0,0,0,0.0,0.0,0.0
MCH3109,,,2,42602.91,21301.455,0,0,0,0,0,0.0,0.0,0.0
MCH3112,,,2,24355.12,12177.56,0,0,0,0,0,0.0,0.0,0.0
MCH3113,,,2,34704.31,17352.155,0,0,0,0,0,0.0,0.0,0.0
MCH3115,,,2,-17909.1,-8954.55,0,0,0,0,0,0.0,0.0,0.0
MCH3117,,,2,16460.51,16460.51,0,0,0,0,0,0.0,0.0,0.0
MCH3120,,,2,21699.14,10849.57,0,0,0,0,0,0.0,0.0,0.0
MCH3123,"Hegde, Bahl and Comar",TRAVEL,2,26362.46,13181.23,0,0,0,0,0,0.0,0.0,0.0
MCH3139,Arya-Rau,HOTEL_LODGING,2,21398.36,10699.18,0,0,0,0,0,0.0,0.0,0.0
MCH3153,,,2,20077.62,20077.62,0,0,0,0,0,0.0,0.0,0.0
MCH3166,,,2,25109.37,12554.685,0,0,0,0,0,0.0,0.0,0.0
MCH3174,,,2,43002.23,21501.115,0,0,0,0,0,0.0,0.0,0.0
MCH3180,Sanghvi and S0ns,PHARMACY,2,21041.73,10520.865,0,0,0,0,0,0.0,0.0,0.0
MCH3189,De-Kakar,TRANSPORT,2,5356.6900000000005,2678.3450000000003,0,0,0,2,0,0.0,0.0,0.0
MCH3194,,,2,9799.28,9799.28,0,0,0,0,0,0.0,0.0,0.0
MCH3195,,,2,7945.57,7945.57,0,0,0,0,0,0.0,0.0,0.0
MCH3196,,,2,3297.82,3297.82,0,0,0,0,0,0.0,0.0,0.0
MCH3209,,,2,31379.75,15689.875,0,0,0,0,0,0.0,0.0,0.0
MCH3216,,,2,34710.270000000004,17355.135000000002,0,0,0,0,0,0.0,0.0,0.0
MCH3228,,,2,18521.81,18521.81,0,0,0,0,0,0.0,0.0,0.0
MCH3237,Gaba Inc,MISC_RETAIL,2,27245.68,13622.84,0,0,0,2,0,0.0,0.0,0.0
MCH3240,"roy, dash and bobal",GROCERY,2,23132.36,23132.36,0,0,0,0,0,0.0,0.0,0.0
MCH3243,,,2,0.0,,0,0,0,0,0,0.0,0.0,0.0
MCH3256,"Patil, Tripathi and Seshadri",BOOKS,2,7233.35,7233.35,0,0,0,0,0,0.0,0.0,0.0
MCH3267,"Dara, Rama and Ben",PHONE SERVICE,2,38497.880000000005,19248.940000000002,0,0,0,0,0,0.0,0.0,0.0
MCH3270,"CHOKSHI, DASH AND SRIVASTAVA",TRANSPORT,2,16033.96,16033.96,0,0,0,0,0,0.0,0.0,0.0
MCH3282,,,2,29402.769999999997,14701.384999999998,0,0,0,0,0,0.0,0.0,0.0
MCH3284,  Lal and Sons  ,MOBILE RECHARGE,2,8425.0,4212.5,0,0,0,0,0,0.0,0.0,0.0
MCH3296,Sampath-Chopra,MISC_RETAIL,2,-15390.39,-7695.195,0,0,0,0,0,0.0,0.0,0.0
MCH3303,,,2,1843.26,921.63,0,0,0,0,0,0.0,0.0,0.0
MCH3304,,,2,30461.89,15230.945,0,0,0,0,0,0.0,0.0,0.0
MCH3306,,,2,7811.46,7811.46,0,0,0,0,0,0.0,0.0,0.0
MCH3311,"Agarwal, Bhandari and Varma",APPAREL,2,12500.87,6250.435,0,0,0,0,0,0.0,0.0,0.0
MCH3316,,,2,37363.97,18681.985,0,0,0,0,0,0.0,0.0,0.0
MCH3318,,,2,34423.82,17211.91,0,0,0,0,0,0.0,0.0,0.0
MCH3319,,,2,8844.99,4422.495,0,0,0,0,0,0.0,0.0,0.0
MCH3322,,,2,13083.09,6541.545,0,0,0,0,0,0.0,0.0,0.0
MCH3328,Jha-Chaha1,RETAIL,2,34318.43,17159.215,0,0,0,0,0,0.0,0.0,0.0
MCH3334,Majumdar-Raja,MOBILE RECHARGE,2,26408.98,13204.49,0,0,0,0,0,0.0,0.0,0.0
MCH3337,,,2,26143.7,13071.85,0,0,0,0,0,0.0,0.0,0.0
MCH3341,Ramesh Inc,PHARMACY,2,8238.17,4119.085,0,0,0,0,0,0.0,0.0,0.0
MCH3344,,,2,32804.14,16402.07,0,0,0,0,0,0.0,0.0,0.0
MCH3349,,,2,26331.350000000002,13165.675000000001,0,0,0,0,0,0.0,0.0,0.0
MCH3351,"Loke, Narasimhan and Gandhi",PHARMACY,2,626.35,626.35,0,0,0,2,0,0.0,0.0,0.0
MCH3363,,,2,42741.57,21370.785,0,0,0,0,0,0.0,0.0,0.0
MCH3371,Bath PLC,PHONE SERVICE,2,21710.35,10855.175,0,0,0,0,0,0.0,0.0,0.0
MCH3374,,,2,33360.93,16680.465,0,0,0,0,0,0.0,0.0,0.0
MCH3377,,,2,15367.9,7683.95,0,0,0,0,0,0.0,0.0,0.0
MCH3378,,,2,38616.270000000004,19308.135000000002,0,0,0,0,0,0.0,0.0,0.0
MCH3383,  Muni Inc  ,OTHER,2,10013.82,10013.82,0,0,0,0,0,0.0,0.0,0.0
MCH3384,GILL-BAKSHI,MISC_RETAIL,2,16941.78,16941.78,0,0,0,0,0,0.0,0.0,0.0
MCH3385,,,2,21161.4,10580.7,0,0,0,0,0,0.0,0.0,0.0
MCH3395,"Boase, Dutt and Sami",PHARMACY,2,17099.14,8549.57,0,0,0,0,0,0.0,0.0,0.0
MCH3401,chana llc,GROCERY,2,24366.15,12183.075,0,0,0,0,0,0.0,0.0,0.0
MCH3405,"DARA, BOASE AND CHADA",MISC_RETAIL,2,14678.41,7339.205,0,0,0,0,0,0.0,0.0,0.0
MCH3408,,,2,24276.02,24276.02,0,0,0,0,0,0.0,0.0,0.0
MCH3411,,,2,17674.04,17674.04,0,0,0,0,0,0.0,0.0,0.0
MCH3413,,,2,11956.42,5978.21,0,0,0,0,0,0.0,0.0,0.0
MCH3423,Sant-Singh,HOTEL_LODGING,2,14227.35,14227.35,0,0,0,0,0,0.0,0.0,0.0
MCH3424,Tandon-Raja,GROCERY,2,42544.61,21272.305,0,0,0,0,0,0.0,0.0,0.0
MCH3425,,,2,25597.98,12798.99,0,0,0,0,0,0.0,0.0,0.0
MCH3432,,,2,23997.870000000003,11998.935000000001,0,0,0,0,0,0.0,0.0,0.0
MCH3446,Ganesan-Contractor,GROCERY,2,33502.12,16751.06,0,0,0,2,0,0.0,0.0,0.0
MCH3451,AMBLE-NAIR,PHARMACY,2,26411.63,13205.815,0,0,0,2,0,0.0,0.0,0.0
MCH3465,"Patla, Tiwari and Bobal",MOBILE RECHARGE,2,24879.84,12439.92,0,0,0,0,0,0.0,0.0,0.0
MCH3466,,,2,38585.42,19292.71,0,0,0,0,0,0.0,0.0,0.0
MCH3468,Aurora-Ben,HOTEL_LODGING,2,19099.47,9549.735,0,0,0,0,0,0.0,0.0,0.0
MCH3475,"  Wadhwa, Banik and Prakash  ",FOOD_SERVICES,2,26473.55,13236.775,0,0,0,0,0,0.0,0.0,0.0
MCH3479,,,2,16177.67,8088.835,0,0,0,0,0,0.0,0.0,0.0
MCH3480,,,2,20917.03,10458.515,0,0,0,0,0,0.0,0.0,0.0
MCH3483,"Puri, Sachdeva and Jhaveri",FOOD_SERVICES,2,18920.22,9460.11,0,0,0,0,0,0.0,0.0,0.0
MCH3484,Sidhu LLC,MISC_RETAIL,2,38242.12,19121.06,0,0,0,0,0,0.0,0.0,0.0
MCH3486,,,2,5766.53,2883.265,0,0,0,0,0,0.0,0.0,0.0
MCH3492,,,2,22234.02,11117.01,0,0,0,0,0,0.0,0.0,0.0
MCH3493,,,2,8530.55,8530.55,0,0,0,0,0,0.0,0.0,0.0
MCH3495,,,2,17389.73,17389.73,0,0,0,0,0,0.0,0.0,0.0
MCH3498,AGATE AND SONS,TELECOM,2,26363.780000000002,13181.890000000001,0,0,0,0,0,0.0,0.0,0.0
MCH3500,,,2,32644.97,16322.485,0,0,0,0,0,0.0,0.0,0.0
MCH3501,Chandran-Tripathi,MISC_RETAIL,2,24969.28,12484.64,0,0,0,0,0,0.0,0.0,0.0
MCH3503,,,2,24850.0,24850.0,0,0,0,0,0,0.0,0.0,0.0
MCH3505,,,2,13780.27,13780.27,0,0,0,0,0,0.0,0.0,0.0
MCH3507,"Sundaram, Shan and Subramanian",HOTEL_LODGING,2,11477.779999999999,5738.889999999999,0,0,0,0,0,0.0,0.0,0.0
MCH3508,  Prabhu and Sons  ,TRAVEL,2,17420.87,17420.87,0,0,0,0,0,0.0,0.0,0.0
MCH3516,,,2,20969.46,10484.73,0,0,0,0,0,0.0,0.0,0.0
MCH3525,,,2,20470.739999999998,10235.369999999999,0,0,0,0,0,0.0,0.0,0.0
MCH3529,,,2,22385.440000000002,11192.720000000001,0,0,0,0,0,0.0,0.0,0.0
MCH3540,,,2,15296.67,7648.335,0,0,0,0,0,0.0,0.0,0.0
MCH3551,"Chaudry, Toor and Lala",PHONE SERVICE,2,30371.519999999997,15185.759999999998,0,0,0,0,0,0.0,0.0,0.0
MCH3556,Andra-Nagar,MISC_RETAIL,2,22386.3,11193.15,0,0,0,0,0,0.0,0.0,0.0
MCH3561,Kumar LLC,FOOD_SERVICES,2,29602.030000000002,14801.015000000001,0,0,0,0,0,0.0,0.0,0.0
MCH3564,"  Konda, Natarajan and Chawla  ",MISC_RETAIL,2,12467.460000000001,6233.7300000000005,0,0,0,0,0,0.0,0.0,0.0
MCH3571,"Aurora, Kamdar and Vasa",GROCERY,2,9007.9,9007.9,0,0,0,0,0,0.0,0.0,0.0
MCH3573,,,2,19316.51,9658.255,0,0,0,0,0,0.0,0.0,0.0
MCH3574,Sodhi-Shan,TRANSPORT,2,13102.33,6551.165,0,0,0,2,0,0.0,0.0,0.0
MCH3577,"Ratta, Mane and Kapadia",FOOD_SERVICES,2,2539.16,1269.58,0,0,0,0,0,0.0,0.0,0.0
MCH3589,,,2,32247.78,16123.89,0,0,0,0,0,0.0,0.0,0.0
MCH3590,,,2,14276.97,14276.97,0,0,0,0,0,0.0,0.0,0.0
MCH3596,"S01anki, Singha1 and S0man",APPAREL,2,14289.619999999999,7144.8099999999995,0,0,0,2,0,0.0,0.0,0.0
MCH3597,,,2,17896.74,8948.37,0,0,0,0,0,0.0,0.0,0.0
MCH3600,Gole and Sons,TRANSPORT,2,41006.08,20503.04,0,0,0,0,0,0.0,0.0,0.0
MCH3601,Lanka Inc,BOOKS,2,21928.370000000003,10964.185000000001,0,0,0,0,0,0.0,0.0,0.0
MCH3619,"MODY, SAMI AND BATTA",MISC_RETAIL,2,12156.58,12156.58,0,0,0,2,0,0.0,0.0,0.0
MCH3622,,,2,-29654.65,-14827.325,0,0,0,0,0,0.0,0.0,0.0
MCH3627,"CHANDRA, VENKATARAMAN AND PALLA",MEDICAL,2,40038.93,20019.465,0,0,0,0,0,0.0,0.0,0.0
MCH3628,MITRA LTD,APPAREL,2,24063.67,12031.835,0,0,0,0,0,0.0,0.0,0.0
MCH3633,,,2,20633.35,10316.675,0,0,0,0,0,0.0,0.0,0.0
MCH3636,,,2,27440.66,13720.33,0,0,0,0,0,0.0,0.0,0.0
MCH3638,,,2,25791.260000000002,12895.630000000001,0,0,0,0,0,0.0,0.0,0.0
MCH3644,,,2,29794.64,14897.32,0,0,0,0,0,0.0,0.0,0.0
MCH3654,Ganesan Ltd,FOOD_SERVICES,2,26464.43,13232.215,0,0,0,0,0,0.0,0.0,0.0
MCH3655,Batra LLC,MEDICAL_STORE,2,-5036.75,-2518.375,0,0,0,0,0,0.0,0.0,0.0
MCH3656,"Sani, Rajagopalan and Sachar",GROCERY,2,3995.99,1997.995,0,0,0,0,0,0.0,0.0,0.0
MCH3658,,,2,-3676.4900000000016,-1838.2450000000008,0,0,0,0,0,0.0,0.0,0.0
MCH3664,,,2,14673.42,7336.71,0,0,0,0,0,0.0,0.0,0.0
MCH3669,"  Dutta, Banerjee and Saini  ",MISC_RETAIL,2,11731.32,5865.66,0,0,0,0,0,0.0,0.0,0.0
MCH3671,"VALA, DHAR AND WASON",MEDICAL,2,6382.89,3191.445,0,0,0,0,0,0.0,0.0,0.0
MCH3678,,,2,30388.71,15194.355,0,0,0,0,0,0.0,0.0,0.0
MCH3685,,,2,28588.18,14294.09,0,0,0,0,0,0.0,0.0,0.0
MCH3687,,,2,47029.05,23514.525,0,0,0,0,0,0.0,0.0,0.0
MCH3690,Aurora Inc,TRAVEL,2,23241.120000000003,11620.560000000001,0,0,0,0,0,0.0,0.0,0.0
MCH3695,,,2,26698.870000000003,13349.435000000001,0,0,0,0,0,0.0,0.0,0.0
MCH3697,Cherian LLC,HOTEL_LODGING,2,41143.259999999995,20571.629999999997,0,0,0,0,0,0.0,0.0,0.0
MCH3703,Khatri-Shuk1a,FOOD_SERVICES,2,18681.16,9340.58,0,0,0,0,0,0.0,0.0,0.0
MCH3709,,,2,30995.67,15497.835,0,0,0,0,0,0.0,0.0,0.0
MCH3714,,,2,24827.5,12413.75,0,0,0,0,0,0.0,0.0,0.0
MCH3716,,,2,17026.4,8513.2,0,0,0,0,0,0.0,0.0,0.0
MCH3727,,,2,28835.489999999998,14417.744999999999,0,0,0,0,0,0.0,0.0,0.0
MCH3728,,,2,34127.74,17063.87,0,0,0,0,0,0.0,0.0,0.0
MCH3729,,,2,26808.42,13404.21,0,0,0,0,0,0.0,0.0,0.0
MCH3730,,,2,25369.97,12684.985,0,0,0,0,0,0.0,0.0,0.0
MCH3731,,,2,1643.25,1643.25,0,0,0,0,0,0.0,0.0,0.0
MCH3732,"Bhat, Sarin and Wag1e",HOTEL_LODGING,2,20046.08,10023.04,0,0,0,0,0,0.0,0.0,0.0
MCH3736,"Chanda, Bandi and Pandya",TELECOM,2,5397.3,2698.65,0,0,0,0,0,0.0,0.0,0.0
MCH3743,doctor ltd,PHARMACY,2,15970.23,7985.115,0,0,0,0,0,0.0,0.0,0.0
MCH3746,,,2,45109.64,22554.82,0,0,0,0,0,0.0,0.0,0.0
MCH3752,,,2,29797.77,14898.885,0,0,0,0,0,0.0,0.0,0.0
MCH3754,,,2,30614.58,15307.29,0,0,0,0,0,0.0,0.0,0.0
MCH3756,,,2,16610.37,8305.185,0,0,0,0,0,0.0,0.0,0.0
MCH3758,  Dube Ltd  ,MISC_RETAIL,2,39922.58,19961.29,0,0,0,0,0,0.0,0.0,0.0
MCH3759,,,2,15540.949999999999,7770.474999999999,0,0,0,0,0,0.0,0.0,0.0
MCH3768,,,2,23438.8,11719.4,0,0,0,0,0,0.0,0.0,0.0
MCH3769,,,2,19679.66,19679.66,0,0,0,0,0,0.0,0.0,0.0
MCH3772,,,2,5507.23,5507.23,0,0,0,0,0,0.0,0.0,0.0
MCH3776,"Kapadia, Sathe and Shenoy",DEPARTMENT STORE,2,23463.54,11731.77,0,0,0,0,0,0.0,0.0,0.0
MCH3780,HEGDE GROUP,DEPARTMENT STORE,2,4409.98,2204.99,0,0,0,2,0,0.0,0.0,0.0
MCH3781,,,2,39484.53,19742.265,0,0,0,0,0,0.0,0.0,0.0
MCH3789,,,2,19069.53,19069.53,0,0,0,0,0,0.0,0.0,0.0
MCH3807,,,2,33323.79,16661.895,0,0,0,0,0,0.0,0.0,0.0
MCH3820,Behl LLC,DEPARTMENT STORE,2,30874.89,15437.445,0,0,0,0,0,0.0,0.0,0.0
MCH3823,,,2,16373.39,8186.695,0,0,0,0,0,0.0,0.0,0.0
MCH3824,Chand-Sarna,FOOD_SERVICES,2,248.95,248.95,0,0,0,0,0,0.0,0.0,0.0
MCH3827,,,2,6995.18,3497.59,0,0,0,0,0,0.0,0.0,0.0
MCH3829,Bansal Ltd,HOTEL_LODGING,2,20766.9,10383.45,0,0,0,0,0,0.0,0.0,0.0
MCH3832,,,2,38051.92,19025.96,0,0,0,0,0,0.0,0.0,0.0
MCH3842,"Rao, Rajagopal and Ratti",TRANSPORT,2,17048.07,8524.035,0,0,0,0,0,0.0,0.0,0.0
MCH3843,,,2,9893.97,9893.97,0,0,0,0,0,0.0,0.0,0.0
MCH3854,"Was0n, Chauhan and Gh0se",FOOD_SERVICES,2,4721.63,4721.63,0,0,0,0,0,0.0,0.0,0.0
MCH3862,,,2,11036.78,5518.39,0,0,0,0,0,0.0,0.0,0.0
MCH3870,,,2,23649.98,11824.99,0,0,0,0,0,0.0,0.0,0.0
MCH3871,,,2,34310.13,17155.065,0,0,0,0,0,0.0,0.0,0.0
MCH3880,Sankaran-M0dy,TRANSPORT,2,7279.08,7279.08,0,0,0,0,0,0.0,0.0,0.0
MCH3881,,,2,9290.91,4645.455,0,0,0,0,0,0.0,0.0,0.0
MCH3889,upadhyay-chaudhry,TRANSPORT,2,35809.72,17904.86,0,0,0,0,0,0.0,0.0,0.0
MCH3891,,,2,22250.25,22250.25,0,0,0,0,0,0.0,0.0,0.0
MCH3897,,,2,8674.45,4337.225,0,0,0,0,0,0.0,0.0,0.0
MCH3898,Wadhwa-Sahni,APPAREL,2,18888.34,9444.17,0,0,0,0,0,0.0,0.0,0.0
MCH3906,,,2,39301.28,19650.64,0,0,0,0,0,0.0,0.0,0.0
MCH3919,,,2,46821.79,23410.895,0,0,0,0,0,0.0,0.0,0.0
MCH3920,SharmaLLC,BOOKS,2,19490.12,19490.12,0,0,0,0,0,0.0,0.0,0.0
MCH3924,,,2,5457.73,2728.865,0,0,0,0,0,0.0,0.0,0.0
MCH3929,,,2,24053.920000000002,12026.960000000001,0,0,0,0,0,0.0,0.0,0.0
MCH3930,Kashyap-Rastogi,APPAREL,2,24703.68,12351.84,0,0,0,0,0,0.0,0.0,0.0
MCH3931,,,2,18718.37,9359.185,0,0,0,0,0,0.0,0.0,0.0
MCH3933,,,2,29412.16,14706.08,0,0,0,0,0,0.0,0.0,0.0
MCH3943,,,2,0.0,,0,0,0,0,0,0.0,0.0,0.0
MCH3945,Mukhopadhyay-Raghavan,TRANSPORT,2,26627.88,13313.94,0,0,0,0,0,0.0,0.0,0.0
MCH3952,,,2,27041.81,13520.905,0,0,0,0,0,0.0,0.0,0.0
MCH3953,"Ray, Minhas and Yohannan",GROCERY,2,18926.78,9463.39,0,0,0,0,0,0.0,0.0,0.0
MCH3955,"Swamy, Dhingra and Sheth",DEPARTMENT STORE,2,37666.47,18833.235,0,0,0,2,0,0.0,0.0,0.0
MCH3956,Kota Ltd,DEPARTMENT STORE,2,13036.48,13036.48,0,0,0,0,0,0.0,0.0,0.0
MCH3965,,,2,42132.53999999999,21066.269999999997,0,0,0,0,0,0.0,0.0,0.0
MCH3967,,,2,33066.71,16533.355,0,0,0,0,0,0.0,0.0,0.0
MCH3969,,,2,2383.18,2383.18,0,0,0,0,0,0.0,0.0,0.0
MCH3974,"Mishra, Baral and Char",BOOKS,2,37624.88,18812.44,0,0,0,0,0,0.0,0.0,0.0
MCH3975,,,2,34328.32,17164.16,0,0,0,0,0,0.0,0.0,0.0
MCH3976,,,2,32223.52,16111.76,0,0,0,0,0,0.0,0.0,0.0
MCH3979,,,2,37923.61,18961.805,0,0,0,0,0,0.0,0.0,0.0
MCH3984,"wadhwa, sunder and bobal",HOTEL_LODGING,2,21662.33,10831.165,0,0,0,0,0,0.0,0.0,0.0
MCH3988,Barad-Bawa,HOTEL_LODGING,2,38665.36,19332.68,0,0,0,0,0,0.0,0.0,0.0
MCH3990,Dey-Chaudhari,PHARMACY,2,16897.18,8448.59,0,0,0,0,0,0.0,0.0,0.0
MCH3994,,,2,22955.61,22955.61,0,0,0,0,0,0.0,0.0,0.0
MCH3996,,,2,46644.06,23322.03,0,0,0,0,0,0.0,0.0,0.0
MCH4000,"Dewan, Sunder and Bhakta",GROCERY,2,23255.65,11627.825,0,0,0,0,0,0.0,0.0,0.0
MCH4004,,,2,31193.22,15596.61,0,0,0,0,0,0.0,0.0,0.0
MCH4012,,,2,30933.88,15466.94,0,0,0,0,0,0.0,0.0,0.0
MCH4014,,,2,35934.53,17967.265,0,0,0,0,0,0.0,0.0,0.0
MCH4016,,,2,30800.48,15400.24,0,0,0,0,0,0.0,0.0,0.0
MCH4030,,,2,7921.9400000000005,3960.9700000000003,0,0,0,0,0,0.0,0.0,0.0
MCH4031,"Mitra, Bali and Rai",BOOKS,2,2884.12,2884.12,0,0,0,0,0,0.0,0.0,0.0
MCH4033,Kota PLC,APPAREL,2,16530.05,8265.025,0,0,0,0,0,0.0,0.0,0.0
MCH4043,Sodhi Group,BOOKS,2,23269.699999999997,11634.849999999999,0,0,0,2,0,0.0,0.0,0.0
MCH4048,"Lall, Kara and Uppal",FOOD_SERVICES,2,7521.42,7521.42,0,0,0,0,0,0.0,0.0,0.0
MCH4056,,,2,12620.89,12620.89,0,0,0,0,0,0.0,0.0,0.0
MCH4062,Rana Group,MISC_RETAIL,2,20246.62,20246.62,0,0,0,0,0,0.0,0.0,0.0
MCH4073,Gopal PLC,FOOD_SERVICES,2,21652.77,10826.385,0,0,0,0,0,0.0,0.0,0.0
MCH4083,"  Loyal, Dara and Sharaf  ",PHONE SERVICE,2,40694.240000000005,20347.120000000003,0,0,0,0,0,0.0,0.0,0.0
MCH4088,,,2,15337.54,7668.77,0,0,0,0,0,0.0,0.0,0.0
MCH4093,  Krishnamurthy PLC  ,HOTEL_LODGING,2,11690.18,5845.09,0,0,0,0,0,0.0,0.0,0.0
MCH4094,jani-mistry,DEPARTMENT STORE,2,29328.350000000002,14664.175000000001,0,0,0,0,0,0.0,0.0,0.0
MCH4097,Nori PLC,MEDICAL,2,29629.51,14814.755,0,0,0,0,0,0.0,0.0,0.0
MCH4101,raval plc,HOTEL_LODGING,2,25472.82,12736.41,0,0,0,0,0,0.0,0.0,0.0
MCH4103,,,2,21779.3,10889.65,0,0,0,0,0,0.0,0.0,0.0
MCH4105,,,2,3237.69,3237.69,0,0,0,0,0,0.0,0.0,0.0
MCH4108,,,2,6130.25,3065.125,0,0,0,0,0,0.0,0.0,0.0
MCH4110,Suresh-Bassi,STATIONERY,2,8167.5,4083.75,0,0,0,0,0,0.0,0.0,0.0
MCH4114,"Pandya, Jayaraman and Ray",MOBILE RECHARGE,2,13752.68,6876.34,0,0,0,0,0,0.0,0.0,0.0
MCH4125,,,2,4931.17,4931.17,0,0,0,0,0,0.0,0.0,0.0
MCH4127,Subramaniam-Jhaveri,TRANSPORT,2,26897.96,13448.98,0,0,0,2,0,0.0,0.0,0.0
MCH4129,"Lad, Raja and Sachdev",HOTEL_LODGING,2,9638.85,4819.425,0,0,0,0,0,0.0,0.0,0.0
MCH4137,,,2,25344.18,12672.09,0,0,0,0,0,0.0,0.0,0.0
MCH4139,,,2,19053.2,19053.2,0,0,0,0,0,0.0,0.0,0.0
MCH4141,Sarkar and Sons,MOBILE RECHARGE,2,32397.22,16198.61,0,0,0,0,0,0.0,0.0,0.0
MCH4154,,,2,36909.35,18454.675,0,0,0,0,0,0.0,0.0,0.0
MCH4157,Minhas-Saran,TELECOM,2,19686.43,19686.43,0,0,0,0,0,0.0,0.0,0.0
MCH4160,,,2,5241.62,5241.62,0,0,0,0,0,0.0,0.0,0.0
MCH4163,Kamdar-Jhaveri,HOTEL_LODGING,2,2411.6400000000003,1205.8200000000002,0,0,0,0,0,0.0,0.0,0.0
MCH4167,BanerjeePLC,FOOD_SERVICES,2,5360.18,2680.09,0,0,0,0,0,0.0,0.0,0.0
MCH4168,"Jani, Khalsa and Minhas",PHARMACY,2,236.23000000000138,118.11500000000069,0,0,0,2,0,0.0,0.0,0.0
MCH4175,,,2,21021.81,10510.905,0,0,0,0,0,0.0,0.0,0.0
MCH4178,,,2,15911.2,15911.2,0,0,0,0,0,0.0,0.0,0.0
MCH4184,SACHDEVA-KARA,FOOD_SERVICES,2,16951.989999999998,8475.994999999999,0,0,0,0,0,0.0,0.0,0.0
MCH4192,,,2,32110.67,16055.335,0,0,0,0,0,0.0,0.0,0.0
MCH4198,,,2,21838.4,10919.2,0,0,0,0,0,0.0,0.0,0.0
MCH4201,,,2,1470.87,1470.87,0,0,0,0,0,0.0,0.0,0.0
MCH4210,,,2,15490.34,7745.17,0,0,0,0,0,0.0,0.0,0.0
MCH4211,Amb1e-Saha,GROCERY,2,26880.7,13440.35,0,0,0,0,0,0.0,0.0,0.0
MCH4222,,,2,26202.28,13101.14,0,0,0,0,0,0.0,0.0,0.0
MCH4224,,,2,16121.529999999999,8060.764999999999,0,0,0,0,0,0.0,0.0,0.0
MCH4228,"SINGHAL, BHASIN AND KAUL",APPAREL,2,36288.38,18144.19,0,0,0,0,0,0.0,0.0,0.0
MCH4240,,,2,16748.27,16748.27,0,0,0,0,0,0.0,0.0,0.0
MCH4246,Rama-Dasgupta,RETAIL,2,2887.26,1443.63,0,0,0,0,0,0.0,0.0,0.0
MCH4247,,,2,22225.21,11112.605,0,0,0,0,0,0.0,0.0,0.0
MCH4248,"Bahl, Prashad and Reddy",DEPARTMENT STORE,2,13954.02,6977.01,0,0,0,0,0,0.0,0.0,0.0
MCH4251,,,2,35107.97,17553.985,0,0,0,0,0,0.0,0.0,0.0
MCH4264,,,2,34337.31,17168.655,0,0,0,0,0,0.0,0.0,0.0
MCH4271,,,2,14974.259999999998,7487.129999999999,0,0,0,0,0,0.0,0.0,0.0
MCH4275,RAVAL-BORA,FOOD_SERVICES,2,29560.67,14780.335,0,0,0,0,0,0.0,0.0,0.0
MCH4286,,,2,11379.46,11379.46,0,0,0,0,0,0.0,0.0,0.0
MCH4294,,,2,23405.29,11702.645,0,0,0,0,0,0.0,0.0,0.0
MCH4300,,,2,20042.46,10021.23,0,0,0,0,0,0.0,0.0,0.0
MCH4308,Natt Group,MEDICAL,2,20762.190000000002,10381.095000000001,0,0,0,0,0,0.0,0.0,0.0
MCH4317,,,2,27529.27,13764.635,0,0,0,0,0,0.0,0.0,0.0
MCH4318,Nagar and Sons,TRANSPORT,2,21771.99,10885.995,0,0,0,0,0,0.0,0.0,0.0
MCH4330,"Viswanathan, Morar and Barad",TRANSPORT,2,24563.21,24563.21,0,0,0,0,0,0.0,0.0,0.0
MCH4332,  Varma PLC  ,BOOKS,2,19718.76,9859.38,0,0,0,0,0,0.0,0.0,0.0
MCH4351,,,2,3038.0,1519.0,0,0,0,0,0,0.0,0.0,0.0
MCH4352,suri ltd,MEDICAL_STORE,2,12913.68,6456.84,0,0,0,0,0,0.0,0.0,0.0
MCH4356,"Basak, Sur and Sundaram",TELECOM,2,23283.989999999998,11641.994999999999,0,0,0,0,0,0.0,0.0,0.0
MCH4363,BhagatInc,PHARMACY,2,21224.84,10612.42,0,0,0,0,0,0.0,0.0,0.0
MCH4372,,,2,17268.48,17268.48,0,0,0,0,0,0.0,0.0,0.0
MCH4376,,,2,22381.22,22381.22,0,0,0,0,0,0.0,0.0,0.0
MCH4378,,,2,17360.370000000003,8680.185000000001,0,0,0,0,0,0.0,0.0,0.0
MCH4380,,,2,2740.51,2740.51,0,0,0,0,0,0.0,0.0,0.0
MCH4384,,,2,22428.79,22428.79,0,0,0,0,0,0.0,0.0,0.0
MCH4388,,,2,16612.74,16612.74,0,0,0,0,0,0.0,0.0,0.0
MCH4390,Ar0ra LLC,FOOD_SERVICES,2,6387.5,6387.5,0,0,0,0,0,0.0,0.0,0.0
MCH4391,,,2,28551.83,14275.915,0,0,0,0,0,0.0,0.0,0.0
MCH4393,,,2,5196.34,2598.17,0,0,0,0,0,0.0,0.0,0.0
MCH4397,Tailor-Pandey,PHARMACY,2,43903.25,21951.625,0,0,0,0,0,0.0,0.0,0.0
MCH4399,,,2,19563.22,19563.22,0,0,0,0,0,0.0,0.0,0.0
MCH4405,,,2,33662.7,16831.35,0,0,0,0,0,0.0,0.0,0.0
MCH4406,"Chand, Ahuja and Behl",HOTEL_LODGING,2,26649.629999999997,13324.814999999999,0,0,0,0,0,0.0,0.0,0.0
MCH4408,Dhar-Shetty,MEDICAL,2,20806.449999999997,10403.224999999999,0,0,0,2,0,0.0,0.0,0.0
MCH4413,"Parekh,KadeandTalwar",APPAREL,2,11144.53,5572.265,0,0,0,0,0,0.0,0.0,0.0
MCH4416,Raju and S0ns,MISC_RETAIL,2,14354.48,7177.24,0,0,0,0,0,0.0,0.0,0.0
MCH4421,natarajan-borah,MISC_RETAIL,2,21071.51,10535.755,0,0,0,0,0,0.0,0.0,0.0
MCH4428,Raja-Kapadia,BOOKS,2,19793.46,9896.73,0,0,0,0,0,0.0,0.0,0.0
MCH4433,"PATIL, SUBRAMANIAN AND MADAN",HOTEL_LODGING,2,36470.659999999996,18235.329999999998,0,0,0,0,0,0.0,0.0,0.0
MCH4442,,,2,11585.529999999999,5792.764999999999,0,0,0,0,0,0.0,0.0,0.0
MCH4444,Kara-Murty,MISC_RETAIL,2,32771.89,16385.945,0,0,0,0,0,0.0,0.0,0.0
MCH4445,,,2,29870.97,14935.485,0,0,0,0,0,0.0,0.0,0.0
MCH4457,"Chanda, Parikh and Hayre",MISC_RETAIL,2,28057.25,14028.625,0,0,0,0,0,0.0,0.0,0.0
MCH4463,"KANT, VARMA AND MADAN",GROCERY,2,0.0,,0,0,0,0,0,0.0,0.0,0.0
MCH4467,,,2,38447.93,19223.965,0,0,0,0,0,0.0,0.0,0.0
MCH4469,mane and sons,TRANSPORT,2,16180.28,16180.28,0,0,0,0,0,0.0,0.0,0.0
MCH4472,,,2,23020.96,23020.96,0,0,0,0,0,0.0,0.0,0.0
MCH4479,,,2,19672.47,9836.235,0,0,0,0,0,0.0,0.0,0.0
MCH4484,"Mukherjee, Tella and Malhotra",FOOD_SERVICES,2,22107.46,11053.73,0,0,0,0,0,0.0,0.0,0.0
MCH4489,,,2,16664.42,8332.21,0,0,0,0,0,0.0,0.0,0.0
MCH4495,"Nadig, Gade and Jha",BOOKS,2,24869.17,12434.585,0,0,0,0,0,0.0,0.0,0.0
MCH4503,Sunder PLC,HOTEL_LODGING,2,29987.54,14993.77,0,0,0,0,0,0.0,0.0,0.0
MCH4504,,,2,11500.420000000002,5750.210000000001,0,0,0,0,0,0.0,0.0,0.0
MCH4509,"shanker, sem and varughese",TRANSPORT,2,6328.32,6328.32,0,0,0,0,0,0.0,0.0,0.0
MCH4513,,,2,39148.97,19574.485,0,0,0,0,0,0.0,0.0,0.0
MCH4515,Memon-Upadhyay,TRANSPORT,2,14639.400000000001,7319.700000000001,0,0,0,0,0,0.0,0.0,0.0
MCH4518,,,2,8442.98,8442.98,0,0,0,0,0,0.0,0.0,0.0
MCH4526,"Mittal, Saha and Puri",APPAREL,2,29362.010000000002,14681.005000000001,0,0,0,0,0,0.0,0.0,0.0
MCH4529,varkey-pant,APPAREL,2,9139.83,9139.83,0,0,0,0,0,0.0,0.0,0.0
MCH4538,Lad Ltd,APPAREL,2,35282.03,17641.015,0,0,0,0,0,0.0,0.0,0.0
MCH4547,rout inc,FOOD_SERVICES,2,35184.97,17592.485,0,0,0,0,0,0.0,0.0,0.0
MCH4567,  Bhatti Inc  ,HOTEL_LODGING,2,24705.510000000002,12352.755000000001,0,0,0,0,0,0.0,0.0,0.0
MCH4584,,,2,-4038.05,-2019.025,0,0,0,0,0,0.0,0.0,0.0
MCH4586,,,2,35079.55,17539.775,0,0,0,0,0,0.0,0.0,0.0
MCH4596,,,2,23403.24,11701.62,0,0,0,0,0,0.0,0.0,0.0
MCH4600,Devi Group,DEPARTMENT STORE,2,22206.63,11103.315,0,0,0,2,0,0.0,0.0,0.0
MCH4602,,,2,36310.39,18155.195,0,0,0,0,0,0.0,0.0,0.0
MCH4607,,,2,12768.11,6384.055,0,0,0,0,0,0.0,0.0,0.0
MCH4610,"Barad,ChandaandRana",BOOKS,2,16644.989999999998,8322.494999999999,0,0,0,0,0,0.0,0.0,0.0
MCH4615,,,2,49457.81,24728.905,0,0,0,0,0,0.0,0.0,0.0
MCH4617,,,2,24812.73,12406.365,0,0,0,0,0,0.0,0.0,0.0
MCH4618,,,2,27965.739999999998,13982.869999999999,0,0,0,0,0,0.0,0.0,0.0
MCH4620,,,2,21451.079999999998,10725.539999999999,0,0,0,0,0,0.0,0.0,0.0
MCH4622,Toor-Rajan,HOTEL_LODGING,2,35468.14,17734.07,0,0,0,0,0,0.0,0.0,0.0
MCH4623,"Gokhale, Ranganathan and Shenoy",MISC_RETAIL,2,29583.170000000002,14791.585000000001,0,0,0,0,0,0.0,0.0,0.0
MCH4625,,,2,9734.779999999999,4867.389999999999,0,0,0,0,0,0.0,0.0,0.0
MCH4635,,,2,20642.78,10321.39,0,0,0,0,0,0.0,0.0,0.0
MCH4637,Mitter-Pandya,GROCERY,2,6837.36,6837.36,0,0,0,0,0,0.0,0.0,0.0
MCH4638,,,2,25725.87,12862.935,0,0,0,0,0,0.0,0.0,0.0
MCH4642,Jaggi Ltd,GROCERY,2,24803.47,24803.47,0,0,0,2,0,0.0,0.0,0.0
MCH4647,,,2,22152.97,11076.485,0,0,0,0,0,0.0,0.0,0.0
MCH4649,"Mand,DattaandSanghvi",HOTEL_LODGING,2,8825.0,4412.5,0,0,0,0,0,0.0,0.0,0.0
MCH4651,Bhat-Kamdar,OTHER,2,21183.0,10591.5,0,0,0,0,0,0.0,0.0,0.0
MCH4654,,,2,4950.28,4950.28,0,0,0,0,0,0.0,0.0,0.0
MCH4655,,,2,16909.12,8454.56,0,0,0,0,0,0.0,0.0,0.0
MCH4656,"Verma,SanghaandVora",BOOKS,2,12397.830000000002,6198.915000000001,0,0,0,0,0,0.0,0.0,0.0
MCH4658,Kapadia Inc,RETAIL,2,0.0,,0,0,0,0,0,0.0,0.0,0.0
MCH4664,,,2,25718.13,12859.065,0,0,0,0,0,0.0,0.0,0.0
MCH4668,,,2,32133.949999999997,16066.974999999999,0,0,0,0,0,0.0,0.0,0.0
MCH4673,,,2,34090.47,17045.235,0,0,0,0,0,0.0,0.0,0.0
MCH4674,Sachar-Loke,APPAREL,2,7715.72,7715.72,0,0,0,0,0,0.0,0.0,0.0
MCH4676,Shan Inc,OTHER,2,32814.35,16407.175,0,0,0,0,0,0.0,0.0,0.0
MCH4680,,,2,14568.91,7284.455,0,0,0,0,0,0.0,0.0,0.0
MCH4698,,,2,9124.59,4562.295,0,0,0,0,0,0.0,0.0,0.0
MCH4702,Nath Group,RETAIL,2,14326.35,7163.175,0,0,0,0,0,0.0,0.0,0.0
MCH4709,DEWAN-JAIN,TRAVEL,2,-2324.5300000000007,-1162.2650000000003,0,0,0,0,0,0.0,0.0,0.0
MCH4712,"  Gulati, Koshy and Purohit  ",FOOD_SERVICES,2,19532.64,9766.32,0,0,0,0,0,0.0,0.0,0.0
MCH4716,Ahuja-Konda,GROCERY,2,18480.55,9240.275,0,0,0,0,0,0.0,0.0,0.0
MCH4720,sha ltd,GROCERY,2,43991.72,21995.86,0,0,0,0,0,0.0,0.0,0.0
MCH4724,,,2,-6198.799999999999,-3099.3999999999996,0,0,0,0,0,0.0,0.0,0.0
MCH4725,Joshi PLC,DEPARTMENT STORE,2,23460.77,11730.385,0,0,0,0,0,0.0,0.0,0.0
MCH4728,,,2,10707.650000000001,5353.825000000001,0,0,0,0,0,0.0,0.0,0.0
MCH4731,,,2,12329.87,6164.935,0,0,0,0,0,0.0,0.0,0.0
MCH4736,Suresh-Gola,STATIONERY,2,40563.59,20281.795,0,0,0,0,0,0.0,0.0,0.0
MCH4737,"Aurora, Mallick and Dugar",STATIONERY,2,33812.06,16906.03,0,0,0,0,0,0.0,0.0,0.0
MCH4741,KARA AND SONS,MISC_RETAIL,2,32196.43,16098.215,0,0,0,0,0,0.0,0.0,0.0
MCH4745,Divan-Rao,DEPARTMENT STORE,2,3467.98,1733.99,0,0,0,0,0,0.0,0.0,0.0
MCH4755,,,2,33388.25,16694.125,0,0,0,0,0,0.0,0.0,0.0
MCH4759,,,2,17411.8,8705.9,0,0,0,0,0,0.0,0.0,0.0
MCH4766,,,2,4662.26,4662.26,0,0,0,0,0,0.0,0.0,0.0
MCH4767,Prasad Inc,PHONE SERVICE,2,40002.03,20001.015,0,0,0,0,0,0.0,0.0,0.0
MCH4769,BARAL-PERI,APPAREL,2,18682.45,9341.225,0,0,0,0,0,0.0,0.0,0.0
MCH4773,,,2,11273.28,5636.64,0,0,0,0,0,0.0,0.0,0.0
MCH4781,Pillai Group,RETAIL,2,32878.770000000004,16439.385000000002,0,0,0,0,0,0.0,0.0,0.0
MCH4785,,,2,27656.780000000002,13828.390000000001,0,0,0,0,0,0.0,0.0,0.0
MCH4789,,,2,17432.62,8716.31,0,0,0,0,0,0.0,0.0,0.0
MCH4793,,,2,27301.58,13650.79,0,0,0,0,0,0.0,0.0,0.0
MCH4794,borra-dutt,HOTEL_LODGING,2,23779.100000000002,11889.550000000001,0,0,0,0,0,0.0,0.0,0.0
MCH4797,,,2,7788.81,3894.405,0,0,0,0,0,0.0,0.0,0.0
MCH4799,,,2,5738.99,5738.99,0,0,0,0,0,0.0,0.0,0.0
MCH4804,Swamy PLC,APPAREL,2,6586.57,3293.285,0,0,0,0,0,0.0,0.0,0.0
MCH4808,padmanabhan-pathak,APPAREL,2,10961.349999999999,5480.674999999999,0,0,0,0,0,0.0,0.0,0.0
MCH4812,rai-aurora,HOTEL_LODGING,2,13534.29,13534.29,0,0,0,0,0,0.0,0.0,0.0
MCH4813,,,2,13266.339999999998,6633.169999999999,0,0,0,0,0,0.0,0.0,0.0
MCH4817,,,2,32771.97,16385.985,0,0,0,0,0,0.0,0.0,0.0
MCH4820,,,2,19640.1,9820.05,0,0,0,0,0,0.0,0.0,0.0
MCH4823,,,2,8279.14,8279.14,0,0,0,0,0,0.0,0.0,0.0
MCH4829,,,2,9448.82,4724.41,0,0,0,0,0,0.0,0.0,0.0
MCH4833,,,2,24156.2,12078.1,0,0,0,0,0,0.0,0.0,0.0
MCH4847,Dhillon-Pillay,HOTEL_LODGING,2,38943.04,19471.52,0,0,0,0,0,0.0,0.0,0.0
MCH4855,,,2,20823.4,20823.4,0,0,0,0,0,0.0,0.0,0.0
MCH4867,"Nath, Taneja and Dey",FOOD_SERVICES,2,13795.05,6897.525,0,0,0,0,0,0.0,0.0,0.0
MCH4868,,,2,39990.3,19995.15,0,0,0,0,0,0.0,0.0,0.0
MCH4869,,,2,27677.809999999998,13838.904999999999,0,0,0,0,0,0.0,0.0,0.0
MCH4874,"chanda, bahl and kohli",APPAREL,2,15147.779999999999,7573.889999999999,0,0,0,0,0,0.0,0.0,0.0
MCH4881,,,2,22420.469999999998,11210.234999999999,0,0,0,0,0,0.0,0.0,0.0
MCH4886,Mangat-Gh0se,MISC_RETAIL,2,13580.24,6790.12,0,0,0,0,0,0.0,0.0,0.0
MCH4887,,,2,33569.04,16784.52,0,0,0,0,0,0.0,0.0,0.0
MCH4890,,,2,13249.960000000001,6624.9800000000005,0,0,0,0,0,0.0,0.0,0.0
MCH4898,,,2,10530.42,5265.21,0,0,0,0,0,0.0,0.0,0.0
MCH4899,,,2,15136.900000000001,7568.450000000001,0,0,0,0,0,0.0,0.0,0.0
MCH4901,,,2,13503.01,6751.505,0,0,0,0,0,0.0,0.0,0.0
MCH4904,"Vohra, Lanka and Bumb",MOBILE RECHARGE,2,26913.88,13456.94,0,0,0,0,0,0.0,0.0,0.0
MCH4910,,,2,25621.449999999997,12810.724999999999,0,0,0,0,0,0.0,0.0,0.0
MCH4911,"Nigam, Mahajan and Misra",GROCERY,2,40465.15,20232.575,0,0,0,0,0,0.0,0.0,0.0
MCH4920,,,2,21518.94,21518.94,0,0,0,0,0,0.0,0.0,0.0
MCH4924,,,2,37501.39,18750.695,0,0,0,0,0,0.0,0.0,0.0
MCH4925,,,2,34134.03,17067.015,0,0,0,0,0,0.0,0.0,0.0
MCH4927,mohan plc,APPAREL,2,24581.370000000003,12290.685000000001,0,0,0,0,0,0.0,0.0,0.0
MCH4939,Bath-Kumer,MOBILE RECHARGE,2,41229.31,20614.655,0,0,0,0,0,0.0,0.0,0.0
MCH4944,"Pillai, Kurian and Sunder",GROCERY,2,35169.95,17584.975,0,0,0,0,0,0.0,0.0,0.0
MCH4966,,,2,20680.48,20680.48,0,0,0,0,0,0.0,0.0,0.0
MCH4967,Mallick PLC,TRANSPORT,2,-4231.27,-2115.635,0,0,0,0,0,0.0,0.0,0.0
MCH4974,Krishna PLC,APPAREL,2,12520.170000000002,6260.085000000001,0,0,0,0,0,0.0,0.0,0.0
MCH4977,ARORA-NAYAK,OTHER,2,21144.870000000003,10572.435000000001,0,0,0,0,0,0.0,0.0,0.0
MCH4987,,,2,3054.9300000000003,1527.4650000000001,0,0,0,0,0,0.0,0.0,0.0
MCH4991,,,2,17740.46,8870.23,0,0,0,0,0,0.0,0.0,0.0
MCH4999,,,2,21591.94,21591.94,0,0,0,0,0,0.0,0.0,0.0
MCH5001,Narayan LLC,FOOD_SERVICES,2,29163.66,14581.83,0,0,0,0,0,0.0,0.0,0.0
MCH5003,,,2,31972.36,15986.18,0,0,0,0,0,0.0,0.0,0.0
MCH5005,,,2,21169.14,10584.57,0,0,0,0,0,0.0,0.0,0.0
MCH5019,Parikh Group,TELECOM,2,13909.48,6954.74,0,0,0,0,0,0.0,0.0,0.0
MCH5021,Dora Group,HOTEL_LODGING,2,30318.5,15159.25,0,0,0,0,0,0.0,0.0,0.0
MCH5026,,,2,8190.679999999999,4095.3399999999997,0,0,0,0,0,0.0,0.0,0.0
MCH5030,,,2,28633.559999999998,14316.779999999999,0,0,0,0,0,0.0,0.0,0.0
MCH5036,Dutt-Nagy,FOOD_SERVICES,2,4890.47,2445.235,0,0,0,0,0,0.0,0.0,0.0
MCH5041,,,2,18094.03,9047.015,0,0,0,0,0,0.0,0.0,0.0
MCH5050,Subramanian-Dua,BOOKS,2,31109.940000000002,15554.970000000001,0,0,0,0,0,0.0,0.0,0.0
MCH5052,Pillay-Bora,MISC_RETAIL,2,25193.98,12596.99,0,0,0,0,0,0.0,0.0,0.0
MCH5062,,,2,34745.96,17372.98,0,0,0,0,0,0.0,0.0,0.0
MCH5071,,,2,20480.48,10240.24,0,0,0,0,0,0.0,0.0,0.0
MCH5075,,,2,18407.26,9203.63,0,0,0,0,0,0.0,0.0,0.0
MCH5079,Ramaswamy-Trivedi,DEPARTMENT STORE,2,4948.65,2474.325,0,0,0,0,0,0.0,0.0,0.0
MCH5083,,,2,12566.78,6283.39,0,0,0,0,0,0.0,0.0,0.0
MCH5092,Dubey-Gade,TELECOM,2,16.02,16.02,0,0,0,0,0,0.0,0.0,0.0
MCH5093,Khatri-Kata,GROCERY,2,12930.66,6465.33,0,0,0,0,0,0.0,0.0,0.0
MCH5095,,,2,17311.87,8655.935,0,0,0,0,0,0.0,0.0,0.0
MCH5096,,,2,13935.72,13935.72,0,0,0,0,0,0.0,0.0,0.0
MCH5100,Garde-Mody,GROCERY,2,17920.95,17920.95,0,0,0,0,0,0.0,0.0,0.0
MCH5103,"MORAR, KANNAN AND PUROHIT",HOTEL_LODGING,2,12423.42,6211.71,0,0,0,0,0,0.0,0.0,0.0
MCH5121,Din-Dar,FOOD_SERVICES,2,9098.21,4549.105,0,0,0,0,0,0.0,0.0,0.0
MCH5126,,,2,-9384.329999999998,-4692.164999999999,0,0,0,0,0,0.0,0.0,0.0
MCH5130,,,2,15902.41,7951.205,0,0,0,0,0,0.0,0.0,0.0
MCH5133,sawhney group,GROCERY,2,22457.77,11228.885,0,0,0,0,0,0.0,0.0,0.0
MCH5136,Thakur and Sons,TRANSPORT,2,5296.1,5296.1,0,0,0,0,0,0.0,0.0,0.0
MCH5154,Bhargava-Dey,PHARMACY,2,31031.18,15515.59,0,0,0,0,0,0.0,0.0,0.0
MCH5160,subramanian inc,HOTEL_LODGING,2,15161.48,7580.74,0,0,0,0,0,0.0,0.0,0.0
MCH5163,"Pandit, Lad and V0ra",MOBILE RECHARGE,2,41148.74,20574.37,0,0,0,0,0,0.0,0.0,0.0
MCH5165,,,2,34088.81,17044.405,0,0,0,0,0,0.0,0.0,0.0
MCH5196,Saini Ltd,RETAIL,2,19500.1,19500.1,0,0,0,0,0,0.0,0.0,0.0
MCH5197,AcharyaInc,TRANSPORT,2,17221.73,8610.865,0,0,0,0,0,0.0,0.0,0.0
MCH5199,,,2,12262.2,6131.1,0,0,0,0,0,0.0,0.0,0.0
MCH5201,,,2,26851.199999999997,13425.599999999999,0,0,0,0,0,0.0,0.0,0.0
MCH5202,,,2,31894.6,15947.3,0,0,0,0,0,0.0,0.0,0.0
MCH5203,"Goel, Mishra and Ram",TELECOM,2,3709.4,1854.7,0,0,0,0,0,0.0,0.0,0.0
MCH5206,,,2,8253.630000000001,4126.8150000000005,0,0,0,0,0,0.0,0.0,0.0
MCH5217,Swamy Ltd,GROCERY,2,13527.79,6763.895,0,0,0,0,0,0.0,0.0,0.0
MCH5221,,,2,12752.15,12752.15,0,0,0,0,0,0.0,0.0,0.0
MCH5228,,,2,24178.629999999997,12089.314999999999,0,0,0,0,0,0.0,0.0,0.0
MCH5229,,,2,15273.39,15273.39,0,0,0,0,0,0.0,0.0,0.0
MCH5234,,,2,36659.259999999995,18329.629999999997,0,0,0,0,0,0.0,0.0,0.0
MCH5239,Saha Inc,MISC_RETAIL,2,32715.2,16357.6,0,0,0,0,0,0.0,0.0,0.0
MCH5243,,,2,12877.630000000001,6438.8150000000005,0,0,0,0,0,0.0,0.0,0.0
MCH5246,,,2,24743.170000000002,12371.585000000001,0,0,0,0,0,0.0,0.0,0.0
MCH5247,Nagi Ltd,TELECOM,2,3424.3999999999996,1712.1999999999998,0,0,0,0,0,0.0,0.0,0.0
MCH5250,Virk-Nadkarni,MISC_RETAIL,2,27640.67,13820.335,0,0,0,2,0,0.0,0.0,0.0
MCH5254,,,2,26199.54,13099.77,0,0,0,0,0,0.0,0.0,0.0
MCH5257,Kara-Sibal,TELECOM,2,17938.69,17938.69,0,0,0,0,0,0.0,0.0,0.0
MCH5266,,,2,1222.96,611.48,0,0,0,0,0,0.0,0.0,0.0
MCH5273,,,2,24854.22,12427.11,0,0,0,0,0,0.0,0.0,0.0
MCH5274,Thakur and Sons,TELECOM,2,14809.89,7404.945,0,0,0,0,0,0.0,0.0,0.0
MCH5275,,,2,19895.81,9947.905,0,0,0,0,0,0.0,0.0,0.0
MCH5276,,,2,25761.78,12880.89,0,0,0,0,0,0.0,0.0,0.0
MCH5284,,,2,4435.0,4435.0,0,0,0,0,0,0.0,0.0,0.0
MCH5290,,,2,47657.45,23828.725,0,0,0,0,0,0.0,0.0,0.0
MCH5292,Nori-Dugal,OTHER,2,11882.96,11882.96,0,0,0,2,0,0.0,0.0,0.0
MCH5293,PINGLE PLC,MISC_RETAIL,2,6710.71,3355.355,0,0,0,0,0,0.0,0.0,0.0
MCH5295,,,2,18298.57,9149.285,0,0,0,0,0,0.0,0.0,0.0
MCH5296,,,2,4072.55,4072.55,0,0,0,0,0,0.0,0.0,0.0
MCH5298,  Keer and Sons  ,MISC_RETAIL,2,25377.519999999997,12688.759999999998,0,0,0,0,0,0.0,0.0,0.0
MCH5301,,,2,19641.3,9820.65,0,0,0,0,0,0.0,0.0,0.0
MCH5303,walla inc,DEPARTMENT STORE,2,19758.13,9879.065,0,0,0,0,0,0.0,0.0,0.0
MCH5305,taneja inc,HOTEL_LODGING,2,39988.58,19994.29,0,0,0,0,0,0.0,0.0,0.0
MCH5309,,,2,20093.370000000003,10046.685000000001,0,0,0,0,0,0.0,0.0,0.0
MCH5313,,,2,5611.06,5611.06,0,0,0,0,0,0.0,0.0,0.0
MCH5318,,,2,31155.049999999996,15577.524999999998,0,0,0,0,0,0.0,0.0,0.0
MCH5323,,,2,18234.17,9117.085,0,0,0,0,0,0.0,0.0,0.0
MCH5332,,,2,28325.53,14162.765,0,0,0,0,0,0.0,0.0,0.0
MCH5338,,,2,9232.439999999999,4616.219999999999,0,0,0,0,0,0.0,0.0,0.0
MCH5349,,,2,14106.21,14106.21,0,0,0,0,0,0.0,0.0,0.0
MCH5352,,,2,26168.82,13084.41,0,0,0,0,0,0.0,0.0,0.0
MCH5358,,,2,28824.76,14412.38,0,0,0,0,0,0.0,0.0,0.0
MCH5359,,,2,15382.470000000001,7691.235000000001,0,0,0,0,0,0.0,0.0,0.0
MCH5363,,,2,38447.71,19223.855,0,0,0,0,0,0.0,0.0,0.0
MCH5365,,,2,7432.370000000001,3716.1850000000004,0,0,0,0,0,0.0,0.0,0.0
MCH5372,,,2,23893.36,11946.68,0,0,0,0,0,0.0,0.0,0.0
MCH5378,Chaudhari Inc,HOTEL_LODGING,2,18295.82,9147.91,0,0,0,0,0,0.0,0.0,0.0
MCH5380,,,2,37037.76,18518.88,0,0,0,0,0,0.0,0.0,0.0
MCH5384,  Sibal Inc  ,GROCERY,2,29687.58,14843.79,0,0,0,0,0,0.0,0.0,0.0
MCH5385,,,2,7126.61,3563.305,0,0,0,0,0,0.0,0.0,0.0
MCH5388,Mann-Oza,BOOKS,2,19166.69,9583.345,0,0,0,0,0,0.0,0.0,0.0
MCH5389,sem llc,TRANSPORT,2,11527.85,11527.85,0,0,0,0,0,0.0,0.0,0.0
MCH5395,"Dada, Jani and Kaul",STATIONERY,2,24522.899999999998,12261.449999999999,0,0,0,0,0,0.0,0.0,0.0
MCH5396,MANDA-SETH,TRANSPORT,2,13778.659999999998,6889.329999999999,0,0,0,0,0,0.0,0.0,0.0
MCH5397,,,2,5499.67,5499.67,0,0,0,0,0,0.0,0.0,0.0
MCH5399,Agate-Wali,OTHER,2,9709.43,4854.715,0,0,0,0,0,0.0,0.0,0.0
MCH5403,,,2,35179.45,17589.725,0,0,0,0,0,0.0,0.0,0.0
MCH5408,"Setty, Mangal and Dhar",GROCERY,2,33482.399999999994,16741.199999999997,0,0,0,0,0,0.0,0.0,0.0
MCH5410,Ganesh LLC,HOTEL_LODGING,2,3044.85,3044.85,0,0,0,0,0,0.0,0.0,0.0
MCH5414,bhandari ltd,HOTEL_LODGING,2,16576.53,8288.265,0,0,0,0,0,0.0,0.0,0.0
MCH5419,,,2,37831.41,18915.705,0,0,0,0,0,0.0,0.0,0.0
MCH5421,,,2,-19130.800000000003,-9565.400000000001,0,0,0,0,0,0.0,0.0,0.0
MCH5424,,,2,3882.75,1941.375,0,0,0,0,0,0.0,0.0,0.0
MCH5426,"DORA, SEHGAL AND CHOUDHURY",TRANSPORT,2,7287.67,7287.67,0,0,0,0,0,0.0,0.0,0.0
MCH5428,,,2,16440.21,16440.21,0,0,0,0,0,0.0,0.0,0.0
MCH5430,THAKKAR AND SONS,APPAREL,2,2378.26,2378.26,0,0,0,2,0,0.0,0.0,0.0
MCH5433,Subramanian PLC,APPAREL,2,18258.24,18258.24,0,0,0,0,0,0.0,0.0,0.0
MCH5435,,,2,16910.55,8455.275,0,0,0,0,0,0.0,0.0,0.0
MCH5442,Sarkar-Prabhu,DEPARTMENT STORE,2,19463.92,19463.92,0,0,0,0,0,0.0,0.0,0.0
MCH5446,,,2,35258.6,17629.3,0,0,0,0,0,0.0,0.0,0.0
MCH5449,,,2,20654.559999999998,10327.279999999999,0,0,0,0,0,0.0,0.0,0.0
MCH5464,,,2,37460.47,18730.235,0,0,0,0,0,0.0,0.0,0.0
MCH5473,,,2,30257.4,15128.7,0,0,0,0,0,0.0,0.0,0.0
MCH5479,"Mukherjee, Nazareth and Palla",FOOD_SERVICES,2,5011.85,5011.85,0,0,0,0,0,0.0,0.0,0.0
MCH5486,,,2,18989.94,9494.97,0,0,0,0,0,0.0,0.0,0.0
MCH5489,NATH LTD,DEPARTMENT STORE,2,19582.89,9791.445,0,0,0,0,0,0.0,0.0,0.0
MCH5493,"Choudhury, Nayak and Hayer",APPAREL,2,28894.329999999998,14447.164999999999,0,0,0,0,0,0.0,0.0,0.0
MCH5494,raja ltd,STATIONERY,2,35875.97,17937.985,0,0,0,0,0,0.0,0.0,0.0
MCH5503,Suri Ltd,TRANSPORT,2,23742.35,11871.175,0,0,0,0,0,0.0,0.0,0.0
MCH5508,,,2,41850.520000000004,20925.260000000002,0,0,0,0,0,0.0,0.0,0.0
MCH5512,,,2,19729.55,9864.775,0,0,0,0,0,0.0,0.0,0.0
MCH5513,,,2,17870.97,8935.485,0,0,0,0,0,0.0,0.0,0.0
MCH5515,,,2,26214.69,13107.345,0,0,0,0,0,0.0,0.0,0.0
MCH5532,,,2,32546.41,16273.205,0,0,0,0,0,0.0,0.0,0.0
MCH5533,,,2,47238.22,23619.11,0,0,0,0,0,0.0,0.0,0.0
MCH5538,Barad-Nigam,TELECOM,2,15842.84,7921.42,0,0,0,0,0,0.0,0.0,0.0
MCH5539,,,2,11984.89,5992.445,0,0,0,0,0,0.0,0.0,0.0
MCH5544,,,2,24715.03,12357.515,0,0,0,0,0,0.0,0.0,0.0
MCH5548,,,2,31603.980000000003,15801.990000000002,0,0,0,0,0,0.0,0.0,0.0
MCH5555,"Banerjee, Kurian and Tara",TELECOM,2,28055.370000000003,14027.685000000001,0,0,0,0,0,0.0,0.0,0.0
MCH5557,,,2,10616.6,10616.6,0,0,0,0,0,0.0,0.0,0.0
MCH5558,"Rao, Sidhu and Barad",HOTEL_LODGING,2,20284.02,10142.01,0,0,0,0,0,0.0,0.0,0.0
MCH5560,"D’Alia, Dasgupta and Chakrabarti",TRANSPORT,2,2250.41,2250.41,0,0,0,2,0,0.0,0.0,0.0
MCH5561,,,2,28975.48,14487.74,0,0,0,0,0,0.0,0.0,0.0
MCH5566,,,2,8214.43,8214.43,0,0,0,0,0,0.0,0.0,0.0
MCH5568,,,2,18195.43,9097.715,0,0,0,0,0,0.0,0.0,0.0
MCH5573,Vora-Natarajan,PHONE SERVICE,2,28268.010000000002,14134.005000000001,0,0,0,0,0,0.0,0.0,0.0
MCH5579,,,2,15719.349999999999,7859.674999999999,0,0,0,0,0,0.0,0.0,0.0
MCH5585,,,2,8828.3,4414.15,0,0,0,0,0,0.0,0.0,0.0
MCH5586,Andra-Sha,APPAREL,2,12896.66,6448.33,0,0,0,2,0,0.0,0.0,0.0
MCH5595,"Menon, Ahluwalia and Mistry",HOTEL_LODGING,2,30023.39,15011.695,0,0,0,0,0,0.0,0.0,0.0
MCH5597,"Shankar, Pandey and Sridhar",FOOD_SERVICES,2,28419.129999999997,14209.564999999999,0,0,0,0,0,0.0,0.0,0.0
MCH5599,Peri-Bhatti,BOOKS,2,-2008.12,-1004.06,0,0,0,0,0,0.0,0.0,0.0
MCH5619,,,2,25614.13,12807.065,0,0,0,0,0,0.0,0.0,0.0
MCH5626,"Borah, Bedi and Khalsa",HOTEL_LODGING,2,8378.91,4189.455,0,0,0,0,0,0.0,0.0,0.0
MCH5630,Srinivas-Doshi,HOTEL_LODGING,2,2120.48,1060.24,0,0,0,0,0,0.0,0.0,0.0
MCH5634,,,2,26288.57,13144.285,0,0,0,0,0,0.0,0.0,0.0
MCH5635,,,2,26110.41,13055.205,0,0,0,0,0,0.0,0.0,0.0
MCH5636,,,2,28418.339999999997,14209.169999999998,0,0,0,0,0,0.0,0.0,0.0
MCH5638,,,2,20073.78,10036.89,0,0,0,0,0,0.0,0.0,0.0
MCH5640,,,2,17820.670000000002,8910.335000000001,0,0,0,0,0,0.0,0.0,0.0
MCH5641,"Kant, Raju and Sandal",MISC_RETAIL,2,24040.78,12020.39,0,0,0,2,0,0.0,0.0,0.0
MCH5653,,,2,20653.43,20653.43,0,0,0,0,0,0.0,0.0,0.0
MCH5657,Natt-Goel,MISC_RETAIL,2,31333.3,15666.65,0,0,0,0,0,0.0,0.0,0.0
MCH5659,,,2,30187.58,15093.79,0,0,0,0,0,0.0,0.0,0.0
MCH5660,Goda-Goda,FOOD_SERVICES,2,20077.48,10038.74,0,0,0,0,0,0.0,0.0,0.0
MCH5666,,,2,5815.389999999999,2907.6949999999997,0,0,0,0,0,0.0,0.0,0.0
MCH5669,"Sodhi, Luthra and Batta",FOOD_SERVICES,2,29881.989999999998,14940.994999999999,0,0,0,0,0,0.0,0.0,0.0
MCH5674,"Chhabra, Samra and Ghosh",TRANSPORT,2,726.02,726.02,0,0,0,0,0,0.0,0.0,0.0
MCH5685,,,2,7974.24,7974.24,0,0,0,0,0,0.0,0.0,0.0
MCH5692,,,2,42821.0,21410.5,0,0,0,0,0,0.0,0.0,0.0
MCH5695,Divan Inc,APPAREL,2,-4828.82,-2414.41,0,0,0,0,0,0.0,0.0,0.0
MCH5707,De01 Gr0up,GROCERY,2,29843.28,14921.64,0,0,0,0,0,0.0,0.0,0.0
MCH5709,shroff-mukherjee,TELECOM,2,876.41,876.41,0,0,0,0,0,0.0,0.0,0.0
MCH5715,"Bansal,AryaandBhat",PHARMACY,2,32981.94,16490.97,0,0,0,0,0,0.0,0.0,0.0
MCH5723,,,2,20504.22,10252.11,0,0,0,0,0,0.0,0.0,0.0
MCH5726,,,2,12322.759999999998,6161.379999999999,0,0,0,0,0,0.0,0.0,0.0
MCH5728,,,2,21785.13,10892.565,0,0,0,0,0,0.0,0.0,0.0
MCH5731,,,2,12265.82,6132.91,0,0,0,0,0,0.0,0.0,0.0
MCH5745,"Bahri, Dutta and Narang",TRANSPORT,2,11864.57,11864.57,0,0,0,0,0,0.0,0.0,0.0
MCH5747,"NARASIMHAN, DOSHI AND PALL",FOOD_SERVICES,2,32993.95,16496.975,0,0,0,0,0,0.0,0.0,0.0
MCH5760,,,2,27193.5,13596.75,0,0,0,0,0,0.0,0.0,0.0
MCH5763,,,2,12942.86,6471.43,0,0,0,0,0,0.0,0.0,0.0
MCH5772,,,2,36416.24,18208.12,0,0,0,0,0,0.0,0.0,0.0
MCH5777,Dubey and Sons,MISC_RETAIL,2,20749.28,10374.64,0,0,0,2,0,0.0,0.0,0.0
MCH5780,"Kumar, Bedi and Borah",STATIONERY,2,22806.43,11403.215,0,0,0,2,0,0.0,0.0,0.0
MCH5781,Bava and Sons,HOTEL_LODGING,2,24409.88,12204.94,0,0,0,0,0,0.0,0.0,0.0
MCH5782,,,2,24981.82,12490.91,0,0,0,0,0,0.0,0.0,0.0
MCH5783,,,2,0.0,,0,0,0,0,0,0.0,0.0,0.0
MCH5790,  Devi and Sons  ,STATIONERY,2,19036.72,9518.36,0,0,0,0,0,0.0,0.0,0.0
MCH5791,,,2,20515.08,10257.54,0,0,0,0,0,0.0,0.0,0.0
MCH5794,Gulati and Sons,OTHER,2,20849.22,10424.61,0,0,0,0,0,0.0,0.0,0.0
MCH5805,natarajan-walla,TRANSPORT,2,3467.89,3467.89,0,0,0,0,0,0.0,0.0,0.0
MCH5814,,,2,22185.53,11092.765,0,0,0,0,0,0.0,0.0,0.0
MCH5819,,,2,23124.43,11562.215,0,0,0,0,0,0.0,0.0,0.0
MCH5820,,,2,-340.2599999999984,-170.1299999999992,0,0,0,0,0,0.0,0.0,0.0
MCH5828,,,2,17072.1,8536.05,0,0,0,0,0,0.0,0.0,0.0
MCH5829,BATTA LTD,FOOD_SERVICES,2,36331.4,18165.7,0,0,0,2,0,0.0,0.0,0.0
MCH5831,KIBE INC,TELECOM,2,20517.43,20517.43,0,0,0,0,0,0.0,0.0,0.0
MCH5833,Deep and Sons,GROCERY,2,13053.03,13053.03,0,0,0,0,0,0.0,0.0,0.0
MCH5836,,,2,11964.71,5982.355,0,0,0,0,0,0.0,0.0,0.0
MCH5837,,,2,42996.369999999995,21498.184999999998,0,0,0,0,0,0.0,0.0,0.0
MCH5838,,,2,16397.87,16397.87,0,0,0,0,0,0.0,0.0,0.0
MCH5843,Wason and Sons,MOBILE RECHARGE,2,38816.770000000004,19408.385000000002,0,0,0,0,0,0.0,0.0,0.0
MCH5845,Buch PLC,RETAIL,2,40248.95,20124.475,0,0,0,0,0,0.0,0.0,0.0
MCH5847,"Kar, Gupta and Choudhry",HOTEL_LODGING,2,28010.05,14005.025,0,0,0,0,0,0.0,0.0,0.0
MCH5850,Virk-Loke,APPAREL,2,25459.07,12729.535,0,0,0,0,0,0.0,0.0,0.0
MCH5852,,,2,15800.380000000001,7900.1900000000005,0,0,0,0,0,0.0,0.0,0.0
MCH5859,,,2,940.41,940.41,0,0,0,0,0,0.0,0.0,0.0
MCH5871,,,2,32217.85,16108.925,0,0,0,0,0,0.0,0.0,0.0
MCH5872,  Sandal Ltd  ,GROCERY,2,31609.29,15804.645,0,0,0,0,0,0.0,0.0,0.0
MCH5880,"Varty, Ratta and Venkataraman",APPAREL,2,11689.29,11689.29,0,0,0,0,0,0.0,0.0,0.0
MCH5881,"  Bandi, Krishnamurthy and Saran  ",GROCERY,2,12013.109999999999,6006.554999999999,0,0,0,0,0,0.0,0.0,0.0
MCH5888,,,2,22053.09,11026.545,0,0,0,0,0,0.0,0.0,0.0
MCH5898,  Virk-Mani  ,APPAREL,2,5275.09,5275.09,0,0,0,0,0,0.0,0.0,0.0
MCH5899,,,2,6707.25,6707.25,0,0,0,0,0,0.0,0.0,0.0
MCH5902,"Iyer, Pal and Kaur",DEPARTMENT STORE,2,13946.64,13946.64,0,0,0,0,0,0.0,0.0,0.0
MCH5903,,,2,3842.3199999999997,1921.1599999999999,0,0,0,0,0,0.0,0.0,0.0
MCH5907,,,2,15712.6,7856.3,0,0,0,0,0,0.0,0.0,0.0
MCH5911,,,2,7554.41,3777.205,0,0,0,0,0,0.0,0.0,0.0
MCH5912,shenoy plc,TELECOM,2,32001.14,16000.57,0,0,0,0,0,0.0,0.0,0.0
MCH5915,"Solanki, Banik and Badal",TRANSPORT,2,28158.04,14079.02,0,0,0,0,0,0.0,0.0,0.0
MCH5924,Chana-Thaman,PHONE SERVICE,2,15211.36,15211.36,0,0,0,0,0,0.0,0.0,0.0
MCH5927,"Hayer, Palla and Ganesh",APPAREL,2,26066.149999999998,13033.074999999999,0,0,0,0,0,0.0,0.0,0.0
MCH5930,,,2,27013.66,13506.83,0,0,0,0,0,0.0,0.0,0.0
MCH5934,Halder LLC,HOTEL_LODGING,2,30624.72,15312.36,0,0,0,0,0,0.0,0.0,0.0
MCH5936,,,2,13045.59,6522.795,0,0,0,0,0,0.0,0.0,0.0
MCH5937,"Babu, Contractor and Sem",GROCERY,2,42721.41,21360.705,0,0,0,0,0,0.0,0.0,0.0
MCH5948,,,2,35685.57,17842.785,0,0,0,0,0,0.0,0.0,0.0
MCH5951,,,2,29687.829999999998,14843.914999999999,0,0,0,0,0,0.0,0.0,0.0
MCH5952,,,2,24312.370000000003,12156.185000000001,0,0,0,0,0,0.0,0.0,0.0
MCH5954,"Chand, Dora and Dey",FOOD_SERVICES,2,28731.989999999998,14365.994999999999,0,0,0,0,0,0.0,0.0,0.0
MCH5957,,,2,14425.630000000001,7212.8150000000005,0,0,0,0,0,0.0,0.0,0.0
MCH5960,,,2,13505.52,6752.76,0,0,0,0,0,0.0,0.0,0.0
MCH5961,Batra Ltd,FOOD_SERVICES,2,14426.49,7213.245,0,0,0,0,0,0.0,0.0,0.0
MCH5980,MISRA-GANGULY,TRANSPORT,2,25578.03,12789.015,0,0,0,0,0,0.0,0.0,0.0
MCH5984,,,2,22635.64,11317.82,0,0,0,0,0,0.0,0.0,0.0
MCH5989,,,2,20595.72,10297.86,0,0,0,0,0,0.0,0.0,0.0
MCH5995,Palla Group,FOOD_SERVICES,2,4303.01,4303.01,0,0,0,0,0,0.0,0.0,0.0
MCH6000,,,2,0.0,,0,0,0,0,0,0.0,0.0,0.0
MCH6001,Murthy-Batra,HOTEL_LODGING,2,11273.44,11273.44,0,0,0,0,0,0.0,0.0,0.0
MCH6017,"Loyal, Sidhu and Balay",TELECOM,2,23777.76,23777.76,0,0,0,2,0,0.0,0.0,0.0
MCH6018,,,2,10827.029999999999,5413.514999999999,0,0,0,0,0,0.0,0.0,0.0
MCH6020,Goda Ltd,BOOKS,2,25247.52,12623.76,0,0,0,0,0,0.0,0.0,0.0
MCH6021,,,2,20441.8,10220.9,0,0,0,0,0,0.0,0.0,0.0
MCH6024,THAKKAR-KUNDA,GROCERY,2,38978.68,19489.34,0,0,0,0,0,0.0,0.0,0.0
MCH6026,NARAYANAN-BHATT,BOOKS,2,36214.04,18107.02,0,0,0,0,0,0.0,0.0,0.0
MCH6029,,,2,13792.49,6896.245,0,0,0,0,0,0.0,0.0,0.0
MCH6032,,,2,13992.88,6996.44,0,0,0,0,0,0.0,0.0,0.0
MCH6034,Sane Inc,MEDICAL_STORE,2,9189.49,4594.745,0,0,0,0,0,0.0,0.0,0.0
MCH6037,,,2,9529.99,9529.99,0,0,0,0,0,0.0,0.0,0.0
MCH6039,Padmanabhan-Bora,TELECOM,2,17896.07,8948.035,0,0,0,0,0,0.0,0.0,0.0
MCH6044,Narain-Srivastava,HOTEL_LODGING,2,15816.18,7908.09,0,0,0,0,0,0.0,0.0,0.0
MCH6045,"bajwa, wali and walla",PHARMACY,2,37079.62,18539.81,0,0,0,0,0,0.0,0.0,0.0
MCH6066,,,2,22638.82,11319.41,0,0,0,0,0,0.0,0.0,0.0
MCH6072,,,2,31081.989999999998,15540.994999999999,0,0,0,0,0,0.0,0.0,0.0
MCH6077,,,2,19137.72,9568.86,0,0,0,0,0,0.0,0.0,0.0
MCH6078,Oza-Srinivasan,TELECOM,2,28511.45,14255.725,0,0,0,0,0,0.0,0.0,0.0
MCH6083,"Shah, Deep and Swaminathan",GROCERY,2,41086.59,20543.295,0,0,0,0,0,0.0,0.0,0.0
MCH6089,,,2,12850.460000000001,6425.2300000000005,0,0,0,0,0,0.0,0.0,0.0
MCH6093,,,2,22930.07,11465.035,0,0,0,0,0,0.0,0.0,0.0
MCH6096,,,2,13964.42,6982.21,0,0,0,0,0,0.0,0.0,0.0
MCH6100,"PILLAY, MERCHANT AND SEM",BOOKS,2,14318.66,7159.33,0,0,0,0,0,0.0,0.0,0.0
MCH6111,,,2,22517.93,11258.965,0,0,0,0,0,0.0,0.0,0.0
MCH6118,"radhakrishnan, lala and devi",DEPARTMENT STORE,2,28169.07,14084.535,0,0,0,0,0,0.0,0.0,0.0
MCH6119,HayerLtd,PHARMACY,2,15397.07,7698.535,0,0,0,0,0,0.0,0.0,0.0
MCH6124,,,2,26505.44,13252.72,0,0,0,0,0,0.0,0.0,0.0
MCH6127,,,2,44407.85,22203.925,0,0,0,0,0,0.0,0.0,0.0
MCH6129,,,2,24912.440000000002,12456.220000000001,0,0,0,0,0,0.0,0.0,0.0
MCH6130,,,2,5288.98,2644.49,0,0,0,0,0,0.0,0.0,0.0
MCH6133,,,2,39623.34,19811.67,0,0,0,0,0,0.0,0.0,0.0
MCH6136,,,2,7452.02,3726.01,0,0,0,0,0,0.0,0.0,0.0
MCH6141,,,2,41348.740000000005,20674.370000000003,0,0,0,0,0,0.0,0.0,0.0
MCH6146,Handa LLC,MEDICAL_STORE,2,11028.329999999998,5514.164999999999,0,0,0,0,0,0.0,0.0,0.0
MCH6148,"Sem, Aggarwa1 and Uppa1",DEPARTMENT STORE,2,9130.49,4565.245,0,0,0,0,0,0.0,0.0,0.0
MCH6151,,,2,26622.489999999998,13311.244999999999,0,0,0,0,0,0.0,0.0,0.0
MCH6153,,,2,17843.64,8921.82,0,0,0,0,0,0.0,0.0,0.0
MCH6158,"Dhingra, Ratti and Palla",TRANSPORT,2,23949.7,23949.7,0,0,0,0,0,0.0,0.0,0.0
MCH6159,,,2,44587.009999999995,22293.504999999997,0,0,0,0,0,0.0,0.0,0.0
MCH6161,Sura-Wadhwa,TELECOM,2,46899.91,23449.955,0,0,0,0,0,0.0,0.0,0.0
MCH6162,"Naik, Kade and Singh",TRANSPORT,2,9427.12,9427.12,0,0,0,0,0,0.0,0.0,0.0
MCH6163,Mani Ltd,BOOKS,2,8743.36,8743.36,0,0,0,0,0,0.0,0.0,0.0
MCH6167,"Chawla, Andra and Varty",TELECOM,2,12211.15,12211.15,0,0,0,0,0,0.0,0.0,0.0
MCH6171,  Naik and Sons  ,FOOD_SERVICES,2,42861.28999999999,21430.644999999997,0,0,0,0,0,0.0,0.0,0.0
MCH6179,,,2,21480.5,10740.25,0,0,0,0,0,0.0,0.0,0.0
MCH6187,"Shanker, Sastry and Rattan",TRAVEL,2,7283.299999999999,3641.6499999999996,0,0,0,0,0,0.0,0.0,0.0
MCH6188,"Batta, Choudhary and Bhalla",TRANSPORT,2,7067.28,7067.28,0,0,0,0,0,0.0,0.0,0.0
MCH6189,,,2,19474.53,19474.53,0,0,0,0,0,0.0,0.0,0.0
MCH6194,,,2,18150.72,9075.36,0,0,0,0,0,0.0,0.0,0.0
MCH6195,,,2,19723.7,9861.85,0,0,0,0,0,0.0,0.0,0.0
MCH6196,,,2,13419.09,13419.09,0,0,0,0,0,0.0,0.0,0.0
MCH6198,Rana-Sabharwal,RETAIL,2,16912.28,8456.14,0,0,0,0,0,0.0,0.0,0.0
MCH6201,,,2,3748.12,1874.06,0,0,0,0,0,0.0,0.0,0.0
MCH6202,,,2,20765.75,10382.875,0,0,0,0,0,0.0,0.0,0.0
MCH6210,Sem Group,FOOD_SERVICES,2,41193.380000000005,20596.690000000002,0,0,0,0,0,0.0,0.0,0.0
MCH6215,,,2,15420.789999999999,7710.3949999999995,0,0,0,0,0,0.0,0.0,0.0
MCH6222,,,2,38001.229999999996,19000.614999999998,0,0,0,0,0,0.0,0.0,0.0
MCH6227,,,2,10053.06,5026.53,0,0,0,0,0,0.0,0.0,0.0
MCH6233,"Arora, Agarwal and Padmanabhan",BOOKS,2,44930.3,22465.15,0,0,0,0,0,0.0,0.0,0.0
MCH6235,,,2,35286.78,17643.39,0,0,0,0,0,0.0,0.0,0.0
MCH6247,Dhar-Ram,PHONE SERVICE,2,10790.89,5395.445,0,0,0,0,0,0.0,0.0,0.0
MCH6249,,,2,26986.489999999998,13493.244999999999,0,0,0,0,0,0.0,0.0,0.0
MCH6255,"GUPTA, KIBE AND AURORA",HOTEL_LODGING,2,25309.79,12654.895,0,0,0,0,0,0.0,0.0,0.0
MCH6260,MITTAL PLC,PHARMACY,2,21970.09,10985.045,0,0,0,0,0,0.0,0.0,0.0
MCH6261,,,2,23633.75,11816.875,0,0,0,0,0,0.0,0.0,0.0
MCH6264,,,2,0.0,,0,0,0,0,0,0.0,0.0,0.0
MCH6269,,,2,0.0,,0,0,0,0,0,0.0,0.0,0.0
MCH6270,,,2,22205.199999999997,11102.599999999999,0,0,0,0,0,0.0,0.0,0.0
MCH6271,,,2,13916.49,6958.245,0,0,0,0,0,0.0,0.0,0.0
MCH6275,Tank PLC,MOBILE RECHARGE,2,10276.05,5138.025,0,0,0,0,0,0.0,0.0,0.0
MCH6277,"MANGAT, KAUR AND GUHA",HOTEL_LODGING,2,41574.58,20787.29,0,0,0,0,0,0.0,0.0,0.0
MCH6284,Grewal-Kulkarni,HOTEL_LODGING,2,22692.29,11346.145,0,0,0,0,0,0.0,0.0,0.0
MCH6290,Chaudhry-Agarwal,MISC_RETAIL,2,37132.29,18566.145,0,0,0,0,0,0.0,0.0,0.0
MCH6301,"Apte, Vohra and Gade",TELECOM,2,9061.25,4530.625,0,0,0,0,0,0.0,0.0,0.0
MCH6304,,,2,46594.97,23297.485,0,0,0,0,0,0.0,0.0,0.0
MCH6307,,,2,23881.920000000002,11940.960000000001,0,0,0,0,0,0.0,0.0,0.0
MCH6313,Ramanathan PLC,GROCERY,2,19349.64,9674.82,0,0,0,0,0,0.0,0.0,0.0
MCH6317,,,2,38899.79,19449.895,0,0,0,0,0,0.0,0.0,0.0
MCH6325,"Sathe, Seth and Varghese",DEPARTMENT STORE,2,27547.920000000002,13773.960000000001,0,0,0,2,0,0.0,0.0,0.0
MCH6327,,,2,15612.16,7806.08,0,0,0,0,0,0.0,0.0,0.0
MCH6329,Srinivas-Banerjee,MEDICAL_STORE,2,19086.82,9543.41,0,0,0,0,0,0.0,0.0,0.0
MCH6331,Wagle-Sinha,MEDICAL_STORE,2,22220.3,11110.15,0,0,0,0,0,0.0,0.0,0.0
MCH6332,Shuk1a-Hayre,DEPARTMENT STORE,2,15366.08,7683.04,0,0,0,0,0,0.0,0.0,0.0
MCH6338,Dutta PLC,DEPARTMENT STORE,2,17456.22,8728.11,0,0,0,0,0,0.0,0.0,0.0
MCH6343,bains plc,TELECOM,2,26568.55,13284.275,0,0,0,0,0,0.0,0.0,0.0
MCH6345,Mani Group,OTHER,2,11016.63,11016.63,0,0,0,0,0,0.0,0.0,0.0
MCH6346,,,2,40573.32,20286.66,0,0,0,0,0,0.0,0.0,0.0
MCH6358,,,2,12369.09,6184.545,0,0,0,0,0,0.0,0.0,0.0
MCH6359,  Pai-Dada  ,TRAVEL,2,23408.8,11704.4,0,0,0,0,0,0.0,0.0,0.0
MCH6361,"Saran, Dhar and Chaudhry",HOTEL_LODGING,2,7317.09,3658.545,0,0,0,0,0,0.0,0.0,0.0
MCH6362,,,2,32511.29,16255.645,0,0,0,0,0,0.0,0.0,0.0
MCH6363,,,2,0.0,,0,0,0,0,0,0.0,0.0,0.0
MCH6373,,,2,19075.56,9537.78,0,0,0,0,0,0.0,0.0,0.0
MCH6374,,,2,22339.25,11169.625,0,0,0,0,0,0.0,0.0,0.0
MCH6382,,,2,13437.8,6718.9,0,0,0,0,0,0.0,0.0,0.0
MCH6387,,,2,22096.28,11048.14,0,0,0,0,0,0.0,0.0,0.0
MCH6400,Sem-Keer,GROCERY,2,37867.36,18933.68,0,0,0,0,0,0.0,0.0,0.0
MCH6401,ramachandran-borah,TELECOM,2,24048.32,12024.16,0,0,0,0,0,0.0,0.0,0.0
MCH6405,Jaggi Ltd,GROCERY,2,20438.010000000002,10219.005000000001,0,0,0,0,0,0.0,0.0,0.0
MCH6408,Gade and Sons,BOOKS,2,15783.11,7891.555,0,0,0,0,0,0.0,0.0,0.0
MCH6410,Dua-Kara,APPAREL,2,953.31,953.31,0,0,0,0,0,0.0,0.0,0.0
MCH6412,,,2,20054.82,10027.41,0,0,0,0,0,0.0,0.0,0.0
MCH6413,,,2,25301.27,12650.635,0,0,0,0,0,0.0,0.0,0.0
MCH6416,,,2,11148.300000000001,5574.150000000001,0,0,0,0,0,0.0,0.0,0.0
MCH6419,"Bhalla, Dubey and Salvi",MEDICAL,2,16283.259999999998,8141.629999999999,0,0,0,0,0,0.0,0.0,0.0
MCH6422,"Bhatnagar, Bora and Venkataraman",PHARMACY,2,16457.760000000002,8228.880000000001,0,0,0,0,0,0.0,0.0,0.0
MCH6426,,,2,20807.5,10403.75,0,0,0,0,0,0.0,0.0,0.0
MCH6428,,,2,35144.37,17572.185,0,0,0,0,0,0.0,0.0,0.0
MCH6431,"batra, pant and devan",HOTEL_LODGING,2,16265.89,8132.945,0,0,0,2,0,0.0,0.0,0.0
MCH6443,,,2,11090.789999999999,5545.3949999999995,0,0,0,0,0,0.0,0.0,0.0
MCH6448,  Pal LLC  ,TELECOM,2,22221.82,11110.91,0,0,0,0,0,0.0,0.0,0.0
MCH6460,,,2,1393.8600000000006,696.9300000000003,0,0,0,0,0,0.0,0.0,0.0
MCH6465,Mody Ltd,APPAREL,2,18864.6,9432.3,0,0,0,0,0,0.0,0.0,0.0
MCH6467,,,2,40169.04,20084.52,0,0,0,0,0,0.0,0.0,0.0
MCH6474,Dewan-Khatri,TRANSPORT,2,45134.18,22567.09,0,0,0,0,0,0.0,0.0,0.0
MCH6478,,,2,37893.06,18946.53,0,0,0,0,0,0.0,0.0,0.0
MCH6485,,,2,15926.28,7963.14,0,0,0,0,0,0.0,0.0,0.0
MCH6488,"cheema, dubey and kala",APPAREL,2,21090.72,10545.36,0,0,0,0,0,0.0,0.0,0.0
MCH6494,,,2,37717.97,18858.985,0,0,0,0,0,0.0,0.0,0.0
MCH6495,,,2,27161.68,13580.84,0,0,0,0,0,0.0,0.0,0.0
MCH6496,,,2,39667.65,19833.825,0,0,0,0,0,0.0,0.0,0.0
MCH6500,,,2,20010.12,20010.12,0,0,0,0,0,0.0,0.0,0.0
MCH6505,,,2,11495.7,11495.7,0,0,0,0,0,0.0,0.0,0.0
MCH6515,,,2,12358.029999999999,6179.014999999999,0,0,0,0,0,0.0,0.0,0.0
MCH6517,"Vig, Sen and Kumar",APPAREL,2,29909.579999999998,14954.789999999999,0,0,0,0,0,0.0,0.0,0.0
MCH6519,Mane-Madan,APPAREL,2,48921.16,24460.58,0,0,0,0,0,0.0,0.0,0.0
MCH6521,,,2,29407.34,14703.67,0,0,0,0,0,0.0,0.0,0.0
MCH6526,,,2,32475.800000000003,16237.900000000001,0,0,0,0,0,0.0,0.0,0.0
MCH6529,,,2,22952.46,11476.23,0,0,0,0,0,0.0,0.0,0.0
MCH6541,"Mahal, Panchal and Doshi",PHARMACY,2,19902.19,9951.095,0,0,0,0,0,0.0,0.0,0.0
MCH6542,  Saraf-Dhingra  ,RETAIL,2,0.0,,0,0,0,0,0,0.0,0.0,0.0
MCH6547,"Gupta,DewanandNadig",BOOKS,2,19908.54,9954.27,0,0,0,0,0,0.0,0.0,0.0
MCH6549,,,2,9811.52,9811.52,0,0,0,0,0,0.0,0.0,0.0
MCH6556,Chana-Barad,OTHER,2,32470.18,16235.09,0,0,0,0,0,0.0,0.0,0.0
MCH6557,,,2,13522.52,6761.26,0,0,0,0,0,0.0,0.0,0.0
MCH6562,Kant Inc,HOTEL_LODGING,2,10563.74,5281.87,0,0,0,0,0,0.0,0.0,0.0
MCH6569,,,2,20314.09,10157.045,0,0,0,0,0,0.0,0.0,0.0
MCH6572,  Naidu PLC  ,DEPARTMENT STORE,2,23520.21,23520.21,0,0,0,0,0,0.0,0.0,0.0
MCH6587,,,2,-12662.14,-6331.07,0,0,0,0,0,0.0,0.0,0.0
MCH6591,,,2,38440.83,19220.415,0,0,0,0,0,0.0,0.0,0.0
MCH6604,,,2,26045.05,13022.525,0,0,0,0,0,0.0,0.0,0.0
MCH6605,,,2,30200.5,15100.25,0,0,0,0,0,0.0,0.0,0.0
MCH6609,,,2,20714.97,10357.485,0,0,0,0,0,0.0,0.0,0.0
MCH6614,,,2,44104.91,22052.455,0,0,0,0,0,0.0,0.0,0.0
MCH6618,,,2,18957.73,9478.865,0,0,0,0,0,0.0,0.0,0.0
MCH6623,Kakar and Sons,PHARMACY,2,29277.17,14638.585,0,0,0,0,0,0.0,0.0,0.0
MCH6626,Zacharia-Kapadia,PHARMACY,2,17828.85,17828.85,0,0,0,2,0,0.0,0.0,0.0
MCH6628,Thakur-Kunda,PHONE SERVICE,2,23887.22,23887.22,0,0,0,0,0,0.0,0.0,0.0
MCH6636,,,2,27836.03,13918.015,0,0,0,0,0,0.0,0.0,0.0
MCH6638,,,2,22398.98,11199.49,0,0,0,0,0,0.0,0.0,0.0
MCH6641,Sunder-Taneja,GROCERY,2,5732.39,5732.39,0,0,0,0,0,0.0,0.0,0.0
MCH6642,,,2,-4731.49,-2365.745,0,0,0,0,0,0.0,0.0,0.0
MCH6645,buch llc,TRANSPORT,2,26892.27,13446.135,0,0,0,0,0,0.0,0.0,0.0
MCH6652,,,2,31801.91,15900.955,0,0,0,0,0,0.0,0.0,0.0
MCH6666,  Baral Inc  ,APPAREL,2,22897.18,11448.59,0,0,0,0,0,0.0,0.0,0.0
MCH6667,Konda-Jain,PHARMACY,2,43853.14,21926.57,0,0,0,0,0,0.0,0.0,0.0
MCH6669,,,2,16368.99,16368.99,0,0,0,0,0,0.0,0.0,0.0
MCH6671,Chandran-Dada,APPAREL,2,5709.9,2854.95,0,0,0,0,0,0.0,0.0,0.0
MCH6675,Vora and Sons,APPAREL,2,39390.81,19695.405,0,0,0,0,0,0.0,0.0,0.0
MCH6680,Vaidya-Agrawal,MISC_RETAIL,2,32707.27,16353.635,0,0,0,0,0,0.0,0.0,0.0
MCH6685,,,2,43334.35,21667.175,0,0,0,0,0,0.0,0.0,0.0
MCH6695,,,2,21042.54,10521.27,0,0,0,0,0,0.0,0.0,0.0
MCH6700,,,2,19730.06,9865.03,0,0,0,0,0,0.0,0.0,0.0
MCH6709,,,2,40394.07,20197.035,0,0,0,0,0,0.0,0.0,0.0
MCH6710,,,2,26460.97,13230.485,0,0,0,0,0,0.0,0.0,0.0
MCH6712,,,2,17691.39,17691.39,0,0,0,0,0,0.0,0.0,0.0
MCH6719,,,2,13969.68,6984.84,0,0,0,0,0,0.0,0.0,0.0
MCH6721,Pradhan-Taneja,GROCERY,2,9992.34,4996.17,0,0,0,0,0,0.0,0.0,0.0
MCH6722,bhagat llc,MISC_RETAIL,2,44381.2,22190.6,0,0,0,0,0,0.0,0.0,0.0
MCH6737,Kohli Inc,BOOKS,2,14310.689999999999,7155.344999999999,0,0,0,0,0,0.0,0.0,0.0
MCH6742,"Garde, Chaudhry and Mistry",HOTEL_LODGING,2,17144.99,8572.495,0,0,0,0,0,0.0,0.0,0.0
MCH6749,,,2,33637.66,16818.83,0,0,0,0,0,0.0,0.0,0.0
MCH6751,Jhaveri-Rege,BOOKS,2,5607.54,2803.77,0,0,0,0,0,0.0,0.0,0.0
MCH6757,Brar-Saha,BOOKS,2,11866.58,11866.58,0,0,0,0,0,0.0,0.0,0.0
MCH6758,"Kaul, Vyas and Bobal",PHARMACY,2,19594.69,9797.345,0,0,0,0,0,0.0,0.0,0.0
MCH6760,,,2,38694.46,19347.23,0,0,0,0,0,0.0,0.0,0.0
MCH6767,,,2,12198.74,6099.37,0,0,0,0,0,0.0,0.0,0.0
MCH6769,,,2,22394.75,11197.375,0,0,0,0,0,0.0,0.0,0.0
MCH6775,La11 Gr0up,MISC_RETAIL,2,272.73,272.73,0,0,0,2,0,0.0,0.0,0.0
MCH6783,"Deep, Pall and Suri",MEDICAL,2,47109.79,23554.895,0,0,0,0,0,0.0,0.0,0.0
MCH6784,,,2,20900.22,10450.11,0,0,0,0,0,0.0,0.0,0.0
MCH6785,rai llc,HOTEL_LODGING,2,25379.120000000003,12689.560000000001,0,0,0,0,0,0.0,0.0,0.0
MCH6786,,,2,30422.63,15211.315,0,0,0,0,0,0.0,0.0,0.0
MCH6791,,,2,0.0,,0,0,0,0,0,0.0,0.0,0.0
MCH6795,"Hans, Majumdar and Mangat",MISC_RETAIL,2,11297.65,5648.825,0,0,0,0,0,0.0,0.0,0.0
MCH6802,"deo, vohra and palla",DEPARTMENT STORE,2,24732.71,12366.355,0,0,0,0,0,0.0,0.0,0.0
MCH6814,Gara-Seth,TELECOM,2,27790.61,13895.305,0,0,0,0,0,0.0,0.0,0.0
MCH6816,Muni-Bakshi,BOOKS,2,22446.84,11223.42,0,0,0,0,0,0.0,0.0,0.0
MCH6817,,,2,19945.3,9972.65,0,0,0,0,0,0.0,0.0,0.0
MCH6827,Mangat and Sons,PHARMACY,2,16373.38,8186.69,0,0,0,0,0,0.0,0.0,0.0
MCH6836,Gola-Rout,MISC_RETAIL,2,31767.19,15883.595,0,0,0,0,0,0.0,0.0,0.0
MCH6845,,,2,37506.72,18753.36,0,0,0,0,0,0.0,0.0,0.0
MCH6846,,,2,24569.03,12284.515,0,0,0,0,0,0.0,0.0,0.0
MCH6857,Barad and Sons,HOTEL_LODGING,2,14627.990000000002,7313.995000000001,0,0,0,0,0,0.0,0.0,0.0
MCH6861,Gandhi-Shukla,GROCERY,2,32659.72,16329.86,0,0,0,0,0,0.0,0.0,0.0
MCH6868,,,2,20432.38,20432.38,0,0,0,0,0,0.0,0.0,0.0
MCH6871,,,2,11697.35,11697.35,0,0,0,0,0,0.0,0.0,0.0
MCH6872,,,2,27016.53,13508.265,0,0,0,0,0,0.0,0.0,0.0
MCH6876,,,2,42406.11,21203.055,0,0,0,0,0,0.0,0.0,0.0
MCH6886,,,2,3420.73,1710.365,0,0,0,0,0,0.0,0.0,0.0
MCH6894,,,2,3606.08,1803.04,0,0,0,0,0,0.0,0.0,0.0
MCH6902,,,2,32762.74,16381.37,0,0,0,0,0,0.0,0.0,0.0
MCH6906,,,2,13952.35,6976.175,0,0,0,0,0,0.0,0.0,0.0
MCH6913,,,2,23998.32,23998.32,0,0,0,0,0,0.0,0.0,0.0
MCH6916,,,2,40859.69,20429.845,0,0,0,0,0,0.0,0.0,0.0
MCH6928,Tata-Wagle,PHARMACY,2,25043.27,12521.635,0,0,0,0,0,0.0,0.0,0.0
MCH6940,Koshy Inc,TRANSPORT,2,38464.09,19232.045,0,0,0,0,0,0.0,0.0,0.0
MCH6941,,,2,23319.5,23319.5,0,0,0,0,0,0.0,0.0,0.0
MCH6953,Khurana-Prabhakar,BOOKS,2,14834.01,7417.005,0,0,0,0,0,0.0,0.0,0.0
MCH6954,,,2,16858.51,16858.51,0,0,0,0,0,0.0,0.0,0.0
MCH6956,,,2,39806.259999999995,19903.129999999997,0,0,0,0,0,0.0,0.0,0.0
MCH6965,Lala Group,MEDICAL,2,41906.86,20953.43,0,0,0,0,0,0.0,0.0,0.0
MCH6967,,,2,15291.26,15291.26,0,0,0,0,0,0.0,0.0,0.0
MCH6977,SATHE-JHA,BOOKS,2,6640.91,6640.91,0,0,0,0,0,0.0,0.0,0.0
MCH6978,,,2,15121.7,15121.7,0,0,0,0,0,0.0,0.0,0.0
MCH6979,Nadig Ltd,PHARMACY,2,15526.68,15526.68,0,0,0,2,0,0.0,0.0,0.0
MCH6984,wadhwa llc,GROCERY,2,6651.280000000001,3325.6400000000003,0,0,0,0,0,0.0,0.0,0.0
MCH7015,,,2,12411.02,12411.02,0,0,0,0,0,0.0,0.0,0.0
MCH7018,,,2,26386.7,13193.35,0,0,0,0,0,0.0,0.0,0.0
MCH7027,"Vyas, Ghose and Narasimhan",DEPARTMENT STORE,2,22439.66,11219.83,0,0,0,0,0,0.0,0.0,0.0
MCH7028,"Mohanty, Ray and Prabhu",BOOKS,2,-2445.6899999999996,-1222.8449999999998,0,0,0,0,0,0.0,0.0,0.0
MCH7029,"Vasa, Zachariah and Narula",FOOD_SERVICES,2,29479.7,14739.85,0,0,0,0,0,0.0,0.0,0.0
MCH7032,"Mangat, Naik and Kakar",HOTEL_LODGING,2,46838.28,23419.14,0,0,0,0,0,0.0,0.0,0.0
MCH7034,Deol LLC,BOOKS,2,17396.33,8698.165,0,0,0,0,0,0.0,0.0,0.0
MCH7035,,,2,25526.2,12763.1,0,0,0,0,0,0.0,0.0,0.0
MCH7038,Mannan-Singh,BOOKS,2,27361.149999999998,13680.574999999999,0,0,0,0,0,0.0,0.0,0.0
MCH7040,Bhasin-Lala,STATIONERY,2,32652.839999999997,16326.419999999998,0,0,0,2,0,0.0,0.0,0.0
MCH7048,Manda Inc,BOOKS,2,30106.85,15053.425,0,0,0,0,0,0.0,0.0,0.0
MCH7053,,,2,15094.01,15094.01,0,0,0,0,0,0.0,0.0,0.0
MCH7059,,,2,21180.93,10590.465,0,0,0,0,0,0.0,0.0,0.0
MCH7060,"Nayak, Parmer and Anand",PHARMACY,2,10950.9,5475.45,0,0,0,0,0,0.0,0.0,0.0
MCH7064,,,2,36096.93,18048.465,0,0,0,0,0,0.0,0.0,0.0
MCH7066,,,2,36312.05,18156.025,0,0,0,0,0,0.0,0.0,0.0
MCH7070,,,2,23549.7,11774.85,0,0,0,0,0,0.0,0.0,0.0
MCH7072,,,2,4342.21,4342.21,0,0,0,0,0,0.0,0.0,0.0
MCH7079,,,2,2529.96,1264.98,0,0,0,0,0,0.0,0.0,0.0
MCH7080,,,2,45202.41,22601.205,0,0,0,0,0,0.0,0.0,0.0
MCH7081,,,2,8291.18,4145.59,0,0,0,0,0,0.0,0.0,0.0
MCH7082,,,2,20028.7,10014.35,0,0,0,0,0,0.0,0.0,0.0
MCH7084,,,2,19251.73,9625.865,0,0,0,0,0,0.0,0.0,0.0
MCH7089,"Reddy, Dua and Trivedi",MEDICAL,2,13233.260000000002,6616.630000000001,0,0,0,0,0,0.0,0.0,0.0
MCH7091,,,2,21145.06,10572.53,0,0,0,0,0,0.0,0.0,0.0
MCH7094,"D’Alia, Talwar and Mukherjee",BOOKS,2,9339.15,9339.15,0,0,0,0,0,0.0,0.0,0.0
MCH7096,  Saxena-Kara  ,BOOKS,2,30633.74,15316.87,0,0,0,0,0,0.0,0.0,0.0
MCH7098,Patla PLC,TRANSPORT,2,32606.690000000002,16303.345000000001,0,0,0,0,0,0.0,0.0,0.0
MCH7111,Kohli-Zachariah,GROCERY,2,27120.940000000002,13560.470000000001,0,0,0,0,0,0.0,0.0,0.0
MCH7126,"Shankar, Dave and Mahajan",TRANSPORT,2,31941.73,15970.865,0,0,0,0,0,0.0,0.0,0.0
MCH7132,,,2,13528.310000000001,6764.155000000001,0,0,0,0,0,0.0,0.0,0.0
MCH7134,,,2,193.34999999999945,96.67499999999973,0,0,0,0,0,0.0,0.0,0.0
MCH7137,Krishna-Palan,TELECOM,2,23979.19,11989.595,0,0,0,0,0,0.0,0.0,0.0
MCH7144,"char, kapadia and palla",MISC_RETAIL,2,7794.69,7794.69,0,0,0,0,0,0.0,0.0,0.0
MCH7151,,,2,-188.3199999999997,-94.15999999999985,0,0,0,0,0,0.0,0.0,0.0
MCH7153,,,2,-2878.0999999999995,-1439.0499999999997,0,0,0,0,0,0.0,0.0,0.0
MCH7157,Bir Inc,MOBILE RECHARGE,2,32751.48,16375.74,0,0,0,0,0,0.0,0.0,0.0
MCH7160,,,2,11593.92,5796.96,0,0,0,0,0,0.0,0.0,0.0
MCH7161,,,2,5950.410000000001,2975.2050000000004,0,0,0,0,0,0.0,0.0,0.0
MCH7163,"Chowdhury, Goyal and Pradhan",TRANSPORT,2,27061.620000000003,13530.810000000001,0,0,0,0,0,0.0,0.0,0.0
MCH7166,,,2,14418.77,7209.385,0,0,0,0,0,0.0,0.0,0.0
MCH7168,,,2,33422.59,16711.295,0,0,0,0,0,0.0,0.0,0.0
MCH7172,Chandran-Palla,DEPARTMENT STORE,2,9731.600000000002,4865.800000000001,0,0,0,0,0,0.0,0.0,0.0
MCH7191,Bhargava Ltd,BOOKS,2,41278.03,20639.015,0,0,0,0,0,0.0,0.0,0.0
MCH7195,Som and Sons,MISC_RETAIL,2,29806.03,14903.015,0,0,0,0,0,0.0,0.0,0.0
MCH7209,,,2,20286.56,10143.28,0,0,0,0,0,0.0,0.0,0.0
MCH7211,"Apte, Vasa and Batta",BOOKS,2,28806.61,14403.305,0,0,0,0,0,0.0,0.0,0.0
MCH7214,,,2,26409.29,13204.645,0,0,0,0,0,0.0,0.0,0.0
MCH7215,"Kau1, Pur0hit and Ar0ra",RETAIL,2,33953.509999999995,16976.754999999997,0,0,0,0,0,0.0,0.0,0.0
MCH7224,,,2,17285.93,8642.965,0,0,0,0,0,0.0,0.0,0.0
MCH7228,SwaminathanLtd,TELECOM,2,46595.75,23297.875,0,0,0,0,0,0.0,0.0,0.0
MCH7229,"Salvi, Kale and Sunder",MOBILE RECHARGE,2,16745.010000000002,8372.505000000001,0,0,0,0,0,0.0,0.0,0.0
MCH7231,,,2,46993.72,23496.86,0,0,0,0,0,0.0,0.0,0.0
MCH7241,,,2,14148.88,14148.88,0,0,0,0,0,0.0,0.0,0.0
MCH7242,,,2,16528.22,8264.11,0,0,0,0,0,0.0,0.0,0.0
MCH7244,Nadig-Kata,TRANSPORT,2,33224.6,16612.3,0,0,0,0,0,0.0,0.0,0.0
MCH7245,,,2,37883.43,18941.715,0,0,0,0,0,0.0,0.0,0.0
MCH7249,  Prakash Group  ,FOOD_SERVICES,2,21988.84,10994.42,0,0,0,0,0,0.0,0.0,0.0
MCH7250,,,2,30585.54,15292.77,0,0,0,0,0,0.0,0.0,0.0
MCH7252,"  Krishnamurthy, Pandit and Mukherjee  ",BOOKS,2,15325.09,7662.545,0,0,0,0,0,0.0,0.0,0.0
MCH7254,,,2,19562.64,9781.32,0,0,0,0,0,0.0,0.0,0.0
MCH7256,Arora-Raman,TRANSPORT,2,46885.55,23442.775,0,0,0,0,0,0.0,0.0,0.0
MCH7257,"  Nagi, Gera and Bedi  ",MISC_RETAIL,2,14381.73,7190.865,0,0,0,0,0,0.0,0.0,0.0
MCH7271,,,2,12047.43,6023.715,0,0,0,0,0,0.0,0.0,0.0
MCH7282,chopra llc,GROCERY,2,25837.89,12918.945,0,0,0,0,0,0.0,0.0,0.0
MCH7286,,,2,21786.77,10893.385,0,0,0,0,0,0.0,0.0,0.0
MCH7289,Nayar-Dara,APPAREL,2,41328.07,20664.035,0,0,0,0,0,0.0,0.0,0.0
MCH7290,"Subramanian, B0rde and Ba1akrishnan",APPAREL,2,30555.1,15277.55,0,0,0,0,0,0.0,0.0,0.0
MCH7292,,,2,8626.23,8626.23,0,0,0,0,0,0.0,0.0,0.0
MCH7293,,,2,24264.63,24264.63,0,0,0,0,0,0.0,0.0,0.0
MCH7294,"Kuruvilla, Ahluwalia and Gole",MEDICAL,2,15365.88,15365.88,0,0,0,0,0,0.0,0.0,0.0
MCH7298,"SANGHA, SANGHA AND KULKARNI",GROCERY,2,40870.77,20435.385,0,0,0,0,0,0.0,0.0,0.0
MCH7301,,,2,21903.68,10951.84,0,0,0,0,0,0.0,0.0,0.0
MCH7302,,,2,29282.379999999997,14641.189999999999,0,0,0,0,0,0.0,0.0,0.0
MCH7310,Mander Group,APPAREL,2,-15596.81,-15596.81,0,0,0,0,0,0.0,0.0,0.0
MCH7315,,,2,23196.65,11598.325,0,0,0,0,0,0.0,0.0,0.0
MCH7318,  Keer-Rao  ,TELECOM,2,1634.11,1634.11,0,0,0,0,0,0.0,0.0,0.0
MCH7322,,,2,22416.1,11208.05,0,0,0,0,0,0.0,0.0,0.0
MCH7325,Chatterjee-Manda,MISC_RETAIL,2,26026.6,13013.3,0,0,0,0,0,0.0,0.0,0.0
MCH7326,"Mandal, Behl and Bhattacharyya",HOTEL_LODGING,2,10747.54,10747.54,0,0,0,0,0,0.0,0.0,0.0
MCH7327,"Krish, Dhar and Choudhury",TELECOM,2,37030.770000000004,18515.385000000002,0,0,0,0,0,0.0,0.0,0.0
MCH7337,NATH-NARAYAN,APPAREL,2,36690.3,18345.15,0,0,0,0,0,0.0,0.0,0.0
MCH7342,,,2,12420.550000000001,6210.275000000001,0,0,0,0,0,0.0,0.0,0.0
MCH7346,,,2,15230.810000000001,7615.405000000001,0,0,0,0,0,0.0,0.0,0.0
MCH7348,,,2,46869.68,23434.84,0,0,0,0,0,0.0,0.0,0.0
MCH7352,,,2,43097.33,21548.665,0,0,0,0,0,0.0,0.0,0.0
MCH7360,RAJAN-SAHNI,PHONE SERVICE,2,36365.09,18182.545,0,0,0,2,0,0.0,0.0,0.0
MCH7365,,,2,24462.33,12231.165,0,0,0,0,0,0.0,0.0,0.0
MCH7369,,,2,39037.229999999996,19518.614999999998,0,0,0,0,0,0.0,0.0,0.0
MCH7373,,,2,19931.410000000003,9965.705000000002,0,0,0,0,0,0.0,0.0,0.0
MCH7382,,,2,24784.57,24784.57,0,0,0,0,0,0.0,0.0,0.0
MCH7383,Mannan Ltd,MISC_RETAIL,2,17290.72,17290.72,0,0,0,0,0,0.0,0.0,0.0
MCH7387,Lad-Comar,FOOD_SERVICES,2,35173.71,17586.855,0,0,0,0,0,0.0,0.0,0.0
MCH7404,,,2,19564.43,9782.215,0,0,0,0,0,0.0,0.0,0.0
MCH7417,,,2,21429.02,10714.51,0,0,0,0,0,0.0,0.0,0.0
MCH7420,,,2,34853.2,17426.6,0,0,0,0,0,0.0,0.0,0.0
MCH7426,,,2,24581.76,12290.88,0,0,0,0,0,0.0,0.0,0.0
MCH7431,Nagarajan and Sons,HOTEL_LODGING,2,14983.4,14983.4,0,0,0,0,0,0.0,0.0,0.0
MCH7439,Jayaraman PLC,HOTEL_LODGING,2,22917.43,11458.715,0,0,0,0,0,0.0,0.0,0.0
MCH7446,,,2,15994.43,7997.215,0,0,0,0,0,0.0,0.0,0.0
MCH7452,Vora-Gill,MISC_RETAIL,2,18557.57,9278.785,0,0,0,0,0,0.0,0.0,0.0
MCH7462,"MALHOTRA, SACHDEVA AND SANT",GROCERY,2,23412.73,11706.365,0,0,0,0,0,0.0,0.0,0.0
MCH7469,Dua LLC,FOOD_SERVICES,2,46672.38,23336.19,0,0,0,2,0,0.0,0.0,0.0
MCH7470,Venkatesh Ltd,APPAREL,2,18235.0,9117.5,0,0,0,0,0,0.0,0.0,0.0
MCH7471,DASS LLC,FOOD_SERVICES,2,21362.58,10681.29,0,0,0,0,0,0.0,0.0,0.0
MCH7474,,,2,44791.490000000005,22395.745000000003,0,0,0,0,0,0.0,0.0,0.0
MCH7476,  Sundaram Ltd  ,GROCERY,2,4358.52,4358.52,0,0,0,0,0,0.0,0.0,0.0
MCH7484,,,2,1915.53,1915.53,0,0,0,0,0,0.0,0.0,0.0
MCH7485,,,2,21971.85,10985.925,0,0,0,0,0,0.0,0.0,0.0
MCH7487,,,2,25466.589999999997,12733.294999999998,0,0,0,0,0,0.0,0.0,0.0
MCH7492,,,2,24964.16,12482.08,0,0,0,0,0,0.0,0.0,0.0
MCH7494,,,2,12313.21,12313.21,0,0,0,0,0,0.0,0.0,0.0
MCH7516,,,2,40179.01,20089.505,0,0,0,0,0,0.0,0.0,0.0
MCH7521,Boase PLC,TRANSPORT,2,12609.38,12609.38,0,0,0,0,0,0.0,0.0,0.0
MCH7528,,,2,28682.910000000003,14341.455000000002,0,0,0,0,0,0.0,0.0,0.0
MCH7538,,,2,21916.19,21916.19,0,0,0,0,0,0.0,0.0,0.0
MCH7545,,,2,15720.94,7860.47,0,0,0,0,0,0.0,0.0,0.0
MCH7547,,,2,18859.52,18859.52,0,0,0,0,0,0.0,0.0,0.0
MCH7548,Kalla LLC,GROCERY,2,16756.63,8378.315,0,0,0,0,0,0.0,0.0,0.0
MCH7576,Ramanathan-Menon,HOTEL_LODGING,2,14693.77,14693.77,0,0,0,0,0,0.0,0.0,0.0
MCH7586,RandhawaInc,FOOD_SERVICES,2,20561.16,10280.58,0,0,0,0,0,0.0,0.0,0.0
MCH7594,,,2,15983.37,7991.685,0,0,0,0,0,0.0,0.0,0.0
MCH7596,Bajwa-Luthra,TELECOM,2,14925.15,7462.575,0,0,0,2,0,0.0,0.0,0.0
MCH7599,,,2,33425.0,16712.5,0,0,0,0,0,0.0,0.0,0.0
MCH7600,Panchal Ltd,PHARMACY,2,24796.5,12398.25,0,0,0,0,0,0.0,0.0,0.0
MCH7601,,,2,22383.84,11191.92,0,0,0,0,0,0.0,0.0,0.0
MCH7602,,,2,23379.2,11689.6,0,0,0,0,0,0.0,0.0,0.0
MCH7604,"Varkey, Hayer and Ratti",GROCERY,2,11054.8,5527.4,0,0,0,0,0,0.0,0.0,0.0
MCH7608,,,2,7478.5599999999995,3739.2799999999997,0,0,0,0,0,0.0,0.0,0.0
MCH7613,"Parekh, Ch0kshi and Das",APPAREL,2,15932.02,7966.01,0,0,0,0,0,0.0,0.0,0.0
MCH7615,"DAR, PAREKH AND DE",FOOD_SERVICES,2,19005.13,9502.565,0,0,0,0,0,0.0,0.0,0.0
MCH7618,MUTTI-MOHAN,BOOKS,2,13526.259999999998,6763.129999999999,0,0,0,0,0,0.0,0.0,0.0
MCH7619,"ranganathan, kumer and pandya",DEPARTMENT STORE,2,7865.76,7865.76,0,0,0,0,0,0.0,0.0,0.0
MCH7624,,,2,25991.579999999998,12995.789999999999,0,0,0,0,0,0.0,0.0,0.0
MCH7625,,,2,33104.36,16552.18,0,0,0,0,0,0.0,0.0,0.0
MCH7626,,,2,18142.22,9071.11,0,0,0,0,0,0.0,0.0,0.0
MCH7634,,,2,9012.970000000001,4506.485000000001,0,0,0,0,0,0.0,0.0,0.0
MCH7635,Pant and Sons,HOTEL_LODGING,2,11660.09,11660.09,0,0,0,0,0,0.0,0.0,0.0
MCH7636,BIR PLC,APPAREL,2,38075.77,19037.885,0,0,0,0,0,0.0,0.0,0.0
MCH7640,,,2,37975.31,18987.655,0,0,0,0,0,0.0,0.0,0.0
MCH7641,,,2,14335.259999999998,7167.629999999999,0,0,0,0,0,0.0,0.0,0.0
MCH7643,,,2,36421.2,18210.6,0,0,0,0,0,0.0,0.0,0.0
MCH7646,,,2,10092.99,10092.99,0,0,0,0,0,0.0,0.0,0.0
MCH7654,Chakraborty Inc,APPAREL,2,28077.91,14038.955,0,0,0,0,0,0.0,0.0,0.0
MCH7659,"Pandya, Bakshi and Chaudhary",TRANSPORT,2,34078.479999999996,17039.239999999998,0,0,0,0,0,0.0,0.0,0.0
MCH7666,,,2,19275.1,19275.1,0,0,0,0,0,0.0,0.0,0.0
MCH7667,LALLA AND SONS,RETAIL,2,19443.98,9721.99,0,0,0,0,0,0.0,0.0,0.0
MCH7673,,,2,9906.65,9906.65,0,0,0,0,0,0.0,0.0,0.0
MCH7675,Suresh-Tandon,TRANSPORT,2,21085.59,21085.59,0,0,0,0,0,0.0,0.0,0.0
MCH7676,,,2,25327.61,12663.805,0,0,0,0,0,0.0,0.0,0.0
MCH7684,,,2,5249.01,2624.505,0,0,0,0,0,0.0,0.0,0.0
MCH7688,"  Kata, Bobal and Basu  ",MEDICAL_STORE,2,19450.84,9725.42,0,0,0,0,0,0.0,0.0,0.0
MCH7690,,,2,28906.160000000003,14453.080000000002,0,0,0,0,0,0.0,0.0,0.0
MCH7692,Ratti-Patla,DEPARTMENT STORE,2,24838.39,12419.195,0,0,0,0,0,0.0,0.0,0.0
MCH7702,Ahuja-Nayar,GROCERY,2,33225.07,16612.535,0,0,0,2,0,0.0,0.0,0.0
MCH7704,,,2,23028.239999999998,11514.119999999999,0,0,0,0,0,0.0,0.0,0.0
MCH7705,,,2,4914.18,4914.18,0,0,0,0,0,0.0,0.0,0.0
MCH7710,,,2,-14659.42,-7329.71,0,0,0,0,0,0.0,0.0,0.0
MCH7714,"koshy, dani and barad",TELECOM,2,10419.57,5209.785,0,0,0,0,0,0.0,0.0,0.0
MCH7716,,,2,-868.9099999999999,-434.4549999999999,0,0,0,0,0,0.0,0.0,0.0
MCH7718,,,2,45519.270000000004,22759.635000000002,0,0,0,0,0,0.0,0.0,0.0
MCH7723,"Pandya, Barman and Biswas",APPAREL,2,12549.830000000002,6274.915000000001,0,0,0,0,0,0.0,0.0,0.0
MCH7725,,,2,5133.79,2566.895,0,0,0,0,0,0.0,0.0,0.0
MCH7728,Gaba Ltd,HOTEL_LODGING,2,24781.329999999998,12390.664999999999,0,0,0,0,0,0.0,0.0,0.0
MCH7733,Bora Inc,TELECOM,2,32749.88,16374.94,0,0,0,0,0,0.0,0.0,0.0
MCH7736,Kara PLC,APPAREL,2,30445.41,15222.705,0,0,0,0,0,0.0,0.0,0.0
MCH7739,,,2,5141.2,2570.6,0,0,0,0,0,0.0,0.0,0.0
MCH7741,,,2,17931.58,8965.79,0,0,0,0,0,0.0,0.0,0.0
MCH7747,,,2,10920.71,5460.355,0,0,0,0,0,0.0,0.0,0.0
MCH7748,chhabra group,FOOD_SERVICES,2,21932.089999999997,10966.044999999998,0,0,0,0,0,0.0,0.0,0.0
MCH7761,,,2,27984.35,13992.175,0,0,0,0,0,0.0,0.0,0.0
MCH7762,,,2,12603.19,12603.19,0,0,0,0,0,0.0,0.0,0.0
MCH7763,"Choudhury, Mody and Tank",MEDICAL,2,11156.97,11156.97,0,0,0,0,0,0.0,0.0,0.0
MCH7774,,,2,-14003.86,-7001.93,0,0,0,0,0,0.0,0.0,0.0
MCH7775,,,2,30572.68,15286.34,0,0,0,0,0,0.0,0.0,0.0
MCH7779,"Mane, Bassi and Samra",APPAREL,2,10490.55,10490.55,0,0,0,0,0,0.0,0.0,0.0
MCH7788,,,2,7501.07,3750.535,0,0,0,0,0,0.0,0.0,0.0
MCH7791,,,2,15156.740000000002,7578.370000000001,0,0,0,0,0,0.0,0.0,0.0
MCH7793,,,2,23050.93,11525.465,0,0,0,0,0,0.0,0.0,0.0
MCH7798,,,2,24796.86,12398.43,0,0,0,0,0,0.0,0.0,0.0
MCH7801,,,2,7979.95,7979.95,0,0,0,0,0,0.0,0.0,0.0
MCH7803,  Mukherjee-Sha  ,TELECOM,2,16722.54,8361.27,0,0,0,0,0,0.0,0.0,0.0
MCH7806,"Sahni, Bhavsar and Kaul",TRANSPORT,2,17703.99,8851.995,0,0,0,0,0,0.0,0.0,0.0
MCH7811,,,2,1107.18,1107.18,0,0,0,0,0,0.0,0.0,0.0
MCH7819,,,2,34534.17,17267.085,0,0,0,0,0,0.0,0.0,0.0
MCH7820,,,2,20798.010000000002,10399.005000000001,0,0,0,0,0,0.0,0.0,0.0
MCH7821,  Deshmukh Inc  ,OTHER,2,21040.04,10520.02,0,0,0,0,0,0.0,0.0,0.0
MCH7822,,,2,0.0,,0,0,0,0,0,0.0,0.0,0.0
MCH7827,,,2,13672.29,13672.29,0,0,0,0,0,0.0,0.0,0.0
MCH7829,Hora Ltd,TRAVEL,2,35697.06,17848.53,0,0,0,0,0,0.0,0.0,0.0
MCH7832,  More-Cherian  ,RETAIL,2,11072.43,5536.215,0,0,0,0,0,0.0,0.0,0.0
MCH7838,"Yohannan, Sethi and Khare",FOOD_SERVICES,2,1089.91,1089.91,0,0,0,0,0,0.0,0.0,0.0
MCH7839,Mahajan-Bhasin,APPAREL,2,21065.48,10532.74,0,0,0,0,0,0.0,0.0,0.0
MCH7849,Lal-Wagle,DEPARTMENT STORE,2,10387.49,5193.745,0,0,0,0,0,0.0,0.0,0.0
MCH7858,,,2,20090.41,20090.41,0,0,0,0,0,0.0,0.0,0.0
MCH7861,,,2,45117.46000000001,22558.730000000003,0,0,0,0,0,0.0,0.0,0.0
MCH7862,  Pandit-Ratti  ,MEDICAL_STORE,2,11586.47,11586.47,0,0,0,0,0,0.0,0.0,0.0
MCH7864,"Joshi, Warrior and Guha",APPAREL,2,1308.76,1308.76,0,0,0,0,0,0.0,0.0,0.0
MCH7866,Bhattacharyya and Sons,DEPARTMENT STORE,2,34717.74,17358.87,0,0,0,0,0,0.0,0.0,0.0
MCH7867,,,2,14197.86,7098.93,0,0,0,0,0,0.0,0.0,0.0
MCH7871,"Mital, Palla and Saraf",APPAREL,2,6227.889999999999,3113.9449999999997,0,0,0,0,0,0.0,0.0,0.0
MCH7872,,,2,6085.45,3042.725,0,0,0,0,0,0.0,0.0,0.0
MCH7884,,,2,11978.98,5989.49,0,0,0,0,0,0.0,0.0,0.0
MCH7899,,,2,43861.42,21930.71,0,0,0,0,0,0.0,0.0,0.0
MCH7900,Lala-Kashyap,MEDICAL_STORE,2,13427.0,6713.5,0,0,0,0,0,0.0,0.0,0.0
MCH7901,BALA GROUP,FOOD_SERVICES,2,-15464.310000000001,-7732.155000000001,0,0,0,0,0,0.0,0.0,0.0
MCH7908,,,2,20192.03,10096.015,0,0,0,0,0,0.0,0.0,0.0
MCH7919,"Dugar, Buch and Bhatti",FOOD_SERVICES,2,10989.01,5494.505,0,0,0,0,0,0.0,0.0,0.0
MCH7920,,,2,3005.44,3005.44,0,0,0,0,0,0.0,0.0,0.0
MCH7922,Dara LLC,FOOD_SERVICES,2,37823.16,18911.58,0,0,0,0,0,0.0,0.0,0.0
MCH7925,BADAMI GROUP,HOTEL_LODGING,2,31001.789999999997,15500.894999999999,0,0,0,0,0,0.0,0.0,0.0
MCH7928,,,2,13639.34,6819.67,0,0,0,0,0,0.0,0.0,0.0
MCH7930,"Boase, Barman and Virk",FOOD_SERVICES,2,29506.0,14753.0,0,0,0,0,0,0.0,0.0,0.0
MCH7938,CHANDER LTD,PHONE SERVICE,2,0.0,,0,0,0,0,0,0.0,0.0,0.0
MCH7960,Comar-Ramesh,GROCERY,2,7968.1,3984.05,0,0,0,0,0,0.0,0.0,0.0
MCH7963,,,2,28841.52,14420.76,0,0,0,0,0,0.0,0.0,0.0
MCH7964,,,2,16348.2,16348.2,0,0,0,0,0,0.0,0.0,0.0
MCH7969,"Karan,BalandKhurana",TRAVEL,2,17642.28,8821.14,0,0,0,0,0,0.0,0.0,0.0
MCH7970,,,2,11353.78,11353.78,0,0,0,0,0,0.0,0.0,0.0
MCH7972,Lata Inc,GROCERY,2,10279.29,5139.645,0,0,0,0,0,0.0,0.0,0.0
MCH7988,,,2,22746.28,11373.14,0,0,0,0,0,0.0,0.0,0.0
MCH7995,,,2,37174.89,18587.445,0,0,0,0,0,0.0,0.0,0.0
MCH8009,,,2,46551.899999999994,23275.949999999997,0,0,0,0,0,0.0,0.0,0.0
MCH8017,,,2,33986.12,16993.06,0,0,0,0,0,0.0,0.0,0.0
MCH8022,,,2,10467.18,5233.59,0,0,0,0,0,0.0,0.0,0.0
MCH8023,CHAR-GALA,APPAREL,2,19280.36,19280.36,0,0,0,0,0,0.0,0.0,0.0
MCH8024,Banik PLC,GROCERY,2,18774.75,9387.375,0,0,0,0,0,0.0,0.0,0.0
MCH8026,,,2,21559.85,10779.925,0,0,0,0,0,0.0,0.0,0.0
MCH8036,"Sarma, Madan and Pandey",MEDICAL_STORE,2,22422.23,11211.115,0,0,0,0,0,0.0,0.0,0.0
MCH8041,,,2,30258.22,15129.11,0,0,0,0,0,0.0,0.0,0.0
MCH8043,Lalla Group,DEPARTMENT STORE,2,14317.480000000001,7158.740000000001,0,0,0,0,0,0.0,0.0,0.0
MCH8046,Muni LLC,PHARMACY,2,21971.88,10985.94,0,0,0,0,0,0.0,0.0,0.0
MCH8049,Balan-Shah,APPAREL,2,9047.52,9047.52,0,0,0,0,0,0.0,0.0,0.0
MCH8055,Sankaran-Sachar,MISC_RETAIL,2,3060.8,1530.4,0,0,0,0,0,0.0,0.0,0.0
MCH8058,SEM-KAPOOR,RETAIL,2,8214.52,8214.52,0,0,0,0,0,0.0,0.0,0.0
MCH8059,Kapadia PLC,TELECOM,2,24372.86,24372.86,0,0,0,2,0,0.0,0.0,0.0
MCH8060,"Bal, Garde and Puri",APPAREL,2,31294.21,15647.105,0,0,0,0,0,0.0,0.0,0.0
MCH8064,,,2,43041.79,21520.895,0,0,0,0,0,0.0,0.0,0.0
MCH8069,MEMON INC,HOTEL_LODGING,2,14868.92,7434.46,0,0,0,0,0,0.0,0.0,0.0
MCH8076,"Sani, Sanghvi and Butala",DEPARTMENT STORE,2,42663.1,21331.55,0,0,0,0,0,0.0,0.0,0.0
MCH8079,,,2,47269.79,23634.895,0,0,0,0,0,0.0,0.0,0.0
MCH8084,,,2,24589.34,24589.34,0,0,0,0,0,0.0,0.0,0.0
MCH8085,VERMA-RAMACHANDRAN,STATIONERY,2,8754.71,8754.71,0,0,0,0,0,0.0,0.0,0.0
MCH8090,,,2,27411.7,13705.85,0,0,0,0,0,0.0,0.0,0.0
MCH8091,"Kata, Mangat and Tiwari",FOOD_SERVICES,2,0.0,,0,0,0,2,0,0.0,0.0,0.0
MCH8095,Saxena LLC,APPAREL,2,13044.04,6522.02,0,0,0,0,0,0.0,0.0,0.0
MCH8103,,,2,27138.63,13569.315,0,0,0,0,0,0.0,0.0,0.0
MCH8133,,,2,4466.63,2233.315,0,0,0,0,0,0.0,0.0,0.0
MCH8137,G0pa1-Mahajan,TRAVEL,2,-21911.76,-21911.76,0,0,0,0,0,0.0,0.0,0.0
MCH8145,Dhi110n LLC,HOTEL_LODGING,2,17270.52,8635.26,0,0,0,0,0,0.0,0.0,0.0
MCH8153,,,2,13318.560000000001,6659.280000000001,0,0,0,0,0,0.0,0.0,0.0
MCH8157,Lall-Char,BOOKS,2,33852.0,16926.0,0,0,0,0,0,0.0,0.0,0.0
MCH8167,,,2,11655.57,5827.785,0,0,0,0,0,0.0,0.0,0.0
MCH8176,Bala PLC,DEPARTMENT STORE,2,30103.24,15051.62,0,0,0,0,0,0.0,0.0,0.0
MCH8187,"Chada, Mammen and Lanka",TRAVEL,2,30787.16,15393.58,0,0,0,0,0,0.0,0.0,0.0
MCH8190,,,2,17690.5,8845.25,0,0,0,0,0,0.0,0.0,0.0
MCH8197,Virk-Venkataraman,PHARMACY,2,23370.77,11685.385,0,0,0,0,0,0.0,0.0,0.0
MCH8198,Buch-Sengupta,DEPARTMENT STORE,2,37754.47,18877.235,0,0,0,2,0,0.0,0.0,0.0
MCH8199,,,2,30646.23,15323.115,0,0,0,0,0,0.0,0.0,0.0
MCH8200,Rai-Bhargava,STATIONERY,2,16108.01,16108.01,0,0,0,0,0,0.0,0.0,0.0
MCH8211,parekh-atwal,GROCERY,2,-22671.719999999998,-11335.859999999999,0,0,0,0,0,0.0,0.0,0.0
MCH8215,"Brar, Ramesh and Kaul",GROCERY,2,10299.57,10299.57,0,0,0,0,0,0.0,0.0,0.0
MCH8228,,,2,41498.04,20749.02,0,0,0,0,0,0.0,0.0,0.0
MCH8237,,,2,33054.17,16527.085,0,0,0,0,0,0.0,0.0,0.0
MCH8242,Choudhary-Pall,HOTEL_LODGING,2,24588.55,12294.275,0,0,0,0,0,0.0,0.0,0.0
MCH8251,,,2,22007.78,11003.89,0,0,0,0,0,0.0,0.0,0.0
MCH8253,Dutt-Narain,GROCERY,2,8644.2,4322.1,0,0,0,0,0,0.0,0.0,0.0
MCH8257,,,2,2241.35,2241.35,0,0,0,0,0,0.0,0.0,0.0
MCH8258,,,2,24850.219999999998,12425.109999999999,0,0,0,0,0,0.0,0.0,0.0
MCH8294,,,2,30346.079999999998,15173.039999999999,0,0,0,0,0,0.0,0.0,0.0
MCH8298,,,2,10966.18,5483.09,0,0,0,0,0,0.0,0.0,0.0
MCH8303,,,2,23317.36,11658.68,0,0,0,0,0,0.0,0.0,0.0
MCH8308,"MUKHOPADHYAY, KOTHARI AND RAVAL",RETAIL,2,43246.67,21623.335,0,0,0,0,0,0.0,0.0,0.0
MCH8312,,,2,27732.129999999997,13866.064999999999,0,0,0,0,0,0.0,0.0,0.0
MCH8314,Mahajan-Batta,TRANSPORT,2,6490.74,3245.37,0,0,0,0,0,0.0,0.0,0.0
MCH8317,,,2,22317.16,11158.58,0,0,0,0,0,0.0,0.0,0.0
MCH8318,,,2,26080.0,13040.0,0,0,0,0,0,0.0,0.0,0.0
MCH8320,,,2,41073.82,20536.91,0,0,0,0,0,0.0,0.0,0.0
MCH8321,,,2,35135.66,17567.83,0,0,0,0,0,0.0,0.0,0.0
MCH8326,"Bassi, Lalla and Sastry",GROCERY,2,39114.26,19557.13,0,0,0,0,0,0.0,0.0,0.0
MCH8333,,,2,7384.77,7384.77,0,0,0,0,0,0.0,0.0,0.0
MCH8334,"Rai,BandiandJayaraman",TRANSPORT,2,38903.9,19451.95,0,0,0,0,0,0.0,0.0,0.0
MCH8338,Basu Ltd,FOOD_SERVICES,2,18125.51,18125.51,0,0,0,0,0,0.0,0.0,0.0
MCH8344,  Purohit-Ravi  ,DEPARTMENT STORE,2,39923.479999999996,19961.739999999998,0,0,0,0,0,0.0,0.0,0.0
MCH8356,,,2,16343.619999999999,8171.8099999999995,0,0,0,0,0,0.0,0.0,0.0
MCH8359,,,2,19259.7,9629.85,0,0,0,0,0,0.0,0.0,0.0
MCH8364,KataPLC,PHARMACY,2,13369.429999999998,6684.714999999999,0,0,0,0,0,0.0,0.0,0.0
MCH8383,,,2,40745.86,20372.93,0,0,0,0,0,0.0,0.0,0.0
MCH8384,,,2,27584.24,13792.12,0,0,0,0,0,0.0,0.0,0.0
MCH8391,Talwar-Bhasin,APPAREL,2,40807.04,20403.52,0,0,0,0,0,0.0,0.0,0.0
MCH8397,,,2,3024.69,3024.69,0,0,0,0,0,0.0,0.0,0.0
MCH8398,,,2,33701.3,16850.65,0,0,0,0,0,0.0,0.0,0.0
MCH8402,,,2,43010.89,21505.445,0,0,0,0,0,0.0,0.0,0.0
MCH8411,Chopra Group,FOOD_SERVICES,2,44080.16,22040.08,0,0,0,2,0,0.0,0.0,0.0
MCH8413,"Mammen,ParmerandChandra",MOBILE RECHARGE,2,22813.14,11406.57,0,0,0,0,0,0.0,0.0,0.0
MCH8415,,,2,13386.59,6693.295,0,0,0,0,0,0.0,0.0,0.0
MCH8418,Jaggi Inc,HOTEL_LODGING,2,23573.850000000002,11786.925000000001,0,0,0,2,0,0.0,0.0,0.0
MCH8423,Balasubramanian and Sons,GROCERY,2,20668.129999999997,10334.064999999999,0,0,0,0,0,0.0,0.0,0.0
MCH8425,"Bhatnagar,ComarandHans",HOTEL_LODGING,2,25517.47,12758.735,0,0,0,0,0,0.0,0.0,0.0
MCH8428,"  Keer, Batra and Kapadia  ",HOTEL_LODGING,2,-4073.620000000001,-2036.8100000000004,0,0,0,0,0,0.0,0.0,0.0
MCH8431,Bala Group,TRANSPORT,2,30402.309999999998,15201.154999999999,0,0,0,0,0,0.0,0.0,0.0
MCH8436,Kapoor Inc,HOTEL_LODGING,2,11062.1,5531.05,0,0,0,0,0,0.0,0.0,0.0
MCH8444,,,2,45514.66,22757.33,0,0,0,0,0,0.0,0.0,0.0
MCH8446,Kuruvi11a Gr0up,MISC_RETAIL,2,19527.5,9763.75,0,0,0,0,0,0.0,0.0,0.0
MCH8448,"Roy, Parekh and Ratti",HOTEL_LODGING,2,2250.2700000000004,1125.1350000000002,0,0,0,0,0,0.0,0.0,0.0
MCH8453,Manne LLC,APPAREL,2,3667.86,3667.86,0,0,0,0,0,0.0,0.0,0.0
MCH8459,,,2,-3049.5200000000004,-1524.7600000000002,0,0,0,0,0,0.0,0.0,0.0
MCH8460,Luthra PLC,DEPARTMENT STORE,2,32534.81,16267.405,0,0,0,0,0,0.0,0.0,0.0
MCH8462,,,2,-816.6300000000001,-408.31500000000005,0,0,0,0,0,0.0,0.0,0.0
MCH8465,,,2,142.78,142.78,0,0,0,0,0,0.0,0.0,0.0
MCH8469,,,2,40933.33,20466.665,0,0,0,0,0,0.0,0.0,0.0
MCH8470,Munshi-Reddy,TRANSPORT,2,42550.06,21275.03,0,0,0,0,0,0.0,0.0,0.0
MCH8474,,,2,10538.859999999999,5269.429999999999,0,0,0,0,0,0.0,0.0,0.0
MCH8478,,,2,37277.61,18638.805,0,0,0,0,0,0.0,0.0,0.0
MCH8481,"Dixit,GeraandGara",TRANSPORT,2,18588.91,9294.455,0,0,0,0,0,0.0,0.0,0.0
MCH8482,,,2,22554.48,11277.24,0,0,0,0,0,0.0,0.0,0.0
MCH8485,,,2,13766.18,6883.09,0,0,0,0,0,0.0,0.0,0.0
MCH8498,,,2,39275.71,19637.855,0,0,0,0,0,0.0,0.0,0.0
MCH8500,,,2,28276.17,14138.085,0,0,0,0,0,0.0,0.0,0.0
MCH8512,Luthra-Bhasin,TRANSPORT,2,27865.01,13932.505,0,0,0,0,0,0.0,0.0,0.0
MCH8514,,,2,23525.29,11762.645,0,0,0,0,0,0.0,0.0,0.0
MCH8515,,,2,18439.12,9219.56,0,0,0,0,0,0.0,0.0,0.0
MCH8517,,,2,5268.41,5268.41,0,0,0,0,0,0.0,0.0,0.0
MCH8536,Boase PLC,TELECOM,2,32876.96,16438.48,0,0,0,0,0,0.0,0.0,0.0
MCH8550,Nayar Ltd,PHONE SERVICE,2,44741.74,22370.87,0,0,0,0,0,0.0,0.0,0.0
MCH8551,  Sule-Ganesh  ,APPAREL,2,39325.52,19662.76,0,0,0,0,0,0.0,0.0,0.0
MCH8554,MANGAT PLC,MISC_RETAIL,2,28993.71,14496.855,0,0,0,2,0,0.0,0.0,0.0
MCH8558,"JHA, BHAT AND SWAMINATHAN",MOBILE RECHARGE,2,19049.63,19049.63,0,0,0,0,0,0.0,0.0,0.0
MCH8559,"Gokhale, Dugal and Pradhan",FOOD_SERVICES,2,2929.14,2929.14,0,0,0,0,0,0.0,0.0,0.0
MCH8563,Brar PLC,FOOD_SERVICES,2,28807.730000000003,14403.865000000002,0,0,0,2,0,0.0,0.0,0.0
MCH8564,,,2,-13090.68,-6545.34,0,0,0,0,0,0.0,0.0,0.0
MCH8574,vohra group,MEDICAL_STORE,2,20206.22,10103.11,0,0,0,0,0,0.0,0.0,0.0
MCH8581,"Sundaram, Sekhon and Andra",HOTEL_LODGING,2,11946.8,5973.4,0,0,0,0,0,0.0,0.0,0.0
MCH8583,,,2,30314.219999999998,15157.109999999999,0,0,0,0,0,0.0,0.0,0.0
MCH8585,,,2,26773.829999999998,13386.914999999999,0,0,0,0,0,0.0,0.0,0.0
MCH8587,,,2,15366.16,7683.08,0,0,0,0,0,0.0,0.0,0.0
MCH8588,"Kala, Kant and Gola",TRANSPORT,2,16563.48,8281.74,0,0,0,0,0,0.0,0.0,0.0
MCH8590,,,2,4497.400000000001,2248.7000000000003,0,0,0,0,0,0.0,0.0,0.0
MCH8592,Rajagopal-Nagarajan,PHARMACY,2,24452.629999999997,12226.314999999999,0,0,0,0,0,0.0,0.0,0.0
MCH8594,,,2,26709.17,13354.585,0,0,0,0,0,0.0,0.0,0.0
MCH8595,,,2,39506.99,19753.495,0,0,0,0,0,0.0,0.0,0.0
MCH8599,,,2,33965.59,16982.795,0,0,0,0,0,0.0,0.0,0.0
MCH8600,"KALITA, BAINS AND GANDHI",FOOD_SERVICES,2,28165.25,14082.625,0,0,0,0,0,0.0,0.0,0.0
MCH8604,,,2,1861.13,1861.13,0,0,0,0,0,0.0,0.0,0.0
MCH8615,devi-narasimhan,BOOKS,2,5746.099999999999,2873.0499999999997,0,0,0,0,0,0.0,0.0,0.0
MCH8620,,,2,20503.49,20503.49,0,0,0,0,0,0.0,0.0,0.0
MCH8621,,,2,31444.35,15722.175,0,0,0,0,0,0.0,0.0,0.0
MCH8622,choudhry-krishna,HOTEL_LODGING,2,21154.9,10577.45,0,0,0,0,0,0.0,0.0,0.0
MCH8626,,,2,28601.66,14300.83,0,0,0,0,0,0.0,0.0,0.0
MCH8627,,,2,6863.8,6863.8,0,0,0,0,0,0.0,0.0,0.0
MCH8628,Pai-Upadhyay,HOTEL_LODGING,2,5897.280000000001,2948.6400000000003,0,0,0,0,0,0.0,0.0,0.0
MCH8629,,,2,15156.1,7578.05,0,0,0,0,0,0.0,0.0,0.0
MCH8636,GHOSH-DASH,STATIONERY,2,36746.22,18373.11,0,0,0,0,0,0.0,0.0,0.0
MCH8640,"vasa, nanda and bhat",DEPARTMENT STORE,2,31557.559999999998,15778.779999999999,0,0,0,0,0,0.0,0.0,0.0
MCH8642,,,2,8701.75,8701.75,0,0,0,0,0,0.0,0.0,0.0
MCH8644,M0re-L0ke,TRANSPORT,2,27534.72,13767.36,0,0,0,0,0,0.0,0.0,0.0
MCH8651,,,2,14996.7,7498.35,0,0,0,0,0,0.0,0.0,0.0
MCH8655,,,2,20186.14,10093.07,0,0,0,0,0,0.0,0.0,0.0
MCH8658,,,2,26919.95,13459.975,0,0,0,0,0,0.0,0.0,0.0
MCH8676,,,2,5060.09,5060.09,0,0,0,0,0,0.0,0.0,0.0
MCH8681,Suri Ltd,APPAREL,2,37058.850000000006,18529.425000000003,0,0,0,0,0,0.0,0.0,0.0
MCH8687,,,2,13877.2,13877.2,0,0,0,0,0,0.0,0.0,0.0
MCH8690,,,2,20559.949999999997,10279.974999999999,0,0,0,0,0,0.0,0.0,0.0
MCH8693,"Chawla, Goyal and Pau",HOTEL_LODGING,2,13777.65,6888.825,0,0,0,0,0,0.0,0.0,0.0
MCH8696,,,2,38937.97,19468.985,0,0,0,0,0,0.0,0.0,0.0
MCH8704,,,2,8708.91,8708.91,0,0,0,0,0,0.0,0.0,0.0
MCH8706,,,2,29370.59,14685.295,0,0,0,0,0,0.0,0.0,0.0
MCH8717,,,2,11069.17,5534.585,0,0,0,0,0,0.0,0.0,0.0
MCH8725,Gala Group,HOTEL_LODGING,2,13170.970000000001,6585.485000000001,0,0,0,0,0,0.0,0.0,0.0
MCH8726,Rast0gi-Saini,MISC_RETAIL,2,25759.03,12879.515,0,0,0,0,0,0.0,0.0,0.0
MCH8728,,,2,-19947.14,-19947.14,0,0,0,0,0,0.0,0.0,0.0
MCH8730,"Bhasin, Mall and Sarraf",MISC_RETAIL,2,21982.09,10991.045,0,0,0,0,0,0.0,0.0,0.0
MCH8734,"Ganguly, Hayre and Choudhury",TELECOM,2,27769.18,13884.59,0,0,0,0,0,0.0,0.0,0.0
MCH8740,,,2,2749.53,2749.53,0,0,0,0,0,0.0,0.0,0.0
MCH8749,"  Tara, Parmer and Walla  ",TRAVEL,2,14203.68,14203.68,0,0,0,0,0,0.0,0.0,0.0
MCH8752,,,2,11503.81,5751.905,0,0,0,0,0,0.0,0.0,0.0
MCH8754,,,2,38879.64,19439.82,0,0,0,0,0,0.0,0.0,0.0
MCH8757,,,2,15168.09,7584.045,0,0,0,0,0,0.0,0.0,0.0
MCH8759,,,2,27610.67,13805.335,0,0,0,0,0,0.0,0.0,0.0
MCH8788,,,2,24135.09,12067.545,0,0,0,0,0,0.0,0.0,0.0
MCH8800,,,2,22867.48,22867.48,0,0,0,0,0,0.0,0.0,0.0
MCH8811,Bobal LLC,OTHER,2,34973.23,17486.615,0,0,0,0,0,0.0,0.0,0.0
MCH8816,,,2,23568.38,11784.19,0,0,0,0,0,0.0,0.0,0.0
MCH8819,AcharyaInc,MEDICAL_STORE,2,30355.36,15177.68,0,0,0,0,0,0.0,0.0,0.0
MCH8829,,,2,17855.03,17855.03,0,0,0,0,0,0.0,0.0,0.0
MCH8836,,,2,0.0,,0,0,0,0,0,0.0,0.0,0.0
MCH8841,,,2,13328.62,13328.62,0,0,0,0,0,0.0,0.0,0.0
MCH8857,,,2,26732.239999999998,13366.119999999999,0,0,0,0,0,0.0,0.0,0.0
MCH8863,Sastry PLC,TELECOM,2,37034.86,18517.43,0,0,0,0,0,0.0,0.0,0.0
MCH8867,,,2,14482.19,7241.095,0,0,0,0,0,0.0,0.0,0.0
MCH8873,"Pathak, Bath and Kant",TRANSPORT,2,8757.33,4378.665,0,0,0,0,0,0.0,0.0,0.0
MCH8875,,,2,40907.33,20453.665,0,0,0,0,0,0.0,0.0,0.0
MCH8880,Bava Group,HOTEL_LODGING,2,8884.74,8884.74,0,0,0,2,0,0.0,0.0,0.0
MCH8888,,,2,17853.68,17853.68,0,0,0,0,0,0.0,0.0,0.0
MCH8889,,,2,17340.81,17340.81,0,0,0,0,0,0.0,0.0,0.0
MCH8904,,,2,32228.67,16114.335,0,0,0,0,0,0.0,0.0,0.0
MCH8906,,,2,28503.949999999997,14251.974999999999,0,0,0,0,0,0.0,0.0,0.0
MCH8908,,,2,21549.809999999998,10774.904999999999,0,0,0,0,0,0.0,0.0,0.0
MCH8909,"PALAN, WALI AND WAGLE",OTHER,2,19849.09,9924.545,0,0,0,0,0,0.0,0.0,0.0
MCH8912,Nagar PLC,STATIONERY,2,41248.78,20624.39,0,0,0,0,0,0.0,0.0,0.0
MCH8917,,,2,8892.619999999999,4446.3099999999995,0,0,0,0,0,0.0,0.0,0.0
MCH8920,"Parekh, Srivastava and Choudhury",DEPARTMENT STORE,2,18085.0,9042.5,0,0,0,0,0,0.0,0.0,0.0
MCH8922,,,2,27901.78,13950.89,0,0,0,0,0,0.0,0.0,0.0
MCH8928,Deo PLC,TRANSPORT,2,26633.05,13316.525,0,0,0,0,0,0.0,0.0,0.0
MCH8931,"Pau, Chatterjee and Deol",HOTEL_LODGING,2,9498.51,9498.51,0,0,0,0,0,0.0,0.0,0.0
MCH8934,Dubey and Sons,GROCERY,2,17233.329999999998,8616.664999999999,0,0,0,2,0,0.0,0.0,0.0
MCH8944,"Zachariah, Ratta and Contractor",DEPARTMENT STORE,2,26485.699999999997,13242.849999999999,0,0,0,0,0,0.0,0.0,0.0
MCH8945,"Deol, Pant and Parekh",TELECOM,2,13027.36,6513.68,0,0,0,0,0,0.0,0.0,0.0
MCH8946,,,2,29665.55,14832.775,0,0,0,0,0,0.0,0.0,0.0
MCH8948,,,2,32240.18,16120.09,0,0,0,0,0,0.0,0.0,0.0
MCH8956,,,2,15067.91,7533.955,0,0,0,0,0,0.0,0.0,0.0
MCH8963,"Aggarwal,NagiandBorde",GROCERY,2,33511.33,16755.665,0,0,0,0,0,0.0,0.0,0.0
MCH8970,,,2,29864.8,14932.4,0,0,0,0,0,0.0,0.0,0.0
MCH8973,,,2,-9712.71,-4856.355,0,0,0,0,0,0.0,0.0,0.0
MCH8983,,,2,21530.5,10765.25,0,0,0,0,0,0.0,0.0,0.0
MCH9002,MANNE LTD,DEPARTMENT STORE,2,10917.66,5458.83,0,0,0,0,0,0.0,0.0,0.0
MCH9007,,,2,15877.44,15877.44,0,0,0,0,0,0.0,0.0,0.0
MCH9010,,,2,22878.809999999998,11439.404999999999,0,0,0,0,0,0.0,0.0,0.0
MCH9014,Konda-Ram,TELECOM,2,4726.64,2363.32,0,0,0,0,0,0.0,0.0,0.0
MCH9016,Upadhyay-Sethi,TELECOM,2,18036.760000000002,9018.380000000001,0,0,0,0,0,0.0,0.0,0.0
MCH9021,Sandhu-Jayaraman,DEPARTMENT STORE,2,21961.949999999997,10980.974999999999,0,0,0,0,0,0.0,0.0,0.0
MCH9023,,,2,24584.62,12292.31,0,0,0,0,0,0.0,0.0,0.0
MCH9026,,,2,9754.619999999999,4877.3099999999995,0,0,0,0,0,0.0,0.0,0.0
MCH9033,,,2,21781.54,10890.77,0,0,0,0,0,0.0,0.0,0.0
MCH9049,Babu-Bali,FOOD_SERVICES,2,19773.11,9886.555,0,0,0,0,0,0.0,0.0,0.0
MCH9053,,,2,14925.33,14925.33,0,0,0,0,0,0.0,0.0,0.0
MCH9056,"Misra, Kalita and Kapur",BOOKS,2,14811.14,7405.57,0,0,0,0,0,0.0,0.0,0.0
MCH9061,,,2,22475.41,11237.705,0,0,0,0,0,0.0,0.0,0.0
MCH9074,Sa1vi-Tata,HOTEL_LODGING,2,9564.46,4782.23,0,0,0,0,0,0.0,0.0,0.0
MCH9077,,,2,18714.28,9357.14,0,0,0,0,0,0.0,0.0,0.0
MCH9080,  Jani and Sons  ,APPAREL,2,12067.83,6033.915,0,0,0,0,0,0.0,0.0,0.0
MCH9081,Patil-Hans,PHONE SERVICE,2,39997.990000000005,19998.995000000003,0,0,0,0,0,0.0,0.0,0.0
MCH9082,SESHADRI GROUP,FOOD_SERVICES,2,18131.43,9065.715,0,0,0,0,0,0.0,0.0,0.0
MCH9090,,,2,37201.95,18600.975,0,0,0,0,0,0.0,0.0,0.0
MCH9095,  Mital-Reddy  ,MOBILE RECHARGE,2,22894.030000000002,11447.015000000001,0,0,0,2,0,0.0,0.0,0.0
MCH9107,Apte-Pathak,APPAREL,2,28381.09,14190.545,0,0,0,0,0,0.0,0.0,0.0
MCH9117,"KALE, KOHLI AND CHHABRA",BOOKS,2,1727.77,863.885,0,0,0,0,0,0.0,0.0,0.0
MCH9129,"sinha, chauhan and sathe",GROCERY,2,28034.45,14017.225,0,0,0,0,0,0.0,0.0,0.0
MCH9131,"Arya, Narang and Maharaj",HOTEL_LODGING,2,13124.99,6562.495,0,0,0,0,0,0.0,0.0,0.0
MCH9143,Prakash Inc,FOOD_SERVICES,2,25574.469999999998,12787.234999999999,0,0,0,0,0,0.0,0.0,0.0
MCH9144,,,2,15146.42,15146.42,0,0,0,0,0,0.0,0.0,0.0
MCH9147,Bedi-Dugar,PHARMACY,2,5820.71,2910.355,0,0,0,0,0,0.0,0.0,0.0
MCH9150,,,2,21073.61,10536.805,0,0,0,0,0,0.0,0.0,0.0
MCH9151,  Ravi Ltd  ,TRANSPORT,2,26779.49,13389.745,0,0,0,2,0,0.0,0.0,0.0
MCH9158,"Sachdeva, Va1a and Bedi",FOOD_SERVICES,2,17745.52,8872.76,0,0,0,0,0,0.0,0.0,0.0
MCH9159,,,2,20346.42,10173.21,0,0,0,0,0,0.0,0.0,0.0
MCH9166,,,2,38052.119999999995,19026.059999999998,0,0,0,0,0,0.0,0.0,0.0
MCH9173,BUMB-BANDI,MISC_RETAIL,2,45686.03,22843.015,0,0,0,0,0,0.0,0.0,0.0
MCH9175,BHATT LTD,HOTEL_LODGING,2,20260.489999999998,10130.244999999999,0,0,0,0,0,0.0,0.0,0.0
MCH9191,,,2,23039.59,11519.795,0,0,0,0,0,0.0,0.0,0.0
MCH9197,,,2,15948.2,7974.1,0,0,0,0,0,0.0,0.0,0.0
MCH9208,Lala-Tiwari,BOOKS,2,21887.829999999998,10943.914999999999,0,0,0,2,0,0.0,0.0,0.0
MCH9211,Dubey-Kurian,HOTEL_LODGING,2,29612.07,14806.035,0,0,0,0,0,0.0,0.0,0.0
MCH9212,,,2,30321.120000000003,15160.560000000001,0,0,0,0,0,0.0,0.0,0.0
MCH9215,,,2,9570.16,4785.08,0,0,0,0,0,0.0,0.0,0.0
MCH9216,AMBLE-THAMAN,PHARMACY,2,22377.920000000002,11188.960000000001,0,0,0,0,0,0.0,0.0,0.0
MCH9220,"Agate,BoaseandKurian",TRAVEL,2,28297.32,14148.66,0,0,0,0,0,0.0,0.0,0.0
MCH9228,Ram Inc,OTHER,2,-4339.04,-2169.52,0,0,0,0,0,0.0,0.0,0.0
MCH9229,  Anne-Parikh  ,BOOKS,2,15209.2,15209.2,0,0,0,0,0,0.0,0.0,0.0
MCH9234,"Jhaveri, Chandran and Shukla",HOTEL_LODGING,2,11067.86,11067.86,0,0,0,0,0,0.0,0.0,0.0
MCH9238,,,2,-9969.61,-9969.61,0,0,0,0,0,0.0,0.0,0.0
MCH9244,,,2,35525.159999999996,17762.579999999998,0,0,0,0,0,0.0,0.0,0.0
MCH9262,,,2,27908.47,13954.235,0,0,0,0,0,0.0,0.0,0.0
MCH9263,"Chatterjee, Anand and Mani",MISC_RETAIL,2,-1695.0699999999997,-847.5349999999999,0,0,0,0,0,0.0,0.0,0.0
MCH9266,Chatterjee Group,GROCERY,2,25778.98,12889.49,0,0,0,2,0,0.0,0.0,0.0
MCH9271,"Bera, Contractor and Trivedi",TRANSPORT,2,28591.53,14295.765,0,0,0,0,0,0.0,0.0,0.0
MCH9273,,,2,12782.73,12782.73,0,0,0,0,0,0.0,0.0,0.0
MCH9279,Choudhury LLC,GROCERY,2,37429.26,18714.63,0,0,0,0,0,0.0,0.0,0.0
MCH9284,,,2,1673.63,1673.63,0,0,0,0,0,0.0,0.0,0.0
MCH9290,"Gole, Viswanathan and Brahmbhatt",HOTEL_LODGING,2,18056.67,18056.67,0,0,0,0,0,0.0,0.0,0.0
MCH9292,,,2,35986.83,17993.415,0,0,0,0,0,0.0,0.0,0.0
MCH9304,Char Ltd,MOBILE RECHARGE,2,25205.46,12602.73,0,0,0,0,0,0.0,0.0,0.0
MCH9307,"Bajwa, Dhawan and Guha",FOOD_SERVICES,2,30007.52,15003.76,0,0,0,0,0,0.0,0.0,0.0
MCH9308,,,2,31188.67,15594.335,0,0,0,0,0,0.0,0.0,0.0
MCH9312,,,2,23833.09,11916.545,0,0,0,0,0,0.0,0.0,0.0
MCH9327,,,2,38846.630000000005,19423.315000000002,0,0,0,0,0,0.0,0.0,0.0
MCH9329,,,2,24836.35,12418.175,0,0,0,0,0,0.0,0.0,0.0
MCH9331,,,2,24029.030000000002,12014.515000000001,0,0,0,0,0,0.0,0.0,0.0
MCH9333,,,2,3473.15,1736.575,0,0,0,0,0,0.0,0.0,0.0
MCH9337,,,2,7272.969999999999,3636.4849999999997,0,0,0,0,0,0.0,0.0,0.0
MCH9339,,,2,23445.629999999997,11722.814999999999,0,0,0,0,0,0.0,0.0,0.0
MCH9343,Sridhar-Sarna,HOTEL_LODGING,2,23587.949999999997,11793.974999999999,0,0,0,0,0,0.0,0.0,0.0
MCH9349,Mahajan-Ghosh,FOOD_SERVICES,2,17404.12,8702.06,0,0,0,0,0,0.0,0.0,0.0
MCH9356,WagleLLC,GROCERY,2,44271.11,22135.555,0,0,0,0,0,0.0,0.0,0.0
MCH9357,,,2,6317.61,3158.805,0,0,0,0,0,0.0,0.0,0.0
MCH9359,"Ramanathan, Parekh and Agrawal",TRANSPORT,2,18099.97,9049.985,0,0,0,0,0,0.0,0.0,0.0
MCH9371,Mand-Oommen,GROCERY,2,12226.28,12226.28,0,0,0,0,0,0.0,0.0,0.0
MCH9380,CHAKRABARTI GROUP,FOOD_SERVICES,2,27867.030000000002,13933.515000000001,0,0,0,0,0,0.0,0.0,0.0
MCH9383,"Sekhon,PadmanabhanandRege",BOOKS,2,23655.63,11827.815,0,0,0,2,0,0.0,0.0,0.0
MCH9393,"Sehgal, Chawla and Korpal",FOOD_SERVICES,2,4275.58,2137.79,0,0,0,0,0,0.0,0.0,0.0
MCH9397,Ramaswamy-Goel,GROCERY,2,35350.75,17675.375,0,0,0,0,0,0.0,0.0,0.0
MCH9403,"Bains,BanerjeeandBansal",HOTEL_LODGING,2,30967.230000000003,15483.615000000002,0,0,0,2,0,0.0,0.0,0.0
MCH9405,,,2,21018.63,21018.63,0,0,0,0,0,0.0,0.0,0.0
MCH9409,,,2,0.0,,0,0,0,0,0,0.0,0.0,0.0
MCH9410,Sagar-Chawla,APPAREL,2,23258.239999999998,11629.119999999999,0,0,0,0,0,0.0,0.0,0.0
MCH9412,NAYAK-GUHA,TRANSPORT,2,10945.16,5472.58,0,0,0,0,0,0.0,0.0,0.0
MCH9414,Banik-Garde,FOOD_SERVICES,2,18787.61,9393.805,0,0,0,0,0,0.0,0.0,0.0
MCH9415,,,2,32011.15,16005.575,0,0,0,0,0,0.0,0.0,0.0
MCH9421,,,2,9439.55,4719.775,0,0,0,0,0,0.0,0.0,0.0
MCH9422,,,2,6742.71,3371.355,0,0,0,0,0,0.0,0.0,0.0
MCH9425,,,2,11181.92,11181.92,0,0,0,0,0,0.0,0.0,0.0
MCH9426,Singh-Narula,HOTEL_LODGING,2,18183.3,9091.65,0,0,0,0,0,0.0,0.0,0.0
MCH9427,,,2,13538.95,13538.95,0,0,0,0,0,0.0,0.0,0.0
MCH9428,"  Dyal, Varma and Sachdeva  ",OTHER,2,17014.5,8507.25,0,0,0,0,0,0.0,0.0,0.0
MCH9432,,,2,18118.300000000003,9059.150000000001,0,0,0,0,0,0.0,0.0,0.0
MCH9439,Dhingra Inc,GROCERY,2,24347.59,12173.795,0,0,0,0,0,0.0,0.0,0.0
MCH9442,,,2,28705.93,14352.965,0,0,0,0,0,0.0,0.0,0.0
MCH9443,"Chowdhury, Kapadia and Chada",FOOD_SERVICES,2,5388.639999999999,2694.3199999999997,0,0,0,0,0,0.0,0.0,0.0
MCH9446,,,2,27725.97,13862.985,0,0,0,0,0,0.0,0.0,0.0
MCH9455,,,2,29580.27,14790.135,0,0,0,0,0,0.0,0.0,0.0
MCH9456,"Rajagopalan, Luthra and Singh",MISC_RETAIL,2,1305.07,1305.07,0,0,0,0,0,0.0,0.0,0.0
MCH9458,"Basak, Natarajan and Golla",MOBILE RECHARGE,2,1937.0300000000007,968.5150000000003,0,0,0,0,0,0.0,0.0,0.0
MCH9462,,,2,6525.22,3262.61,0,0,0,0,0,0.0,0.0,0.0
MCH9468,,,2,11766.64,5883.32,0,0,0,0,0,0.0,0.0,0.0
MCH9472,Sankaran-Om,APPAREL,2,-5125.74,-2562.87,0,0,0,2,0,0.0,0.0,0.0
MCH9473,,,2,22971.97,11485.985,0,0,0,0,0,0.0,0.0,0.0
MCH9474,"dutta, ramesh and buch",HOTEL_LODGING,2,31376.92,15688.46,0,0,0,0,0,0.0,0.0,0.0
MCH9483,"Yohannan, Ghose and Pal",APPAREL,2,24310.98,12155.49,0,0,0,0,0,0.0,0.0,0.0
MCH9484,"bail, sen and bava",MEDICAL_STORE,2,15621.27,7810.635,0,0,0,0,0,0.0,0.0,0.0
MCH9488,,,2,5115.87,5115.87,0,0,0,0,0,0.0,0.0,0.0
MCH9493,,,2,21070.71,21070.71,0,0,0,0,0,0.0,0.0,0.0
MCH9500,,,2,10395.26,5197.63,0,0,0,0,0,0.0,0.0,0.0
MCH9503,"Lanka, Bhasin and Srinivas",GROCERY,2,42037.0,21018.5,0,0,0,0,0,0.0,0.0,0.0
MCH9507,,,2,30096.159999999996,15048.079999999998,0,0,0,0,0,0.0,0.0,0.0
MCH9508,,,2,15128.98,7564.49,0,0,0,0,0,0.0,0.0,0.0
MCH9513,,,2,-3976.83,-3976.83,0,0,0,0,0,0.0,0.0,0.0
MCH9521,"soni, bal and thaman",APPAREL,2,28478.5,14239.25,0,0,0,0,0,0.0,0.0,0.0
MCH9523,"Tank, Uppal and Malhotra",PHARMACY,2,5182.74,5182.74,0,0,0,0,0,0.0,0.0,0.0
MCH9531,lad ltd,GROCERY,2,9475.0,9475.0,0,0,0,0,0,0.0,0.0,0.0
MCH9532,,,2,26318.809999999998,13159.404999999999,0,0,0,0,0,0.0,0.0,0.0
MCH9534,DESHMUKH-YADAV,HOTEL_LODGING,2,8285.02,4142.51,0,0,0,0,0,0.0,0.0,0.0
MCH9538,,,2,6207.5,3103.75,0,0,0,0,0,0.0,0.0,0.0
MCH9544,,,2,2970.6499999999996,1485.3249999999998,0,0,0,0,0,0.0,0.0,0.0
MCH9545,,,2,3964.4,3964.4,0,0,0,0,0,0.0,0.0,0.0
MCH9553,,,2,13247.85,6623.925,0,0,0,0,0,0.0,0.0,0.0
MCH9556,"Hari, Dave and Ahluwalia",TRANSPORT,2,-1554.2699999999986,-777.1349999999993,0,0,0,0,0,0.0,0.0,0.0
MCH9560,Kaul PLC,BOOKS,2,2214.98,2214.98,0,0,0,0,0,0.0,0.0,0.0
MCH9561,,,2,29091.72,14545.86,0,0,0,0,0,0.0,0.0,0.0
MCH9564,,,2,47209.94,23604.97,0,0,0,0,0,0.0,0.0,0.0
MCH9569,Parekh-Kalita,RETAIL,2,27341.43,13670.715,0,0,0,0,0,0.0,0.0,0.0
MCH9573,,,2,21954.1,21954.1,0,0,0,0,0,0.0,0.0,0.0
MCH9576,,,2,27050.4,13525.2,0,0,0,0,0,0.0,0.0,0.0
MCH9584,Kakar PLC,FOOD_SERVICES,2,27139.96,13569.98,0,0,0,0,0,0.0,0.0,0.0
MCH9586,  Ghose PLC  ,HOTEL_LODGING,2,30667.3,15333.65,0,0,0,0,0,0.0,0.0,0.0
MCH9601,JOSHI-CHAUHAN,TRANSPORT,2,25111.800000000003,12555.900000000001,0,0,0,0,0,0.0,0.0,0.0
MCH9605,Chokshi LLC,FOOD_SERVICES,2,9233.26,4616.63,0,0,0,0,0,0.0,0.0,0.0
MCH9614,,,2,39254.22,19627.11,0,0,0,0,0,0.0,0.0,0.0
MCH9626,Gu1ati-Chhabra,TELECOM,2,11402.85,5701.425,0,0,0,0,0,0.0,0.0,0.0
MCH9633,,,2,12378.85,12378.85,0,0,0,0,0,0.0,0.0,0.0
MCH9636,KIBE-MAGAR,APPAREL,2,26065.73,13032.865,0,0,0,0,0,0.0,0.0,0.0
MCH9641,Andra Ltd,PHARMACY,2,14408.87,14408.87,0,0,0,0,0,0.0,0.0,0.0
MCH9644,,,2,16728.66,8364.33,0,0,0,0,0,0.0,0.0,0.0
MCH9647,"Bhat, Tank and Aurora",HOTEL_LODGING,2,34110.89,17055.445,0,0,0,0,0,0.0,0.0,0.0
MCH9651,Thakkar-Dass,DEPARTMENT STORE,2,18564.01,18564.01,0,0,0,0,0,0.0,0.0,0.0
MCH9659,gokhale-bassi,MOBILE RECHARGE,2,0.0,,0,0,0,0,0,0.0,0.0,0.0
MCH9660,,,2,21489.6,21489.6,0,0,0,0,0,0.0,0.0,0.0
MCH9669,,,2,32516.93,16258.465,0,0,0,0,0,0.0,0.0,0.0
MCH9672,contractor-sinha,RETAIL,2,19968.41,19968.41,0,0,0,0,0,0.0,0.0,0.0
MCH9686,,,2,-8833.939999999999,-4416.969999999999,0,0,0,0,0,0.0,0.0,0.0
MCH9703,,,2,25658.13,12829.065,0,0,0,0,0,0.0,0.0,0.0
MCH9706,"Mohan, Sahni and Doctor",APPAREL,2,17751.43,8875.715,0,0,0,0,0,0.0,0.0,0.0
MCH9713,,,2,38683.369999999995,19341.684999999998,0,0,0,0,0,0.0,0.0,0.0
MCH9716,"Kadakia, Mishra and Ba1i",FOOD_SERVICES,2,10975.919999999998,5487.959999999999,0,0,0,0,0,0.0,0.0,0.0
MCH9718,Mammen and Sons,GROCERY,2,31560.14,15780.07,0,0,0,0,0,0.0,0.0,0.0
MCH9721,,,2,21363.079999999998,10681.539999999999,0,0,0,0,0,0.0,0.0,0.0
MCH9725,Shan LLC,APPAREL,2,17330.43,8665.215,0,0,0,0,0,0.0,0.0,0.0
MCH9727,,,2,35874.38,17937.19,0,0,0,0,0,0.0,0.0,0.0
MCH9735,,,2,29442.07,14721.035,0,0,0,0,0,0.0,0.0,0.0
MCH9736,sant plc,HOTEL_LODGING,2,5922.610000000001,2961.3050000000003,0,0,0,0,0,0.0,0.0,0.0
MCH9760,,,2,7484.8,3742.4,0,0,0,0,0,0.0,0.0,0.0
MCH9762,Kara LLC,MISC_RETAIL,2,7491.35,3745.675,0,0,0,0,0,0.0,0.0,0.0
MCH9770,jha-andra,TRANSPORT,2,12142.6,6071.3,0,0,0,0,0,0.0,0.0,0.0
MCH9772,Sachdeva LLC,GROCERY,2,20394.74,10197.37,0,0,0,0,0,0.0,0.0,0.0
MCH9774,Trivedi Group,PHARMACY,2,34924.84,17462.42,0,0,0,0,0,0.0,0.0,0.0
MCH9786,"Pai, Thakkar and Krish",DEPARTMENT STORE,2,35598.159999999996,17799.079999999998,0,0,0,0,0,0.0,0.0,0.0
MCH9788,,,2,30425.949999999997,15212.974999999999,0,0,0,0,0,0.0,0.0,0.0
MCH9790,Ganesh-La1,OTHER,2,21787.8,21787.8,0,0,0,0,0,0.0,0.0,0.0
MCH9793,Brar Ltd,APPAREL,2,41670.27,20835.135,0,0,0,0,0,0.0,0.0,0.0
MCH9794,,,2,27831.61,13915.805,0,0,0,0,0,0.0,0.0,0.0
MCH9799,,,2,511.58,511.58,0,0,0,0,0,0.0,0.0,0.0
MCH9800,Dasgupta-Sathe,HOTEL_LODGING,2,32546.57,16273.285,0,0,0,0,0,0.0,0.0,0.0
MCH9809,,,2,20984.21,10492.105,0,0,0,0,0,0.0,0.0,0.0
MCH9826,RANA AND SONS,GROCERY,2,30202.34,15101.17,0,0,0,0,0,0.0,0.0,0.0
MCH9828,,,2,19308.59,9654.295,0,0,0,0,0,0.0,0.0,0.0
MCH9831,"Nayar, Sridhar and Shankar",GROCERY,2,19744.59,19744.59,0,0,0,0,0,0.0,0.0,0.0
MCH9833,,,2,23753.89,11876.945,0,0,0,0,0,0.0,0.0,0.0
MCH9836,"Nori, Malhotra and Deep",HOTEL_LODGING,2,7156.53,3578.265,0,0,0,0,0,0.0,0.0,0.0
MCH9839,,,2,35020.86,17510.43,0,0,0,0,0,0.0,0.0,0.0
MCH9844,MENON AND SONS,TRANSPORT,2,33546.990000000005,16773.495000000003,0,0,0,0,0,0.0,0.0,0.0
MCH9846,Mukherjee Ltd,FOOD_SERVICES,2,33066.3,16533.15,0,0,0,0,0,0.0,0.0,0.0
MCH9855,Samra-Manda,MOBILE RECHARGE,2,25720.74,12860.37,0,0,0,0,0,0.0,0.0,0.0
MCH9856,"Gala, Nadig and Borra",GROCERY,2,43808.65,21904.325,0,0,0,0,0,0.0,0.0,0.0
MCH9857,Mitra-Bala,DEPARTMENT STORE,2,8457.68,8457.68,0,0,0,0,0,0.0,0.0,0.0
MCH9869,,,2,27401.059999999998,13700.529999999999,0,0,0,0,0,0.0,0.0,0.0
MCH9872,,,2,29656.559999999998,14828.279999999999,0,0,0,0,0,0.0,0.0,0.0
MCH9879,,,2,38389.35,19194.675,0,0,0,0,0,0.0,0.0,0.0
MCH9882,  Joshi PLC  ,MOBILE RECHARGE,2,-2975.08,-1487.54,0,0,0,0,0,0.0,0.0,0.0
MCH9885,,,2,7640.01,3820.005,0,0,0,0,0,0.0,0.0,0.0
MCH9896,Dave-Vasa,RETAIL,2,7128.47,7128.47,0,0,0,0,0,0.0,0.0,0.0
MCH9901,,,2,34532.46,17266.23,0,0,0,0,0,0.0,0.0,0.0
MCH9906,sani-tailor,DEPARTMENT STORE,2,30526.510000000002,15263.255000000001,0,0,0,0,0,0.0,0.0,0.0
MCH9911,"Pal, Dash and Nagi",TRANSPORT,2,2432.82,2432.82,0,0,0,0,0,0.0,0.0,0.0
MCH9915,,,2,41321.94,20660.97,0,0,0,0,0,0.0,0.0,0.0
MCH9917,,,2,22031.86,11015.93,0,0,0,0,0,0.0,0.0,0.0
MCH9921,"Datta, Chatterjee and Khalsa",TRANSPORT,2,28861.83,14430.915,0,0,0,0,0,0.0,0.0,0.0
MCH9926,,,2,38794.22,19397.11,0,0,0,0,0,0.0,0.0,0.0
MCH9939,,,2,17953.42,8976.71,0,0,0,0,0,0.0,0.0,0.0
MCH9945,"Pant, Hayre and Pathak",TELECOM,2,16340.539999999999,8170.2699999999995,0,0,0,0,0,0.0,0.0,0.0
MCH9947,Sarkar Ltd,DEPARTMENT STORE,2,1020.53,510.265,0,0,0,0,0,0.0,0.0,0.0
MCH9962,,,2,16689.03,16689.03,0,0,0,0,0,0.0,0.0,0.0
MCH9967,Kaul LLC,FOOD_SERVICES,2,2584.9,2584.9,0,0,0,0,0,0.0,0.0,0.0
MCH9968,Kata-Bawa,DEPARTMENT STORE,2,21772.79,10886.395,0,0,0,0,0,0.0,0.0,0.0
MCH9973,"Parsa, Loyal and Pai",PHONE SERVICE,2,16969.11,8484.555,0,0,0,0,0,0.0,0.0,0.0
MCH9974,,,2,18465.55,9232.775,0,0,0,0,0,0.0,0.0,0.0
MCH9976,,,2,31915.730000000003,15957.865000000002,0,0,0,0,0,0.0,0.0,0.0
MCH9980,,,2,13997.46,6998.73,0,0,0,0,0,0.0,0.0,0.0
MCH9982,,,2,35509.11,17754.555,0,0,0,0,0,0.0,0.0,0.0
MCH9985,,,2,32176.04,16088.02,0,0,0,0,0,0.0,0.0,0.0
MCH9986,tak ltd,TRANSPORT,2,20526.0,10263.0,0,0,0,0,0,0.0,0.0,0.0
MCH9988,"Johal, Padmanabhan and Sagar",MEDICAL,2,37463.850000000006,18731.925000000003,0,0,0,0,0,0.0,0.0,0.0
MCH9990,Mishra Inc,MEDICAL_STORE,2,7504.57,3752.285,0,0,0,0,0,0.0,0.0,0.0
MCH9992,Rajagopalan PLC,HOTEL_LODGING,2,32189.85,16094.925,0,0,0,0,0,0.0,0.0,0.0
MCH9993,Chadha-Tailor,BOOKS,2,1694.92,1694.92,0,0,0,2,0,0.0,0.0,0.0
MCH9995,ben-krish,RETAIL,2,19191.4,9595.7,0,0,0,0,0,0.0,0.0,0.0
MCH1000,,,1,1946.18,1946.18,0,0,0,0,0,0.0,0.0,0.0
MCH1013,,,1,4742.13,4742.13,0,0,0,0,0,0.0,0.0,0.0
MCH1014,"Raghavan, Barad and Bahl",FOOD_SERVICES,1,17338.71,17338.71,0,0,0,0,0,0.0,0.0,0.0
MCH1027,,,1,21815.44,21815.44,0,0,0,0,0,0.0,0.0,0.0
MCH1028,,,1,5284.29,5284.29,0,0,0,0,0,0.0,0.0,0.0
MCH1029,,,1,0.0,,0,0,0,0,0,0.0,0.0,0.0
MCH1031,,,1,21790.08,21790.08,0,0,0,0,0,0.0,0.0,0.0
MCH1040,chand plc,MEDICAL,1,4889.06,4889.06,0,0,0,0,0,0.0,0.0,0.0
MCH1046,,,1,6901.43,6901.43,0,0,0,0,0,0.0,0.0,0.0
MCH1048,,,1,22101.1,22101.1,0,0,0,0,0,0.0,0.0,0.0
MCH1050,Trivedi-Zachariah,APPAREL,1,556.07,556.07,0,0,0,0,0,0.0,0.0,0.0
MCH1051,,,1,19086.9,19086.9,0,0,0,0,0,0.0,0.0,0.0
MCH1060,"Subramaniam, Rama and Contractor",TRANSPORT,1,14301.09,14301.09,0,0,0,0,0,0.0,0.0,0.0
MCH1067,,,1,7864.73,7864.73,0,0,0,0,0,0.0,0.0,0.0
MCH1074,,,1,6577.73,6577.73,0,0,0,0,0,0.0,0.0,0.0
MCH1075,Lala PLC,PHONE SERVICE,1,11231.45,11231.45,0,0,0,1,0,0.0,0.0,0.0
MCH1076,,,1,0.0,,0,0,0,0,0,0.0,0.0,0.0
MCH1082,Oommen Inc,HOTEL_LODGING,1,7026.5,7026.5,0,0,0,0,0,0.0,0.0,0.0
MCH1084,,,1,22882.8,22882.8,0,0,0,0,0,0.0,0.0,0.0
MCH1085,,,1,24345.27,24345.27,0,0,0,0,0,0.0,0.0,0.0
MCH1087,"Mitter, Sawhney and Luthra",HOTEL_LODGING,1,0.0,,0,0,0,1,0,0.0,0.0,0.0
MCH1090,,,1,13660.74,13660.74,0,0,0,0,0,0.0,0.0,0.0
MCH1092,,,1,7957.06,7957.06,0,0,0,0,0,0.0,0.0,0.0
MCH1097,"Narayan, Datta and Chowdhury",OTHER,1,3111.18,3111.18,0,0,0,0,0,0.0,0.0,0.0
MCH1098,"raval, yadav and yogi",HOTEL_LODGING,1,6363.08,6363.08,0,0,0,0,0,0.0,0.0,0.0
MCH1101,Mangal Inc,MEDICAL,1,13714.54,13714.54,0,0,0,0,0,0.0,0.0,0.0
MCH1102,,,1,1393.44,1393.44,0,0,0,0,0,0.0,0.0,0.0
MCH1105,,,1,22150.58,22150.58,0,0,0,0,0,0.0,0.0,0.0
MCH1120,,,1,9117.03,9117.03,0,0,0,0,0,0.0,0.0,0.0
MCH1123,,,1,8786.91,8786.91,0,0,0,0,0,0.0,0.0,0.0
MCH1138,"Shan,BuchandTank",BOOKS,1,16881.5,16881.5,0,0,0,0,0,0.0,0.0,0.0
MCH1146,,,1,18542.66,18542.66,0,0,0,0,0,0.0,0.0,0.0
MCH1153,"Oommen, Sastry and Varty",DEPARTMENT STORE,1,11806.95,11806.95,0,0,0,0,0,0.0,0.0,0.0
MCH1162,"Anand, Mistry and Khare",MISC_RETAIL,1,16735.01,16735.01,0,0,0,0,0,0.0,0.0,0.0
MCH1163,"Gour, Comar and Palan",TELECOM,1,14263.98,14263.98,0,0,0,0,0,0.0,0.0,0.0
MCH1169,Dey-Gupta,FOOD_SERVICES,1,11683.41,11683.41,0,0,0,0,0,0.0,0.0,0.0
MCH1177,"Mistry, Savant and Jha",TRANSPORT,1,17851.81,17851.81,0,0,0,0,0,0.0,0.0,0.0
MCH1178,,,1,2507.3,2507.3,0,0,0,0,0,0.0,0.0,0.0
MCH1180,Sangha and Sons,GROCERY,1,15511.54,15511.54,0,0,0,0,0,0.0,0.0,0.0
MCH1181,,,1,8025.13,8025.13,0,0,0,0,0,0.0,0.0,0.0
MCH1184,,,1,8152.63,8152.63,0,0,0,0,0,0.0,0.0,0.0
MCH1205,,,1,14581.81,14581.81,0,0,0,0,0,0.0,0.0,0.0
MCH1211,"  Munshi, Pai and Sibal  ",RETAIL,1,11403.34,11403.34,0,0,0,0,0,0.0,0.0,0.0
MCH1220,,,1,10483.44,10483.44,0,0,0,0,0,0.0,0.0,0.0
MCH1221,"SASTRY, KAPOOR AND VARUGHESE",FOOD_SERVICES,1,17495.37,17495.37,0,0,0,0,0,0.0,0.0,0.0
MCH1224,setty-sami,BOOKS,1,24596.31,24596.31,0,0,0,0,0,0.0,0.0,0.0
MCH1228,,,1,0.0,,0,0,0,0,0,0.0,0.0,0.0
MCH1230,,,1,6953.54,6953.54,0,0,0,0,0,0.0,0.0,0.0
MCH1236,,,1,10768.93,10768.93,0,0,0,0,0,0.0,0.0,0.0
MCH1239,,,1,16936.77,16936.77,0,0,0,0,0,0.0,0.0,0.0
MCH1243,"Buch, Atwal and Roy",MEDICAL_STORE,1,0.0,,0,0,0,0,0,0.0,0.0,0.0
MCH1245,"Kumer, Varghese and Dhawan",PHARMACY,1,17590.09,17590.09,0,0,0,0,0,0.0,0.0,0.0
MCH1251,,,1,-20617.54,-20617.54,0,0,0,0,0,0.0,0.0,0.0
MCH1258,,,1,0.0,,0,0,0,0,0,0.0,0.0,0.0
MCH1261,"Cheema, Savant and Bakshi",RETAIL,1,16992.0,16992.0,0,0,0,0,0,0.0,0.0,0.0
MCH1270,Tiwari and Sons,DEPARTMENT STORE,1,19423.02,19423.02,0,0,0,0,0,0.0,0.0,0.0
MCH1279,,,1,15532.12,15532.12,0,0,0,0,0,0.0,0.0,0.0
MCH1280,"Ben, Madan and Dey",BOOKS,1,0.0,,0,0,0,0,0,0.0,0.0,0.0
MCH1283,,,1,11254.49,11254.49,0,0,0,0,0,0.0,0.0,0.0
MCH1288,"jain, loke and zacharia",TRANSPORT,1,0.0,,0,0,0,0,0,0.0,0.0,0.0
MCH1296,Gaba-Rama,MEDICAL_STORE,1,-11885.93,-11885.93,0,0,0,0,0,0.0,0.0,0.0
MCH1305,Ghose-Batta,TRANSPORT,1,15333.13,15333.13,0,0,0,0,0,0.0,0.0,0.0
MCH1309,"Jhaveri, Dasgupta and Kata",APPAREL,1,11213.49,11213.49,0,0,0,0,0,0.0,0.0,0.0
MCH1314,"Pant, Mammen and Doctor",APPAREL,1,11310.45,11310.45,0,0,0,0,0,0.0,0.0,0.0
MCH1316,,,1,17396.76,17396.76,0,0,0,0,0,0.0,0.0,0.0
MCH1320,  Babu-Khatri  ,APPAREL,1,16705.45,16705.45,0,0,0,1,0,0.0,0.0,0.0
MCH1328,Buch and Sons,HOTEL_LODGING,1,13945.48,13945.48,0,0,0,0,0,0.0,0.0,0.0
MCH1332,,,1,0.0,,0,0,0,0,0,0.0,0.0,0.0
MCH1336,"Zachariah, Bhattacharyya and Hegde",APPAREL,1,17819.4,17819.4,0,0,0,0,0,0.0,0.0,0.0
MCH1340,Pingle-Lad,MISC_RETAIL,1,12434.21,12434.21,0,0,0,0,0,0.0,0.0,0.0
MCH1343,"Madan,TrivediandGanguly",APPAREL,1,14834.61,14834.61,0,0,0,0,0,0.0,0.0,0.0
MCH1353,Chada and Sons,TRANSPORT,1,13191.14,13191.14,0,0,0,0,0,0.0,0.0,0.0
MCH1357,,,1,4805.0,4805.0,0,0,0,0,0,0.0,0.0,0.0
MCH1363,Rattan-Shere,HOTEL_LODGING,1,12716.89,12716.89,0,0,0,0,0,0.0,0.0,0.0
MCH1365,Ahluwalia-Choudhary,RETAIL,1,16121.55,16121.55,0,0,0,0,0,0.0,0.0,0.0
MCH1369,,,1,3429.1,3429.1,0,0,0,0,0,0.0,0.0,0.0
MCH1372,,,1,653.98,653.98,0,0,0,0,0,0.0,0.0,0.0
MCH1377,"TANEJA, DIN AND KAUL",FOOD_SERVICES,1,19380.57,19380.57,0,0,0,0,0,0.0,0.0,0.0
MCH1379,Chokshi Ltd,MEDICAL_STORE,1,1067.94,1067.94,0,0,0,0,0,0.0,0.0,0.0
MCH1395,,,1,105.72,105.72,0,0,0,0,0,0.0,0.0,0.0
MCH1397,"Bir,RavelandSwaminathan",GROCERY,1,20749.65,20749.65,0,0,0,0,0,0.0,0.0,0.0
MCH1409,Baral LLC,MEDICAL,1,16906.78,16906.78,0,0,0,0,0,0.0,0.0,0.0
MCH1420,"Nath, Setty and Pai",HOTEL_LODGING,1,18756.37,18756.37,0,0,0,1,0,0.0,0.0,0.0
MCH1425,,,1,17683.89,17683.89,0,0,0,0,0,0.0,0.0,0.0
MCH1426,,,1,24357.06,24357.06,0,0,0,0,0,0.0,0.0,0.0
MCH1429,Pal Ltd,GROCERY,1,20065.14,20065.14,0,0,0,0,0,0.0,0.0,0.0
MCH1433,,,1,18433.32,18433.32,0,0,0,0,0,0.0,0.0,0.0
MCH1435,,,1,8242.12,8242.12,0,0,0,0,0,0.0,0.0,0.0
MCH1437,,,1,0.0,,0,0,0,0,0,0.0,0.0,0.0
MCH1452,,,1,18671.12,18671.12,0,0,0,0,0,0.0,0.0,0.0
MCH1456,Madan-Ganesh,APPAREL,1,811.27,811.27,0,0,0,0,0,0.0,0.0,0.0
MCH1458,Chatterjee-Saran,DEPARTMENT STORE,1,9221.83,9221.83,0,0,0,1,0,0.0,0.0,0.0
MCH1459,"Palla, Saini and Date",HOTEL_LODGING,1,5163.01,5163.01,0,0,0,1,0,0.0,0.0,0.0
MCH1462,Swamy Inc,PHARMACY,1,6232.73,6232.73,0,0,0,1,0,0.0,0.0,0.0
MCH1463,,,1,9284.28,9284.28,0,0,0,0,0,0.0,0.0,0.0
MCH1472,,,1,14409.97,14409.97,0,0,0,0,0,0.0,0.0,0.0
MCH1473,Lata-Khurana,MEDICAL_STORE,1,10122.34,10122.34,0,0,0,1,0,0.0,0.0,0.0
MCH1482,"Bahri,SarinandHora",MISC_RETAIL,1,11035.62,11035.62,0,0,0,0,0,0.0,0.0,0.0
MCH1486,,,1,14544.74,14544.74,0,0,0,0,0,0.0,0.0,0.0
MCH1497,Lanka PLC,MEDICAL,1,-22032.43,-22032.43,0,0,0,0,0,0.0,0.0,0.0
MCH1506,GANDHI-LOKE,PHARMACY,1,0.0,,0,0,0,0,0,0.0,0.0,0.0
MCH1511,,,1,22529.94,22529.94,0,0,0,0,0,0.0,0.0,0.0
MCH1512,,,1,0.0,,0,0,0,0,0,0.0,0.0,0.0
MCH1521,,,1,6890.87,6890.87,0,0,0,0,0,0.0,0.0,0.0
MCH1526,CHOWDHURY AND SONS,MOBILE RECHARGE,1,9455.43,9455.43,0,0,0,0,0,0.0,0.0,0.0
MCH1529,"Sangha,BanerjeeandSengupta",HOTEL_LODGING,1,15331.56,15331.56,0,0,0,1,0,0.0,0.0,0.0
MCH1544,,,1,13765.26,13765.26,0,0,0,0,0,0.0,0.0,0.0
MCH1552,uppal plc,TRANSPORT,1,19322.38,19322.38,0,0,0,0,0,0.0,0.0,0.0
MCH1553,basu-varma,BOOKS,1,4392.53,4392.53,0,0,0,0,0,0.0,0.0,0.0
MCH1562,,,1,6673.74,6673.74,0,0,0,0,0,0.0,0.0,0.0
MCH1563,Mandal-Biswas,TELECOM,1,5538.76,5538.76,0,0,0,1,0,0.0,0.0,0.0
MCH1565,,,1,7548.54,7548.54,0,0,0,0,0,0.0,0.0,0.0
MCH1570,,,1,8235.13,8235.13,0,0,0,0,0,0.0,0.0,0.0
MCH1576,,,1,-12981.3,-12981.3,0,0,0,0,0,0.0,0.0,0.0
MCH1581,"Nayak, Verma and Sawhney",DEPARTMENT STORE,1,17083.38,17083.38,0,0,0,0,0,0.0,0.0,0.0
MCH1582,,,1,4381.91,4381.91,0,0,0,0,0,0.0,0.0,0.0
MCH1583,SARIN-MORE,FOOD_SERVICES,1,650.8,650.8,0,0,0,0,0,0.0,0.0,0.0
MCH1587,Srivastava-Saha,PHARMACY,1,16086.67,16086.67,0,0,0,0,0,0.0,0.0,0.0
MCH1589,,,1,8879.57,8879.57,0,0,0,0,0,0.0,0.0,0.0
MCH1600,"warrior, anand and kata",DEPARTMENT STORE,1,13376.62,13376.62,0,0,0,0,0,0.0,0.0,0.0
MCH1616,"Suresh, Borra and Ganesh",TELECOM,1,0.0,,0,0,0,0,0,0.0,0.0,0.0
MCH1617,Cherian LLC,DEPARTMENT STORE,1,14371.98,14371.98,0,0,0,0,0,0.0,0.0,0.0
MCH1619,DIVAN-BHATTI,PHARMACY,1,15113.47,15113.47,0,0,0,0,0,0.0,0.0,0.0
MCH1630,,,1,8632.82,8632.82,0,0,0,0,0,0.0,0.0,0.0
MCH1632,,,1,18451.39,18451.39,0,0,0,0,0,0.0,0.0,0.0
MCH1635,,,1,22561.3,22561.3,0,0,0,0,0,0.0,0.0,0.0
MCH1636,Nigam PLC,APPAREL,1,5622.31,5622.31,0,0,0,0,0,0.0,0.0,0.0
MCH1640,Trivedi-Agrawal,GROCERY,1,20596.7,20596.7,0,0,0,0,0,0.0,0.0,0.0
MCH1641,bali llc,OTHER,1,15904.65,15904.65,0,0,0,0,0,0.0,0.0,0.0
MCH1642,Zacharia-Dhawan,GROCERY,1,2433.17,2433.17,0,0,0,0,0,0.0,0.0,0.0
MCH1643,,,1,5411.23,5411.23,0,0,0,0,0,0.0,0.0,0.0
MCH1652,Tripathi-Vasa,DEPARTMENT STORE,1,13716.6,13716.6,0,0,0,1,0,0.0,0.0,0.0
MCH1658,khatri-mohanty,FOOD_SERVICES,1,15988.38,15988.38,0,0,0,0,0,0.0,0.0,0.0
MCH1662,,,1,18939.15,18939.15,0,0,0,0,0,0.0,0.0,0.0
MCH1667,Prashad-Samra,FOOD_SERVICES,1,1893.12,1893.12,0,0,0,0,0,0.0,0.0,0.0
MCH1671,,,1,9280.63,9280.63,0,0,0,0,0,0.0,0.0,0.0
MCH1676,"Palla, Gupta and Narain",TELECOM,1,4224.02,4224.02,0,0,0,0,0,0.0,0.0,0.0
MCH1685,,,1,15649.91,15649.91,0,0,0,0,0,0.0,0.0,0.0
MCH1687,,,1,19291.03,19291.03,0,0,0,0,0,0.0,0.0,0.0
MCH1698,,,1,23235.79,23235.79,0,0,0,0,0,0.0,0.0,0.0
MCH1705,,,1,2308.19,2308.19,0,0,0,0,0,0.0,0.0,0.0
MCH1715,,,1,15966.74,15966.74,0,0,0,0,0,0.0,0.0,0.0
MCH1718,Wason-Vaidya,RETAIL,1,17809.1,17809.1,0,0,0,0,0,0.0,0.0,0.0
MCH1719,,,1,9369.76,9369.76,0,0,0,0,0,0.0,0.0,0.0
MCH1721,"Mammen, Ka1a and Gara",HOTEL_LODGING,1,14494.92,14494.92,0,0,0,0,0,0.0,0.0,0.0
MCH1723,,,1,4208.68,4208.68,0,0,0,0,0,0.0,0.0,0.0
MCH1727,Chacko LLC,MISC_RETAIL,1,9432.58,9432.58,0,0,0,0,0,0.0,0.0,0.0
MCH1730,,,1,21546.02,21546.02,0,0,0,0,0,0.0,0.0,0.0
MCH1733,,,1,6708.5,6708.5,0,0,0,0,0,0.0,0.0,0.0
MCH1740,,,1,10851.1,10851.1,0,0,0,0,0,0.0,0.0,0.0
MCH1742,,,1,0.0,,0,0,0,0,0,0.0,0.0,0.0
MCH1743,,,1,15015.82,15015.82,0,0,0,0,0,0.0,0.0,0.0
MCH1747,  Ray Inc  ,FOOD_SERVICES,1,12656.79,12656.79,0,0,0,0,0,0.0,0.0,0.0
MCH1748,,,1,24969.84,24969.84,0,0,0,0,0,0.0,0.0,0.0
MCH1750,RAVI-DHAR,TELECOM,1,0.0,,0,0,0,0,0,0.0,0.0,0.0
MCH1758,,,1,24606.4,24606.4,0,0,0,0,0,0.0,0.0,0.0
MCH1767,Bhatnagar-Ka1a,TELECOM,1,6758.76,6758.76,0,0,0,0,0,0.0,0.0,0.0
MCH1775,Karnik Inc,GROCERY,1,8427.82,8427.82,0,0,0,0,0,0.0,0.0,0.0
MCH1779,"MAHARAJ, JAGGI AND REDDY",HOTEL_LODGING,1,9806.82,9806.82,0,0,0,0,0,0.0,0.0,0.0
MCH1785,  Shere-Pall  ,DEPARTMENT STORE,1,10901.63,10901.63,0,0,0,0,0,0.0,0.0,0.0
MCH1786,"Ganguly, Mammen and Babu",GROCERY,1,1930.78,1930.78,0,0,0,0,0,0.0,0.0,0.0
MCH1791,,,1,748.25,748.25,0,0,0,0,0,0.0,0.0,0.0
MCH1792,Palan-Naidu,APPAREL,1,2875.88,2875.88,0,0,0,0,0,0.0,0.0,0.0
MCH1811,  Varkey Inc  ,DEPARTMENT STORE,1,21159.49,21159.49,0,0,0,0,0,0.0,0.0,0.0
MCH1815,  Bhasin-Hans  ,MISC_RETAIL,1,0.0,,0,0,0,0,0,0.0,0.0,0.0
MCH1823,"Patla, Bhasin and Parsa",HOTEL_LODGING,1,9364.66,9364.66,0,0,0,0,0,0.0,0.0,0.0
MCH1830,shan llc,HOTEL_LODGING,1,10347.5,10347.5,0,0,0,0,0,0.0,0.0,0.0
MCH1837,,,1,2361.76,2361.76,0,0,0,0,0,0.0,0.0,0.0
MCH1850,,,1,19987.4,19987.4,0,0,0,0,0,0.0,0.0,0.0
MCH1856,"Sem, Dhawan and Bakshi",GROCERY,1,172.17,172.17,0,0,0,1,0,0.0,0.0,0.0
MCH1860,,,1,4184.38,4184.38,0,0,0,0,0,0.0,0.0,0.0
MCH1874,KANDA-MANE,BOOKS,1,9577.01,9577.01,0,0,0,0,0,0.0,0.0,0.0
MCH1884,Nagi LLC,TRANSPORT,1,18586.39,18586.39,0,0,0,0,0,0.0,0.0,0.0
MCH1902,,,1,15152.69,15152.69,0,0,0,0,0,0.0,0.0,0.0
MCH1919,,,1,0.0,,0,0,0,0,0,0.0,0.0,0.0
MCH1921,Raj LLC,MISC_RETAIL,1,6923.98,6923.98,0,0,0,0,0,0.0,0.0,0.0
MCH1922,"DEO, SARAF AND KALE",STATIONERY,1,-19022.02,-19022.02,0,0,0,0,0,0.0,0.0,0.0
MCH1924,"Choudhary, Iyer and Boase",PHARMACY,1,22691.7,22691.7,0,0,0,0,0,0.0,0.0,0.0
MCH1929,"Bahri,DaraandSaran",BOOKS,1,22392.91,22392.91,0,0,0,0,0,0.0,0.0,0.0
MCH1936,,,1,1008.3,1008.3,0,0,0,0,0,0.0,0.0,0.0
MCH1941,Bath-Sunder,TELECOM,1,13869.97,13869.97,0,0,0,0,0,0.0,0.0,0.0
MCH1943,,,1,3564.81,3564.81,0,0,0,0,0,0.0,0.0,0.0
MCH1947,"Batra, Kar and Sodhi",APPAREL,1,24917.45,24917.45,0,0,0,0,0,0.0,0.0,0.0
MCH1957,,,1,7537.63,7537.63,0,0,0,0,0,0.0,0.0,0.0
MCH1959,"Barad, Bala and Chad",MISC_RETAIL,1,16490.66,16490.66,0,0,0,0,0,0.0,0.0,0.0
MCH1965,Kata Inc,DEPARTMENT STORE,1,15676.12,15676.12,0,0,0,0,0,0.0,0.0,0.0
MCH1976,"MUTTI, SASTRY AND JHA",STATIONERY,1,-10302.47,-10302.47,0,0,0,0,0,0.0,0.0,0.0
MCH1978,,,1,2752.0,2752.0,0,0,0,0,0,0.0,0.0,0.0
MCH1987,"DORA, SARMA AND BISWAS",MOBILE RECHARGE,1,13948.54,13948.54,0,0,0,0,0,0.0,0.0,0.0
MCH1992,,,1,1788.71,1788.71,0,0,0,0,0,0.0,0.0,0.0
MCH1996,,,1,14036.28,14036.28,0,0,0,0,0,0.0,0.0,0.0
MCH1998,,,1,2431.74,2431.74,0,0,0,0,0,0.0,0.0,0.0
MCH2013,"Nanda, Saraf and Halder",GROCERY,1,8361.48,8361.48,0,0,0,0,0,0.0,0.0,0.0
MCH2018,,,1,0.0,,0,0,0,0,0,0.0,0.0,0.0
MCH2019,WALLA-RANGANATHAN,MISC_RETAIL,1,2048.97,2048.97,0,0,0,0,0,0.0,0.0,0.0
MCH2022,Nagi-Gala,MISC_RETAIL,1,21581.05,21581.05,0,0,0,0,0,0.0,0.0,0.0
MCH2027,"Boase, Ghosh and Manda",DEPARTMENT STORE,1,9710.64,9710.64,0,0,0,0,0,0.0,0.0,0.0
MCH2029,  Bhalla-Brahmbhatt  ,MISC_RETAIL,1,0.0,,0,0,0,0,0,0.0,0.0,0.0
MCH2032,"  Doshi, Sur and Sarna  ",FOOD_SERVICES,1,9877.08,9877.08,0,0,0,0,0,0.0,0.0,0.0
MCH2044,"Upadhyay, Kapoor and Nazareth",HOTEL_LODGING,1,0.0,,0,0,0,0,0,0.0,0.0,0.0
MCH2047,Ghose-Kannan,BOOKS,1,0.0,,0,0,0,0,0,0.0,0.0,0.0
MCH2064,date and sons,FOOD_SERVICES,1,15150.27,15150.27,0,0,0,0,0,0.0,0.0,0.0
MCH2066,,,1,13771.0,13771.0,0,0,0,0,0,0.0,0.0,0.0
MCH2067,"Barad, Rai and Kapur",GROCERY,1,15236.34,15236.34,0,0,0,0,0,0.0,0.0,0.0
MCH2071,Dube-Kapadia,MOBILE RECHARGE,1,5538.67,5538.67,0,0,0,0,0,0.0,0.0,0.0
MCH2077,KARA PLC,FOOD_SERVICES,1,10643.08,10643.08,0,0,0,0,0,0.0,0.0,0.0
MCH2084,"Murthy, Dutt and Bakshi",TRAVEL,1,-7565.31,-7565.31,0,0,0,0,0,0.0,0.0,0.0
MCH2086,,,1,12823.62,12823.62,0,0,0,0,0,0.0,0.0,0.0
MCH2091,,,1,19339.3,19339.3,0,0,0,0,0,0.0,0.0,0.0
MCH2093,Ghosh-Gaba,MISC_RETAIL,1,17706.6,17706.6,0,0,0,0,0,0.0,0.0,0.0
MCH2097,,,1,15505.62,15505.62,0,0,0,0,0,0.0,0.0,0.0
MCH2113,,,1,3358.03,3358.03,0,0,0,0,0,0.0,0.0,0.0
MCH2124,"Chander, Kohli and Dube",TRANSPORT,1,0.0,,0,0,0,0,0,0.0,0.0,0.0
MCH2125,,,1,7303.76,7303.76,0,0,0,0,0,0.0,0.0,0.0
MCH2128,Ghosh-Sharaf,FOOD_SERVICES,1,-11087.0,-11087.0,0,0,0,0,0,0.0,0.0,0.0
MCH2129,Bhavsar-De,PHARMACY,1,5254.52,5254.52,0,0,0,0,0,0.0,0.0,0.0
MCH2130,,,1,4410.47,4410.47,0,0,0,0,0,0.0,0.0,0.0
MCH2139,"Bali, Mahajan and Oza",STATIONERY,1,5081.12,5081.12,0,0,0,0,0,0.0,0.0,0.0
MCH2145,,,1,16674.52,16674.52,0,0,0,0,0,0.0,0.0,0.0
MCH2146,,,1,10732.53,10732.53,0,0,0,0,0,0.0,0.0,0.0
MCH2153,"Dara, Vala and Venkatesh",APPAREL,1,6514.57,6514.57,0,0,0,0,0,0.0,0.0,0.0
MCH2158,,,1,9070.95,9070.95,0,0,0,0,0,0.0,0.0,0.0
MCH2159,Sawhney LLC,FOOD_SERVICES,1,15567.51,15567.51,0,0,0,0,0,0.0,0.0,0.0
MCH2161,,,1,5930.96,5930.96,0,0,0,0,0,0.0,0.0,0.0
MCH2162,,,1,9497.55,9497.55,0,0,0,0,0,0.0,0.0,0.0
MCH2171,,,1,2488.87,2488.87,0,0,0,0,0,0.0,0.0,0.0
MCH2172,Pandey Group,APPAREL,1,2857.91,2857.91,0,0,0,0,0,0.0,0.0,0.0
MCH2174,"Sood, Chowdhury and Chacko",HOTEL_LODGING,1,24449.17,24449.17,0,0,0,0,0,0.0,0.0,0.0
MCH2177,"Boase, Bajaj and Krish",OTHER,1,22657.29,22657.29,0,0,0,0,0,0.0,0.0,0.0
MCH2184,,,1,10074.81,10074.81,0,0,0,0,0,0.0,0.0,0.0
MCH2193,,,1,0.0,,0,0,0,0,0,0.0,0.0,0.0
MCH2194,,,1,1671.6,1671.6,0,0,0,0,0,0.0,0.0,0.0
MCH2211,KRISHNAN-SIBAL,BOOKS,1,19337.72,19337.72,0,0,0,0,0,0.0,0.0,0.0
MCH2214,Varkey-Seshadri,TRANSPORT,1,18001.79,18001.79,0,0,0,0,0,0.0,0.0,0.0
MCH2215,Maharaj-Kale,HOTEL_LODGING,1,16087.81,16087.81,0,0,0,0,0,0.0,0.0,0.0
MCH2224,luthra-nagy,BOOKS,1,14135.01,14135.01,0,0,0,1,0,0.0,0.0,0.0
MCH2225,,,1,0.0,,0,0,0,0,0,0.0,0.0,0.0
MCH2227,,,1,22449.4,22449.4,0,0,0,0,0,0.0,0.0,0.0
MCH2228,,,1,869.08,869.08,0,0,0,0,0,0.0,0.0,0.0
MCH2241,Patla-Prabhakar,BOOKS,1,585.95,585.95,0,0,0,0,0,0.0,0.0,0.0
MCH2244,Master PLC,PHARMACY,1,7504.14,7504.14,0,0,0,0,0,0.0,0.0,0.0
MCH2250,"Sachdev, Ma1h0tra and Saraf",TRANSPORT,1,22869.59,22869.59,0,0,0,0,0,0.0,0.0,0.0
MCH2254,,,1,23288.98,23288.98,0,0,0,0,0,0.0,0.0,0.0
MCH2263,Puri-D’Alia,DEPARTMENT STORE,1,19668.45,19668.45,0,0,0,0,0,0.0,0.0,0.0
MCH2266,Natarajan and Sons,PHARMACY,1,6862.64,6862.64,0,0,0,0,0,0.0,0.0,0.0
MCH2271,,,1,8187.26,8187.26,0,0,0,0,0,0.0,0.0,0.0
MCH2273,,,1,16094.6,16094.6,0,0,0,0,0,0.0,0.0,0.0
MCH2279,Sarma Inc,PHARMACY,1,19991.01,19991.01,0,0,0,0,0,0.0,0.0,0.0
MCH2280,,,1,4164.72,4164.72,0,0,0,0,0,0.0,0.0,0.0
MCH2285,,,1,729.75,729.75,0,0,0,0,0,0.0,0.0,0.0
MCH2288,,,1,18424.47,18424.47,0,0,0,0,0,0.0,0.0,0.0
MCH2292,,,1,10550.14,10550.14,0,0,0,0,0,0.0,0.0,0.0
MCH2293,"pandit, bhavsar and barman",TELECOM,1,13310.55,13310.55,0,0,0,0,0,0.0,0.0,0.0
MCH2305,,,1,0.0,,0,0,0,0,0,0.0,0.0,0.0
MCH2308,Bhattacharyya LLC,DEPARTMENT STORE,1,21112.21,21112.21,0,0,0,0,0,0.0,0.0,0.0
MCH2310,Char-Singhal,BOOKS,1,8163.09,8163.09,0,0,0,0,0,0.0,0.0,0.0
MCH2313,gulati llc,MISC_RETAIL,1,2239.66,2239.66,0,0,0,0,0,0.0,0.0,0.0
MCH2318,,,1,8849.92,8849.92,0,0,0,0,0,0.0,0.0,0.0
MCH2324,,,1,12011.12,12011.12,0,0,0,0,0,0.0,0.0,0.0
MCH2327,"Ganguly, Grover and Mutti",MISC_RETAIL,1,24722.0,24722.0,0,0,0,0,0,0.0,0.0,0.0
MCH2328,,,1,0.0,,0,0,0,0,0,0.0,0.0,0.0
MCH2331,,,1,5393.39,5393.39,0,0,0,0,0,0.0,0.0,0.0
MCH2332,Toor Inc,HOTEL_LODGING,1,8884.78,8884.78,0,0,0,0,0,0.0,0.0,0.0
MCH2342,,,1,23886.65,23886.65,0,0,0,0,0,0.0,0.0,0.0
MCH2343,,,1,15977.69,15977.69,0,0,0,0,0,0.0,0.0,0.0
MCH2344,"Purohit, Rege and Patil",APPAREL,1,18596.75,18596.75,0,0,0,0,0,0.0,0.0,0.0
MCH2348,,,1,0.0,,0,0,0,0,0,0.0,0.0,0.0
MCH2359,,,1,21204.25,21204.25,0,0,0,0,0,0.0,0.0,0.0
MCH2360,Bhakta-Nazareth,STATIONERY,1,21477.37,21477.37,0,0,0,0,0,0.0,0.0,0.0
MCH2361,,,1,23486.45,23486.45,0,0,0,0,0,0.0,0.0,0.0
MCH2364,,,1,5756.57,5756.57,0,0,0,0,0,0.0,0.0,0.0
MCH2370,Mutti-Sarma,APPAREL,1,0.0,,0,0,0,0,0,0.0,0.0,0.0
MCH2373,,,1,9356.24,9356.24,0,0,0,0,0,0.0,0.0,0.0
MCH2374,,,1,18694.32,18694.32,0,0,0,0,0,0.0,0.0,0.0
MCH2379,,,1,-2471.38,-2471.38,0,0,0,0,0,0.0,0.0,0.0
MCH2380,,,1,9970.0,9970.0,0,0,0,0,0,0.0,0.0,0.0
MCH2382,,,1,24348.78,24348.78,0,0,0,0,0,0.0,0.0,0.0
MCH2385,,,1,14572.03,14572.03,0,0,0,0,0,0.0,0.0,0.0
MCH2387,Dar-Dass,PHARMACY,1,9214.23,9214.23,0,0,0,0,0,0.0,0.0,0.0
MCH2389,,,1,24311.81,24311.81,0,0,0,0,0,0.0,0.0,0.0
MCH2390,Bandi-Sidhu,RETAIL,1,22337.15,22337.15,0,0,0,0,0,0.0,0.0,0.0
MCH2396,,,1,4231.91,4231.91,0,0,0,0,0,0.0,0.0,0.0
MCH2404,  Mutti-Seshadri  ,GROCERY,1,8382.88,8382.88,0,0,0,0,0,0.0,0.0,0.0
MCH2408,"Kumar, Din and Sule",MISC_RETAIL,1,21351.48,21351.48,0,0,0,0,0,0.0,0.0,0.0
MCH2411,SARAF-GOLA,TRANSPORT,1,12817.44,12817.44,0,0,0,0,0,0.0,0.0,0.0
MCH2412,Nadig Inc,BOOKS,1,12511.96,12511.96,0,0,0,0,0,0.0,0.0,0.0
MCH2413,,,1,10687.77,10687.77,0,0,0,0,0,0.0,0.0,0.0
MCH2415,,,1,17616.82,17616.82,0,0,0,0,0,0.0,0.0,0.0
MCH2416,"Gokhale, Dua and Murty",GROCERY,1,17082.56,17082.56,0,0,0,0,0,0.0,0.0,0.0
MCH2423,"lad, kibe and bora",HOTEL_LODGING,1,671.1,671.1,0,0,0,0,0,0.0,0.0,0.0
MCH2427,,,1,8352.45,8352.45,0,0,0,0,0,0.0,0.0,0.0
MCH2432,Parmar-Parmer,TRANSPORT,1,1564.95,1564.95,0,0,0,0,0,0.0,0.0,0.0
MCH2445,"Vohra, Gill and Saini",DEPARTMENT STORE,1,19921.35,19921.35,0,0,0,0,0,0.0,0.0,0.0
MCH2453,,,1,1466.85,1466.85,0,0,0,0,0,0.0,0.0,0.0
MCH2462,,,1,17703.51,17703.51,0,0,0,0,0,0.0,0.0,0.0
MCH2466,,,1,11638.77,11638.77,0,0,0,0,0,0.0,0.0,0.0
MCH2468,,,1,12115.79,12115.79,0,0,0,0,0,0.0,0.0,0.0
MCH2469,,,1,24887.96,24887.96,0,0,0,0,0,0.0,0.0,0.0
MCH2471,Das Group,BOOKS,1,0.0,,0,0,0,0,0,0.0,0.0,0.0
MCH2472,,,1,11659.88,11659.88,0,0,0,0,0,0.0,0.0,0.0
MCH2474,"Setty, Reddy and Singh",MEDICAL_STORE,1,16216.87,16216.87,0,0,0,0,0,0.0,0.0,0.0
MCH2475,  Bains-Sahota  ,GROCERY,1,3652.07,3652.07,0,0,0,0,0,0.0,0.0,0.0
MCH2476,Choudhary-Borah,HOTEL_LODGING,1,7894.08,7894.08,0,0,0,0,0,0.0,0.0,0.0
MCH2478,"  Bala, Sane and Som  ",APPAREL,1,4118.49,4118.49,0,0,0,0,0,0.0,0.0,0.0
MCH2485,,,1,4176.66,4176.66,0,0,0,0,0,0.0,0.0,0.0
MCH2489,,,1,22553.64,22553.64,0,0,0,0,0,0.0,0.0,0.0
MCH2490,,,1,23526.09,23526.09,0,0,0,0,0,0.0,0.0,0.0
MCH2498,Peri-Sachdeva,HOTEL_LODGING,1,19451.87,19451.87,0,0,0,0,0,0.0,0.0,0.0
MCH2499,,,1,12628.97,12628.97,0,0,0,0,0,0.0,0.0,0.0
MCH2504,Mittal Ltd,MISC_RETAIL,1,21694.4,21694.4,0,0,0,1,0,0.0,0.0,0.0
MCH2506,"Sarna, Vora and Seth",TRANSPORT,1,300.55,300.55,0,0,0,0,0,0.0,0.0,0.0
MCH2507,,,1,17712.24,17712.24,0,0,0,0,0,0.0,0.0,0.0
MCH2509,,,1,0.0,,0,0,0,0,0,0.0,0.0,0.0
MCH2510,sathe plc,PHARMACY,1,15600.32,15600.32,0,0,0,0,0,0.0,0.0,0.0
MCH2514,"Dua, Peri and Sani",MOBILE RECHARGE,1,22229.73,22229.73,0,0,0,0,0,0.0,0.0,0.0
MCH2526,,,1,6991.11,6991.11,0,0,0,0,0,0.0,0.0,0.0
MCH2531,,,1,13179.92,13179.92,0,0,0,0,0,0.0,0.0,0.0
MCH2537,,,1,21211.96,21211.96,0,0,0,0,0,0.0,0.0,0.0
MCH2539,,,1,0.0,,0,0,0,0,0,0.0,0.0,0.0
MCH2542,Thakur Group,GROCERY,1,22554.83,22554.83,0,0,0,0,0,0.0,0.0,0.0
MCH2545,,,1,3706.3,3706.3,0,0,0,0,0,0.0,0.0,0.0
MCH2546,Kant Group,MEDICAL_STORE,1,3383.11,3383.11,0,0,0,0,0,0.0,0.0,0.0
MCH2547,,,1,15768.91,15768.91,0,0,0,0,0,0.0,0.0,0.0
MCH2551,"Krishnamurthy, Murthy and Savant",APPAREL,1,23452.22,23452.22,0,0,0,0,0,0.0,0.0,0.0
MCH2555,,,1,9616.87,9616.87,0,0,0,0,0,0.0,0.0,0.0
MCH2558,,,1,1308.63,1308.63,0,0,0,0,0,0.0,0.0,0.0
MCH2560,,,1,23765.67,23765.67,0,0,0,0,0,0.0,0.0,0.0
MCH2563,,,1,22399.4,22399.4,0,0,0,0,0,0.0,0.0,0.0
MCH2575,Rast0gi-Verma,PHARMACY,1,11397.53,11397.53,0,0,0,0,0,0.0,0.0,0.0
MCH2582,  Lal PLC  ,PHARMACY,1,7850.24,7850.24,0,0,0,0,0,0.0,0.0,0.0
MCH2583,Gole-Prabhakar,TELECOM,1,22831.61,22831.61,0,0,0,0,0,0.0,0.0,0.0
MCH2589,Dhawan-Thaker,DEPARTMENT STORE,1,22251.04,22251.04,0,0,0,1,0,0.0,0.0,0.0
MCH2590,Goyal Group,HOTEL_LODGING,1,0.0,,0,0,0,0,0,0.0,0.0,0.0
MCH2591,"Deol, Palla and Goel",GROCERY,1,0.0,,0,0,0,0,0,0.0,0.0,0.0
MCH2594,,,1,21132.19,21132.19,0,0,0,0,0,0.0,0.0,0.0
MCH2595,,,1,10409.69,10409.69,0,0,0,0,0,0.0,0.0,0.0
MCH2597,,,1,-659.3,-659.3,0,0,0,0,0,0.0,0.0,0.0
MCH2599,,,1,14966.6,14966.6,0,0,0,0,0,0.0,0.0,0.0
MCH2604,Sharaf-Kaur,TRANSPORT,1,13096.57,13096.57,0,0,0,0,0,0.0,0.0,0.0
MCH2606,,,1,13624.58,13624.58,0,0,0,0,0,0.0,0.0,0.0
MCH2607,Garg PLC,FOOD_SERVICES,1,17622.85,17622.85,0,0,0,0,0,0.0,0.0,0.0
MCH2612,Vala Ltd,HOTEL_LODGING,1,7289.66,7289.66,0,0,0,0,0,0.0,0.0,0.0
MCH2619,,,1,14415.73,14415.73,0,0,0,0,0,0.0,0.0,0.0
MCH2629,,,1,15802.0,15802.0,0,0,0,0,0,0.0,0.0,0.0
MCH2636,Rau PLC,DEPARTMENT STORE,1,0.0,,0,0,0,0,0,0.0,0.0,0.0
MCH2640,,,1,9555.13,9555.13,0,0,0,0,0,0.0,0.0,0.0
MCH2641,Varma-Saha,OTHER,1,9264.3,9264.3,0,0,0,0,0,0.0,0.0,0.0
MCH2654,saxena-sarkar,TELECOM,1,2918.0,2918.0,0,0,0,0,0,0.0,0.0,0.0
MCH2661,,,1,9676.31,9676.31,0,0,0,0,0,0.0,0.0,0.0
MCH2666,,,1,12661.59,12661.59,0,0,0,0,0,0.0,0.0,0.0
MCH2671,Mohanty-Chakrabarti,MISC_RETAIL,1,8951.7,8951.7,0,0,0,0,0,0.0,0.0,0.0
MCH2676,Desai Ltd,TELECOM,1,18745.65,18745.65,0,0,0,0,0,0.0,0.0,0.0
MCH2688,,,1,4074.89,4074.89,0,0,0,0,0,0.0,0.0,0.0
MCH2697,Shan-Warrior,TRANSPORT,1,22975.29,22975.29,0,0,0,0,0,0.0,0.0,0.0
MCH2703,,,1,19063.55,19063.55,0,0,0,0,0,0.0,0.0,0.0
MCH2704,Sengupta-Sarin,APPAREL,1,10691.62,10691.62,0,0,0,0,0,0.0,0.0,0.0
MCH2717,,,1,-15468.74,-15468.74,0,0,0,0,0,0.0,0.0,0.0
MCH2719,"RANGANATHAN, MALL AND AGGARWAL",FOOD_SERVICES,1,3585.12,3585.12,0,0,0,0,0,0.0,0.0,0.0
MCH2728,,,1,14097.79,14097.79,0,0,0,0,0,0.0,0.0,0.0
MCH2729,,,1,14112.89,14112.89,0,0,0,0,0,0.0,0.0,0.0
MCH2732,,,1,7838.14,7838.14,0,0,0,0,0,0.0,0.0,0.0
MCH2736,,,1,21959.61,21959.61,0,0,0,0,0,0.0,0.0,0.0
MCH2753,"  Karan, Ganguly and Desai  ",MISC_RETAIL,1,19307.94,19307.94,0,0,0,0,0,0.0,0.0,0.0
MCH2757,Chhabra-Dugar,APPAREL,1,17669.0,17669.0,0,0,0,0,0,0.0,0.0,0.0
MCH2770,Nagi PLC,MISC_RETAIL,1,6960.81,6960.81,0,0,0,0,0,0.0,0.0,0.0
MCH2772,goyal inc,BOOKS,1,16692.27,16692.27,0,0,0,1,0,0.0,0.0,0.0
MCH2775,,,1,3773.77,3773.77,0,0,0,0,0,0.0,0.0,0.0
MCH2777,,,1,0.0,,0,0,0,0,0,0.0,0.0,0.0
MCH2778,madan plc,MEDICAL,1,18640.12,18640.12,0,0,0,0,0,0.0,0.0,0.0
MCH2779,,,1,16838.79,16838.79,0,0,0,0,0,0.0,0.0,0.0
MCH2782,,,1,21150.52,21150.52,0,0,0,0,0,0.0,0.0,0.0
MCH2791,"Rastogi, Mannan and Sabharwal",PHARMACY,1,1640.73,1640.73,0,0,0,0,0,0.0,0.0,0.0
MCH2793,,,1,21773.56,21773.56,0,0,0,0,0,0.0,0.0,0.0
MCH2795,,,1,20380.46,20380.46,0,0,0,0,0,0.0,0.0,0.0
MCH2800,Raja-Naik,DEPARTMENT STORE,1,1088.91,1088.91,0,0,0,0,0,0.0,0.0,0.0
MCH2801,"Khurana, Oza and Divan",MOBILE RECHARGE,1,18630.87,18630.87,0,0,0,0,0,0.0,0.0,0.0
MCH2802,,,1,22225.9,22225.9,0,0,0,0,0,0.0,0.0,0.0
MCH2809,,,1,8763.31,8763.31,0,0,0,0,0,0.0,0.0,0.0
MCH2811,,,1,8211.87,8211.87,0,0,0,0,0,0.0,0.0,0.0
MCH2817,Keer and Sons,MISC_RETAIL,1,21265.86,21265.86,0,0,0,1,0,0.0,0.0,0.0
MCH2818,Sibal Inc,GROCERY,1,4666.47,4666.47,0,0,0,0,0,0.0,0.0,0.0
MCH2819,,,1,11009.31,11009.31,0,0,0,0,0,0.0,0.0,0.0
MCH2821,,,1,22956.79,22956.79,0,0,0,0,0,0.0,0.0,0.0
MCH2837,,,1,21577.04,21577.04,0,0,0,0,0,0.0,0.0,0.0
MCH2838,BOSE-BIR,TELECOM,1,5256.2,5256.2,0,0,0,0,0,0.0,0.0,0.0
MCH2841,"  Memon, Samra and Rajagopal  ",BOOKS,1,21555.2,21555.2,0,0,0,0,0,0.0,0.0,0.0
MCH2849,"BHAVSAR, KOTA AND ZACHARIA",HOTEL_LODGING,1,714.5,714.5,0,0,0,1,0,0.0,0.0,0.0
MCH2853,,,1,0.0,,0,0,0,0,0,0.0,0.0,0.0
MCH2854,,,1,3790.09,3790.09,0,0,0,0,0,0.0,0.0,0.0
MCH2857,Bhattacharyya Inc,TRANSPORT,1,21262.82,21262.82,0,0,0,0,0,0.0,0.0,0.0
MCH2866,,,1,16971.04,16971.04,0,0,0,0,0,0.0,0.0,0.0
MCH2868,,,1,5804.17,5804.17,0,0,0,0,0,0.0,0.0,0.0
MCH2869,,,1,8708.91,8708.91,0,0,0,0,0,0.0,0.0,0.0
MCH2870,"Loyal, Buch and Ghose",FOOD_SERVICES,1,15284.25,15284.25,0,0,0,0,0,0.0,0.0,0.0
MCH2873,,,1,23260.66,23260.66,0,0,0,0,0,0.0,0.0,0.0
MCH2882,,,1,4365.22,4365.22,0,0,0,0,0,0.0,0.0,0.0
MCH2887,Rau-Saha,APPAREL,1,4017.53,4017.53,0,0,0,0,0,0.0,0.0,0.0
MCH2892,,,1,191.24,191.24,0,0,0,0,0,0.0,0.0,0.0
MCH2904,IYENGAR-COMAR,OTHER,1,0.0,,0,0,0,0,0,0.0,0.0,0.0
MCH2911,,,1,20109.96,20109.96,0,0,0,0,0,0.0,0.0,0.0
MCH2912,"Singhal, Iyengar and Balasubramanian",GROCERY,1,16621.83,16621.83,0,0,0,1,0,0.0,0.0,0.0
MCH2913,,,1,24039.86,24039.86,0,0,0,0,0,0.0,0.0,0.0
MCH2919,Menon-Vaidya,PHARMACY,1,18619.57,18619.57,0,0,0,0,0,0.0,0.0,0.0
MCH2932,,,1,18785.17,18785.17,0,0,0,0,0,0.0,0.0,0.0
MCH2933,,,1,-11137.92,-11137.92,0,0,0,0,0,0.0,0.0,0.0
MCH2936,,,1,24390.29,24390.29,0,0,0,0,0,0.0,0.0,0.0
MCH2939,,,1,5346.44,5346.44,0,0,0,0,0,0.0,0.0,0.0
MCH2944,,,1,10103.14,10103.14,0,0,0,0,0,0.0,0.0,0.0
MCH2945,Agarwa1-Cherian,MOBILE RECHARGE,1,23053.1,23053.1,0,0,0,1,0,0.0,0.0,0.0
MCH2949,,,1,16466.93,16466.93,0,0,0,0,0,0.0,0.0,0.0
MCH2951,,,1,2348.05,2348.05,0,0,0,0,0,0.0,0.0,0.0
MCH2954,"  Keer, Borra and Hayre  ",HOTEL_LODGING,1,9964.9,9964.9,0,0,0,0,0,0.0,0.0,0.0
MCH2955,,,1,0.0,,0,0,0,0,0,0.0,0.0,0.0
MCH2959,Kanda LLC,FOOD_SERVICES,1,1343.85,1343.85,0,0,0,0,0,0.0,0.0,0.0
MCH2964,Bala-Sarkar,PHONE SERVICE,1,8554.94,8554.94,0,0,0,0,0,0.0,0.0,0.0
MCH2969,Randhawa-Karnik,HOTEL_LODGING,1,11768.91,11768.91,0,0,0,0,0,0.0,0.0,0.0
MCH2975,"Bora, Mander and Dalal",BOOKS,1,14341.75,14341.75,0,0,0,1,0,0.0,0.0,0.0
MCH2978,Deshpande LLC,HOTEL_LODGING,1,7693.48,7693.48,0,0,0,0,0,0.0,0.0,0.0
MCH2980,Mander and Sons,GROCERY,1,10142.74,10142.74,0,0,0,0,0,0.0,0.0,0.0
MCH2984,,,1,4439.13,4439.13,0,0,0,0,0,0.0,0.0,0.0
MCH2985,,,1,786.11,786.11,0,0,0,0,0,0.0,0.0,0.0
MCH2992,,,1,12959.44,12959.44,0,0,0,0,0,0.0,0.0,0.0
MCH3004,,,1,5977.04,5977.04,0,0,0,0,0,0.0,0.0,0.0
MCH3005,"Saxena, Narain and Mander",APPAREL,1,16988.04,16988.04,0,0,0,1,0,0.0,0.0,0.0
MCH3007,,,1,1955.63,1955.63,0,0,0,0,0,0.0,0.0,0.0
MCH3008,"Datta, Sarkar and Nori",DEPARTMENT STORE,1,2111.91,2111.91,0,0,0,0,0,0.0,0.0,0.0
MCH3010,,,1,19208.51,19208.51,0,0,0,0,0,0.0,0.0,0.0
MCH3014,Nagarajan-Bandi,RETAIL,1,11816.78,11816.78,0,0,0,0,0,0.0,0.0,0.0
MCH3021,"HEGDE, KIBE AND GADE",MOBILE RECHARGE,1,9429.84,9429.84,0,0,0,0,0,0.0,0.0,0.0
MCH3024,Kade-Bhatia,FOOD_SERVICES,1,16913.2,16913.2,0,0,0,0,0,0.0,0.0,0.0
MCH3027,,,1,14528.4,14528.4,0,0,0,0,0,0.0,0.0,0.0
MCH3028,,,1,6540.71,6540.71,0,0,0,0,0,0.0,0.0,0.0
MCH3039,Murty Inc,GROCERY,1,0.0,,0,0,0,0,0,0.0,0.0,0.0
MCH3040,"Dhar, Kunda and Desai",GROCERY,1,15510.77,15510.77,0,0,0,0,0,0.0,0.0,0.0
MCH3042,,,1,23368.9,23368.9,0,0,0,0,0,0.0,0.0,0.0
MCH3043,,,1,18708.49,18708.49,0,0,0,0,0,0.0,0.0,0.0
MCH3044,Gupta PLC,STATIONERY,1,22243.29,22243.29,0,0,0,1,0,0.0,0.0,0.0
MCH3055,"Batta, Sha and Dugar",HOTEL_LODGING,1,12458.27,12458.27,0,0,0,0,0,0.0,0.0,0.0
MCH3060,Deep-Tata,DEPARTMENT STORE,1,14983.94,14983.94,0,0,0,0,0,0.0,0.0,0.0
MCH3063,Bansal Inc,TRANSPORT,1,4084.25,4084.25,0,0,0,0,0,0.0,0.0,0.0
MCH3071,Misra-Padmanabhan,FOOD_SERVICES,1,7504.98,7504.98,0,0,0,0,0,0.0,0.0,0.0
MCH3072,Vora-Soman,APPAREL,1,514.67,514.67,0,0,0,0,0,0.0,0.0,0.0
MCH3073,,,1,18127.9,18127.9,0,0,0,0,0,0.0,0.0,0.0
MCH3075,Setty Ltd,GROCERY,1,20529.88,20529.88,0,0,0,0,0,0.0,0.0,0.0
MCH3081,"Anne, Choudhry and Nanda",MEDICAL_STORE,1,6198.31,6198.31,0,0,0,0,0,0.0,0.0,0.0
MCH3083,,,1,901.5,901.5,0,0,0,0,0,0.0,0.0,0.0
MCH3087,,,1,18438.47,18438.47,0,0,0,0,0,0.0,0.0,0.0
MCH3090,,,1,13337.76,13337.76,0,0,0,0,0,0.0,0.0,0.0
MCH3091,,,1,7434.96,7434.96,0,0,0,0,0,0.0,0.0,0.0
MCH3094,Wag1e-Thakkar,APPAREL,1,20124.62,20124.62,0,0,0,0,0,0.0,0.0,0.0
MCH3098,,,1,20959.83,20959.83,0,0,0,0,0,0.0,0.0,0.0
MCH3101,,,1,14586.85,14586.85,0,0,0,0,0,0.0,0.0,0.0
MCH3102,,,1,0.0,,0,0,0,0,0,0.0,0.0,0.0
MCH3135,,,1,2114.48,2114.48,0,0,0,0,0,0.0,0.0,0.0
MCH3136,,,1,10073.57,10073.57,0,0,0,0,0,0.0,0.0,0.0
MCH3144,raval-korpal,HOTEL_LODGING,1,16582.06,16582.06,0,0,0,0,0,0.0,0.0,0.0
MCH3152,,,1,4971.59,4971.59,0,0,0,0,0,0.0,0.0,0.0
MCH3155,Agarwal Ltd,DEPARTMENT STORE,1,12440.31,12440.31,0,0,0,0,0,0.0,0.0,0.0
MCH3161,Mittal-Bawa,OTHER,1,5754.44,5754.44,0,0,0,0,0,0.0,0.0,0.0
MCH3162,,,1,21868.79,21868.79,0,0,0,0,0,0.0,0.0,0.0
MCH3168,,,1,24737.74,24737.74,0,0,0,0,0,0.0,0.0,0.0
MCH3169,,,1,0.0,,0,0,0,0,0,0.0,0.0,0.0
MCH3176,,,1,0.0,,0,0,0,0,0,0.0,0.0,0.0
MCH3177,"Shere, Pal and Kothari",STATIONERY,1,1329.06,1329.06,0,0,0,1,0,0.0,0.0,0.0
MCH3178,GanesanGroup,APPAREL,1,1028.92,1028.92,0,0,0,0,0,0.0,0.0,0.0
MCH3179,"Sarma, Singh and Char",DEPARTMENT STORE,1,10174.49,10174.49,0,0,0,0,0,0.0,0.0,0.0
MCH3183,,,1,6883.26,6883.26,0,0,0,0,0,0.0,0.0,0.0
MCH3190,,,1,20814.28,20814.28,0,0,0,0,0,0.0,0.0,0.0
MCH3191,Dhawan-Warrior,TRANSPORT,1,0.0,,0,0,0,0,0,0.0,0.0,0.0
MCH3192,,,1,3235.55,3235.55,0,0,0,0,0,0.0,0.0,0.0
MCH3202,,,1,13643.9,13643.9,0,0,0,0,0,0.0,0.0,0.0
MCH3211,"Mani, Hora and Hayer",PHARMACY,1,15355.48,15355.48,0,0,0,0,0,0.0,0.0,0.0
MCH3217,,,1,15659.86,15659.86,0,0,0,0,0,0.0,0.0,0.0
MCH3220,,,1,22609.95,22609.95,0,0,0,0,0,0.0,0.0,0.0
MCH3235,,,1,1728.09,1728.09,0,0,0,0,0,0.0,0.0,0.0
MCH3236,,,1,4098.77,4098.77,0,0,0,0,0,0.0,0.0,0.0
MCH3242,,,1,0.0,,0,0,0,0,0,0.0,0.0,0.0
MCH3244,Murthy Group,MEDICAL_STORE,1,18542.8,18542.8,0,0,0,0,0,0.0,0.0,0.0
MCH3258,,,1,1941.02,1941.02,0,0,0,0,0,0.0,0.0,0.0
MCH3260,Viswanathan Inc,TRANSPORT,1,8843.4,8843.4,0,0,0,0,0,0.0,0.0,0.0
MCH3261,,,1,24239.92,24239.92,0,0,0,0,0,0.0,0.0,0.0
MCH3272,Gera Group,APPAREL,1,11265.25,11265.25,0,0,0,0,0,0.0,0.0,0.0
MCH3279,"Zachariah, Gill and Palla",FOOD_SERVICES,1,20221.9,20221.9,0,0,0,0,0,0.0,0.0,0.0
MCH3283,,,1,12393.52,12393.52,0,0,0,0,0,0.0,0.0,0.0
MCH3290,,,1,22676.98,22676.98,0,0,0,0,0,0.0,0.0,0.0
MCH3300,,,1,6770.67,6770.67,0,0,0,0,0,0.0,0.0,0.0
MCH3310,,,1,14010.43,14010.43,0,0,0,0,0,0.0,0.0,0.0
MCH3315,,,1,0.0,,0,0,0,0,0,0.0,0.0,0.0
MCH3317,,,1,14049.33,14049.33,0,0,0,0,0,0.0,0.0,0.0
MCH3324,Char-Gera,APPAREL,1,14699.01,14699.01,0,0,0,1,0,0.0,0.0,0.0
MCH3326,,,1,16827.03,16827.03,0,0,0,0,0,0.0,0.0,0.0
MCH3327,Balay Ltd,MEDICAL,1,9954.95,9954.95,0,0,0,0,0,0.0,0.0,0.0
MCH3333,Dada PLC,MISC_RETAIL,1,18099.54,18099.54,0,0,0,0,0,0.0,0.0,0.0
MCH3335,Choudhary Ltd,APPAREL,1,639.73,639.73,0,0,0,0,0,0.0,0.0,0.0
MCH3339,,,1,2643.07,2643.07,0,0,0,0,0,0.0,0.0,0.0
MCH3342,,,1,42.98,42.98,0,0,0,0,0,0.0,0.0,0.0
MCH3343,,,1,2488.46,2488.46,0,0,0,0,0,0.0,0.0,0.0
MCH3345,,,1,7975.63,7975.63,0,0,0,0,0,0.0,0.0,0.0
MCH3348,"Chauhan, Chowdhury and Dhillon",STATIONERY,1,12310.48,12310.48,0,0,0,0,0,0.0,0.0,0.0
MCH3355,,,1,4276.0,4276.0,0,0,0,0,0,0.0,0.0,0.0
MCH3356,,,1,22531.59,22531.59,0,0,0,0,0,0.0,0.0,0.0
MCH3357,"  Batta, Kannan and Srinivas  ",TELECOM,1,0.0,,0,0,0,0,0,0.0,0.0,0.0
MCH3359,,,1,0.0,,0,0,0,0,0,0.0,0.0,0.0
MCH3367,,,1,10622.84,10622.84,0,0,0,0,0,0.0,0.0,0.0
MCH3372,,,1,18332.79,18332.79,0,0,0,0,0,0.0,0.0,0.0
MCH3375,,,1,18742.16,18742.16,0,0,0,0,0,0.0,0.0,0.0
MCH3387,Boase Ltd,MOBILE RECHARGE,1,19749.89,19749.89,0,0,0,0,0,0.0,0.0,0.0
MCH3388,"Chaudhary, Patel and Bhatti",HOTEL_LODGING,1,2013.7,2013.7,0,0,0,1,0,0.0,0.0,0.0
MCH3389,Korpal-Hegde,MEDICAL_STORE,1,12079.0,12079.0,0,0,0,0,0,0.0,0.0,0.0
MCH3391,Dass Inc,TRANSPORT,1,5865.78,5865.78,0,0,0,0,0,0.0,0.0,0.0
MCH3392,,,1,12155.15,12155.15,0,0,0,0,0,0.0,0.0,0.0
MCH3394,,,1,8521.7,8521.7,0,0,0,0,0,0.0,0.0,0.0
MCH3396,,,1,8975.45,8975.45,0,0,0,0,0,0.0,0.0,0.0
MCH3397,,,1,2707.03,2707.03,0,0,0,0,0,0.0,0.0,0.0
MCH3398,Chaudhary Ltd,APPAREL,1,5880.88,5880.88,0,0,0,0,0,0.0,0.0,0.0
MCH3399,MUNI AND SONS,APPAREL,1,18552.02,18552.02,0,0,0,0,0,0.0,0.0,0.0
MCH3409,BADAMI AND SONS,HOTEL_LODGING,1,17200.59,17200.59,0,0,0,0,0,0.0,0.0,0.0
MCH3415,Keer Inc,FOOD_SERVICES,1,18888.79,18888.79,0,0,0,0,0,0.0,0.0,0.0
MCH3418,Parsa-Parikh,PHARMACY,1,643.46,643.46,0,0,0,0,0,0.0,0.0,0.0
MCH3421,"Sandhu, Saxena and Talwar",STATIONERY,1,9701.77,9701.77,0,0,0,1,0,0.0,0.0,0.0
MCH3422,,,1,9256.39,9256.39,0,0,0,0,0,0.0,0.0,0.0
MCH3427,,,1,24761.89,24761.89,0,0,0,0,0,0.0,0.0,0.0
MCH3429,,,1,16471.11,16471.11,0,0,0,0,0,0.0,0.0,0.0
MCH3430,,,1,16770.49,16770.49,0,0,0,0,0,0.0,0.0,0.0
MCH3438,Sodhi-Khosla,DEPARTMENT STORE,1,17210.23,17210.23,0,0,0,0,0,0.0,0.0,0.0
MCH3439,"PALAN, BORA AND PURI",GROCERY,1,461.85,461.85,0,0,0,0,0,0.0,0.0,0.0
MCH3443,,,1,17111.01,17111.01,0,0,0,0,0,0.0,0.0,0.0
MCH3449,"Sundaram, Dasgupta and Dutt",MISC_RETAIL,1,15734.19,15734.19,0,0,0,1,0,0.0,0.0,0.0
MCH3453,"Sangha, Minhas and Patil",HOTEL_LODGING,1,533.14,533.14,0,0,0,0,0,0.0,0.0,0.0
MCH3456,,,1,21514.18,21514.18,0,0,0,0,0,0.0,0.0,0.0
MCH3457,,,1,23461.16,23461.16,0,0,0,0,0,0.0,0.0,0.0
MCH3459,  Nagi-Saini  ,TELECOM,1,20076.77,20076.77,0,0,0,0,0,0.0,0.0,0.0
MCH3460,CHAND-BORA,GROCERY,1,410.54,410.54,0,0,0,0,0,0.0,0.0,0.0
MCH3462,,,1,18484.85,18484.85,0,0,0,0,0,0.0,0.0,0.0
MCH3464,,,1,18311.87,18311.87,0,0,0,0,0,0.0,0.0,0.0
MCH3467,,,1,19951.97,19951.97,0,0,0,0,0,0.0,0.0,0.0
MCH3473,"Mahal, Butala and Shenoy",TRAVEL,1,253.18,253.18,0,0,0,1,0,0.0,0.0,0.0
MCH3477,"Mangal, Comar and Krish",DEPARTMENT STORE,1,13949.68,13949.68,0,0,0,0,0,0.0,0.0,0.0
MCH3481,"RAJA, BRAR AND NAGAR",GROCERY,1,4349.25,4349.25,0,0,0,0,0,0.0,0.0,0.0
MCH3490,Sachdev-Din,GROCERY,1,9482.22,9482.22,0,0,0,0,0,0.0,0.0,0.0
MCH3497,"Gokhale, Parmer and Contractor",TRANSPORT,1,15038.39,15038.39,0,0,0,0,0,0.0,0.0,0.0
MCH3504,"Ram, Dora and Bhatti",BOOKS,1,10398.63,10398.63,0,0,0,1,0,0.0,0.0,0.0
MCH3517,,,1,24580.57,24580.57,0,0,0,0,0,0.0,0.0,0.0
MCH3521,,,1,9303.73,9303.73,0,0,0,0,0,0.0,0.0,0.0
MCH3524,,,1,24279.06,24279.06,0,0,0,0,0,0.0,0.0,0.0
MCH3538,,,1,6871.57,6871.57,0,0,0,0,0,0.0,0.0,0.0
MCH3542,,,1,16487.25,16487.25,0,0,0,0,0,0.0,0.0,0.0
MCH3545,"CHACKO, OZA AND JAGGI",HOTEL_LODGING,1,17658.99,17658.99,0,0,0,0,0,0.0,0.0,0.0
MCH3546,,,1,12044.91,12044.91,0,0,0,0,0,0.0,0.0,0.0
MCH3558,"Bhattacharyya, Mahal and Setty",TRANSPORT,1,2706.56,2706.56,0,0,0,0,0,0.0,0.0,0.0
MCH3570,sura-barman,OTHER,1,12494.06,12494.06,0,0,0,0,0,0.0,0.0,0.0
MCH3586,Dayal-Nagar,PHARMACY,1,12879.41,12879.41,0,0,0,0,0,0.0,0.0,0.0
MCH3591,"Panchal, Balasubramanian and Dey",STATIONERY,1,8188.16,8188.16,0,0,0,0,0,0.0,0.0,0.0
MCH3592,"Sem, Chandran and Dara",OTHER,1,1386.99,1386.99,0,0,0,0,0,0.0,0.0,0.0
MCH3595,"SRIVASTAVA, MERCHANT AND KOTA",RETAIL,1,0.0,,0,0,0,0,0,0.0,0.0,0.0
MCH3604,"  Shetty, Bali and Sama  ",GROCERY,1,17763.44,17763.44,0,0,0,0,0,0.0,0.0,0.0
MCH3607,Va1a-D0ra,FOOD_SERVICES,1,12582.07,12582.07,0,0,0,0,0,0.0,0.0,0.0
MCH3611,"ratti, sunder and kapoor",TRAVEL,1,23618.28,23618.28,0,0,0,0,0,0.0,0.0,0.0
MCH3612,Vaidya-Arya,RETAIL,1,2244.38,2244.38,0,0,0,0,0,0.0,0.0,0.0
MCH3617,,,1,1886.59,1886.59,0,0,0,0,0,0.0,0.0,0.0
MCH3625,Lall Inc,APPAREL,1,7202.98,7202.98,0,0,0,0,0,0.0,0.0,0.0
MCH3631,,,1,9817.2,9817.2,0,0,0,0,0,0.0,0.0,0.0
MCH3634,,,1,0.0,,0,0,0,0,0,0.0,0.0,0.0
MCH3641,"khurana, barman and suresh",APPAREL,1,627.19,627.19,0,0,0,0,0,0.0,0.0,0.0
MCH3648,,,1,6588.55,6588.55,0,0,0,0,0,0.0,0.0,0.0
MCH3649,"  Jain, Sama and Sarma  ",MISC_RETAIL,1,16936.27,16936.27,0,0,0,0,0,0.0,0.0,0.0
MCH3652,Varghese PLC,OTHER,1,8985.51,8985.51,0,0,0,0,0,0.0,0.0,0.0
MCH3661,"Deshmukh, Patla and Goel",TRANSPORT,1,2783.84,2783.84,0,0,0,1,0,0.0,0.0,0.0
MCH3663,Saini-Gaba,APPAREL,1,0.0,,0,0,0,0,0,0.0,0.0,0.0
MCH3665,,,1,16.02,16.02,0,0,0,0,0,0.0,0.0,0.0
MCH3666,Gera-Ranganathan,TRANSPORT,1,0.0,,0,0,0,0,0,0.0,0.0,0.0
MCH3667,,,1,21968.65,21968.65,0,0,0,0,0,0.0,0.0,0.0
MCH3672,"Ray, Radhakrishnan and Parmar",HOTEL_LODGING,1,3614.84,3614.84,0,0,0,0,0,0.0,0.0,0.0
MCH3688,"  Nayak, Brar and Sahni  ",MOBILE RECHARGE,1,5102.81,5102.81,0,0,0,0,0,0.0,0.0,0.0
MCH3700,Nath-Chakrabarti,FOOD_SERVICES,1,7930.46,7930.46,0,0,0,0,0,0.0,0.0,0.0
MCH3702,,,1,0.0,,0,0,0,0,0,0.0,0.0,0.0
MCH3707,,,1,0.0,,0,0,0,0,0,0.0,0.0,0.0
MCH3708,,,1,12787.28,12787.28,0,0,0,0,0,0.0,0.0,0.0
MCH3717,,,1,7512.68,7512.68,0,0,0,0,0,0.0,0.0,0.0
MCH3725,Balan Inc,MEDICAL,1,939.01,939.01,0,0,0,0,0,0.0,0.0,0.0
MCH3737,Raval-Kurian,FOOD_SERVICES,1,13241.78,13241.78,0,0,0,0,0,0.0,0.0,0.0
MCH3740,,,1,5814.92,5814.92,0,0,0,0,0,0.0,0.0,0.0
MCH3744,,,1,22105.42,22105.42,0,0,0,0,0,0.0,0.0,0.0
MCH3747,,,1,14147.54,14147.54,0,0,0,0,0,0.0,0.0,0.0
MCH3750,,,1,10418.45,10418.45,0,0,0,0,0,0.0,0.0,0.0
MCH3753,"Raj, Gole and Bansal",GROCERY,1,14083.48,14083.48,0,0,0,0,0,0.0,0.0,0.0
MCH3755,Hayer and Sons,FOOD_SERVICES,1,24970.66,24970.66,0,0,0,0,0,0.0,0.0,0.0
MCH3757,Chokshi PLC,TELECOM,1,0.0,,0,0,0,0,0,0.0,0.0,0.0
MCH3762,,,1,9951.41,9951.41,0,0,0,0,0,0.0,0.0,0.0
MCH3763,,,1,24710.64,24710.64,0,0,0,0,0,0.0,0.0,0.0
MCH3764,Tandon and Sons,MEDICAL,1,4907.54,4907.54,0,0,0,0,0,0.0,0.0,0.0
MCH3777,,,1,474.32,474.32,0,0,0,0,0,0.0,0.0,0.0
MCH3784,,,1,18449.36,18449.36,0,0,0,0,0,0.0,0.0,0.0
MCH3786,Ratta-Bhasin,MISC_RETAIL,1,0.0,,0,0,0,0,0,0.0,0.0,0.0
MCH3787,Rajan-Swaminathan,HOTEL_LODGING,1,7311.5,7311.5,0,0,0,0,0,0.0,0.0,0.0
MCH3790,,,1,2836.36,2836.36,0,0,0,0,0,0.0,0.0,0.0
MCH3800,,,1,0.0,,0,0,0,0,0,0.0,0.0,0.0
MCH3812,,,1,22740.57,22740.57,0,0,0,0,0,0.0,0.0,0.0
MCH3813,,,1,0.0,,0,0,0,0,0,0.0,0.0,0.0
MCH3817,Subramanian Group,DEPARTMENT STORE,1,21408.92,21408.92,0,0,0,0,0,0.0,0.0,0.0
MCH3821,,,1,5948.15,5948.15,0,0,0,0,0,0.0,0.0,0.0
MCH3822,Anne and Sons,GROCERY,1,11554.9,11554.9,0,0,0,0,0,0.0,0.0,0.0
MCH3830,,,1,1615.24,1615.24,0,0,0,0,0,0.0,0.0,0.0
MCH3831,,,1,0.0,,0,0,0,0,0,0.0,0.0,0.0
MCH3835,"Pillai, Ratti and Chaudhuri",MOBILE RECHARGE,1,23352.58,23352.58,0,0,0,1,0,0.0,0.0,0.0
MCH3836,,,1,12878.04,12878.04,0,0,0,0,0,0.0,0.0,0.0
MCH3837,Bhat Group,DEPARTMENT STORE,1,23001.8,23001.8,0,0,0,0,0,0.0,0.0,0.0
MCH3840,,,1,8743.37,8743.37,0,0,0,0,0,0.0,0.0,0.0
MCH3849,Das-Ratta,PHONE SERVICE,1,0.0,,0,0,0,0,0,0.0,0.0,0.0
MCH3851,,,1,3049.24,3049.24,0,0,0,0,0,0.0,0.0,0.0
MCH3857,,,1,17008.18,17008.18,0,0,0,0,0,0.0,0.0,0.0
MCH3860,sama group,APPAREL,1,20687.87,20687.87,0,0,0,0,0,0.0,0.0,0.0
MCH3865,,,1,14867.87,14867.87,0,0,0,0,0,0.0,0.0,0.0
MCH3874,"Dora,DeshpandeandSeth",PHONE SERVICE,1,1507.98,1507.98,0,0,0,0,0,0.0,0.0,0.0
MCH3875,,,1,20192.57,20192.57,0,0,0,0,0,0.0,0.0,0.0
MCH3876,,,1,5251.38,5251.38,0,0,0,0,0,0.0,0.0,0.0
MCH3878,,,1,22249.38,22249.38,0,0,0,0,0,0.0,0.0,0.0
MCH3879,,,1,16104.14,16104.14,0,0,0,0,0,0.0,0.0,0.0
MCH3882,Kannan PLC,MEDICAL,1,4883.81,4883.81,0,0,0,0,0,0.0,0.0,0.0
MCH3886,Gandhi Inc,FOOD_SERVICES,1,0.0,,0,0,0,0,0,0.0,0.0,0.0
MCH3887,Pa11a-Sah0ta,HOTEL_LODGING,1,5808.13,5808.13,0,0,0,1,0,0.0,0.0,0.0
MCH3892,,,1,6231.1,6231.1,0,0,0,0,0,0.0,0.0,0.0
MCH3902,,,1,13817.0,13817.0,0,0,0,0,0,0.0,0.0,0.0
MCH3908,Kanda LLC,MISC_RETAIL,1,12047.24,12047.24,0,0,0,0,0,0.0,0.0,0.0
MCH3909,,,1,20691.98,20691.98,0,0,0,0,0,0.0,0.0,0.0
MCH3918,,,1,23776.31,23776.31,0,0,0,0,0,0.0,0.0,0.0
MCH3921,,,1,0.0,,0,0,0,0,0,0.0,0.0,0.0
MCH3925,Rana-Sehga1,PHARMACY,1,9232.64,9232.64,0,0,0,0,0,0.0,0.0,0.0
MCH3927,Basak-Shukla,MOBILE RECHARGE,1,554.95,554.95,0,0,0,0,0,0.0,0.0,0.0
MCH3932,,,1,-8133.04,-8133.04,0,0,0,0,0,0.0,0.0,0.0
MCH3940,Chad-Dara,GROCERY,1,4971.82,4971.82,0,0,0,0,0,0.0,0.0,0.0
MCH3946,Dhar-Buch,FOOD_SERVICES,1,5050.48,5050.48,0,0,0,0,0,0.0,0.0,0.0
MCH3951,,,1,0.0,,0,0,0,0,0,0.0,0.0,0.0
MCH3957,,,1,19621.48,19621.48,0,0,0,0,0,0.0,0.0,0.0
MCH3958,,,1,0.0,,0,0,0,0,0,0.0,0.0,0.0
MCH3968,,,1,3217.46,3217.46,0,0,0,0,0,0.0,0.0,0.0
MCH3971,Sura PLC,HOTEL_LODGING,1,19112.34,19112.34,0,0,0,0,0,0.0,0.0,0.0
MCH3977,,,1,14907.6,14907.6,0,0,0,0,0,0.0,0.0,0.0
MCH3982,,,1,13153.4,13153.4,0,0,0,0,0,0.0,0.0,0.0
MCH3985,,,1,0.0,,0,0,0,0,0,0.0,0.0,0.0
MCH3989,Madan LLC,GROCERY,1,20648.08,20648.08,0,0,0,0,0,0.0,0.0,0.0
MCH3993,VAIDYA LTD,OTHER,1,18660.38,18660.38,0,0,0,0,0,0.0,0.0,0.0
MCH3995,,,1,7119.95,7119.95,0,0,0,0,0,0.0,0.0,0.0
MCH3998,,,1,5848.28,5848.28,0,0,0,0,0,0.0,0.0,0.0
MCH3999,,,1,0.0,,0,0,0,0,0,0.0,0.0,0.0
MCH4006,Thakur-Narayan,GROCERY,1,19417.16,19417.16,0,0,0,0,0,0.0,0.0,0.0
MCH4007,,,1,13199.03,13199.03,0,0,0,0,0,0.0,0.0,0.0
MCH4009,Deo PLC,PHONE SERVICE,1,16054.37,16054.37,0,0,0,0,0,0.0,0.0,0.0
MCH4019,,,1,14972.1,14972.1,0,0,0,0,0,0.0,0.0,0.0
MCH4022,Varughese-Taneja,APPAREL,1,7420.42,7420.42,0,0,0,0,0,0.0,0.0,0.0
MCH4025,  Hegde-Sule  ,RETAIL,1,4317.94,4317.94,0,0,0,1,0,0.0,0.0,0.0
MCH4027,"Hegde, Ratti and Gera",GROCERY,1,20211.03,20211.03,0,0,0,0,0,0.0,0.0,0.0
MCH4035,,,1,1106.59,1106.59,0,0,0,0,0,0.0,0.0,0.0
MCH4036,,,1,24513.7,24513.7,0,0,0,0,0,0.0,0.0,0.0
MCH4047,KAUL-BARAD,DEPARTMENT STORE,1,23229.2,23229.2,0,0,0,0,0,0.0,0.0,0.0
MCH4049,,,1,2136.74,2136.74,0,0,0,0,0,0.0,0.0,0.0
MCH4057,,,1,15449.15,15449.15,0,0,0,0,0,0.0,0.0,0.0
MCH4063,,,1,6588.52,6588.52,0,0,0,0,0,0.0,0.0,0.0
MCH4064,"Sastry, Sibal and Rajagopal",TRANSPORT,1,0.0,,0,0,0,1,0,0.0,0.0,0.0
MCH4071,,,1,6729.18,6729.18,0,0,0,0,0,0.0,0.0,0.0
MCH4076,,,1,13554.96,13554.96,0,0,0,0,0,0.0,0.0,0.0
MCH4077,Din LLC,TRANSPORT,1,12572.98,12572.98,0,0,0,0,0,0.0,0.0,0.0
MCH4080,Shenoy-Kashyap,MOBILE RECHARGE,1,18530.26,18530.26,0,0,0,0,0,0.0,0.0,0.0
MCH4091,,,1,3921.13,3921.13,0,0,0,0,0,0.0,0.0,0.0
MCH4104,Sawhney-Suri,TELECOM,1,24147.92,24147.92,0,0,0,0,0,0.0,0.0,0.0
MCH4112,Sodhi-Desai,DEPARTMENT STORE,1,0.0,,0,0,0,0,0,0.0,0.0,0.0
MCH4113,"Anand,ChoudharyandContractor",PHARMACY,1,13334.68,13334.68,0,0,0,0,0,0.0,0.0,0.0
MCH4116,,,1,11564.41,11564.41,0,0,0,0,0,0.0,0.0,0.0
MCH4119,,,1,21928.49,21928.49,0,0,0,0,0,0.0,0.0,0.0
MCH4122,"Lata, Magar and Savant",MISC_RETAIL,1,0.0,,0,0,0,0,0,0.0,0.0,0.0
MCH4126,"WALI, MAHAL AND PRABHU",TRANSPORT,1,3534.83,3534.83,0,0,0,0,0,0.0,0.0,0.0
MCH4136,SEHGAL PLC,APPAREL,1,0.0,,0,0,0,0,0,0.0,0.0,0.0
MCH4138,,,1,13414.9,13414.9,0,0,0,0,0,0.0,0.0,0.0
MCH4143,,,1,0.0,,0,0,0,0,0,0.0,0.0,0.0
MCH4145,"Dalal, Dass and Vaidya",BOOKS,1,19399.17,19399.17,0,0,0,1,0,0.0,0.0,0.0
MCH4146,,,1,9996.97,9996.97,0,0,0,0,0,0.0,0.0,0.0
MCH4147,,,1,8648.94,8648.94,0,0,0,0,0,0.0,0.0,0.0
MCH4156,,,1,19991.47,19991.47,0,0,0,0,0,0.0,0.0,0.0
MCH4164,Iyengar LLC,MISC_RETAIL,1,5031.33,5031.33,0,0,0,0,0,0.0,0.0,0.0
MCH4165,nayar plc,DEPARTMENT STORE,1,18500.2,18500.2,0,0,0,0,0,0.0,0.0,0.0
MCH4169,"  Vaidya, Vasa and Palan  ",MOBILE RECHARGE,1,7354.98,7354.98,0,0,0,0,0,0.0,0.0,0.0
MCH4171,,,1,23815.12,23815.12,0,0,0,0,0,0.0,0.0,0.0
MCH4172,"khosla, tak and mahajan",MEDICAL_STORE,1,17861.02,17861.02,0,0,0,0,0,0.0,0.0,0.0
MCH4174,,,1,23720.27,23720.27,0,0,0,0,0,0.0,0.0,0.0
MCH4177,,,1,0.0,,0,0,0,0,0,0.0,0.0,0.0
MCH4182,"More, Sarma and Baria",TELECOM,1,5523.94,5523.94,0,0,0,0,0,0.0,0.0,0.0
MCH4193,,,1,634.02,634.02,0,0,0,0,0,0.0,0.0,0.0
MCH4196,,,1,420.74,420.74,0,0,0,0,0,0.0,0.0,0.0
MCH4199,,,1,17605.45,17605.45,0,0,0,0,0,0.0,0.0,0.0
MCH4205,Behl-Narula,DEPARTMENT STORE,1,11264.26,11264.26,0,0,0,0,0,0.0,0.0,0.0
MCH4209,Bahri-Kari,TRANSPORT,1,16903.9,16903.9,0,0,0,0,0,0.0,0.0,0.0
MCH4212,Raman-Kohli,GROCERY,1,22654.52,22654.52,0,0,0,0,0,0.0,0.0,0.0
MCH4217,,,1,7756.95,7756.95,0,0,0,0,0,0.0,0.0,0.0
MCH4218,Srivastava Ltd,BOOKS,1,13283.93,13283.93,0,0,0,0,0,0.0,0.0,0.0
MCH4219,,,1,13674.58,13674.58,0,0,0,0,0,0.0,0.0,0.0
MCH4225,Karnik LLC,APPAREL,1,2298.88,2298.88,0,0,0,0,0,0.0,0.0,0.0
MCH4226,,,1,6093.63,6093.63,0,0,0,0,0,0.0,0.0,0.0
MCH4237,"Deshmukh, Ghose and Chhabra",FOOD_SERVICES,1,15297.33,15297.33,0,0,0,0,0,0.0,0.0,0.0
MCH4238,,,1,13317.55,13317.55,0,0,0,0,0,0.0,0.0,0.0
MCH4244,Kade-Devan,HOTEL_LODGING,1,892.43,892.43,0,0,0,0,0,0.0,0.0,0.0
MCH4249,"NARASIMHAN, NATT AND CHADA",HOTEL_LODGING,1,18638.53,18638.53,0,0,0,0,0,0.0,0.0,0.0
MCH4252,,,1,904.01,904.01,0,0,0,0,0,0.0,0.0,0.0
MCH4254,,,1,11719.81,11719.81,0,0,0,0,0,0.0,0.0,0.0
MCH4257,,,1,3646.43,3646.43,0,0,0,0,0,0.0,0.0,0.0
MCH4259,,,1,17945.41,17945.41,0,0,0,0,0,0.0,0.0,0.0
MCH4260,"Kalla, Banerjee and Choudhary",PHONE SERVICE,1,18059.09,18059.09,0,0,0,0,0,0.0,0.0,0.0
MCH4261,Swaminathan Ltd,HOTEL_LODGING,1,-4314.9,-4314.9,0,0,0,0,0,0.0,0.0,0.0
MCH4266,,,1,-13105.7,-13105.7,0,0,0,0,0,0.0,0.0,0.0
MCH4268,,,1,11884.52,11884.52,0,0,0,0,0,0.0,0.0,0.0
MCH4274,BHAT-TAILOR,GROCERY,1,0.0,,0,0,0,1,0,0.0,0.0,0.0
MCH4280,,,1,15651.0,15651.0,0,0,0,0,0,0.0,0.0,0.0
MCH4287,"Kuruvilla, Chanda and Sood",TRANSPORT,1,3630.92,3630.92,0,0,0,0,0,0.0,0.0,0.0
MCH4288,KASHYAP-PUROHIT,APPAREL,1,15394.45,15394.45,0,0,0,0,0,0.0,0.0,0.0
MCH4290,  Konda-Memon  ,DEPARTMENT STORE,1,9087.52,9087.52,0,0,0,0,0,0.0,0.0,0.0
MCH4292,,,1,10398.43,10398.43,0,0,0,0,0,0.0,0.0,0.0
MCH4293,,,1,18335.53,18335.53,0,0,0,0,0,0.0,0.0,0.0
MCH4299,Master PLC,APPAREL,1,14209.53,14209.53,0,0,0,0,0,0.0,0.0,0.0
MCH4301,Thakur Inc,BOOKS,1,23177.46,23177.46,0,0,0,0,0,0.0,0.0,0.0
MCH4303,"Dhingra, Khurana and Zachariah",MOBILE RECHARGE,1,14169.38,14169.38,0,0,0,0,0,0.0,0.0,0.0
MCH4305,Padmanabhan-Thaker,TRANSPORT,1,17997.48,17997.48,0,0,0,0,0,0.0,0.0,0.0
MCH4310,,,1,6752.2,6752.2,0,0,0,0,0,0.0,0.0,0.0
MCH4313,,,1,240.95,240.95,0,0,0,0,0,0.0,0.0,0.0
MCH4323,"Ben, Wagle and Shan",FOOD_SERVICES,1,6291.84,6291.84,0,0,0,1,0,0.0,0.0,0.0
MCH4324,Choudhury Group,DEPARTMENT STORE,1,18069.02,18069.02,0,0,0,0,0,0.0,0.0,0.0
MCH4325,choudhry llc,HOTEL_LODGING,1,23618.85,23618.85,0,0,0,0,0,0.0,0.0,0.0
MCH4328,,,1,7122.9,7122.9,0,0,0,0,0,0.0,0.0,0.0
MCH4334,"  Nazareth, Loyal and Dhar  ",DEPARTMENT STORE,1,14498.49,14498.49,0,0,0,0,0,0.0,0.0,0.0
MCH4335,,,1,0.0,,0,0,0,0,0,0.0,0.0,0.0
MCH4336,"Prasad, Bhagat and De",GROCERY,1,2850.15,2850.15,0,0,0,0,0,0.0,0.0,0.0
MCH4338,Johal-Dara,HOTEL_LODGING,1,11672.41,11672.41,0,0,0,0,0,0.0,0.0,0.0
MCH4341,,,1,18474.28,18474.28,0,0,0,0,0,0.0,0.0,0.0
MCH4346,,,1,19631.55,19631.55,0,0,0,0,0,0.0,0.0,0.0
MCH4348,,,1,6432.59,6432.59,0,0,0,0,0,0.0,0.0,0.0
MCH4354,Natarajan-Lad,HOTEL_LODGING,1,13393.21,13393.21,0,0,0,0,0,0.0,0.0,0.0
MCH4359,Mistry-Parekh,PHARMACY,1,22911.16,22911.16,0,0,0,0,0,0.0,0.0,0.0
MCH4365,,,1,18920.06,18920.06,0,0,0,0,0,0.0,0.0,0.0
MCH4370,,,1,0.0,,0,0,0,0,0,0.0,0.0,0.0
MCH4373,Raman-Karnik,BOOKS,1,0.0,,0,0,0,0,0,0.0,0.0,0.0
MCH4377,Kale-Krishnan,BOOKS,1,12110.48,12110.48,0,0,0,0,0,0.0,0.0,0.0
MCH4385,Bera-S0m,GROCERY,1,3644.12,3644.12,0,0,0,0,0,0.0,0.0,0.0
MCH4396,,,1,0.0,,0,0,0,0,0,0.0,0.0,0.0
MCH4403,,,1,0.0,,0,0,0,0,0,0.0,0.0,0.0
MCH4415,,,1,5309.91,5309.91,0,0,0,0,0,0.0,0.0,0.0
MCH4417,  Nair-Bhavsar  ,BOOKS,1,-7609.32,-7609.32,0,0,0,0,0,0.0,0.0,0.0
MCH4431,"Wali, Zachariah and Toor",GROCERY,1,0.0,,0,0,0,0,0,0.0,0.0,0.0
MCH4437,,,1,11893.9,11893.9,0,0,0,0,0,0.0,0.0,0.0
MCH4438,Vasa-Divan,DEPARTMENT STORE,1,18795.13,18795.13,0,0,0,0,0,0.0,0.0,0.0
MCH4439,DESHPANDE LTD,FOOD_SERVICES,1,0.0,,0,0,0,0,0,0.0,0.0,0.0
MCH4440,"Dey, Bala and Shan",APPAREL,1,11590.14,11590.14,0,0,0,0,0,0.0,0.0,0.0
MCH4450,ZACHARIAH-BATRA,RETAIL,1,24672.72,24672.72,0,0,0,0,0,0.0,0.0,0.0
MCH4455,,,1,22253.98,22253.98,0,0,0,0,0,0.0,0.0,0.0
MCH4465,,,1,14102.47,14102.47,0,0,0,0,0,0.0,0.0,0.0
MCH4466,,,1,20434.46,20434.46,0,0,0,0,0,0.0,0.0,0.0
MCH4470,,,1,14212.3,14212.3,0,0,0,0,0,0.0,0.0,0.0
MCH4481,,,1,0.0,,0,0,0,0,0,0.0,0.0,0.0
MCH4483,,,1,14096.92,14096.92,0,0,0,0,0,0.0,0.0,0.0
MCH4485,,,1,0.0,,0,0,0,0,0,0.0,0.0,0.0
MCH4488,,,1,17851.43,17851.43,0,0,0,0,0,0.0,0.0,0.0
MCH4497,Padmanabhan Group,FOOD_SERVICES,1,18756.26,18756.26,0,0,0,0,0,0.0,0.0,0.0
MCH4499,,,1,16221.85,16221.85,0,0,0,0,0,0.0,0.0,0.0
MCH4500,,,1,24992.94,24992.94,0,0,0,0,0,0.0,0.0,0.0
MCH4507,Bassi-Merchant,FOOD_SERVICES,1,15959.42,15959.42,0,0,0,0,0,0.0,0.0,0.0
MCH4508,Prakash Ltd,FOOD_SERVICES,1,13669.91,13669.91,0,0,0,0,0,0.0,0.0,0.0
MCH4514,,,1,19093.16,19093.16,0,0,0,0,0,0.0,0.0,0.0
MCH4520,,,1,12588.59,12588.59,0,0,0,0,0,0.0,0.0,0.0
MCH4527,BansalInc,GROCERY,1,3523.07,3523.07,0,0,0,0,0,0.0,0.0,0.0
MCH4533,,,1,6810.91,6810.91,0,0,0,0,0,0.0,0.0,0.0
MCH4540,Nadig LLC,APPAREL,1,12672.73,12672.73,0,0,0,0,0,0.0,0.0,0.0
MCH4542,,,1,0.0,,0,0,0,0,0,0.0,0.0,0.0
MCH4553,Zachariah-Dara,FOOD_SERVICES,1,24234.05,24234.05,0,0,0,0,0,0.0,0.0,0.0
MCH4559,,,1,0.0,,0,0,0,0,0,0.0,0.0,0.0
MCH4561,,,1,17325.79,17325.79,0,0,0,0,0,0.0,0.0,0.0
MCH4565,,,1,16199.45,16199.45,0,0,0,0,0,0.0,0.0,0.0
MCH4570,,,1,19830.64,19830.64,0,0,0,0,0,0.0,0.0,0.0
MCH4571,,,1,0.0,,0,0,0,0,0,0.0,0.0,0.0
MCH4574,Cherian and Sons,DEPARTMENT STORE,1,13666.0,13666.0,0,0,0,0,0,0.0,0.0,0.0
MCH4576,,,1,8937.48,8937.48,0,0,0,0,0,0.0,0.0,0.0
MCH4581,"Tailor, Ganesh and Menon",FOOD_SERVICES,1,15138.96,15138.96,0,0,0,1,0,0.0,0.0,0.0
MCH4585,,,1,23284.65,23284.65,0,0,0,0,0,0.0,0.0,0.0
MCH4597,,,1,7194.9,7194.9,0,0,0,0,0,0.0,0.0,0.0
MCH4601,,,1,9228.37,9228.37,0,0,0,0,0,0.0,0.0,0.0
MCH4603,,,1,8984.16,8984.16,0,0,0,0,0,0.0,0.0,0.0
MCH4604,,,1,2253.09,2253.09,0,0,0,0,0,0.0,0.0,0.0
MCH4605,BARAD PLC,STATIONERY,1,12608.28,12608.28,0,0,0,0,0,0.0,0.0,0.0
MCH4606,"johal, kapur and chhabra",TELECOM,1,19372.95,19372.95,0,0,0,0,0,0.0,0.0,0.0
MCH4624,"krishnamurthy, mandal and luthra",MISC_RETAIL,1,21930.2,21930.2,0,0,0,0,0,0.0,0.0,0.0
MCH4628,,,1,1350.33,1350.33,0,0,0,0,0,0.0,0.0,0.0
MCH4632,,,1,21516.51,21516.51,0,0,0,0,0,0.0,0.0,0.0
MCH4634,,,1,18734.77,18734.77,0,0,0,0,0,0.0,0.0,0.0
MCH4641,KarnikLLC,RETAIL,1,12165.78,12165.78,0,0,0,0,0,0.0,0.0,0.0
MCH4662,,,1,21326.81,21326.81,0,0,0,0,0,0.0,0.0,0.0
MCH4670,,,1,8533.25,8533.25,0,0,0,0,0,0.0,0.0,0.0
MCH4678,"Yogi, Goel and Chaudry",PHARMACY,1,1631.19,1631.19,0,0,0,0,0,0.0,0.0,0.0
MCH4689,,,1,11843.76,11843.76,0,0,0,0,0,0.0,0.0,0.0
MCH4692,Bhat Inc,TRAVEL,1,11662.82,11662.82,0,0,0,0,0,0.0,0.0,0.0
MCH4696,,,1,9118.88,9118.88,0,0,0,0,0,0.0,0.0,0.0
MCH4697,,,1,13144.62,13144.62,0,0,0,0,0,0.0,0.0,0.0
MCH4707,,,1,2073.48,2073.48,0,0,0,0,0,0.0,0.0,0.0
MCH4708,Loke-Ganesan,MISC_RETAIL,1,0.0,,0,0,0,0,0,0.0,0.0,0.0
MCH4711,,,1,742.19,742.19,0,0,0,0,0,0.0,0.0,0.0
MCH4713,Sura-Boase,APPAREL,1,21407.54,21407.54,0,0,0,0,0,0.0,0.0,0.0
MCH4715,,,1,23173.42,23173.42,0,0,0,0,0,0.0,0.0,0.0
MCH4717,Bir Ltd,TRANSPORT,1,15305.86,15305.86,0,0,0,0,0,0.0,0.0,0.0
MCH4721,,,1,6906.82,6906.82,0,0,0,0,0,0.0,0.0,0.0
MCH4727,Dua-Mishra,DEPARTMENT STORE,1,5108.18,5108.18,0,0,0,0,0,0.0,0.0,0.0
MCH4729,parmer-kulkarni,DEPARTMENT STORE,1,23653.43,23653.43,0,0,0,0,0,0.0,0.0,0.0
MCH4732,"RAMANATHAN, KANDA AND KARNIK",FOOD_SERVICES,1,512.84,512.84,0,0,0,0,0,0.0,0.0,0.0
MCH4740,,,1,0.0,,0,0,0,0,0,0.0,0.0,0.0
MCH4743,Ahluwalia-Bansal,PHARMACY,1,5074.4,5074.4,0,0,0,0,0,0.0,0.0,0.0
MCH4748,,,1,0.0,,0,0,0,0,0,0.0,0.0,0.0
MCH4756,,,1,24481.75,24481.75,0,0,0,0,0,0.0,0.0,0.0
MCH4761,Khalsa PLC,PHARMACY,1,3673.9,3673.9,0,0,0,1,0,0.0,0.0,0.0
MCH4763,,,1,18647.1,18647.1,0,0,0,0,0,0.0,0.0,0.0
MCH4777,Babu-Choudhry,MOBILE RECHARGE,1,10401.31,10401.31,0,0,0,0,0,0.0,0.0,0.0
MCH4778,wali llc,TRANSPORT,1,6426.85,6426.85,0,0,0,0,0,0.0,0.0,0.0
MCH4780,,,1,4785.73,4785.73,0,0,0,0,0,0.0,0.0,0.0
MCH4790,date plc,HOTEL_LODGING,1,23879.83,23879.83,0,0,0,1,0,0.0,0.0,0.0
MCH4796,,,1,10136.59,10136.59,0,0,0,0,0,0.0,0.0,0.0
MCH4806,,,1,8311.01,8311.01,0,0,0,0,0,0.0,0.0,0.0
MCH4811,Chaudhry-Majumdar,PHARMACY,1,19233.09,19233.09,0,0,0,0,0,0.0,0.0,0.0
MCH4814,,,1,0.0,,0,0,0,0,0,0.0,0.0,0.0
MCH4818,Deol Inc,MISC_RETAIL,1,14394.08,14394.08,0,0,0,0,0,0.0,0.0,0.0
MCH4824,,,1,22600.5,22600.5,0,0,0,0,0,0.0,0.0,0.0
MCH4825,,,1,8873.11,8873.11,0,0,0,0,0,0.0,0.0,0.0
MCH4827,"Deol, Rastogi and Khatri",MOBILE RECHARGE,1,14003.5,14003.5,0,0,0,0,0,0.0,0.0,0.0
MCH4832,,,1,13812.93,13812.93,0,0,0,0,0,0.0,0.0,0.0
MCH4835,  Hari Inc  ,MEDICAL_STORE,1,8241.16,8241.16,0,0,0,0,0,0.0,0.0,0.0
MCH4837,,,1,11081.41,11081.41,0,0,0,0,0,0.0,0.0,0.0
MCH4839,Sura-Mall,TRANSPORT,1,5755.83,5755.83,0,0,0,0,0,0.0,0.0,0.0
MCH4840,,,1,16969.72,16969.72,0,0,0,0,0,0.0,0.0,0.0
MCH4841,"Soman, Chhabra and Rau",FOOD_SERVICES,1,1455.49,1455.49,0,0,0,0,0,0.0,0.0,0.0
MCH4849,,,1,20216.57,20216.57,0,0,0,0,0,0.0,0.0,0.0
MCH4851,,,1,19715.91,19715.91,0,0,0,0,0,0.0,0.0,0.0
MCH4854,,,1,3521.07,3521.07,0,0,0,0,0,0.0,0.0,0.0
MCH4858,MALHOTRA-DOCTOR,TELECOM,1,12620.57,12620.57,0,0,0,0,0,0.0,0.0,0.0
MCH4862,,,1,23727.5,23727.5,0,0,0,0,0,0.0,0.0,0.0
MCH4873,,,1,15537.05,15537.05,0,0,0,0,0,0.0,0.0,0.0
MCH4875,"Sangha, Sodhi and Banik",MISC_RETAIL,1,-2621.64,-2621.64,0,0,0,1,0,0.0,0.0,0.0
MCH4876,"Dugar, Prasad and Pal",FOOD_SERVICES,1,5297.44,5297.44,0,0,0,0,0,0.0,0.0,0.0
MCH4877,,,1,20026.51,20026.51,0,0,0,0,0,0.0,0.0,0.0
MCH4880,,,1,23661.95,23661.95,0,0,0,0,0,0.0,0.0,0.0
MCH4885,,,1,4667.27,4667.27,0,0,0,0,0,0.0,0.0,0.0
MCH4889,Bhatti-Kapoor,MISC_RETAIL,1,6780.02,6780.02,0,0,0,0,0,0.0,0.0,0.0
MCH4891,,,1,19298.18,19298.18,0,0,0,0,0,0.0,0.0,0.0
MCH4900,Karpe PLC,GROCERY,1,12823.28,12823.28,0,0,0,0,0,0.0,0.0,0.0
MCH4907,,,1,18781.33,18781.33,0,0,0,0,0,0.0,0.0,0.0
MCH4912,Devi Group,GROCERY,1,-11104.18,-11104.18,0,0,0,0,0,0.0,0.0,0.0
MCH4913,Baral-Bhattacharyya,TRANSPORT,1,7861.04,7861.04,0,0,0,0,0,0.0,0.0,0.0
MCH4917,"Bhat, Saha and Wable",TRAVEL,1,24095.59,24095.59,0,0,0,0,0,0.0,0.0,0.0
MCH4922,Cheema Group,MISC_RETAIL,1,20250.01,20250.01,0,0,0,0,0,0.0,0.0,0.0
MCH4930,Dasgupta-Dua,FOOD_SERVICES,1,22174.48,22174.48,0,0,0,0,0,0.0,0.0,0.0
MCH4931,,,1,2609.22,2609.22,0,0,0,0,0,0.0,0.0,0.0
MCH4940,,,1,3855.96,3855.96,0,0,0,0,0,0.0,0.0,0.0
MCH4946,,,1,4294.09,4294.09,0,0,0,0,0,0.0,0.0,0.0
MCH4956,Kant-Setty,GROCERY,1,0.0,,0,0,0,0,0,0.0,0.0,0.0
MCH4958,Dara Inc,PHONE SERVICE,1,3064.63,3064.63,0,0,0,0,0,0.0,0.0,0.0
MCH4962,venkataraman-mannan,BOOKS,1,20479.37,20479.37,0,0,0,0,0,0.0,0.0,0.0
MCH4972,Seshadri-Dalal,DEPARTMENT STORE,1,858.31,858.31,0,0,0,0,0,0.0,0.0,0.0
MCH4973,vala-raval,HOTEL_LODGING,1,2123.29,2123.29,0,0,0,0,0,0.0,0.0,0.0
MCH4982,Upadhyay-Thaker,APPAREL,1,24781.49,24781.49,0,0,0,0,0,0.0,0.0,0.0
MCH4983,"Magar, Ratta and Choudhary",GROCERY,1,0.0,,0,0,0,0,0,0.0,0.0,0.0
MCH4984,"Aurora, Mohan and Jain",MOBILE RECHARGE,1,0.0,,0,0,0,0,0,0.0,0.0,0.0
MCH4988,,,1,17254.98,17254.98,0,0,0,0,0,0.0,0.0,0.0
MCH4993,,,1,0.0,,0,0,0,0,0,0.0,0.0,0.0
MCH4996,,,1,0.0,,0,0,0,0,0,0.0,0.0,0.0
MCH5008,,,1,0.0,,0,0,0,0,0,0.0,0.0,0.0
MCH5016,,,1,4678.99,4678.99,0,0,0,0,0,0.0,0.0,0.0
MCH5018,,,1,-5791.4,-5791.4,0,0,0,0,0,0.0,0.0,0.0
MCH5022,,,1,899.4,899.4,0,0,0,0,0,0.0,0.0,0.0
MCH5024,,,1,20311.1,20311.1,0,0,0,0,0,0.0,0.0,0.0
MCH5029,,,1,13871.63,13871.63,0,0,0,0,0,0.0,0.0,0.0
MCH5038,"din, som and bahl",PHARMACY,1,14514.65,14514.65,0,0,0,0,0,0.0,0.0,0.0
MCH5044,Mahajan-Narasimhan,BOOKS,1,15731.65,15731.65,0,0,0,0,0,0.0,0.0,0.0
MCH5046,,,1,0.0,,0,0,0,0,0,0.0,0.0,0.0
MCH5049,,,1,0.0,,0,0,0,0,0,0.0,0.0,0.0
MCH5053,,,1,20279.6,20279.6,0,0,0,0,0,0.0,0.0,0.0
MCH5058,,,1,19084.5,19084.5,0,0,0,0,0,0.0,0.0,0.0
MCH5061,Natarajan Inc,APPAREL,1,12104.89,12104.89,0,0,0,0,0,0.0,0.0,0.0
MCH5065,,,1,12894.74,12894.74,0,0,0,0,0,0.0,0.0,0.0
MCH5069,,,1,0.0,,0,0,0,0,0,0.0,0.0,0.0
MCH5080,"Shere, Jha and Sarma",MEDICAL,1,24138.12,24138.12,0,0,0,0,0,0.0,0.0,0.0
MCH5081,  Grewal-Dutt  ,STATIONERY,1,2770.75,2770.75,0,0,0,0,0,0.0,0.0,0.0
MCH5089,Korpal-Parmer,RETAIL,1,22141.12,22141.12,0,0,0,0,0,0.0,0.0,0.0
MCH5094,,,1,38.64,38.64,0,0,0,0,0,0.0,0.0,0.0
MCH5098,,,1,0.0,,0,0,0,0,0,0.0,0.0,0.0
MCH5109,,,1,8910.9,8910.9,0,0,0,0,0,0.0,0.0,0.0
MCH5116,,,1,18480.73,18480.73,0,0,0,0,0,0.0,0.0,0.0
MCH5120,,,1,23773.71,23773.71,0,0,0,0,0,0.0,0.0,0.0
MCH5124,,,1,0.0,,0,0,0,0,0,0.0,0.0,0.0
MCH5127,Sankar Group,HOTEL_LODGING,1,21519.61,21519.61,0,0,0,0,0,0.0,0.0,0.0
MCH5138,,,1,4184.37,4184.37,0,0,0,0,0,0.0,0.0,0.0
MCH5144,Johal Ltd,HOTEL_LODGING,1,3414.9,3414.9,0,0,0,1,0,0.0,0.0,0.0
MCH5149,,,1,21220.7,21220.7,0,0,0,0,0,0.0,0.0,0.0
MCH5150,,,1,20325.08,20325.08,0,0,0,0,0,0.0,0.0,0.0
MCH5152,,,1,22215.93,22215.93,0,0,0,0,0,0.0,0.0,0.0
MCH5153,,,1,14269.54,14269.54,0,0,0,0,0,0.0,0.0,0.0
MCH5156,"Bumb, Buch and R0ut",HOTEL_LODGING,1,21804.38,21804.38,0,0,0,0,0,0.0,0.0,0.0
MCH5161,,,1,24397.57,24397.57,0,0,0,0,0,0.0,0.0,0.0
MCH5162,Srinivas-Sule,RETAIL,1,6107.3,6107.3,0,0,0,0,0,0.0,0.0,0.0
MCH5167,,,1,0.0,,0,0,0,0,0,0.0,0.0,0.0
MCH5168,,,1,2769.69,2769.69,0,0,0,0,0,0.0,0.0,0.0
MCH5180,"Gaba, Chacko and Khatri",APPAREL,1,11254.09,11254.09,0,0,0,0,0,0.0,0.0,0.0
MCH5186,"Iyer, Sarma and Issac",DEPARTMENT STORE,1,6556.77,6556.77,0,0,0,1,0,0.0,0.0,0.0
MCH5189,,,1,10391.92,10391.92,0,0,0,0,0,0.0,0.0,0.0
MCH5210,NATARAJAN LLC,TRANSPORT,1,3297.95,3297.95,0,0,0,0,0,0.0,0.0,0.0
MCH5211,,,1,7151.1,7151.1,0,0,0,0,0,0.0,0.0,0.0
MCH5219,Pillay Group,TELECOM,1,2334.51,2334.51,0,0,0,0,0,0.0,0.0,0.0
MCH5223,"Dua, Raj and Aurora",FOOD_SERVICES,1,10042.53,10042.53,0,0,0,0,0,0.0,0.0,0.0
MCH5226,Tiwari-Pau,OTHER,1,12681.42,12681.42,0,0,0,0,0,0.0,0.0,0.0
MCH5227,Gala PLC,HOTEL_LODGING,1,1532.03,1532.03,0,0,0,0,0,0.0,0.0,0.0
MCH5232,,,1,-23106.7,-23106.7,0,0,0,0,0,0.0,0.0,0.0
MCH5235,palla inc,BOOKS,1,3698.69,3698.69,0,0,0,0,0,0.0,0.0,0.0
MCH5242,Mishra-Dua,DEPARTMENT STORE,1,13439.22,13439.22,0,0,0,0,0,0.0,0.0,0.0
MCH5245,"Bhatt, Kakar and Boase",RETAIL,1,9148.36,9148.36,0,0,0,0,0,0.0,0.0,0.0
MCH5248,,,1,18544.69,18544.69,0,0,0,0,0,0.0,0.0,0.0
MCH5259,,,1,22164.4,22164.4,0,0,0,0,0,0.0,0.0,0.0
MCH5260,"Memon, Ben and Sant",MEDICAL,1,11817.61,11817.61,0,0,0,0,0,0.0,0.0,0.0
MCH5265,"Jain, Jaggi and Gara",APPAREL,1,22095.6,22095.6,0,0,0,0,0,0.0,0.0,0.0
MCH5268,Nagy-Ravel,MISC_RETAIL,1,12681.02,12681.02,0,0,0,0,0,0.0,0.0,0.0
MCH5282,,,1,7250.3,7250.3,0,0,0,0,0,0.0,0.0,0.0
MCH5291,,,1,10468.72,10468.72,0,0,0,0,0,0.0,0.0,0.0
MCH5304,,,1,8178.7,8178.7,0,0,0,0,0,0.0,0.0,0.0
MCH5311,,,1,23354.54,23354.54,0,0,0,0,0,0.0,0.0,0.0
MCH5312,Choudhary Inc,GROCERY,1,6245.55,6245.55,0,0,0,0,0,0.0,0.0,0.0
MCH5315,,,1,14093.82,14093.82,0,0,0,0,0,0.0,0.0,0.0
MCH5319,,,1,4145.84,4145.84,0,0,0,0,0,0.0,0.0,0.0
MCH5329,,,1,4897.31,4897.31,0,0,0,0,0,0.0,0.0,0.0
MCH5331,,,1,0.0,,0,0,0,0,0,0.0,0.0,0.0
MCH5343,Sangha-Pillay,GROCERY,1,16884.02,16884.02,0,0,0,1,0,0.0,0.0,0.0
MCH5351,,,1,18888.38,18888.38,0,0,0,0,0,0.0,0.0,0.0
MCH5354,Khatri-De0,BOOKS,1,6020.88,6020.88,0,0,0,0,0,0.0,0.0,0.0
MCH5355,"Sundaram, Gara and Bajwa",FOOD_SERVICES,1,11700.07,11700.07,0,0,0,0,0,0.0,0.0,0.0
MCH5360,pillai and sons,PHARMACY,1,0.0,,0,0,0,0,0,0.0,0.0,0.0
MCH5366,Bali Ltd,DEPARTMENT STORE,1,528.89,528.89,0,0,0,0,0,0.0,0.0,0.0
MCH5368,,,1,18842.1,18842.1,0,0,0,0,0,0.0,0.0,0.0
MCH5370,Lala LLC,DEPARTMENT STORE,1,0.0,,0,0,0,0,0,0.0,0.0,0.0
MCH5377,,,1,11603.77,11603.77,0,0,0,0,0,0.0,0.0,0.0
MCH5381,Jaggi and Sons,DEPARTMENT STORE,1,20546.82,20546.82,0,0,0,0,0,0.0,0.0,0.0
MCH5393,,,1,8293.99,8293.99,0,0,0,0,0,0.0,0.0,0.0
MCH5398,,,1,117.0,117.0,0,0,0,0,0,0.0,0.0,0.0
MCH5402,"MANDAL, CHADA AND DESHPANDE",GROCERY,1,16573.45,16573.45,0,0,0,1,0,0.0,0.0,0.0
MCH5409,Buch Inc,APPAREL,1,22497.2,22497.2,0,0,0,0,0,0.0,0.0,0.0
MCH5415,,,1,10709.45,10709.45,0,0,0,0,0,0.0,0.0,0.0
MCH5432,,,1,10799.0,10799.0,0,0,0,0,0,0.0,0.0,0.0
MCH5436,,,1,15849.91,15849.91,0,0,0,0,0,0.0,0.0,0.0
MCH5439,,,1,10403.75,10403.75,0,0,0,0,0,0.0,0.0,0.0
MCH5440,,,1,20089.03,20089.03,0,0,0,0,0,0.0,0.0,0.0
MCH5441,Sur Group,GROCERY,1,6033.33,6033.33,0,0,0,0,0,0.0,0.0,0.0
MCH5444,PRADHAN-NAIR,OTHER,1,15745.52,15745.52,0,0,0,0,0,0.0,0.0,0.0
MCH5450,"Karnik, Karan and Boase",STATIONERY,1,16598.1,16598.1,0,0,0,0,0,0.0,0.0,0.0
MCH5453,,,1,24402.0,24402.0,0,0,0,0,0,0.0,0.0,0.0
MCH5460,,,1,22063.55,22063.55,0,0,0,0,0,0.0,0.0,0.0
MCH5463,,,1,23953.37,23953.37,0,0,0,0,0,0.0,0.0,0.0
MCH5465,"KEER, GILL AND TANK",TELECOM,1,9633.59,9633.59,0,0,0,0,0,0.0,0.0,0.0
MCH5468,,,1,11271.08,11271.08,0,0,0,0,0,0.0,0.0,0.0
MCH5477,Mahajan Ltd,APPAREL,1,0.0,,0,0,0,0,0,0.0,0.0,0.0
MCH5478,"Prashad, Tripathi and Bala",TELECOM,1,24785.13,24785.13,0,0,0,0,0,0.0,0.0,0.0
MCH5481,,,1,15023.8,15023.8,0,0,0,0,0,0.0,0.0,0.0
MCH5483,Khare Inc,RETAIL,1,9292.87,9292.87,0,0,0,0,0,0.0,0.0,0.0
MCH5488,Chaudry-Garde,GROCERY,1,13610.8,13610.8,0,0,0,0,0,0.0,0.0,0.0
MCH5499,,,1,11572.26,11572.26,0,0,0,0,0,0.0,0.0,0.0
MCH5500,"Dubey, Tandon and Batta",TELECOM,1,1142.83,1142.83,0,0,0,0,0,0.0,0.0,0.0
MCH5501,,,1,454.45,454.45,0,0,0,0,0,0.0,0.0,0.0
MCH5504,,,1,12509.95,12509.95,0,0,0,0,0,0.0,0.0,0.0
MCH5505,Shan-Cherian,DEPARTMENT STORE,1,4594.22,4594.22,0,0,0,0,0,0.0,0.0,0.0
MCH5507,,,1,10.77,10.77,0,0,0,0,0,0.0,0.0,0.0
MCH5514,,,1,18349.69,18349.69,0,0,0,0,0,0.0,0.0,0.0
MCH5516,Muni LLC,APPAREL,1,-10395.88,-10395.88,0,0,0,0,0,0.0,0.0,0.0
MCH5522,,,1,12619.38,12619.38,0,0,0,0,0,0.0,0.0,0.0
MCH5523,Behl Inc,APPAREL,1,-8480.86,-8480.86,0,0,0,0,0,0.0,0.0,0.0
MCH5524,"Mangat, Sanghvi and Shah",BOOKS,1,2459.21,2459.21,0,0,0,0,0,0.0,0.0,0.0
MCH5535,,,1,11471.13,11471.13,0,0,0,0,0,0.0,0.0,0.0
MCH5536,,,1,11519.96,11519.96,0,0,0,0,0,0.0,0.0,0.0
MCH5537,,,1,5004.51,5004.51,0,0,0,0,0,0.0,0.0,0.0
MCH5543,,,1,23872.08,23872.08,0,0,0,0,0,0.0,0.0,0.0
MCH5546,B0rde Inc,RETAIL,1,24670.4,24670.4,0,0,0,0,0,0.0,0.0,0.0
MCH5576,oza plc,TRANSPORT,1,0.0,,0,0,0,0,0,0.0,0.0,0.0
MCH5581,,,1,22871.73,22871.73,0,0,0,0,0,0.0,0.0,0.0
MCH5582,,,1,17039.7,17039.7,0,0,0,0,0,0.0,0.0,0.0
MCH5583,"Sama, Thaman and Bakshi",MOBILE RECHARGE,1,295.34,295.34,0,0,0,0,0,0.0,0.0,0.0
MCH5587,"Parmar,BobalandBatra",PHARMACY,1,13975.43,13975.43,0,0,0,0,0,0.0,0.0,0.0
MCH5588,Divan-Yohannan,TRANSPORT,1,11611.32,11611.32,0,0,0,0,0,0.0,0.0,0.0
MCH5592,,,1,7124.6,7124.6,0,0,0,0,0,0.0,0.0,0.0
MCH5593,,,1,18491.38,18491.38,0,0,0,0,0,0.0,0.0,0.0
MCH5606,Sunder Inc,HOTEL_LODGING,1,15722.06,15722.06,0,0,0,0,0,0.0,0.0,0.0
MCH5607,Ba1a and S0ns,TRANSPORT,1,2222.09,2222.09,0,0,0,0,0,0.0,0.0,0.0
MCH5612,,,1,15104.08,15104.08,0,0,0,0,0,0.0,0.0,0.0
MCH5613,,,1,8287.03,8287.03,0,0,0,0,0,0.0,0.0,0.0
MCH5616,,,1,10041.94,10041.94,0,0,0,0,0,0.0,0.0,0.0
MCH5622,Solanki and Sons,BOOKS,1,11614.11,11614.11,0,0,0,0,0,0.0,0.0,0.0
MCH5624,,,1,4524.63,4524.63,0,0,0,0,0,0.0,0.0,0.0
MCH5629,Barman Ltd,TRANSPORT,1,22194.91,22194.91,0,0,0,0,0,0.0,0.0,0.0
MCH5631,"Bhattacharyya, Behl and Barad",APPAREL,1,2285.74,2285.74,0,0,0,0,0,0.0,0.0,0.0
MCH5639,"Viswanathan, Gupta and Varghese",HOTEL_LODGING,1,0.0,,0,0,0,0,0,0.0,0.0,0.0
MCH5642,Ganguly-Kalla,PHARMACY,1,19519.25,19519.25,0,0,0,0,0,0.0,0.0,0.0
MCH5646,Luthra PLC,BOOKS,1,24917.12,24917.12,0,0,0,0,0,0.0,0.0,0.0
MCH5649,,,1,22066.31,22066.31,0,0,0,0,0,0.0,0.0,0.0
MCH5651,,,1,4539.38,4539.38,0,0,0,0,0,0.0,0.0,0.0
MCH5654,,,1,22540.62,22540.62,0,0,0,0,0,0.0,0.0,0.0
MCH5655,,,1,4198.8,4198.8,0,0,0,0,0,0.0,0.0,0.0
MCH5663,"goyal, brahmbhatt and raja",MEDICAL_STORE,1,23688.6,23688.6,0,0,0,0,0,0.0,0.0,0.0
MCH5664,,,1,12433.87,12433.87,0,0,0,0,0,0.0,0.0,0.0
MCH5668,,,1,18019.7,18019.7,0,0,0,0,0,0.0,0.0,0.0
MCH5671,Bava-Arya,APPAREL,1,14297.02,14297.02,0,0,0,0,0,0.0,0.0,0.0
MCH5678,Kumar and Sons,DEPARTMENT STORE,1,10384.49,10384.49,0,0,0,0,0,0.0,0.0,0.0
MCH5679,,,1,5974.84,5974.84,0,0,0,0,0,0.0,0.0,0.0
MCH5682,,,1,23975.59,23975.59,0,0,0,0,0,0.0,0.0,0.0
MCH5683,subramanian group,DEPARTMENT STORE,1,0.0,,0,0,0,0,0,0.0,0.0,0.0
MCH5684,Dua-Ghose,DEPARTMENT STORE,1,4006.23,4006.23,0,0,0,0,0,0.0,0.0,0.0
MCH5686,,,1,3257.57,3257.57,0,0,0,0,0,0.0,0.0,0.0
MCH5687,"Prasad, Tank and Char",TRANSPORT,1,17624.73,17624.73,0,0,0,0,0,0.0,0.0,0.0
MCH5691,,,1,10814.33,10814.33,0,0,0,0,0,0.0,0.0,0.0
MCH5693,,,1,22364.53,22364.53,0,0,0,0,0,0.0,0.0,0.0
MCH5703,,,1,17664.83,17664.83,0,0,0,0,0,0.0,0.0,0.0
MCH5708,,,1,7491.9,7491.9,0,0,0,0,0,0.0,0.0,0.0
MCH5714,,,1,24762.72,24762.72,0,0,0,0,0,0.0,0.0,0.0
MCH5724,,,1,0.0,,0,0,0,0,0,0.0,0.0,0.0
MCH5727,"Sandal, Deshmukh and Lata",APPAREL,1,8080.68,8080.68,0,0,0,0,0,0.0,0.0,0.0
MCH5734,BALAN INC,DEPARTMENT STORE,1,24270.25,24270.25,0,0,0,0,0,0.0,0.0,0.0
MCH5736,Agate LLC,TRANSPORT,1,11039.59,11039.59,0,0,0,0,0,0.0,0.0,0.0
MCH5738,,,1,12230.54,12230.54,0,0,0,0,0,0.0,0.0,0.0
MCH5741,Uppal Group,BOOKS,1,19736.6,19736.6,0,0,0,0,0,0.0,0.0,0.0
MCH5773,,,1,13436.52,13436.52,0,0,0,0,0,0.0,0.0,0.0
MCH5774,,,1,13800.19,13800.19,0,0,0,0,0,0.0,0.0,0.0
MCH5779,,,1,23528.61,23528.61,0,0,0,0,0,0.0,0.0,0.0
MCH5784,"Kakar, Palla and Vyas",APPAREL,1,18224.25,18224.25,0,0,0,0,0,0.0,0.0,0.0
MCH5786,,,1,15222.87,15222.87,0,0,0,0,0,0.0,0.0,0.0
MCH5788,,,1,3464.76,3464.76,0,0,0,0,0,0.0,0.0,0.0
MCH5792,"bava, krish and ghose",TRANSPORT,1,23477.64,23477.64,0,0,0,0,0,0.0,0.0,0.0
MCH5795,"Sunder, Bera and Srinivas",HOTEL_LODGING,1,13282.42,13282.42,0,0,0,0,0,0.0,0.0,0.0
MCH5797,Bhatt Ltd,BOOKS,1,6568.78,6568.78,0,0,0,0,0,0.0,0.0,0.0
MCH5799,Nagar Inc,HOTEL_LODGING,1,12664.85,12664.85,0,0,0,0,0,0.0,0.0,0.0
MCH5802,,,1,15450.0,15450.0,0,0,0,0,0,0.0,0.0,0.0
MCH5804,,,1,554.51,554.51,0,0,0,0,0,0.0,0.0,0.0
MCH5809,Virk-Peri,STATIONERY,1,0.0,,0,0,0,1,0,0.0,0.0,0.0
MCH5816,,,1,4178.02,4178.02,0,0,0,0,0,0.0,0.0,0.0
MCH5822,Gandhi-Krish,RETAIL,1,21577.02,21577.02,0,0,0,0,0,0.0,0.0,0.0
MCH5823,Sen LLC,PHONE SERVICE,1,19576.79,19576.79,0,0,0,0,0,0.0,0.0,0.0
MCH5824,,,1,0.0,,0,0,0,0,0,0.0,0.0,0.0
MCH5841,Nori Group,MEDICAL,1,13484.45,13484.45,0,0,0,0,0,0.0,0.0,0.0
MCH5842,"Dutt, Trivedi and Dhingra",STATIONERY,1,17744.69,17744.69,0,0,0,0,0,0.0,0.0,0.0
MCH5848,,,1,14020.9,14020.9,0,0,0,0,0,0.0,0.0,0.0
MCH5855,"Rajagopalan,MuniandPrasad",APPAREL,1,10451.29,10451.29,0,0,0,0,0,0.0,0.0,0.0
MCH5869,,,1,16165.0,16165.0,0,0,0,0,0,0.0,0.0,0.0
MCH5870,Deol Group,TRANSPORT,1,6627.76,6627.76,0,0,0,0,0,0.0,0.0,0.0
MCH5873,"  Kade, Srivastava and Iyengar  ",MISC_RETAIL,1,0.0,,0,0,0,0,0,0.0,0.0,0.0
MCH5877,,,1,0.0,,0,0,0,0,0,0.0,0.0,0.0
MCH5890,Apte-Sant,DEPARTMENT STORE,1,18274.38,18274.38,0,0,0,1,0,0.0,0.0,0.0
MCH5894,Borra-Tiwari,RETAIL,1,16556.56,16556.56,0,0,0,0,0,0.0,0.0,0.0
MCH5900,Sarraf-Nagar,PHARMACY,1,13009.32,13009.32,0,0,0,0,0,0.0,0.0,0.0
MCH5905,"Hayer, Char and Jain",MISC_RETAIL,1,1896.19,1896.19,0,0,0,0,0,0.0,0.0,0.0
MCH5906,,,1,1372.95,1372.95,0,0,0,0,0,0.0,0.0,0.0
MCH5908,,,1,6025.41,6025.41,0,0,0,0,0,0.0,0.0,0.0
MCH5910,,,1,23765.34,23765.34,0,0,0,0,0,0.0,0.0,0.0
MCH5913,,,1,5994.22,5994.22,0,0,0,0,0,0.0,0.0,0.0
MCH5914,Ku1karni-Deshmukh,APPAREL,1,5837.36,5837.36,0,0,0,0,0,0.0,0.0,0.0
MCH5919,,,1,-9084.68,-9084.68,0,0,0,0,0,0.0,0.0,0.0
MCH5928,,,1,13456.99,13456.99,0,0,0,0,0,0.0,0.0,0.0
MCH5931,,,1,11141.39,11141.39,0,0,0,0,0,0.0,0.0,0.0
MCH5942,,,1,13234.46,13234.46,0,0,0,0,0,0.0,0.0,0.0
MCH5943,,,1,9126.91,9126.91,0,0,0,0,0,0.0,0.0,0.0
MCH5944,Jayaraman-Bhattacharyya,TRANSPORT,1,20049.83,20049.83,0,0,0,0,0,0.0,0.0,0.0
MCH5945,,,1,13492.19,13492.19,0,0,0,0,0,0.0,0.0,0.0
MCH5950,Dey-Raj,MISC_RETAIL,1,5468.77,5468.77,0,0,0,0,0,0.0,0.0,0.0
MCH5956,,,1,14467.76,14467.76,0,0,0,0,0,0.0,0.0,0.0
MCH5958,"panchal, krishnan and thakkar",FOOD_SERVICES,1,9288.06,9288.06,0,0,0,0,0,0.0,0.0,0.0
MCH5962,,,1,0.0,,0,0,0,0,0,0.0,0.0,0.0
MCH5969,,,1,13660.73,13660.73,0,0,0,0,0,0.0,0.0,0.0
MCH5970,Babu and Sons,APPAREL,1,22050.24,22050.24,0,0,0,1,0,0.0,0.0,0.0
MCH5973,Biswas-Dass,APPAREL,1,12227.56,12227.56,0,0,0,0,0,0.0,0.0,0.0
MCH5977,,,1,10043.34,10043.34,0,0,0,0,0,0.0,0.0,0.0
MCH5978,,,1,7061.64,7061.64,0,0,0,0,0,0.0,0.0,0.0
MCH5982,,,1,0.0,,0,0,0,0,0,0.0,0.0,0.0
MCH5986,,,1,21950.58,21950.58,0,0,0,0,0,0.0,0.0,0.0
MCH5992,"Anne, Gole and Bhatnagar",PHARMACY,1,2451.7,2451.7,0,0,0,0,0,0.0,0.0,0.0
MCH5993,,,1,2946.37,2946.37,0,0,0,0,0,0.0,0.0,0.0
MCH5994,,,1,12886.23,12886.23,0,0,0,0,0,0.0,0.0,0.0
MCH5996,,,1,21183.95,21183.95,0,0,0,0,0,0.0,0.0,0.0
MCH6003,,,1,7307.43,7307.43,0,0,0,0,0,0.0,0.0,0.0
MCH6013,Date Ltd,APPAREL,1,0.0,,0,0,0,0,0,0.0,0.0,0.0
MCH6019,Chatterjee Ltd,FOOD_SERVICES,1,8306.1,8306.1,0,0,0,0,0,0.0,0.0,0.0
MCH6027,,,1,7542.61,7542.61,0,0,0,0,0,0.0,0.0,0.0
MCH6030,"DHILLON, SUNDER AND SODHI",MISC_RETAIL,1,11137.53,11137.53,0,0,0,0,0,0.0,0.0,0.0
MCH6031,Chauhan Group,APPAREL,1,16115.51,16115.51,0,0,0,0,0,0.0,0.0,0.0
MCH6035,radhakrishnan-chad,FOOD_SERVICES,1,0.0,,0,0,0,0,0,0.0,0.0,0.0
MCH6041,,,1,886.84,886.84,0,0,0,0,0,0.0,0.0,0.0
MCH6042,,,1,0.0,,0,0,0,0,0,0.0,0.0,0.0
MCH6043,NATT INC,RETAIL,1,-19877.34,-19877.34,0,0,0,0,0,0.0,0.0,0.0
MCH6046,"Palla, Yadav and Bhatnagar",OTHER,1,18227.89,18227.89,0,0,0,0,0,0.0,0.0,0.0
MCH6052,nayak-wadhwa,PHARMACY,1,0.0,,0,0,0,0,0,0.0,0.0,0.0
MCH6060,Chacko-Sundaram,TRANSPORT,1,23524.74,23524.74,0,0,0,0,0,0.0,0.0,0.0
MCH6070,,,1,18525.19,18525.19,0,0,0,0,0,0.0,0.0,0.0
MCH6073,,,1,5964.86,5964.86,0,0,0,0,0,0.0,0.0,0.0
MCH6076,,,1,19234.93,19234.93,0,0,0,0,0,0.0,0.0,0.0
MCH6082,,,1,20954.5,20954.5,0,0,0,0,0,0.0,0.0,0.0
MCH6085,,,1,22425.91,22425.91,0,0,0,0,0,0.0,0.0,0.0
MCH6102,andra-sachar,APPAREL,1,23989.24,23989.24,0,0,0,0,0,0.0,0.0,0.0
MCH6104,Keer-Gade,DEPARTMENT STORE,1,16349.42,16349.42,0,0,0,1,0,0.0,0.0,0.0
MCH6108,,,1,0.0,,0,0,0,0,0,0.0,0.0,0.0
MCH6110,,,1,18192.56,18192.56,0,0,0,0,0,0.0,0.0,0.0
MCH6113,  Tara-Kala  ,APPAREL,1,20288.53,20288.53,0,0,0,0,0,0.0,0.0,0.0
MCH6117,,,1,4828.12,4828.12,0,0,0,0,0,0.0,0.0,0.0
MCH6125,,,1,10464.89,10464.89,0,0,0,0,0,0.0,0.0,0.0
MCH6143,"MURTHY, KALA AND MANGAT",FOOD_SERVICES,1,2971.38,2971.38,0,0,0,0,0,0.0,0.0,0.0
MCH6144,Ravi-Dhingra,PHARMACY,1,0.0,,0,0,0,0,0,0.0,0.0,0.0
MCH6150,"  Chada, Vala and Merchant  ",MOBILE RECHARGE,1,75.78,75.78,0,0,0,1,0,0.0,0.0,0.0
MCH6160,,,1,8125.52,8125.52,0,0,0,0,0,0.0,0.0,0.0
MCH6164,,,1,18543.53,18543.53,0,0,0,0,0,0.0,0.0,0.0
MCH6166,,,1,18164.28,18164.28,0,0,0,0,0,0.0,0.0,0.0
MCH6175,,,1,14820.54,14820.54,0,0,0,0,0,0.0,0.0,0.0
MCH6177,,,1,19026.73,19026.73,0,0,0,0,0,0.0,0.0,0.0
MCH6182,,,1,4152.09,4152.09,0,0,0,0,0,0.0,0.0,0.0
MCH6185,,,1,8224.15,8224.15,0,0,0,0,0,0.0,0.0,0.0
MCH6186,,,1,6638.06,6638.06,0,0,0,0,0,0.0,0.0,0.0
MCH6191,,,1,7930.5,7930.5,0,0,0,0,0,0.0,0.0,0.0
MCH6192,,,1,22281.82,22281.82,0,0,0,0,0,0.0,0.0,0.0
MCH6204,,,1,15308.03,15308.03,0,0,0,0,0,0.0,0.0,0.0
MCH6208,,,1,19170.12,19170.12,0,0,0,0,0,0.0,0.0,0.0
MCH6212,,,1,6172.97,6172.97,0,0,0,0,0,0.0,0.0,0.0
MCH6216,Agarwal Group,FOOD_SERVICES,1,13342.38,13342.38,0,0,0,0,0,0.0,0.0,0.0
MCH6223,Ramanathan-Dhingra,TRAVEL,1,487.97,487.97,0,0,0,0,0,0.0,0.0,0.0
MCH6224,La1-Anand,PHARMACY,1,0.0,,0,0,0,0,0,0.0,0.0,0.0
MCH6229,,,1,6722.29,6722.29,0,0,0,0,0,0.0,0.0,0.0
MCH6231,"CHAND, JOHAL AND CHAWLA",FOOD_SERVICES,1,15241.53,15241.53,0,0,0,0,0,0.0,0.0,0.0
MCH6241,,,1,7236.56,7236.56,0,0,0,0,0,0.0,0.0,0.0
MCH6244,maharaj ltd,HOTEL_LODGING,1,15962.47,15962.47,0,0,0,1,0,0.0,0.0,0.0
MCH6248,,,1,7576.16,7576.16,0,0,0,0,0,0.0,0.0,0.0
MCH6252,,,1,14091.13,14091.13,0,0,0,0,0,0.0,0.0,0.0
MCH6256,MANDA INC,PHARMACY,1,506.8,506.8,0,0,0,0,0,0.0,0.0,0.0
MCH6276,,,1,21165.3,21165.3,0,0,0,0,0,0.0,0.0,0.0
MCH6279,,,1,21750.53,21750.53,0,0,0,0,0,0.0,0.0,0.0
MCH6282,Madan-Din,HOTEL_LODGING,1,17089.48,17089.48,0,0,0,0,0,0.0,0.0,0.0
MCH6296,"Goyal, Vora and Loke",GROCERY,1,20560.86,20560.86,0,0,0,0,0,0.0,0.0,0.0
MCH6300,Kumar PLC,APPAREL,1,9046.79,9046.79,0,0,0,0,0,0.0,0.0,0.0
MCH6303,,,1,3052.58,3052.58,0,0,0,0,0,0.0,0.0,0.0
MCH6309,,,1,16853.76,16853.76,0,0,0,0,0,0.0,0.0,0.0
MCH6310,,,1,20430.03,20430.03,0,0,0,0,0,0.0,0.0,0.0
MCH6312,,,1,10895.23,10895.23,0,0,0,0,0,0.0,0.0,0.0
MCH6320,,,1,6049.36,6049.36,0,0,0,0,0,0.0,0.0,0.0
MCH6326,"Barad,MurtyandTella",BOOKS,1,371.62,371.62,0,0,0,0,0,0.0,0.0,0.0
MCH6341,,,1,1061.91,1061.91,0,0,0,0,0,0.0,0.0,0.0
MCH6344,,,1,19022.43,19022.43,0,0,0,0,0,0.0,0.0,0.0
MCH6348,,,1,832.64,832.64,0,0,0,0,0,0.0,0.0,0.0
MCH6349,,,1,0.0,,0,0,0,0,0,0.0,0.0,0.0
MCH6352,ChadhaGroup,GROCERY,1,21781.4,21781.4,0,0,0,1,0,0.0,0.0,0.0
MCH6353,,,1,6085.68,6085.68,0,0,0,0,0,0.0,0.0,0.0
MCH6354,"Gulati, Khosla and Peri",FOOD_SERVICES,1,3691.06,3691.06,0,0,0,0,0,0.0,0.0,0.0
MCH6355,Dutt PLC,APPAREL,1,4611.41,4611.41,0,0,0,0,0,0.0,0.0,0.0
MCH6372,G0da and S0ns,APPAREL,1,18438.41,18438.41,0,0,0,0,0,0.0,0.0,0.0
MCH6375,,,1,2224.12,2224.12,0,0,0,0,0,0.0,0.0,0.0
MCH6391,"BHATTI, KEER AND GUPTA",TELECOM,1,1067.95,1067.95,0,0,0,0,0,0.0,0.0,0.0
MCH6407,,,1,3172.35,3172.35,0,0,0,0,0,0.0,0.0,0.0
MCH6417,,,1,7852.53,7852.53,0,0,0,0,0,0.0,0.0,0.0
MCH6425,Pall-Kanda,BOOKS,1,17296.09,17296.09,0,0,0,0,0,0.0,0.0,0.0
MCH6430,prakash group,TELECOM,1,-20266.99,-20266.99,0,0,0,0,0,0.0,0.0,0.0
MCH6449,Chakraborty-Hans,FOOD_SERVICES,1,23404.71,23404.71,0,0,0,0,0,0.0,0.0,0.0
MCH6450,"Goel, Madan and Gola",BOOKS,1,10397.37,10397.37,0,0,0,1,0,0.0,0.0,0.0
MCH6461,,,1,3912.25,3912.25,0,0,0,0,0,0.0,0.0,0.0
MCH6463,,,1,12809.13,12809.13,0,0,0,0,0,0.0,0.0,0.0
MCH6480,Sundaram and S0ns,APPAREL,1,3186.71,3186.71,0,0,0,0,0,0.0,0.0,0.0
MCH6489,,,1,9948.13,9948.13,0,0,0,0,0,0.0,0.0,0.0
MCH6492,PERI LLC,PHARMACY,1,0.0,,0,0,0,0,0,0.0,0.0,0.0
MCH6501,Ka1a-Garg,APPAREL,1,4581.24,4581.24,0,0,0,0,0,0.0,0.0,0.0
MCH6506,,,1,10342.51,10342.51,0,0,0,0,0,0.0,0.0,0.0
MCH6507,Kadakia PLC,FOOD_SERVICES,1,22532.47,22532.47,0,0,0,0,0,0.0,0.0,0.0
MCH6513,"Krishna, Deshpande and Kar",DEPARTMENT STORE,1,6337.44,6337.44,0,0,0,0,0,0.0,0.0,0.0
MCH6520,Manda-Shah,MEDICAL_STORE,1,3740.05,3740.05,0,0,0,0,0,0.0,0.0,0.0
MCH6522,,,1,14787.65,14787.65,0,0,0,0,0,0.0,0.0,0.0
MCH6525,,,1,20485.15,20485.15,0,0,0,0,0,0.0,0.0,0.0
MCH6532,,,1,10658.77,10658.77,0,0,0,0,0,0.0,0.0,0.0
MCH6533,,,1,12239.92,12239.92,0,0,0,0,0,0.0,0.0,0.0
MCH6540,,,1,9747.54,9747.54,0,0,0,0,0,0.0,0.0,0.0
MCH6550,,,1,2587.64,2587.64,0,0,0,0,0,0.0,0.0,0.0
MCH6551,Kala LLC,TRANSPORT,1,13712.82,13712.82,0,0,0,0,0,0.0,0.0,0.0
MCH6558,,,1,4249.83,4249.83,0,0,0,0,0,0.0,0.0,0.0
MCH6563,naik plc,TRAVEL,1,18844.12,18844.12,0,0,0,0,0,0.0,0.0,0.0
MCH6570,Venkataraman Ltd,MEDICAL,1,0.0,,0,0,0,0,0,0.0,0.0,0.0
MCH6577,D’Alia Inc,APPAREL,1,458.77,458.77,0,0,0,0,0,0.0,0.0,0.0
MCH6582,MUKHOPADHYAY PLC,TELECOM,1,10176.16,10176.16,0,0,0,0,0,0.0,0.0,0.0
MCH6586,,,1,18706.56,18706.56,0,0,0,0,0,0.0,0.0,0.0
MCH6600,raju inc,HOTEL_LODGING,1,21917.5,21917.5,0,0,0,0,0,0.0,0.0,0.0
MCH6610,,,1,21946.97,21946.97,0,0,0,0,0,0.0,0.0,0.0
MCH6620,,,1,4820.4,4820.4,0,0,0,0,0,0.0,0.0,0.0
MCH6622,,,1,11784.6,11784.6,0,0,0,0,0,0.0,0.0,0.0
MCH6627,,,1,2947.61,2947.61,0,0,0,0,0,0.0,0.0,0.0
MCH6631,,,1,14714.95,14714.95,0,0,0,0,0,0.0,0.0,0.0
MCH6633,,,1,1475.13,1475.13,0,0,0,0,0,0.0,0.0,0.0
MCH6635,Sehgal Inc,FOOD_SERVICES,1,22896.2,22896.2,0,0,0,0,0,0.0,0.0,0.0
MCH6639,Sandal Group,FOOD_SERVICES,1,1430.41,1430.41,0,0,0,0,0,0.0,0.0,0.0
MCH6644,,,1,3223.15,3223.15,0,0,0,0,0,0.0,0.0,0.0
MCH6648,,,1,21098.55,21098.55,0,0,0,0,0,0.0,0.0,0.0
MCH6649,,,1,7269.68,7269.68,0,0,0,0,0,0.0,0.0,0.0
MCH6650,Reddy LLC,GROCERY,1,8323.09,8323.09,0,0,0,0,0,0.0,0.0,0.0
MCH6654,Cheema-Dara,HOTEL_LODGING,1,21115.46,21115.46,0,0,0,0,0,0.0,0.0,0.0
MCH6670,SAWHNEY INC,GROCERY,1,9972.59,9972.59,0,0,0,0,0,0.0,0.0,0.0
MCH6673,,,1,10556.64,10556.64,0,0,0,0,0,0.0,0.0,0.0
MCH6684,,,1,5270.57,5270.57,0,0,0,0,0,0.0,0.0,0.0
MCH6702,,,1,22708.13,22708.13,0,0,0,0,0,0.0,0.0,0.0
MCH6723,,,1,1382.07,1382.07,0,0,0,0,0,0.0,0.0,0.0
MCH6730,"Babu, Sarma and Setty",PHARMACY,1,10407.61,10407.61,0,0,0,0,0,0.0,0.0,0.0
MCH6731,ThakurPLC,FOOD_SERVICES,1,7032.3,7032.3,0,0,0,0,0,0.0,0.0,0.0
MCH6732,,,1,22433.09,22433.09,0,0,0,0,0,0.0,0.0,0.0
MCH6739,,,1,23347.13,23347.13,0,0,0,0,0,0.0,0.0,0.0
MCH6747,,,1,16587.43,16587.43,0,0,0,0,0,0.0,0.0,0.0
MCH6748,Sathe Inc,GROCERY,1,15457.63,15457.63,0,0,0,1,0,0.0,0.0,0.0
MCH6755,Subramaniam Inc,HOTEL_LODGING,1,10572.94,10572.94,0,0,0,0,0,0.0,0.0,0.0
MCH6763,,,1,0.0,,0,0,0,0,0,0.0,0.0,0.0
MCH6768,,,1,21830.25,21830.25,0,0,0,0,0,0.0,0.0,0.0
MCH6776,"Khanna, Kadakia and Hans",BOOKS,1,947.84,947.84,0,0,0,0,0,0.0,0.0,0.0
MCH6778,,,1,14782.35,14782.35,0,0,0,0,0,0.0,0.0,0.0
MCH6779,,,1,12980.62,12980.62,0,0,0,0,0,0.0,0.0,0.0
MCH6789,Sanghvi-Garg,APPAREL,1,6357.99,6357.99,0,0,0,0,0,0.0,0.0,0.0
MCH6792,,,1,15969.25,15969.25,0,0,0,0,0,0.0,0.0,0.0
MCH6800,,,1,3530.31,3530.31,0,0,0,0,0,0.0,0.0,0.0
MCH6804,Johal and Sons,APPAREL,1,18102.98,18102.98,0,0,0,1,0,0.0,0.0,0.0
MCH6807,,,1,17555.82,17555.82,0,0,0,0,0,0.0,0.0,0.0
MCH6828,Warrior-Bhardwaj,TELECOM,1,3412.99,3412.99,0,0,0,0,0,0.0,0.0,0.0
MCH6829,"Natarajan, Thaker and Aggarwal",MEDICAL_STORE,1,0.0,,0,0,0,0,0,0.0,0.0,0.0
MCH6830,,,1,12769.41,12769.41,0,0,0,0,0,0.0,0.0,0.0
MCH6832,"Chaudry, Barman and Patla",FOOD_SERVICES,1,17415.71,17415.71,0,0,0,1,0,0.0,0.0,0.0
MCH6837,Oommen-Thaker,BOOKS,1,10275.32,10275.32,0,0,0,1,0,0.0,0.0,0.0
MCH6839,Saha LLC,GROCERY,1,4893.61,4893.61,0,0,0,0,0,0.0,0.0,0.0
MCH6850,,,1,11825.11,11825.11,0,0,0,0,0,0.0,0.0,0.0
MCH6851,Chaudhary and S0ns,TRANSPORT,1,4668.63,4668.63,0,0,0,0,0,0.0,0.0,0.0
MCH6854,Singh-Pandya,BOOKS,1,21259.44,21259.44,0,0,0,0,0,0.0,0.0,0.0
MCH6856,"  Dalal, Morar and Gala  ",HOTEL_LODGING,1,16154.71,16154.71,0,0,0,0,0,0.0,0.0,0.0
MCH6859,,,1,23604.92,23604.92,0,0,0,0,0,0.0,0.0,0.0
MCH6863,Mani Group,DEPARTMENT STORE,1,0.0,,0,0,0,0,0,0.0,0.0,0.0
MCH6864,,,1,1516.08,1516.08,0,0,0,0,0,0.0,0.0,0.0
MCH6870,Basak Group,PHONE SERVICE,1,17662.24,17662.24,0,0,0,0,0,0.0,0.0,0.0
MCH6874,,,1,15602.4,15602.4,0,0,0,0,0,0.0,0.0,0.0
MCH6875,BUCH LTD,PHARMACY,1,15031.86,15031.86,0,0,0,0,0,0.0,0.0,0.0
MCH6877,Jain PLC,APPAREL,1,13.37,13.37,0,0,0,0,0,0.0,0.0,0.0
MCH6878,,,1,15174.72,15174.72,0,0,0,0,0,0.0,0.0,0.0
MCH6879,,,1,22360.8,22360.8,0,0,0,0,0,0.0,0.0,0.0
MCH6882,"Thaker, Hans and Chandra",TRANSPORT,1,304.38,304.38,0,0,0,1,0,0.0,0.0,0.0
MCH6883,,,1,23065.87,23065.87,0,0,0,0,0,0.0,0.0,0.0
MCH6884,,,1,18279.59,18279.59,0,0,0,0,0,0.0,0.0,0.0
MCH6887,,,1,11736.43,11736.43,0,0,0,0,0,0.0,0.0,0.0
MCH6890,Pandit-Narasimhan,HOTEL_LODGING,1,14449.76,14449.76,0,0,0,0,0,0.0,0.0,0.0
MCH6892,Chacko-Gaba,PHARMACY,1,15938.74,15938.74,0,0,0,0,0,0.0,0.0,0.0
MCH6898,,,1,565.29,565.29,0,0,0,0,0,0.0,0.0,0.0
MCH6908,,,1,11264.27,11264.27,0,0,0,0,0,0.0,0.0,0.0
MCH6942,,,1,17050.81,17050.81,0,0,0,0,0,0.0,0.0,0.0
MCH6943,  Vyas Group  ,APPAREL,1,17932.5,17932.5,0,0,0,0,0,0.0,0.0,0.0
MCH6949,"Dada, Suri and Chhabra",HOTEL_LODGING,1,7929.66,7929.66,0,0,0,0,0,0.0,0.0,0.0
MCH6955,,,1,7187.44,7187.44,0,0,0,0,0,0.0,0.0,0.0
MCH6957,,,1,2877.4,2877.4,0,0,0,0,0,0.0,0.0,0.0
MCH6981,,,1,9645.22,9645.22,0,0,0,0,0,0.0,0.0,0.0
MCH6989,Raju LLC,APPAREL,1,17088.83,17088.83,0,0,0,0,0,0.0,0.0,0.0
MCH6992,"Srivastava, Sha and Natarajan",FOOD_SERVICES,1,1843.37,1843.37,0,0,0,0,0,0.0,0.0,0.0
MCH6993,,,1,23229.33,23229.33,0,0,0,0,0,0.0,0.0,0.0
MCH6995,,,1,24298.13,24298.13,0,0,0,0,0,0.0,0.0,0.0
MCH6998,Jani-Nayak,DEPARTMENT STORE,1,11866.13,11866.13,0,0,0,0,0,0.0,0.0,0.0
MCH6999,srinivasan-agate,FOOD_SERVICES,1,24965.3,24965.3,0,0,0,0,0,0.0,0.0,0.0
MCH7003,"Koshy, Samra and Chana",BOOKS,1,118.95,118.95,0,0,0,0,0,0.0,0.0,0.0
MCH7005,,,1,10217.25,10217.25,0,0,0,0,0,0.0,0.0,0.0
MCH7010,kuruvilla-shanker,GROCERY,1,21162.84,21162.84,0,0,0,0,0,0.0,0.0,0.0
MCH7011,,,1,0.0,,0,0,0,0,0,0.0,0.0,0.0
MCH7019,,,1,21840.15,21840.15,0,0,0,0,0,0.0,0.0,0.0
MCH7021,"dewan, banerjee and purohit",HOTEL_LODGING,1,4693.41,4693.41,0,0,0,0,0,0.0,0.0,0.0
MCH7022,,,1,1933.73,1933.73,0,0,0,0,0,0.0,0.0,0.0
MCH7025,"Shanker, Bandi and Bala",MISC_RETAIL,1,17549.54,17549.54,0,0,0,0,0,0.0,0.0,0.0
MCH7041,,,1,6431.24,6431.24,0,0,0,0,0,0.0,0.0,0.0
MCH7046,,,1,17678.71,17678.71,0,0,0,0,0,0.0,0.0,0.0
MCH7050,CHAND AND SONS,PHARMACY,1,0.0,,0,0,0,0,0,0.0,0.0,0.0
MCH7051,  Ramachandran-Rajan  ,FOOD_SERVICES,1,13564.83,13564.83,0,0,0,0,0,0.0,0.0,0.0
MCH7062,"Karpe, Sekhon and Memon",MISC_RETAIL,1,18950.86,18950.86,0,0,0,0,0,0.0,0.0,0.0
MCH7063,"Garg, Bawa and Hans",TELECOM,1,0.0,,0,0,0,0,0,0.0,0.0,0.0
MCH7065,,,1,21873.3,21873.3,0,0,0,0,0,0.0,0.0,0.0
MCH7067,,,1,17867.75,17867.75,0,0,0,0,0,0.0,0.0,0.0
MCH7073,,,1,19507.29,19507.29,0,0,0,0,0,0.0,0.0,0.0
MCH7076,  Bava-Shroff  ,MISC_RETAIL,1,762.3,762.3,0,0,0,0,0,0.0,0.0,0.0
MCH7077,BASU LLC,HOTEL_LODGING,1,16550.64,16550.64,0,0,0,0,0,0.0,0.0,0.0
MCH7088,Prabhu-Agarwal,DEPARTMENT STORE,1,13855.92,13855.92,0,0,0,0,0,0.0,0.0,0.0
MCH7095,SONI-DUBEY,FOOD_SERVICES,1,18607.21,18607.21,0,0,0,0,0,0.0,0.0,0.0
MCH7101,,,1,982.95,982.95,0,0,0,0,0,0.0,0.0,0.0
MCH7104,Kothari LLC,PHONE SERVICE,1,24804.03,24804.03,0,0,0,0,0,0.0,0.0,0.0
MCH7112,,,1,10845.23,10845.23,0,0,0,0,0,0.0,0.0,0.0
MCH7116,,,1,9649.45,9649.45,0,0,0,0,0,0.0,0.0,0.0
MCH7118,Chaudhry Ltd,RETAIL,1,0.0,,0,0,0,0,0,0.0,0.0,0.0
MCH7121,"narasimhan, anand and gaba",OTHER,1,3750.44,3750.44,0,0,0,0,0,0.0,0.0,0.0
MCH7123,,,1,7541.43,7541.43,0,0,0,0,0,0.0,0.0,0.0
MCH7125,,,1,0.0,,0,0,0,0,0,0.0,0.0,0.0
MCH7127,"Thakur, Hayre and Kalla",MEDICAL_STORE,1,17568.96,17568.96,0,0,0,0,0,0.0,0.0,0.0
MCH7130,,,1,4205.64,4205.64,0,0,0,0,0,0.0,0.0,0.0
MCH7147,,,1,12638.33,12638.33,0,0,0,0,0,0.0,0.0,0.0
MCH7148,,,1,16206.47,16206.47,0,0,0,0,0,0.0,0.0,0.0
MCH7162,"SANKAR, MUNI AND MANDAL",STATIONERY,1,3526.38,3526.38,0,0,0,0,0,0.0,0.0,0.0
MCH7173,,,1,155.04,155.04,0,0,0,0,0,0.0,0.0,0.0
MCH7174,,,1,16552.6,16552.6,0,0,0,0,0,0.0,0.0,0.0
MCH7175,,,1,-22832.01,-22832.01,0,0,0,0,0,0.0,0.0,0.0
MCH7176,"SACHAR, WALI AND SAHA",TRAVEL,1,4142.61,4142.61,0,0,0,0,0,0.0,0.0,0.0
MCH7178,Devan and Sons,GROCERY,1,0.0,,0,0,0,0,0,0.0,0.0,0.0
MCH7180,,,1,23235.11,23235.11,0,0,0,0,0,0.0,0.0,0.0
MCH7181,"Dar, Dada and Kala",TRANSPORT,1,10745.77,10745.77,0,0,0,0,0,0.0,0.0,0.0
MCH7184,Dara Inc,GROCERY,1,7594.72,7594.72,0,0,0,0,0,0.0,0.0,0.0
MCH7188,,,1,0.0,,0,0,0,0,0,0.0,0.0,0.0
MCH7192,Subramaniam and S0ns,BOOKS,1,7427.04,7427.04,0,0,0,0,0,0.0,0.0,0.0
MCH7204,Thaman Ltd,STATIONERY,1,11732.99,11732.99,0,0,0,0,0,0.0,0.0,0.0
MCH7206,,,1,19220.68,19220.68,0,0,0,0,0,0.0,0.0,0.0
MCH7212,,,1,2202.06,2202.06,0,0,0,0,0,0.0,0.0,0.0
MCH7216,PILLAI AND SONS,MOBILE RECHARGE,1,9919.52,9919.52,0,0,0,0,0,0.0,0.0,0.0
MCH7217,,,1,12369.71,12369.71,0,0,0,0,0,0.0,0.0,0.0
MCH7226,"Peri, Barad and Panchal",BOOKS,1,10974.67,10974.67,0,0,0,0,0,0.0,0.0,0.0
MCH7227,,,1,14276.23,14276.23,0,0,0,0,0,0.0,0.0,0.0
MCH7238,,,1,14337.11,14337.11,0,0,0,0,0,0.0,0.0,0.0
MCH7239,Tata-Hayer,HOTEL_LODGING,1,14927.82,14927.82,0,0,0,0,0,0.0,0.0,0.0
MCH7259,,,1,12118.23,12118.23,0,0,0,0,0,0.0,0.0,0.0
MCH7262,Loke LLC,TELECOM,1,312.59,312.59,0,0,0,0,0,0.0,0.0,0.0
MCH7267,,,1,24276.75,24276.75,0,0,0,0,0,0.0,0.0,0.0
MCH7268,Mand-Char,PHARMACY,1,17529.67,17529.67,0,0,0,0,0,0.0,0.0,0.0
MCH7270,Subramanian LLC,HOTEL_LODGING,1,23759.99,23759.99,0,0,0,0,0,0.0,0.0,0.0
MCH7274,,,1,13010.56,13010.56,0,0,0,0,0,0.0,0.0,0.0
MCH7279,das plc,MISC_RETAIL,1,15166.74,15166.74,0,0,0,0,0,0.0,0.0,0.0
MCH7283,,,1,15938.4,15938.4,0,0,0,0,0,0.0,0.0,0.0
MCH7285,,,1,3827.23,3827.23,0,0,0,0,0,0.0,0.0,0.0
MCH7288,Sandhu Inc,FOOD_SERVICES,1,22030.92,22030.92,0,0,0,0,0,0.0,0.0,0.0
MCH7291,,,1,19057.07,19057.07,0,0,0,0,0,0.0,0.0,0.0
MCH7296,,,1,9455.92,9455.92,0,0,0,0,0,0.0,0.0,0.0
MCH7300,,,1,0.0,,0,0,0,0,0,0.0,0.0,0.0
MCH7303,,,1,20554.36,20554.36,0,0,0,0,0,0.0,0.0,0.0
MCH7307,,,1,0.0,,0,0,0,0,0,0.0,0.0,0.0
MCH7312,Ramakrishnan-Banerjee,RETAIL,1,10747.12,10747.12,0,0,0,0,0,0.0,0.0,0.0
MCH7321,"  Krishna, Saraf and Pant  ",MISC_RETAIL,1,14575.91,14575.91,0,0,0,0,0,0.0,0.0,0.0
MCH7323,Koshy-Comar,DEPARTMENT STORE,1,16409.43,16409.43,0,0,0,0,0,0.0,0.0,0.0
MCH7324,Grover-Murty,STATIONERY,1,-22456.75,-22456.75,0,0,0,1,0,0.0,0.0,0.0
MCH7330,,,1,1630.69,1630.69,0,0,0,0,0,0.0,0.0,0.0
MCH7332,"Mutti, Reddy and Guha",DEPARTMENT STORE,1,4850.99,4850.99,0,0,0,0,0,0.0,0.0,0.0
MCH7335,Keer-Goyal,GROCERY,1,16849.23,16849.23,0,0,0,0,0,0.0,0.0,0.0
MCH7340,Devi and Sons,APPAREL,1,9935.62,9935.62,0,0,0,0,0,0.0,0.0,0.0
MCH7345,,,1,2020.28,2020.28,0,0,0,0,0,0.0,0.0,0.0
MCH7350,SULE LLC,APPAREL,1,7888.86,7888.86,0,0,0,0,0,0.0,0.0,0.0
MCH7353,"Tara, Rajag0pa1an and Ramanathan",DEPARTMENT STORE,1,14125.38,14125.38,0,0,0,0,0,0.0,0.0,0.0
MCH7358,Basak-Patla,MISC_RETAIL,1,2144.22,2144.22,0,0,0,0,0,0.0,0.0,0.0
MCH7364,VIG-BALA,HOTEL_LODGING,1,15654.85,15654.85,0,0,0,0,0,0.0,0.0,0.0
MCH7377,,,1,12342.79,12342.79,0,0,0,0,0,0.0,0.0,0.0
MCH7385,,,1,0.0,,0,0,0,0,0,0.0,0.0,0.0
MCH7389,,,1,24891.17,24891.17,0,0,0,0,0,0.0,0.0,0.0
MCH7391,"Vora, Lad and Sekhon",GROCERY,1,24023.39,24023.39,0,0,0,1,0,0.0,0.0,0.0
MCH7393,,,1,15358.51,15358.51,0,0,0,0,0,0.0,0.0,0.0
MCH7409,,,1,23316.88,23316.88,0,0,0,0,0,0.0,0.0,0.0
MCH7414,,,1,17315.4,17315.4,0,0,0,0,0,0.0,0.0,0.0
MCH7419,Minhas Inc,APPAREL,1,24691.82,24691.82,0,0,0,0,0,0.0,0.0,0.0
MCH7421,,,1,20223.37,20223.37,0,0,0,0,0,0.0,0.0,0.0
MCH7423,,,1,14353.64,14353.64,0,0,0,0,0,0.0,0.0,0.0
MCH7429,"Sandal, Raja and Gopal",HOTEL_LODGING,1,13056.87,13056.87,0,0,0,0,0,0.0,0.0,0.0
MCH7434,,,1,5545.31,5545.31,0,0,0,0,0,0.0,0.0,0.0
MCH7435,"Puri, Biswas and Roy",MEDICAL,1,19813.49,19813.49,0,0,0,0,0,0.0,0.0,0.0
MCH7454,,,1,10346.93,10346.93,0,0,0,0,0,0.0,0.0,0.0
MCH7463,CHAUDRY-NATARAJAN,MEDICAL_STORE,1,0.0,,0,0,0,0,0,0.0,0.0,0.0
MCH7467,,,1,8421.74,8421.74,0,0,0,0,0,0.0,0.0,0.0
MCH7475,,,1,5827.16,5827.16,0,0,0,0,0,0.0,0.0,0.0
MCH7477,,,1,11411.44,11411.44,0,0,0,0,0,0.0,0.0,0.0
MCH7478,"Sami, Brahmbhatt and Khurana",APPAREL,1,0.0,,0,0,0,0,0,0.0,0.0,0.0
MCH7479,"Wadhwa, Bhatia and Gade",RETAIL,1,21470.52,21470.52,0,0,0,0,0,0.0,0.0,0.0
MCH7480,,,1,20842.91,20842.91,0,0,0,0,0,0.0,0.0,0.0
MCH7489,  Sridhar PLC  ,MISC_RETAIL,1,0.0,,0,0,0,0,0,0.0,0.0,0.0
MCH7491,,,1,20919.4,20919.4,0,0,0,0,0,0.0,0.0,0.0
MCH7495,"Biswas, Mane and Hari",DEPARTMENT STORE,1,18325.99,18325.99,0,0,0,0,0,0.0,0.0,0.0
MCH7498,,,1,14431.17,14431.17,0,0,0,0,0,0.0,0.0,0.0
MCH7500,,,1,22703.01,22703.01,0,0,0,0,0,0.0,0.0,0.0
MCH7503,Dixit-Lala,HOTEL_LODGING,1,7256.06,7256.06,0,0,0,0,0,0.0,0.0,0.0
MCH7504,Balay PLC,HOTEL_LODGING,1,9185.67,9185.67,0,0,0,0,0,0.0,0.0,0.0
MCH7505,,,1,6047.62,6047.62,0,0,0,0,0,0.0,0.0,0.0
MCH7515,,,1,15939.37,15939.37,0,0,0,0,0,0.0,0.0,0.0
MCH7523,"sharaf, chad and prashad",MEDICAL,1,259.13,259.13,0,0,0,0,0,0.0,0.0,0.0
MCH7531,,,1,7147.79,7147.79,0,0,0,0,0,0.0,0.0,0.0
MCH7532,,,1,10086.16,10086.16,0,0,0,0,0,0.0,0.0,0.0
MCH7533,"Boase, Krishnan and Tiwari",APPAREL,1,11600.9,11600.9,0,0,0,0,0,0.0,0.0,0.0
MCH7540,Solanki Inc,MISC_RETAIL,1,9097.1,9097.1,0,0,0,0,0,0.0,0.0,0.0
MCH7541,,,1,14915.9,14915.9,0,0,0,0,0,0.0,0.0,0.0
MCH7542,,,1,0.0,,0,0,0,0,0,0.0,0.0,0.0
MCH7546,Koshy LLC,PHARMACY,1,0.0,,0,0,0,0,0,0.0,0.0,0.0
MCH7551,,,1,14268.12,14268.12,0,0,0,0,0,0.0,0.0,0.0
MCH7555,,,1,12283.55,12283.55,0,0,0,0,0,0.0,0.0,0.0
MCH7561,,,1,17203.88,17203.88,0,0,0,0,0,0.0,0.0,0.0
MCH7562,,,1,11871.03,11871.03,0,0,0,0,0,0.0,0.0,0.0
MCH7563,Anne and Sons,HOTEL_LODGING,1,23238.93,23238.93,0,0,0,0,0,0.0,0.0,0.0
MCH7565,,,1,13434.83,13434.83,0,0,0,0,0,0.0,0.0,0.0
MCH7566,  Minhas Group  ,PHARMACY,1,5496.65,5496.65,0,0,0,0,0,0.0,0.0,0.0
MCH7569,,,1,7143.34,7143.34,0,0,0,0,0,0.0,0.0,0.0
MCH7581,,,1,21364.34,21364.34,0,0,0,0,0,0.0,0.0,0.0
MCH7585,Rattan-Ratti,APPAREL,1,5687.51,5687.51,0,0,0,0,0,0.0,0.0,0.0
MCH7587,,,1,22204.07,22204.07,0,0,0,0,0,0.0,0.0,0.0
MCH7590,,,1,22125.99,22125.99,0,0,0,0,0,0.0,0.0,0.0
MCH7605,Beh1-D’A1ia,RETAIL,1,1336.29,1336.29,0,0,0,0,0,0.0,0.0,0.0
MCH7609,Mitta1 PLC,MEDICAL_STORE,1,24956.74,24956.74,0,0,0,0,0,0.0,0.0,0.0
MCH7620,"Vaidya, Deshmukh and Cherian",BOOKS,1,12833.41,12833.41,0,0,0,0,0,0.0,0.0,0.0
MCH7632,,,1,19148.81,19148.81,0,0,0,0,0,0.0,0.0,0.0
MCH7642,,,1,0.0,,0,0,0,0,0,0.0,0.0,0.0
MCH7648,"  Trivedi, Ramachandran and Keer  ",MISC_RETAIL,1,12019.86,12019.86,0,0,0,0,0,0.0,0.0,0.0
MCH7650,,,1,23696.94,23696.94,0,0,0,0,0,0.0,0.0,0.0
MCH7657,,,1,338.2,338.2,0,0,0,0,0,0.0,0.0,0.0
MCH7661,Mutti Group,MEDICAL_STORE,1,24245.83,24245.83,0,0,0,0,0,0.0,0.0,0.0
MCH7664,Datta Ltd,TRAVEL,1,24102.32,24102.32,0,0,0,0,0,0.0,0.0,0.0
MCH7668,,,1,7061.85,7061.85,0,0,0,0,0,0.0,0.0,0.0
MCH7674,,,1,18319.82,18319.82,0,0,0,0,0,0.0,0.0,0.0
MCH7680,,,1,5168.47,5168.47,0,0,0,0,0,0.0,0.0,0.0
MCH7686,,,1,24235.31,24235.31,0,0,0,0,0,0.0,0.0,0.0
MCH7689,,,1,7561.75,7561.75,0,0,0,0,0,0.0,0.0,0.0
MCH7694,,,1,0.0,,0,0,0,0,0,0.0,0.0,0.0
MCH7699,chakraborty llc,HOTEL_LODGING,1,14673.3,14673.3,0,0,0,0,0,0.0,0.0,0.0
MCH7700,"Lanka, Setty and Muni",FOOD_SERVICES,1,14323.1,14323.1,0,0,0,1,0,0.0,0.0,0.0
MCH7701,Ravel-Lala,GROCERY,1,13655.15,13655.15,0,0,0,0,0,0.0,0.0,0.0
MCH7706,,,1,0.0,,0,0,0,0,0,0.0,0.0,0.0
MCH7708,,,1,0.0,,0,0,0,0,0,0.0,0.0,0.0
MCH7709,Kala LLC,GROCERY,1,23573.31,23573.31,0,0,0,0,0,0.0,0.0,0.0
MCH7712,  Sehgal Ltd  ,GROCERY,1,21003.53,21003.53,0,0,0,0,0,0.0,0.0,0.0
MCH7717,,,1,7460.59,7460.59,0,0,0,0,0,0.0,0.0,0.0
MCH7719,,,1,0.0,,0,0,0,0,0,0.0,0.0,0.0
MCH7721,,,1,16598.97,16598.97,0,0,0,0,0,0.0,0.0,0.0
MCH7722,,,1,13256.91,13256.91,0,0,0,0,0,0.0,0.0,0.0
MCH7732,,,1,15854.92,15854.92,0,0,0,0,0,0.0,0.0,0.0
MCH7738,,,1,19926.85,19926.85,0,0,0,0,0,0.0,0.0,0.0
MCH7740,,,1,10071.26,10071.26,0,0,0,0,0,0.0,0.0,0.0
MCH7742,,,1,8252.1,8252.1,0,0,0,0,0,0.0,0.0,0.0
MCH7746,suresh-atwal,STATIONERY,1,16073.45,16073.45,0,0,0,1,0,0.0,0.0,0.0
MCH7752,,,1,2974.91,2974.91,0,0,0,0,0,0.0,0.0,0.0
MCH7765,Dyal LLC,FOOD_SERVICES,1,12761.46,12761.46,0,0,0,0,0,0.0,0.0,0.0
MCH7766,,,1,4029.9,4029.9,0,0,0,0,0,0.0,0.0,0.0
MCH7794,Kalita PLC,MEDICAL_STORE,1,24693.18,24693.18,0,0,0,0,0,0.0,0.0,0.0
MCH7807,,,1,15356.13,15356.13,0,0,0,0,0,0.0,0.0,0.0
MCH7812,,,1,8408.6,8408.6,0,0,0,0,0,0.0,0.0,0.0
MCH7813,,,1,16230.8,16230.8,0,0,0,0,0,0.0,0.0,0.0
MCH7824,,,1,23864.6,23864.6,0,0,0,0,0,0.0,0.0,0.0
MCH7825,,,1,1696.89,1696.89,0,0,0,0,0,0.0,0.0,0.0
MCH7828,  Jhaveri and Sons  ,APPAREL,1,2142.83,2142.83,0,0,0,0,0,0.0,0.0,0.0
MCH7831,,,1,0.0,,0,0,0,0,0,0.0,0.0,0.0
MCH7837,Wali Group,MISC_RETAIL,1,12558.27,12558.27,0,0,0,0,0,0.0,0.0,0.0
MCH7840,Sood LLC,DEPARTMENT STORE,1,9765.51,9765.51,0,0,0,0,0,0.0,0.0,0.0
MCH7842,J0ha1 Ltd,FOOD_SERVICES,1,0.0,,0,0,0,1,0,0.0,0.0,0.0
MCH7844,Singh-Mane,GROCERY,1,10363.37,10363.37,0,0,0,0,0,0.0,0.0,0.0
MCH7845,  Bhasin-Dubey  ,PHONE SERVICE,1,5406.3,5406.3,0,0,0,0,0,0.0,0.0,0.0
MCH7848,,,1,265.74,265.74,0,0,0,0,0,0.0,0.0,0.0
MCH7850,Reddy Inc,APPAREL,1,0.0,,0,0,0,0,0,0.0,0.0,0.0
MCH7851,"Warrior, Hora and Dayal",PHONE SERVICE,1,11034.31,11034.31,0,0,0,0,0,0.0,0.0,0.0
MCH7863,KADE-SAXENA,HOTEL_LODGING,1,14421.79,14421.79,0,0,0,0,0,0.0,0.0,0.0
MCH7865,Rout Inc,DEPARTMENT STORE,1,6640.45,6640.45,0,0,0,0,0,0.0,0.0,0.0
MCH7868,Ah1uwa1ia Inc,FOOD_SERVICES,1,5124.96,5124.96,0,0,0,0,0,0.0,0.0,0.0
MCH7870,Vyas Inc,TELECOM,1,5905.16,5905.16,0,0,0,0,0,0.0,0.0,0.0
MCH7875,  Narasimhan PLC  ,GROCERY,1,4221.18,4221.18,0,0,0,0,0,0.0,0.0,0.0
MCH7876,"  Deshpande, Nagar and Parsa  ",TELECOM,1,20213.42,20213.42,0,0,0,0,0,0.0,0.0,0.0
MCH7877,Bajwa Ltd,BOOKS,1,18585.45,18585.45,0,0,0,0,0,0.0,0.0,0.0
MCH7883,,,1,8873.22,8873.22,0,0,0,0,0,0.0,0.0,0.0
MCH7893,,,1,0.0,,0,0,0,0,0,0.0,0.0,0.0
MCH7898,,,1,4684.22,4684.22,0,0,0,0,0,0.0,0.0,0.0
MCH7906,"Ganesan, Gopal and Ratta",PHARMACY,1,2435.38,2435.38,0,0,0,0,0,0.0,0.0,0.0
MCH7913,Khare Inc,MEDICAL_STORE,1,8043.35,8043.35,0,0,0,0,0,0.0,0.0,0.0
MCH7916,,,1,18177.23,18177.23,0,0,0,0,0,0.0,0.0,0.0
MCH7921,,,1,10599.22,10599.22,0,0,0,0,0,0.0,0.0,0.0
MCH7926,,,1,19465.07,19465.07,0,0,0,0,0,0.0,0.0,0.0
MCH7931,,,1,0.0,,0,0,0,0,0,0.0,0.0,0.0
MCH7940,,,1,20826.61,20826.61,0,0,0,0,0,0.0,0.0,0.0
MCH7942,Parmar-Oza,MEDICAL_STORE,1,20949.33,20949.33,0,0,0,0,0,0.0,0.0,0.0
MCH7943,Chaudhary-Rana,PHARMACY,1,14932.91,14932.91,0,0,0,0,0,0.0,0.0,0.0
MCH7949,Vohra-Chaudhary,TRANSPORT,1,0.0,,0,0,0,0,0,0.0,0.0,0.0
MCH7957,Keer-Khalsa,RETAIL,1,20576.37,20576.37,0,0,0,0,0,0.0,0.0,0.0
MCH7961,,,1,0.0,,0,0,0,0,0,0.0,0.0,0.0
MCH7965,  Magar-Kant  ,DEPARTMENT STORE,1,22226.13,22226.13,0,0,0,0,0,0.0,0.0,0.0
MCH7968,,,1,-11589.95,-11589.95,0,0,0,0,0,0.0,0.0,0.0
MCH7971,,,1,15949.18,15949.18,0,0,0,0,0,0.0,0.0,0.0
MCH7973,"Dhar, Som and Mane",HOTEL_LODGING,1,24705.21,24705.21,0,0,0,0,0,0.0,0.0,0.0
MCH7976,,,1,0.0,,0,0,0,0,0,0.0,0.0,0.0
MCH7981,"  Singhal, Manne and Ray  ",APPAREL,1,4338.36,4338.36,0,0,0,0,0,0.0,0.0,0.0
MCH7987,Mangat-Sundaram,MEDICAL,1,12126.62,12126.62,0,0,0,0,0,0.0,0.0,0.0
MCH7996,Bhargava LLC,MEDICAL,1,0.0,,0,0,0,0,0,0.0,0.0,0.0
MCH7999,,,1,20479.49,20479.49,0,0,0,0,0,0.0,0.0,0.0
MCH8005,"  Kumar, Ahluwalia and Thaman  ",TRANSPORT,1,13330.39,13330.39,0,0,0,0,0,0.0,0.0,0.0
MCH8007,Chaudhari Inc,APPAREL,1,23916.94,23916.94,0,0,0,0,0,0.0,0.0,0.0
MCH8011,,,1,21203.89,21203.89,0,0,0,0,0,0.0,0.0,0.0
MCH8015,,,1,6559.73,6559.73,0,0,0,0,0,0.0,0.0,0.0
MCH8016,,,1,7887.81,7887.81,0,0,0,0,0,0.0,0.0,0.0
MCH8018,Lad PLC,GROCERY,1,1291.83,1291.83,0,0,0,0,0,0.0,0.0,0.0
MCH8019,Chaudhry-Naidu,BOOKS,1,21652.94,21652.94,0,0,0,0,0,0.0,0.0,0.0
MCH8025,"Karnik, Hayer and Khalsa",PHONE SERVICE,1,-9492.74,-9492.74,0,0,0,0,0,0.0,0.0,0.0
MCH8030,,,1,3971.82,3971.82,0,0,0,0,0,0.0,0.0,0.0
MCH8035,"Munshi, Mani and Taneja",MISC_RETAIL,1,0.0,,0,0,0,0,0,0.0,0.0,0.0
MCH8037,Hans LLC,HOTEL_LODGING,1,1094.48,1094.48,0,0,0,0,0,0.0,0.0,0.0
MCH8038,"sane, bir and singhal",DEPARTMENT STORE,1,0.0,,0,0,0,0,0,0.0,0.0,0.0
MCH8040,,,1,7115.75,7115.75,0,0,0,0,0,0.0,0.0,0.0
MCH8042,,,1,23358.26,23358.26,0,0,0,0,0,0.0,0.0,0.0
MCH8048,"kaul, master and deo",MOBILE RECHARGE,1,-3510.21,-3510.21,0,0,0,0,0,0.0,0.0,0.0
MCH8050,,,1,0.0,,0,0,0,0,0,0.0,0.0,0.0
MCH8056,"Pai, Doshi and Nath",TELECOM,1,7245.67,7245.67,0,0,0,0,0,0.0,0.0,0.0
MCH8065,Gandhi-Shanker,TRANSPORT,1,7149.83,7149.83,0,0,0,1,0,0.0,0.0,0.0
MCH8067,,,1,9554.67,9554.67,0,0,0,0,0,0.0,0.0,0.0
MCH8072,,,1,14770.04,14770.04,0,0,0,0,0,0.0,0.0,0.0
MCH8088,,,1,7897.53,7897.53,0,0,0,0,0,0.0,0.0,0.0
MCH8092,,,1,21708.1,21708.1,0,0,0,0,0,0.0,0.0,0.0
MCH8097,,,1,13055.99,13055.99,0,0,0,0,0,0.0,0.0,0.0
MCH8104,CHACKO GROUP,HOTEL_LODGING,1,11746.66,11746.66,0,0,0,0,0,0.0,0.0,0.0
MCH8105,,,1,738.98,738.98,0,0,0,0,0,0.0,0.0,0.0
MCH8106,,,1,8665.62,8665.62,0,0,0,0,0,0.0,0.0,0.0
MCH8108,,,1,13858.91,13858.91,0,0,0,0,0,0.0,0.0,0.0
MCH8111,,,1,7880.36,7880.36,0,0,0,0,0,0.0,0.0,0.0
MCH8113,,,1,4696.33,4696.33,0,0,0,0,0,0.0,0.0,0.0
MCH8118,,,1,3508.28,3508.28,0,0,0,0,0,0.0,0.0,0.0
MCH8124,,,1,3322.39,3322.39,0,0,0,0,0,0.0,0.0,0.0
MCH8127,,,1,927.67,927.67,0,0,0,0,0,0.0,0.0,0.0
MCH8131,Sekhon-Agrawal,OTHER,1,23872.69,23872.69,0,0,0,0,0,0.0,0.0,0.0
MCH8143,,,1,20691.25,20691.25,0,0,0,0,0,0.0,0.0,0.0
MCH8144,,,1,9317.95,9317.95,0,0,0,0,0,0.0,0.0,0.0
MCH8150,Hegde-Doctor,PHARMACY,1,2571.87,2571.87,0,0,0,0,0,0.0,0.0,0.0
MCH8152,chaudhari plc,PHARMACY,1,0.0,,0,0,0,0,0,0.0,0.0,0.0
MCH8158,,,1,23450.32,23450.32,0,0,0,0,0,0.0,0.0,0.0
MCH8174,"banerjee, brahmbhatt and dave",HOTEL_LODGING,1,0.0,,0,0,0,0,0,0.0,0.0,0.0
MCH8175,,,1,24887.14,24887.14,0,0,0,0,0,0.0,0.0,0.0
MCH8179,,,1,11599.88,11599.88,0,0,0,0,0,0.0,0.0,0.0
MCH8182,,,1,24285.33,24285.33,0,0,0,0,0,0.0,0.0,0.0
MCH8184,,,1,119.3,119.3,0,0,0,0,0,0.0,0.0,0.0
MCH8191,,,1,6446.89,6446.89,0,0,0,0,0,0.0,0.0,0.0
MCH8196,,,1,15468.44,15468.44,0,0,0,0,0,0.0,0.0,0.0
MCH8201,,,1,0.0,,0,0,0,0,0,0.0,0.0,0.0
MCH8205,,,1,13264.96,13264.96,0,0,0,0,0,0.0,0.0,0.0
MCH8209,Pai-Gokhale,RETAIL,1,13960.21,13960.21,0,0,0,0,0,0.0,0.0,0.0
MCH8210,"Dave, Bath and Cherian",TRAVEL,1,23562.02,23562.02,0,0,0,0,0,0.0,0.0,0.0
MCH8212,Taneja Ltd,DEPARTMENT STORE,1,18458.09,18458.09,0,0,0,0,0,0.0,0.0,0.0
MCH8218,,,1,22431.42,22431.42,0,0,0,0,0,0.0,0.0,0.0
MCH8219,Devi Group,MOBILE RECHARGE,1,0.0,,0,0,0,0,0,0.0,0.0,0.0
MCH8221,Kala-Bajaj,BOOKS,1,4081.27,4081.27,0,0,0,1,0,0.0,0.0,0.0
MCH8223,,,1,5759.51,5759.51,0,0,0,0,0,0.0,0.0,0.0
MCH8229,,,1,20258.38,20258.38,0,0,0,0,0,0.0,0.0,0.0
MCH8230,,,1,22736.64,22736.64,0,0,0,0,0,0.0,0.0,0.0
MCH8234,,,1,5119.11,5119.11,0,0,0,0,0,0.0,0.0,0.0
MCH8238,"Lala, Seth and Tak",APPAREL,1,732.51,732.51,0,0,0,0,0,0.0,0.0,0.0
MCH8239,"Brahmbhatt, 0ak and Dhar",GROCERY,1,21164.9,21164.9,0,0,0,0,0,0.0,0.0,0.0
MCH8245,"Dhillon, Saran and Kalita",HOTEL_LODGING,1,11138.54,11138.54,0,0,0,0,0,0.0,0.0,0.0
MCH8264,"Hayer, Pant and Suresh",TRANSPORT,1,16972.61,16972.61,0,0,0,0,0,0.0,0.0,0.0
MCH8272,  Bava and Sons  ,DEPARTMENT STORE,1,0.0,,0,0,0,0,0,0.0,0.0,0.0
MCH8280,,,1,13279.77,13279.77,0,0,0,0,0,0.0,0.0,0.0
MCH8284,,,1,293.73,293.73,0,0,0,0,0,0.0,0.0,0.0
MCH8285,,,1,5945.7,5945.7,0,0,0,0,0,0.0,0.0,0.0
MCH8286,"Chadha, Chaudhari and Edwin",MEDICAL_STORE,1,21510.15,21510.15,0,0,0,0,0,0.0,0.0,0.0
MCH8290,,,1,5851.18,5851.18,0,0,0,0,0,0.0,0.0,0.0
MCH8310,Chakraborty Ltd,TRAVEL,1,17258.93,17258.93,0,0,0,0,0,0.0,0.0,0.0
MCH8311,,,1,16302.82,16302.82,0,0,0,0,0,0.0,0.0,0.0
MCH8315,,,1,6384.63,6384.63,0,0,0,0,0,0.0,0.0,0.0
MCH8341,Jha Ltd,TELECOM,1,17769.57,17769.57,0,0,0,0,0,0.0,0.0,0.0
MCH8342,,,1,19428.46,19428.46,0,0,0,0,0,0.0,0.0,0.0
MCH8346,  Sawhney-Pillai  ,APPAREL,1,12171.86,12171.86,0,0,0,0,0,0.0,0.0,0.0
MCH8349,,,1,16357.67,16357.67,0,0,0,0,0,0.0,0.0,0.0
MCH8363,Salvi Group,HOTEL_LODGING,1,12429.12,12429.12,0,0,0,0,0,0.0,0.0,0.0
MCH8367,,,1,3718.15,3718.15,0,0,0,0,0,0.0,0.0,0.0
MCH8368,,,1,19643.43,19643.43,0,0,0,0,0,0.0,0.0,0.0
MCH8372,Parsa-Chokshi,TELECOM,1,19872.29,19872.29,0,0,0,0,0,0.0,0.0,0.0
MCH8373,,,1,21783.21,21783.21,0,0,0,0,0,0.0,0.0,0.0
MCH8376,,,1,8119.42,8119.42,0,0,0,0,0,0.0,0.0,0.0
MCH8382,,,1,14757.01,14757.01,0,0,0,0,0,0.0,0.0,0.0
MCH8385,Thaker-Hegde,FOOD_SERVICES,1,10890.38,10890.38,0,0,0,0,0,0.0,0.0,0.0
MCH8386,,,1,13901.21,13901.21,0,0,0,0,0,0.0,0.0,0.0
MCH8388,,,1,14840.6,14840.6,0,0,0,0,0,0.0,0.0,0.0
MCH8390,"Thakkar, Babu and Nagi",TRANSPORT,1,21728.79,21728.79,0,0,0,0,0,0.0,0.0,0.0
MCH8392,,,1,644.41,644.41,0,0,0,0,0,0.0,0.0,0.0
MCH8408,,,1,0.0,,0,0,0,0,0,0.0,0.0,0.0
MCH8412,Sachdeva-Mutti,DEPARTMENT STORE,1,18266.85,18266.85,0,0,0,0,0,0.0,0.0,0.0
MCH8417,Bhalla-Batta,DEPARTMENT STORE,1,13413.38,13413.38,0,0,0,0,0,0.0,0.0,0.0
MCH8419,Nigam Inc,PHONE SERVICE,1,21239.45,21239.45,0,0,0,0,0,0.0,0.0,0.0
MCH8432,Lad Inc,BOOKS,1,14645.5,14645.5,0,0,0,0,0,0.0,0.0,0.0
MCH8435,Bajwa-Sandhu,APPAREL,1,0.0,,0,0,0,0,0,0.0,0.0,0.0
MCH8440,,,1,8367.72,8367.72,0,0,0,0,0,0.0,0.0,0.0
MCH8442,,,1,3757.78,3757.78,0,0,0,0,0,0.0,0.0,0.0
MCH8449,Vaidya-Gulati,FOOD_SERVICES,1,23155.56,23155.56,0,0,0,0,0,0.0,0.0,0.0
MCH8458,,,1,20188.87,20188.87,0,0,0,0,0,0.0,0.0,0.0
MCH8461,,,1,8630.6,8630.6,0,0,0,0,0,0.0,0.0,0.0
MCH8467,"Tara, Nagi and Keer",GROCERY,1,3180.55,3180.55,0,0,0,0,0,0.0,0.0,0.0
MCH8479,,,1,24044.44,24044.44,0,0,0,0,0,0.0,0.0,0.0
MCH8483,,,1,10890.55,10890.55,0,0,0,0,0,0.0,0.0,0.0
MCH8486,,,1,13804.93,13804.93,0,0,0,0,0,0.0,0.0,0.0
MCH8489,Mand and Sons,HOTEL_LODGING,1,18977.54,18977.54,0,0,0,0,0,0.0,0.0,0.0
MCH8490,SEKHON-CHADHA,APPAREL,1,-18301.88,-18301.88,0,0,0,0,0,0.0,0.0,0.0
MCH8508,"Iyengar,GillandTella",OTHER,1,19242.31,19242.31,0,0,0,0,0,0.0,0.0,0.0
MCH8523,,,1,16279.77,16279.77,0,0,0,0,0,0.0,0.0,0.0
MCH8524,,,1,10788.23,10788.23,0,0,0,0,0,0.0,0.0,0.0
MCH8528,,,1,11835.52,11835.52,0,0,0,0,0,0.0,0.0,0.0
MCH8533,,,1,5617.33,5617.33,0,0,0,0,0,0.0,0.0,0.0
MCH8537,Sunder LLC,TRAVEL,1,4146.34,4146.34,0,0,0,0,0,0.0,0.0,0.0
MCH8544,,,1,0.0,,0,0,0,0,0,0.0,0.0,0.0
MCH8548,Karpe Ltd,FOOD_SERVICES,1,4019.96,4019.96,0,0,0,0,0,0.0,0.0,0.0
MCH8552,,,1,15483.13,15483.13,0,0,0,0,0,0.0,0.0,0.0
MCH8572,"Sheth,SethandKulkarni",PHONE SERVICE,1,10162.81,10162.81,0,0,0,0,0,0.0,0.0,0.0
MCH8573,,,1,16528.75,16528.75,0,0,0,0,0,0.0,0.0,0.0
MCH8578,Bhatt LLC,TRANSPORT,1,599.64,599.64,0,0,0,1,0,0.0,0.0,0.0
MCH8597,Hayre-Badami,FOOD_SERVICES,1,3501.62,3501.62,0,0,0,0,0,0.0,0.0,0.0
MCH8602,Raghavan-Ah1uwa1ia,GROCERY,1,14828.69,14828.69,0,0,0,0,0,0.0,0.0,0.0
MCH8605,,,1,1784.98,1784.98,0,0,0,0,0,0.0,0.0,0.0
MCH8606,Prabhakar Ltd,BOOKS,1,16722.14,16722.14,0,0,0,0,0,0.0,0.0,0.0
MCH8607,"Wali,ManeandThakur",APPAREL,1,17196.17,17196.17,0,0,0,0,0,0.0,0.0,0.0
MCH8608,,,1,3414.33,3414.33,0,0,0,0,0,0.0,0.0,0.0
MCH8609,,,1,21362.19,21362.19,0,0,0,0,0,0.0,0.0,0.0
MCH8623,,,1,22683.17,22683.17,0,0,0,0,0,0.0,0.0,0.0
MCH8625,,,1,5743.17,5743.17,0,0,0,0,0,0.0,0.0,0.0
MCH8631,Chaudhari-Chhabra,APPAREL,1,16046.94,16046.94,0,0,0,0,0,0.0,0.0,0.0
MCH8632,"Koshy, Suri and Dey",FOOD_SERVICES,1,23535.87,23535.87,0,0,0,0,0,0.0,0.0,0.0
MCH8633,  Pillai-Lata  ,MEDICAL,1,17530.43,17530.43,0,0,0,0,0,0.0,0.0,0.0
MCH8634,Palla-Brar,MEDICAL,1,20176.07,20176.07,0,0,0,0,0,0.0,0.0,0.0
MCH8639,"SODHI, KALA AND RAMASWAMY",GROCERY,1,702.86,702.86,0,0,0,0,0,0.0,0.0,0.0
MCH8641,Rai and Sons,TRAVEL,1,0.0,,0,0,0,0,0,0.0,0.0,0.0
MCH8647,,,1,12459.91,12459.91,0,0,0,0,0,0.0,0.0,0.0
MCH8650,Konda Ltd,MISC_RETAIL,1,20129.28,20129.28,0,0,0,0,0,0.0,0.0,0.0
MCH8653,,,1,18772.25,18772.25,0,0,0,0,0,0.0,0.0,0.0
MCH8654,"Deshpande, Comar and Pandya",PHONE SERVICE,1,9893.27,9893.27,0,0,0,0,0,0.0,0.0,0.0
MCH8660,"Ben, Guha and Sabharwa1",FOOD_SERVICES,1,2662.19,2662.19,0,0,0,0,0,0.0,0.0,0.0
MCH8664,,,1,20043.05,20043.05,0,0,0,0,0,0.0,0.0,0.0
MCH8665,,,1,21288.6,21288.6,0,0,0,0,0,0.0,0.0,0.0
MCH8666,,,1,4821.05,4821.05,0,0,0,0,0,0.0,0.0,0.0
MCH8670,,,1,22229.09,22229.09,0,0,0,0,0,0.0,0.0,0.0
MCH8673,Goswami and Sons,FOOD_SERVICES,1,7656.85,7656.85,0,0,0,0,0,0.0,0.0,0.0
MCH8677,,,1,20865.95,20865.95,0,0,0,0,0,0.0,0.0,0.0
MCH8678,Dani-Talwar,HOTEL_LODGING,1,8358.59,8358.59,0,0,0,0,0,0.0,0.0,0.0
MCH8682,,,1,22165.87,22165.87,0,0,0,0,0,0.0,0.0,0.0
MCH8694,,,1,18962.51,18962.51,0,0,0,0,0,0.0,0.0,0.0
MCH8718,  Chaudhari-Bhalla  ,FOOD_SERVICES,1,21478.35,21478.35,0,0,0,0,0,0.0,0.0,0.0
MCH8719,kala llc,DEPARTMENT STORE,1,4164.07,4164.07,0,0,0,0,0,0.0,0.0,0.0
MCH8729,"Chowdhury, Krishnamurthy and Parekh",STATIONERY,1,0.0,,0,0,0,0,0,0.0,0.0,0.0
MCH8737,,,1,14648.6,14648.6,0,0,0,0,0,0.0,0.0,0.0
MCH8738,,,1,22261.65,22261.65,0,0,0,0,0,0.0,0.0,0.0
MCH8741,Swaminathan-Kakar,TELECOM,1,24544.37,24544.37,0,0,0,0,0,0.0,0.0,0.0
MCH8748,,,1,0.0,,0,0,0,0,0,0.0,0.0,0.0
MCH8766,Shanker Ltd,MEDICAL_STORE,1,8233.28,8233.28,0,0,0,0,0,0.0,0.0,0.0
MCH8767,Golla Group,APPAREL,1,6326.62,6326.62,0,0,0,0,0,0.0,0.0,0.0
MCH8768,"GARDE, MOHAN AND SRIDHAR",DEPARTMENT STORE,1,-9828.38,-9828.38,0,0,0,1,0,0.0,0.0,0.0
MCH8772,,,1,8756.67,8756.67,0,0,0,0,0,0.0,0.0,0.0
MCH8773,,,1,19165.21,19165.21,0,0,0,0,0,0.0,0.0,0.0
MCH8780,,,1,7700.66,7700.66,0,0,0,0,0,0.0,0.0,0.0
MCH8781,Gade PLC,PHARMACY,1,15243.01,15243.01,0,0,0,0,0,0.0,0.0,0.0
MCH8783,,,1,5403.12,5403.12,0,0,0,0,0,0.0,0.0,0.0
MCH8790,Thaman-Singh,PHARMACY,1,20724.14,20724.14,0,0,0,0,0,0.0,0.0,0.0
MCH8791,,,1,21697.03,21697.03,0,0,0,0,0,0.0,0.0,0.0
MCH8794,"Mandal, Dalal and Sane",TRANSPORT,1,5539.54,5539.54,0,0,0,0,0,0.0,0.0,0.0
MCH8798,"Taneja, Maharaj and Sa1vi",STATIONERY,1,20313.72,20313.72,0,0,0,1,0,0.0,0.0,0.0
MCH8801,BEDI INC,PHARMACY,1,-164.53,-164.53,0,0,0,0,0,0.0,0.0,0.0
MCH8802,,,1,14211.03,14211.03,0,0,0,0,0,0.0,0.0,0.0
MCH8803,,,1,4252.26,4252.26,0,0,0,0,0,0.0,0.0,0.0
MCH8817,,,1,17116.77,17116.77,0,0,0,0,0,0.0,0.0,0.0
MCH8821,MUKHOPADHYAY-CHERIAN,FOOD_SERVICES,1,10341.28,10341.28,0,0,0,0,0,0.0,0.0,0.0
MCH8827,,,1,-12336.68,-12336.68,0,0,0,0,0,0.0,0.0,0.0
MCH8828,RANGANATHAN AND SONS,TRAVEL,1,11873.45,11873.45,0,0,0,0,0,0.0,0.0,0.0
MCH8837,,,1,3037.67,3037.67,0,0,0,0,0,0.0,0.0,0.0
MCH8839,,,1,0.0,,0,0,0,0,0,0.0,0.0,0.0
MCH8843,,,1,1523.2,1523.2,0,0,0,0,0,0.0,0.0,0.0
MCH8848,,,1,265.0,265.0,0,0,0,0,0,0.0,0.0,0.0
MCH8852,Bali-Hora,PHARMACY,1,12726.82,12726.82,0,0,0,0,0,0.0,0.0,0.0
MCH8853,,,1,14958.87,14958.87,0,0,0,0,0,0.0,0.0,0.0
MCH8854,Kohli-Aurora,TRANSPORT,1,15158.37,15158.37,0,0,0,0,0,0.0,0.0,0.0
MCH8860,,,1,21306.02,21306.02,0,0,0,0,0,0.0,0.0,0.0
MCH8868,,,1,14768.84,14768.84,0,0,0,0,0,0.0,0.0,0.0
MCH8874,,,1,16809.85,16809.85,0,0,0,0,0,0.0,0.0,0.0
MCH8878,  Kashyap-Behl  ,HOTEL_LODGING,1,-24534.77,-24534.77,0,0,0,0,0,0.0,0.0,0.0
MCH8893,Anand-Dada,GROCERY,1,19322.51,19322.51,0,0,0,0,0,0.0,0.0,0.0
MCH8899,bedi and sons,APPAREL,1,22069.72,22069.72,0,0,0,1,0,0.0,0.0,0.0
MCH8901,  Raghavan-Bhavsar  ,PHARMACY,1,16246.82,16246.82,0,0,0,0,0,0.0,0.0,0.0
MCH8907,,,1,19231.56,19231.56,0,0,0,0,0,0.0,0.0,0.0
MCH8927,RAJ-KALA,OTHER,1,2171.25,2171.25,0,0,0,0,0,0.0,0.0,0.0
MCH8932,"Venkatesh, Nayak and Ravel",OTHER,1,962.91,962.91,0,0,0,0,0,0.0,0.0,0.0
MCH8937,"Mand, Bhatt and Pathak",HOTEL_LODGING,1,0.0,,0,0,0,0,0,0.0,0.0,0.0
MCH8940,,,1,21812.85,21812.85,0,0,0,0,0,0.0,0.0,0.0
MCH8942,,,1,12764.28,12764.28,0,0,0,0,0,0.0,0.0,0.0
MCH8947,,,1,13727.98,13727.98,0,0,0,0,0,0.0,0.0,0.0
MCH8952,"varghese, korpal and dora",MEDICAL,1,22599.79,22599.79,0,0,0,0,0,0.0,0.0,0.0
MCH8958,Verma-Biswas,APPAREL,1,258.0,258.0,0,0,0,0,0,0.0,0.0,0.0
MCH8959,,,1,3949.32,3949.32,0,0,0,0,0,0.0,0.0,0.0
MCH8969,,,1,0.0,,0,0,0,0,0,0.0,0.0,0.0
MCH8971,,,1,4115.0,4115.0,0,0,0,0,0,0.0,0.0,0.0
MCH8974,"Shukla, Gaba and Sani",PHARMACY,1,17070.64,17070.64,0,0,0,0,0,0.0,0.0,0.0
MCH8977,,,1,2981.39,2981.39,0,0,0,0,0,0.0,0.0,0.0
MCH8978,TalwarandSons,STATIONERY,1,6032.5,6032.5,0,0,0,0,0,0.0,0.0,0.0
MCH8979,,,1,0.0,,0,0,0,0,0,0.0,0.0,0.0
MCH8987,Mander LLC,STATIONERY,1,3185.14,3185.14,0,0,0,0,0,0.0,0.0,0.0
MCH8996,Bala-Bhalla,OTHER,1,12594.39,12594.39,0,0,0,0,0,0.0,0.0,0.0
MCH9006,Chopra-Sandhu,APPAREL,1,0.0,,0,0,0,0,0,0.0,0.0,0.0
MCH9017,,,1,15677.43,15677.43,0,0,0,0,0,0.0,0.0,0.0
MCH9018,TAK PLC,MISC_RETAIL,1,17989.56,17989.56,0,0,0,0,0,0.0,0.0,0.0
MCH9020,,,1,15147.93,15147.93,0,0,0,0,0,0.0,0.0,0.0
MCH9027,"Dani, Soni and Nagy",HOTEL_LODGING,1,11637.29,11637.29,0,0,0,0,0,0.0,0.0,0.0
MCH9031,,,1,13771.76,13771.76,0,0,0,0,0,0.0,0.0,0.0
MCH9032,Johal-Vaidya,DEPARTMENT STORE,1,20766.28,20766.28,0,0,0,0,0,0.0,0.0,0.0
MCH9054,,,1,9952.99,9952.99,0,0,0,0,0,0.0,0.0,0.0
MCH9055,,,1,10662.76,10662.76,0,0,0,0,0,0.0,0.0,0.0
MCH9058,,,1,1235.85,1235.85,0,0,0,0,0,0.0,0.0,0.0
MCH9062,,,1,0.0,,0,0,0,0,0,0.0,0.0,0.0
MCH9066,,,1,350.86,350.86,0,0,0,0,0,0.0,0.0,0.0
MCH9067,Korpal-Som,TELECOM,1,18797.44,18797.44,0,0,0,1,0,0.0,0.0,0.0
MCH9071,,,1,16085.77,16085.77,0,0,0,0,0,0.0,0.0,0.0
MCH9085,,,1,12732.74,12732.74,0,0,0,0,0,0.0,0.0,0.0
MCH9087,,,1,9354.73,9354.73,0,0,0,0,0,0.0,0.0,0.0
MCH9089,,,1,18805.34,18805.34,0,0,0,0,0,0.0,0.0,0.0
MCH9092,Mall-Deshpande,HOTEL_LODGING,1,0.0,,0,0,0,1,0,0.0,0.0,0.0
MCH9094,"YADAV, ZACHARIA AND DUTT",PHARMACY,1,14760.43,14760.43,0,0,0,0,0,0.0,0.0,0.0
MCH9098,Manda and Sons,FOOD_SERVICES,1,0.0,,0,0,0,0,0,0.0,0.0,0.0
MCH9106,,,1,14371.83,14371.83,0,0,0,0,0,0.0,0.0,0.0
MCH9110,Barad LLC,HOTEL_LODGING,1,6233.01,6233.01,0,0,0,0,0,0.0,0.0,0.0
MCH9113,,,1,8086.84,8086.84,0,0,0,0,0,0.0,0.0,0.0
MCH9118,,,1,13173.95,13173.95,0,0,0,0,0,0.0,0.0,0.0
MCH9127,,,1,163.15,163.15,0,0,0,0,0,0.0,0.0,0.0
MCH9130,Chhabra LLC,FOOD_SERVICES,1,7428.33,7428.33,0,0,0,0,0,0.0,0.0,0.0
MCH9138,,,1,2527.81,2527.81,0,0,0,0,0,0.0,0.0,0.0
MCH9142,,,1,8898.26,8898.26,0,0,0,0,0,0.0,0.0,0.0
MCH9145,CHAD-KARPE,APPAREL,1,24944.63,24944.63,0,0,0,0,0,0.0,0.0,0.0
MCH9153,,,1,0.0,,0,0,0,0,0,0.0,0.0,0.0
MCH9157,,,1,6701.68,6701.68,0,0,0,0,0,0.0,0.0,0.0
MCH9161,Patla Group,RETAIL,1,10615.48,10615.48,0,0,0,0,0,0.0,0.0,0.0
MCH9167,,,1,21066.28,21066.28,0,0,0,0,0,0.0,0.0,0.0
MCH9168,,,1,24798.25,24798.25,0,0,0,0,0,0.0,0.0,0.0
MCH9180,,,1,313.74,313.74,0,0,0,0,0,0.0,0.0,0.0
MCH9182,,,1,11686.85,11686.85,0,0,0,0,0,0.0,0.0,0.0
MCH9198,,,1,0.0,,0,0,0,0,0,0.0,0.0,0.0
MCH9202,,,1,20865.95,20865.95,0,0,0,0,0,0.0,0.0,0.0
MCH9206,,,1,15292.17,15292.17,0,0,0,0,0,0.0,0.0,0.0
MCH9210,,,1,2900.72,2900.72,0,0,0,0,0,0.0,0.0,0.0
MCH9217,,,1,2537.06,2537.06,0,0,0,0,0,0.0,0.0,0.0
MCH9218,,,1,13276.17,13276.17,0,0,0,0,0,0.0,0.0,0.0
MCH9222,,,1,10502.54,10502.54,0,0,0,0,0,0.0,0.0,0.0
MCH9223,D’Alia-Hans,APPAREL,1,0.0,,0,0,0,0,0,0.0,0.0,0.0
MCH9225,,,1,0.0,,0,0,0,0,0,0.0,0.0,0.0
MCH9233,,,1,24456.95,24456.95,0,0,0,0,0,0.0,0.0,0.0
MCH9235,,,1,7287.82,7287.82,0,0,0,0,0,0.0,0.0,0.0
MCH9239,BALAKRISHNAN-DAS,GROCERY,1,5022.11,5022.11,0,0,0,0,0,0.0,0.0,0.0
MCH9241,,,1,4287.91,4287.91,0,0,0,0,0,0.0,0.0,0.0
MCH9247,,,1,8537.7,8537.7,0,0,0,0,0,0.0,0.0,0.0
MCH9250,,,1,4065.4,4065.4,0,0,0,0,0,0.0,0.0,0.0
MCH9251,"Venkatesh, Randhawa and Lal",TRANSPORT,1,9732.63,9732.63,0,0,0,0,0,0.0,0.0,0.0
MCH9256,,,1,20047.99,20047.99,0,0,0,0,0,0.0,0.0,0.0
MCH9259,,,1,15194.51,15194.51,0,0,0,0,0,0.0,0.0,0.0
MCH9270,,,1,-12715.07,-12715.07,0,0,0,0,0,0.0,0.0,0.0
MCH9277,Pa1-R0ut,STATIONERY,1,13799.23,13799.23,0,0,0,0,0,0.0,0.0,0.0
MCH9278,Pant PLC,STATIONERY,1,5490.19,5490.19,0,0,0,0,0,0.0,0.0,0.0
MCH9281,,,1,0.0,,0,0,0,0,0,0.0,0.0,0.0
MCH9285,,,1,16954.73,16954.73,0,0,0,0,0,0.0,0.0,0.0
MCH9286,,,1,18409.63,18409.63,0,0,0,0,0,0.0,0.0,0.0
MCH9298,Jain Ltd,BOOKS,1,7192.19,7192.19,0,0,0,0,0,0.0,0.0,0.0
MCH9301,,,1,6493.63,6493.63,0,0,0,0,0,0.0,0.0,0.0
MCH9302,Savant-Dave,DEPARTMENT STORE,1,0.0,,0,0,0,0,0,0.0,0.0,0.0
MCH9303,,,1,18883.36,18883.36,0,0,0,0,0,0.0,0.0,0.0
MCH9310,Ganguly-Tella,HOTEL_LODGING,1,6512.68,6512.68,0,0,0,0,0,0.0,0.0,0.0
MCH9313,,,1,1874.73,1874.73,0,0,0,0,0,0.0,0.0,0.0
MCH9318,,,1,23268.47,23268.47,0,0,0,0,0,0.0,0.0,0.0
MCH9319,LadInc,APPAREL,1,21206.6,21206.6,0,0,0,0,0,0.0,0.0,0.0
MCH9321,,,1,7969.22,7969.22,0,0,0,0,0,0.0,0.0,0.0
MCH9323,,,1,12316.13,12316.13,0,0,0,0,0,0.0,0.0,0.0
MCH9326,,,1,11723.65,11723.65,0,0,0,0,0,0.0,0.0,0.0
MCH9336,,,1,0.0,,0,0,0,0,0,0.0,0.0,0.0
MCH9345,Mahal Inc,TELECOM,1,11767.92,11767.92,0,0,0,0,0,0.0,0.0,0.0
MCH9346,,,1,17855.84,17855.84,0,0,0,0,0,0.0,0.0,0.0
MCH9363,  Mannan Group  ,TRANSPORT,1,-17108.98,-17108.98,0,0,0,0,0,0.0,0.0,0.0
MCH9377,"Badal, Mitter and Mitter",MEDICAL,1,4032.28,4032.28,0,0,0,0,0,0.0,0.0,0.0
MCH9385,"Ray, Gu1ati and Gi11",TELECOM,1,0.0,,0,0,0,0,0,0.0,0.0,0.0
MCH9386,Shankar Ltd,TRANSPORT,1,5861.88,5861.88,0,0,0,0,0,0.0,0.0,0.0
MCH9394,Pal-Taneja,MOBILE RECHARGE,1,0.0,,0,0,0,0,0,0.0,0.0,0.0
MCH9398,"Soman, Murthy and Mangat",GROCERY,1,15203.63,15203.63,0,0,0,0,0,0.0,0.0,0.0
MCH9401,Ravi LLC,HOTEL_LODGING,1,24443.31,24443.31,0,0,0,0,0,0.0,0.0,0.0
MCH9402,Vyas-Nath,FOOD_SERVICES,1,8263.81,8263.81,0,0,0,0,0,0.0,0.0,0.0
MCH9404,BARAL AND SONS,TRAVEL,1,6069.34,6069.34,0,0,0,0,0,0.0,0.0,0.0
MCH9406,Randhawa and Sons,FOOD_SERVICES,1,14303.85,14303.85,0,0,0,0,0,0.0,0.0,0.0
MCH9407,,,1,0.0,,0,0,0,0,0,0.0,0.0,0.0
MCH9417,,,1,9776.93,9776.93,0,0,0,0,0,0.0,0.0,0.0
MCH9419,,,1,19692.15,19692.15,0,0,0,0,0,0.0,0.0,0.0
MCH9429,"Sachar, Borra and Raj",TELECOM,1,10273.4,10273.4,0,0,0,0,0,0.0,0.0,0.0
MCH9434,Srinivasan-Savant,FOOD_SERVICES,1,0.0,,0,0,0,0,0,0.0,0.0,0.0
MCH9438,,,1,14547.22,14547.22,0,0,0,0,0,0.0,0.0,0.0
MCH9440,Ratti LLC,RETAIL,1,23317.72,23317.72,0,0,0,0,0,0.0,0.0,0.0
MCH9450,"Bahl, Varughese and Char",TELECOM,1,23180.17,23180.17,0,0,0,0,0,0.0,0.0,0.0
MCH9452,Kapoor-Kara,OTHER,1,13647.12,13647.12,0,0,0,0,0,0.0,0.0,0.0
MCH9454,,,1,0.0,,0,0,0,0,0,0.0,0.0,0.0
MCH9460,"Oza, Balakrishnan and Kapoor",STATIONERY,1,17066.49,17066.49,0,0,0,0,0,0.0,0.0,0.0
MCH9464,,,1,23869.29,23869.29,0,0,0,0,0,0.0,0.0,0.0
MCH9470,,,1,19793.09,19793.09,0,0,0,0,0,0.0,0.0,0.0
MCH9482,"Vasa, Chada and Iyengar",GROCERY,1,0.0,,0,0,0,0,0,0.0,0.0,0.0
MCH9485,,,1,8396.88,8396.88,0,0,0,0,0,0.0,0.0,0.0
MCH9487,,,1,0.0,,0,0,0,0,0,0.0,0.0,0.0
MCH9489,Badal-Sankaran,TRANSPORT,1,13167.63,13167.63,0,0,0,0,0,0.0,0.0,0.0
MCH9491,,,1,7583.61,7583.61,0,0,0,0,0,0.0,0.0,0.0
MCH9498,,,1,2064.22,2064.22,0,0,0,0,0,0.0,0.0,0.0
MCH9502,VYAS-HAYRE,BOOKS,1,0.0,,0,0,0,0,0,0.0,0.0,0.0
MCH9510,Warri0r-Thakkar,TRANSPORT,1,3171.88,3171.88,0,0,0,0,0,0.0,0.0,0.0
MCH9511,,,1,4582.5,4582.5,0,0,0,0,0,0.0,0.0,0.0
MCH9512,,,1,5768.11,5768.11,0,0,0,0,0,0.0,0.0,0.0
MCH9519,Shere-Banik,APPAREL,1,21387.96,21387.96,0,0,0,0,0,0.0,0.0,0.0
MCH9524,,,1,17410.26,17410.26,0,0,0,0,0,0.0,0.0,0.0
MCH9530,B0rah PLC,FOOD_SERVICES,1,17922.77,17922.77,0,0,0,1,0,0.0,0.0,0.0
MCH9540,,,1,14148.13,14148.13,0,0,0,0,0,0.0,0.0,0.0
MCH9543,Khanna-Som,BOOKS,1,6857.88,6857.88,0,0,0,0,0,0.0,0.0,0.0
MCH9552,,,1,20262.14,20262.14,0,0,0,0,0,0.0,0.0,0.0
MCH9554,Kale Ltd,TELECOM,1,9308.34,9308.34,0,0,0,0,0,0.0,0.0,0.0
MCH9566,  Batra-Kaul  ,DEPARTMENT STORE,1,6889.45,6889.45,0,0,0,0,0,0.0,0.0,0.0
MCH9567,"Dar, Gera and Sane",FOOD_SERVICES,1,2112.35,2112.35,0,0,0,0,0,0.0,0.0,0.0
MCH9570,,,1,11483.8,11483.8,0,0,0,0,0,0.0,0.0,0.0
MCH9574,,,1,18486.01,18486.01,0,0,0,0,0,0.0,0.0,0.0
MCH9575,,,1,0.0,,0,0,0,0,0,0.0,0.0,0.0
MCH9582,"Aggarwal, Morar and Vohra",TELECOM,1,152.97,152.97,0,0,0,0,0,0.0,0.0,0.0
MCH9590,,,1,17807.36,17807.36,0,0,0,0,0,0.0,0.0,0.0
MCH9598,,,1,19971.31,19971.31,0,0,0,0,0,0.0,0.0,0.0
MCH9600,,,1,13768.13,13768.13,0,0,0,0,0,0.0,0.0,0.0
MCH9603,,,1,4265.69,4265.69,0,0,0,0,0,0.0,0.0,0.0
MCH9608,,,1,3756.23,3756.23,0,0,0,0,0,0.0,0.0,0.0
MCH9615,,,1,16727.1,16727.1,0,0,0,0,0,0.0,0.0,0.0
MCH9618,,,1,24588.2,24588.2,0,0,0,0,0,0.0,0.0,0.0
MCH9630,,,1,23046.92,23046.92,0,0,0,0,0,0.0,0.0,0.0
MCH9631,,,1,15018.85,15018.85,0,0,0,0,0,0.0,0.0,0.0
MCH9634,,,1,9260.27,9260.27,0,0,0,0,0,0.0,0.0,0.0
MCH9652,,,1,5293.67,5293.67,0,0,0,0,0,0.0,0.0,0.0
MCH9654,Saini-Bath,BOOKS,1,3043.08,3043.08,0,0,0,0,0,0.0,0.0,0.0
MCH9666,,,1,3129.27,3129.27,0,0,0,0,0,0.0,0.0,0.0
MCH9674,,,1,5014.65,5014.65,0,0,0,0,0,0.0,0.0,0.0
MCH9685,,,1,12065.77,12065.77,0,0,0,0,0,0.0,0.0,0.0
MCH9690,Bai1-Sarin,HOTEL_LODGING,1,20641.96,20641.96,0,0,0,0,0,0.0,0.0,0.0
MCH9701,,,1,20246.5,20246.5,0,0,0,0,0,0.0,0.0,0.0
MCH9704,"Maharaj, Sangha and Suresh",GROCERY,1,13448.89,13448.89,0,0,0,0,0,0.0,0.0,0.0
MCH9707,,,1,23727.24,23727.24,0,0,0,0,0,0.0,0.0,0.0
MCH9709,,,1,0.0,,0,0,0,0,0,0.0,0.0,0.0
MCH9710,Trivedi PLC,GROCERY,1,21317.03,21317.03,0,0,0,0,0,0.0,0.0,0.0
MCH9712,,,1,23083.25,23083.25,0,0,0,0,0,0.0,0.0,0.0
MCH9719,,,1,11588.59,11588.59,0,0,0,0,0,0.0,0.0,0.0
MCH9723,,,1,18910.73,18910.73,0,0,0,0,0,0.0,0.0,0.0
MCH9728,"  Dass, Sengupta and Halder  ",GROCERY,1,2173.82,2173.82,0,0,0,0,0,0.0,0.0,0.0
MCH9729,Prabhakar Ltd,FOOD_SERVICES,1,0.0,,0,0,0,0,0,0.0,0.0,0.0
MCH9744,  Walia Inc  ,STATIONERY,1,8086.62,8086.62,0,0,0,1,0,0.0,0.0,0.0
MCH9747,,,1,12137.17,12137.17,0,0,0,0,0,0.0,0.0,0.0
MCH9754,Khanna Group,GROCERY,1,20447.68,20447.68,0,0,0,0,0,0.0,0.0,0.0
MCH9757,Venkataraman-Vig,DEPARTMENT STORE,1,994.4,994.4,0,0,0,0,0,0.0,0.0,0.0
MCH9779,De0-Agate,TELECOM,1,12453.74,12453.74,0,0,0,0,0,0.0,0.0,0.0
MCH9781,,,1,3247.55,3247.55,0,0,0,0,0,0.0,0.0,0.0
MCH9783,,,1,15131.49,15131.49,0,0,0,0,0,0.0,0.0,0.0
MCH9787,Nigam LLC,HOTEL_LODGING,1,18775.99,18775.99,0,0,0,1,0,0.0,0.0,0.0
MCH9792,,,1,19212.84,19212.84,0,0,0,0,0,0.0,0.0,0.0
MCH9795,,,1,3850.74,3850.74,0,0,0,0,0,0.0,0.0,0.0
MCH9797,"Basu, Kota and Hora",HOTEL_LODGING,1,6419.01,6419.01,0,0,0,0,0,0.0,0.0,0.0
MCH9802,  Kashyap LLC  ,TELECOM,1,9555.68,9555.68,0,0,0,1,0,0.0,0.0,0.0
MCH9803,Rastogi Ltd,BOOKS,1,6569.49,6569.49,0,0,0,0,0,0.0,0.0,0.0
MCH9806,Hari-Kant,GROCERY,1,10708.04,10708.04,0,0,0,0,0,0.0,0.0,0.0
MCH9807,PILLAY-SULE,PHARMACY,1,23839.8,23839.8,0,0,0,0,0,0.0,0.0,0.0
MCH9816,,,1,14241.6,14241.6,0,0,0,0,0,0.0,0.0,0.0
MCH9819,,,1,20100.92,20100.92,0,0,0,0,0,0.0,0.0,0.0
MCH9821,Natt-Kibe,APPAREL,1,7089.58,7089.58,0,0,0,0,0,0.0,0.0,0.0
MCH9823,Kunda-Parekh,FOOD_SERVICES,1,6322.12,6322.12,0,0,0,0,0,0.0,0.0,0.0
MCH9824,Memon-Mistry,PHONE SERVICE,1,17487.48,17487.48,0,0,0,0,0,0.0,0.0,0.0
MCH9829,,,1,7068.99,7068.99,0,0,0,0,0,0.0,0.0,0.0
MCH9830,,,1,20261.94,20261.94,0,0,0,0,0,0.0,0.0,0.0
MCH9837,Raval-Aurora,FOOD_SERVICES,1,0.0,,0,0,0,0,0,0.0,0.0,0.0
MCH9842,,,1,9178.04,9178.04,0,0,0,0,0,0.0,0.0,0.0
MCH9843,"Banerjee, Singh and Anne",STATIONERY,1,8727.31,8727.31,0,0,0,0,0,0.0,0.0,0.0
MCH9847,"Krish, Rau and Parsa",MISC_RETAIL,1,11294.16,11294.16,0,0,0,0,0,0.0,0.0,0.0
MCH9849,Jayaraman Inc,BOOKS,1,10734.45,10734.45,0,0,0,0,0,0.0,0.0,0.0
MCH9850,,,1,12164.93,12164.93,0,0,0,0,0,0.0,0.0,0.0
MCH9854,,,1,8563.22,8563.22,0,0,0,0,0,0.0,0.0,0.0
MCH9858,"Memon, Mohanty and Ghosh",TRANSPORT,1,8135.43,8135.43,0,0,0,0,0,0.0,0.0,0.0
MCH9862,,,1,22023.57,22023.57,0,0,0,0,0,0.0,0.0,0.0
MCH9867,TripathiLtd,BOOKS,1,6313.8,6313.8,0,0,0,0,0,0.0,0.0,0.0
MCH9868,"  Bedi, Konda and Kant  ",MEDICAL_STORE,1,3427.51,3427.51,0,0,0,0,0,0.0,0.0,0.0
MCH9873,,,1,21315.16,21315.16,0,0,0,0,0,0.0,0.0,0.0
MCH9878,,,1,23194.53,23194.53,0,0,0,0,0,0.0,0.0,0.0
MCH9887,,,1,18847.8,18847.8,0,0,0,0,0,0.0,0.0,0.0
MCH9893,,,1,502.57,502.57,0,0,0,0,0,0.0,0.0,0.0
MCH9894,,,1,20647.16,20647.16,0,0,0,0,0,0.0,0.0,0.0
MCH9895,,,1,10866.16,10866.16,0,0,0,0,0,0.0,0.0,0.0
MCH9904,,,1,6454.99,6454.99,0,0,0,0,0,0.0,0.0,0.0
MCH9905,Pate1-S00d,HOTEL_LODGING,1,20985.07,20985.07,0,0,0,0,0,0.0,0.0,0.0
MCH9907,,,1,22995.62,22995.62,0,0,0,0,0,0.0,0.0,0.0
MCH9909,CHAR-MOHANTY,MISC_RETAIL,1,0.0,,0,0,0,0,0,0.0,0.0,0.0
MCH9913,Das Ltd,PHONE SERVICE,1,414.85,414.85,0,0,0,0,0,0.0,0.0,0.0
MCH9916,"Sur, Palla and Goyal",TELECOM,1,21535.64,21535.64,0,0,0,0,0,0.0,0.0,0.0
MCH9923,,,1,22074.98,22074.98,0,0,0,0,0,0.0,0.0,0.0
MCH9932,,,1,19372.49,19372.49,0,0,0,0,0,0.0,0.0,0.0
MCH9933,Bali-Zachariah,GROCERY,1,16032.28,16032.28,0,0,0,0,0,0.0,0.0,0.0
MCH9937,"Sant, Dada and Biswas",PHONE SERVICE,1,5055.38,5055.38,0,0,0,1,0,0.0,0.0,0.0
MCH9938,,,1,4255.37,4255.37,0,0,0,0,0,0.0,0.0,0.0
MCH9953,,,1,10955.56,10955.56,0,0,0,0,0,0.0,0.0,0.0
MCH9957,"Choudhury, Doctor and Das",BOOKS,1,2730.95,2730.95,0,0,0,0,0,0.0,0.0,0.0
MCH9958,,,1,15221.13,15221.13,0,0,0,0,0,0.0,0.0,0.0
MCH9960,,,1,10066.13,10066.13,0,0,0,0,0,0.0,0.0,0.0
MCH9963,Mahajan and S0ns,BOOKS,1,11013.42,11013.42,0,0,0,0,0,0.0,0.0,0.0
MCH9966,"  Kara, Chanda and Hayre  ",TRANSPORT,1,6791.51,6791.51,0,0,0,0,0,0.0,0.0,0.0
MCH9972,"Bakshi, Tata and Parmer",DEPARTMENT STORE,1,13714.99,13714.99,0,0,0,0,0,0.0,0.0,0.0
MCH9975,Nadkarni-Sane,MISC_RETAIL,1,9870.36,9870.36,0,0,0,0,0,0.0,0.0,0.0
MCH9978,,,1,16045.48,16045.48,0,0,0,0,0,0.0,0.0,0.0
MCH9981,,,1,3266.65,3266.65,0,0,0,0,0,0.0,0.0,0.0
MCH9983,bhagat group,GROCERY,1,0.0,,0,0,0,0,0,0.0,0.0,0.0
MCH9989,,,1,14218.87,14218.87,0,0,0,0,0,0.0,0.0,0.0
MCH9998,,,1,6053.91,6053.91,0,0,0,0,0,0.0,0.0,0.0
